{
  "video_name": "0z7J7rOpTic_006131",
  "channel": "CarCrashesTime",
  "num_frames": 140,
  "ignore": false,
  "ego_involve": true,
  "night": false,
  "anomaly_start": 14,
  "anomaly_end": 111,
  "video_start": 6131,
  "video_end": 6270,
  "accident_id": "8",
  "accident_name": "leave_to_right",
  "labels": [
    {
      "frame_id": 0,
      "image_path": "frames/0z7J7rOpTic_006131/images/000000.jpg",
      "accident_id": 0,
      "accident_name": "normal",
      "objects": []
    },
    {
      "frame_id": 1,
      "image_path": "frames/0z7J7rOpTic_006131/images/000001.jpg",
      "accident_id": 0,
      "accident_name": "normal",
      "objects": []
    },
    {
      "frame_id": 2,
      "image_path": "frames/0z7J7rOpTic_006131/images/000002.jpg",
      "accident_id": 0,
      "accident_name": "normal",
      "objects": []
    },
    {
      "frame_id": 3,
      "image_path": "frames/0z7J7rOpTic_006131/images/000003.jpg",
      "accident_id": 0,
      "accident_name": "normal",
      "objects": []
    },
    {
      "frame_id": 4,
      "image_path": "frames/0z7J7rOpTic_006131/images/000004.jpg",
      "accident_id": 0,
      "accident_name": "normal",
      "objects": []
    },
    {
      "frame_id": 5,
      "image_path": "frames/0z7J7rOpTic_006131/images/000005.jpg",
      "accident_id": 0,
      "accident_name": "normal",
      "objects": []
    },
    {
      "frame_id": 6,
      "image_path": "frames/0z7J7rOpTic_006131/images/000006.jpg",
      "accident_id": 0,
      "accident_name": "normal",
      "objects": []
    },
    {
      "frame_id": 7,
      "image_path": "frames/0z7J7rOpTic_006131/images/000007.jpg",
      "accident_id": 0,
      "accident_name": "normal",
      "objects": []
    },
    {
      "frame_id": 8,
      "image_path": "frames/0z7J7rOpTic_006131/images/000008.jpg",
      "accident_id": 0,
      "accident_name": "normal",
      "objects": []
    },
    {
      "frame_id": 9,
      "image_path": "frames/0z7J7rOpTic_006131/images/000009.jpg",
      "accident_id": 0,
      "accident_name": "normal",
      "objects": []
    },
    {
      "frame_id": 10,
      "image_path": "frames/0z7J7rOpTic_006131/images/000010.jpg",
      "accident_id": 0,
      "accident_name": "normal",
      "objects": []
    },
    {
      "frame_id": 11,
      "image_path": "frames/0z7J7rOpTic_006131/images/000011.jpg",
      "accident_id": 0,
      "accident_name": "normal",
      "objects": []
    },
    {
      "frame_id": 12,
      "image_path": "frames/0z7J7rOpTic_006131/images/000012.jpg",
      "accident_id": 0,
      "accident_name": "normal",
      "objects": []
    },
    {
      "frame_id": 13,
      "image_path": "frames/0z7J7rOpTic_006131/images/000013.jpg",
      "accident_id": 0,
      "accident_name": "normal",
      "objects": []
    },
    {
      "frame_id": 14,
      "image_path": "frames/0z7J7rOpTic_006131/images/000014.jpg",
      "accident_id": 8,
      "accident_name": "leave_to_right",
      "objects": [
        {
          "obj_track_id": 0,
          "bbox": [
            53.81909547738693,
            322.01005025125625,
            269.09547738693465,
            442.3115577889447
          ],
          "category": "car",
          "category ID": 3,
          "trunc": false
        },
        {
          "obj_track_id": 506,
          "bbox": [
            268.19095477386935,
            312.06030150753764,
            463.56783919597984,
            455.8793969849246
          ],
          "category": "car",
          "category ID": 3,
          "trunc": false
        }
      ]
    },
    {
      "frame_id": 15,
      "image_path": "frames/0z7J7rOpTic_006131/images/000015.jpg",
      "accident_id": 8,
      "accident_name": "leave_to_right",
      "objects": [
        {
          "obj_track_id": 0,
          "bbox": [
            54.723618090452256,
            322.9145728643216,
            269.09547738693465,
            442.3115577889447
          ],
          "category": "car",
          "category ID": 3,
          "trunc": false
        },
        {
          "obj_track_id": 506,
          "bbox": [
            255.52763819095475,
            312.964824120603,
            464.4723618090452,
            460.40201005025125
          ],
          "category": "car",
          "category ID": 3,
          "trunc": false
        }
      ]
    },
    {
      "frame_id": 16,
      "image_path": "frames/0z7J7rOpTic_006131/images/000016.jpg",
      "accident_id": 8,
      "accident_name": "leave_to_right",
      "objects": [
        {
          "obj_track_id": 0,
          "bbox": [
            63.768844221105525,
            322.01005025125625,
            256.4321608040201,
            446.83417085427135
          ],
          "category": "car",
          "category ID": 3,
          "trunc": false
        },
        {
          "obj_track_id": 506,
          "bbox": [
            243.76884422110552,
            313.8693467336683,
            457.2361809045226,
            466.7336683417085
          ],
          "category": "car",
          "category ID": 3,
          "trunc": false
        }
      ]
    },
    {
      "frame_id": 17,
      "image_path": "frames/0z7J7rOpTic_006131/images/000017.jpg",
      "accident_id": 8,
      "accident_name": "leave_to_right",
      "objects": [
        {
          "obj_track_id": 0,
          "bbox": [
            71.90954773869346,
            323.8190954773869,
            253.7185929648241,
            445.929648241206
          ],
          "category": "car",
          "category ID": 3,
          "trunc": false
        },
        {
          "obj_track_id": 506,
          "bbox": [
            233.36683417085425,
            315.2261306532663,
            454.07035175879395,
            472.1608040201005
          ],
          "category": "car",
          "category ID": 3,
          "trunc": false
        }
      ]
    },
    {
      "frame_id": 18,
      "image_path": "frames/0z7J7rOpTic_006131/images/000018.jpg",
      "accident_id": 8,
      "accident_name": "leave_to_right",
      "objects": [
        {
          "obj_track_id": 0,
          "bbox": [
            71.90954773869346,
            323.8190954773869,
            244.67336683417085,
            451.35678391959794
          ],
          "category": "car",
          "category ID": 3,
          "trunc": false
        },
        {
          "obj_track_id": 506,
          "bbox": [
            222.964824120603,
            316.5829145728643,
            450.9045226130653,
            477.58793969849245
          ],
          "category": "car",
          "category ID": 3,
          "trunc": false
        }
      ]
    },
    {
      "frame_id": 19,
      "image_path": "frames/0z7J7rOpTic_006131/images/000019.jpg",
      "accident_id": 8,
      "accident_name": "leave_to_right",
      "objects": [
        {
          "obj_track_id": 0,
          "bbox": [
            86.38190954773869,
            327.4371859296482,
            236.5326633165829,
            454.07035175879395
          ],
          "category": "car",
          "category ID": 3,
          "trunc": false
        },
        {
          "obj_track_id": 506,
          "bbox": [
            206.68341708542712,
            314.77386934673365,
            445.929648241206,
            484.3718592964824
          ],
          "category": "car",
          "category ID": 3,
          "trunc": false
        }
      ]
    },
    {
      "frame_id": 20,
      "image_path": "frames/0z7J7rOpTic_006131/images/000020.jpg",
      "accident_id": 8,
      "accident_name": "leave_to_right",
      "objects": [
        {
          "obj_track_id": 0,
          "bbox": [
            88.19095477386934,
            327.4371859296482,
            222.0603015075377,
            450.45226130653265
          ],
          "category": "car",
          "category ID": 3,
          "trunc": false
        },
        {
          "obj_track_id": 506,
          "bbox": [
            190.40201005025125,
            312.964824120603,
            440.9547738693467,
            491.15577889447235
          ],
          "category": "car",
          "category ID": 3,
          "trunc": false
        }
      ]
    },
    {
      "frame_id": 21,
      "image_path": "frames/0z7J7rOpTic_006131/images/000021.jpg",
      "accident_id": 8,
      "accident_name": "leave_to_right",
      "objects": [
        {
          "obj_track_id": 0,
          "bbox": [
            95.42713567839195,
            331.05527638190955,
            201.25628140703517,
            453.1658291457286
          ],
          "category": "car",
          "category ID": 3,
          "trunc": false
        },
        {
          "obj_track_id": 506,
          "bbox": [
            179.54773869346732,
            317.48743718592965,
            440.0502512562814,
            492.964824120603
          ],
          "category": "car",
          "category ID": 3,
          "trunc": false
        }
      ]
    },
    {
      "frame_id": 22,
      "image_path": "frames/0z7J7rOpTic_006131/images/000022.jpg",
      "accident_id": 8,
      "accident_name": "leave_to_right",
      "objects": [
        {
          "obj_track_id": 0,
          "bbox": [
            102.66331658291456,
            336.4824120603015,
            181.35678391959797,
            454.07035175879395
          ],
          "category": "car",
          "category ID": 3,
          "trunc": false
        },
        {
          "obj_track_id": 506,
          "bbox": [
            159.64824120603015,
            313.4170854271357,
            433.26633165829145,
            497.9396984924623
          ],
          "category": "car",
          "category ID": 3,
          "trunc": false
        }
      ]
    },
    {
      "frame_id": 23,
      "image_path": "frames/0z7J7rOpTic_006131/images/000023.jpg",
      "accident_id": 8,
      "accident_name": "leave_to_right",
      "objects": [
        {
          "obj_track_id": 0,
          "bbox": [
            109.89949748743717,
            336.4824120603015,
            157.8391959798995,
            448.643216080402
          ],
          "category": "car",
          "category ID": 3,
          "trunc": false
        },
        {
          "obj_track_id": 506,
          "bbox": [
            139.74874371859295,
            309.3467336683417,
            426.4824120603015,
            502.9145728643216
          ],
          "category": "car",
          "category ID": 3,
          "trunc": false
        }
      ]
    },
    {
      "frame_id": 24,
      "image_path": "frames/0z7J7rOpTic_006131/images/000024.jpg",
      "accident_id": 8,
      "accident_name": "leave_to_right",
      "objects": [
        {
          "obj_track_id": 506,
          "bbox": [
            121.65829145728642,
            304.82412060301505,
            426.4824120603015,
            508.34170854271355
          ],
          "category": "car",
          "category ID": 3,
          "trunc": false
        }
      ]
    },
    {
      "frame_id": 25,
      "image_path": "frames/0z7J7rOpTic_006131/images/000025.jpg",
      "accident_id": 8,
      "accident_name": "leave_to_right",
      "objects": [
        {
          "obj_track_id": 506,
          "bbox": [
            102.66331658291456,
            303.0150753768844,
            426.4824120603015,
            519.1959798994975
          ],
          "category": "car",
          "category ID": 3,
          "trunc": false
        }
      ]
    },
    {
      "frame_id": 26,
      "image_path": "frames/0z7J7rOpTic_006131/images/000026.jpg",
      "accident_id": 8,
      "accident_name": "leave_to_right",
      "objects": [
        {
          "obj_track_id": 506,
          "bbox": [
            81.85929648241205,
            303.91959798994975,
            426.4824120603015,
            530.9547738693467
          ],
          "category": "car",
          "category ID": 3,
          "trunc": false
        }
      ]
    },
    {
      "frame_id": 27,
      "image_path": "frames/0z7J7rOpTic_006131/images/000027.jpg",
      "accident_id": 8,
      "accident_name": "leave_to_right",
      "objects": [
        {
          "obj_track_id": 506,
          "bbox": [
            63.768844221105525,
            302.1105527638191,
            431.9095477386934,
            545.4271356783919
          ],
          "category": "car",
          "category ID": 3,
          "trunc": false
        }
      ]
    },
    {
      "frame_id": 28,
      "image_path": "frames/0z7J7rOpTic_006131/images/000028.jpg",
      "accident_id": 8,
      "accident_name": "leave_to_right",
      "objects": [
        {
          "obj_track_id": 506,
          "bbox": [
            42.96482412060301,
            305.7286432160804,
            440.9547738693467,
            563.5175879396985
          ],
          "category": "car",
          "category ID": 3,
          "trunc": false
        }
      ]
    },
    {
      "frame_id": 29,
      "image_path": "frames/0z7J7rOpTic_006131/images/000029.jpg",
      "accident_id": 8,
      "accident_name": "leave_to_right",
      "objects": [
        {
          "obj_track_id": 506,
          "bbox": [
            22.1608040201005,
            300.30150753768845,
            449.09547738693465,
            579.7989949748743
          ],
          "category": "car",
          "category ID": 3,
          "trunc": false
        }
      ]
    },
    {
      "frame_id": 30,
      "image_path": "frames/0z7J7rOpTic_006131/images/000030.jpg",
      "accident_id": 8,
      "accident_name": "leave_to_right",
      "objects": [
        {
          "obj_track_id": 506,
          "bbox": [
            0,
            291.25628140703515,
            461.7587939698492,
            601.5075376884422
          ],
          "category": "car",
          "category ID": 3,
          "trunc": true
        }
      ]
    },
    {
      "frame_id": 31,
      "image_path": "frames/0z7J7rOpTic_006131/images/000031.jpg",
      "accident_id": 8,
      "accident_name": "leave_to_right",
      "objects": [
        {
          "obj_track_id": 506,
          "bbox": [
            0,
            291.25628140703515,
            478.0402010050251,
            628.643216080402
          ],
          "category": "car",
          "category ID": 3,
          "trunc": true
        }
      ]
    },
    {
      "frame_id": 32,
      "image_path": "frames/0z7J7rOpTic_006131/images/000032.jpg",
      "accident_id": 8,
      "accident_name": "leave_to_right",
      "objects": [
        {
          "obj_track_id": 506,
          "bbox": [
            0,
            285.8291457286432,
            489.79899497487435,
            662.1105527638191
          ],
          "category": "car",
          "category ID": 3,
          "trunc": true
        }
      ]
    },
    {
      "frame_id": 33,
      "image_path": "frames/0z7J7rOpTic_006131/images/000033.jpg",
      "accident_id": 8,
      "accident_name": "leave_to_right",
      "objects": [
        {
          "obj_track_id": 506,
          "bbox": [
            0,
            276.78391959798995,
            492.5125628140703,
            672.964824120603
          ],
          "category": "car",
          "category ID": 3,
          "trunc": true
        }
      ]
    },
    {
      "frame_id": 34,
      "image_path": "frames/0z7J7rOpTic_006131/images/000034.jpg",
      "accident_id": 8,
      "accident_name": "leave_to_right",
      "objects": [
        {
          "obj_track_id": 506,
          "bbox": [
            0,
            260.50251256281405,
            473.51758793969844,
            675.678391959799
          ],
          "category": "car",
          "category ID": 3,
          "trunc": true
        }
      ]
    },
    {
      "frame_id": 35,
      "image_path": "frames/0z7J7rOpTic_006131/images/000035.jpg",
      "accident_id": 8,
      "accident_name": "leave_to_right",
      "objects": [
        {
          "obj_track_id": 506,
          "bbox": [
            0,
            225.22613065326632,
            423.7688442211055,
            672.964824120603
          ],
          "category": "car",
          "category ID": 3,
          "trunc": true
        }
      ]
    },
    {
      "frame_id": 36,
      "image_path": "frames/0z7J7rOpTic_006131/images/000036.jpg",
      "accident_id": 8,
      "accident_name": "leave_to_right",
      "objects": [
        {
          "obj_track_id": 506,
          "bbox": [
            0,
            180.90452261306532,
            334.22110552763814,
            670.251256281407
          ],
          "category": "car",
          "category ID": 3,
          "trunc": true
        }
      ]
    },
    {
      "frame_id": 37,
      "image_path": "frames/0z7J7rOpTic_006131/images/000037.jpg",
      "accident_id": 8,
      "accident_name": "leave_to_right",
      "objects": [
        {
          "obj_track_id": 506,
          "bbox": [
            0,
            180.90452261306532,
            200.35175879396985,
            669.3467336683417
          ],
          "category": "car",
          "category ID": 3,
          "trunc": true
        }
      ]
    },
    {
      "frame_id": 38,
      "image_path": "frames/0z7J7rOpTic_006131/images/000038.jpg",
      "accident_id": 8,
      "accident_name": "leave_to_right",
      "objects": [
        {
          "obj_track_id": 506,
          "bbox": [
            0,
            379.89949748743715,
            49.2964824120603,
            669.3467336683417
          ],
          "category": "car",
          "category ID": 3,
          "trunc": true
        }
      ]
    },
    {
      "frame_id": 39,
      "image_path": "frames/0z7J7rOpTic_006131/images/000039.jpg",
      "accident_id": 8,
      "accident_name": "leave_to_right",
      "objects": []
    },
    {
      "frame_id": 40,
      "image_path": "frames/0z7J7rOpTic_006131/images/000040.jpg",
      "accident_id": 8,
      "accident_name": "leave_to_right",
      "objects": []
    },
    {
      "frame_id": 41,
      "image_path": "frames/0z7J7rOpTic_006131/images/000041.jpg",
      "accident_id": 8,
      "accident_name": "leave_to_right",
      "objects": []
    },
    {
      "frame_id": 42,
      "image_path": "frames/0z7J7rOpTic_006131/images/000042.jpg",
      "accident_id": 8,
      "accident_name": "leave_to_right",
      "objects": []
    },
    {
      "frame_id": 43,
      "image_path": "frames/0z7J7rOpTic_006131/images/000043.jpg",
      "accident_id": 8,
      "accident_name": "leave_to_right",
      "objects": []
    },
    {
      "frame_id": 44,
      "image_path": "frames/0z7J7rOpTic_006131/images/000044.jpg",
      "accident_id": 8,
      "accident_name": "leave_to_right",
      "objects": []
    },
    {
      "frame_id": 45,
      "image_path": "frames/0z7J7rOpTic_006131/images/000045.jpg",
      "accident_id": 8,
      "accident_name": "leave_to_right",
      "objects": []
    },
    {
      "frame_id": 46,
      "image_path": "frames/0z7J7rOpTic_006131/images/000046.jpg",
      "accident_id": 8,
      "accident_name": "leave_to_right",
      "objects": []
    },
    {
      "frame_id": 47,
      "image_path": "frames/0z7J7rOpTic_006131/images/000047.jpg",
      "accident_id": 8,
      "accident_name": "leave_to_right",
      "objects": []
    },
    {
      "frame_id": 48,
      "image_path": "frames/0z7J7rOpTic_006131/images/000048.jpg",
      "accident_id": 8,
      "accident_name": "leave_to_right",
      "objects": []
    },
    {
      "frame_id": 49,
      "image_path": "frames/0z7J7rOpTic_006131/images/000049.jpg",
      "accident_id": 8,
      "accident_name": "leave_to_right",
      "objects": []
    },
    {
      "frame_id": 50,
      "image_path": "frames/0z7J7rOpTic_006131/images/000050.jpg",
      "accident_id": 8,
      "accident_name": "leave_to_right",
      "objects": []
    },
    {
      "frame_id": 51,
      "image_path": "frames/0z7J7rOpTic_006131/images/000051.jpg",
      "accident_id": 8,
      "accident_name": "leave_to_right",
      "objects": []
    },
    {
      "frame_id": 52,
      "image_path": "frames/0z7J7rOpTic_006131/images/000052.jpg",
      "accident_id": 8,
      "accident_name": "leave_to_right",
      "objects": []
    },
    {
      "frame_id": 53,
      "image_path": "frames/0z7J7rOpTic_006131/images/000053.jpg",
      "accident_id": 8,
      "accident_name": "leave_to_right",
      "objects": []
    },
    {
      "frame_id": 54,
      "image_path": "frames/0z7J7rOpTic_006131/images/000054.jpg",
      "accident_id": 8,
      "accident_name": "leave_to_right",
      "objects": []
    },
    {
      "frame_id": 55,
      "image_path": "frames/0z7J7rOpTic_006131/images/000055.jpg",
      "accident_id": 8,
      "accident_name": "leave_to_right",
      "objects": []
    },
    {
      "frame_id": 56,
      "image_path": "frames/0z7J7rOpTic_006131/images/000056.jpg",
      "accident_id": 8,
      "accident_name": "leave_to_right",
      "objects": []
    },
    {
      "frame_id": 57,
      "image_path": "frames/0z7J7rOpTic_006131/images/000057.jpg",
      "accident_id": 8,
      "accident_name": "leave_to_right",
      "objects": []
    },
    {
      "frame_id": 58,
      "image_path": "frames/0z7J7rOpTic_006131/images/000058.jpg",
      "accident_id": 8,
      "accident_name": "leave_to_right",
      "objects": []
    },
    {
      "frame_id": 59,
      "image_path": "frames/0z7J7rOpTic_006131/images/000059.jpg",
      "accident_id": 8,
      "accident_name": "leave_to_right",
      "objects": []
    },
    {
      "frame_id": 60,
      "image_path": "frames/0z7J7rOpTic_006131/images/000060.jpg",
      "accident_id": 8,
      "accident_name": "leave_to_right",
      "objects": []
    },
    {
      "frame_id": 61,
      "image_path": "frames/0z7J7rOpTic_006131/images/000061.jpg",
      "accident_id": 8,
      "accident_name": "leave_to_right",
      "objects": []
    },
    {
      "frame_id": 62,
      "image_path": "frames/0z7J7rOpTic_006131/images/000062.jpg",
      "accident_id": 8,
      "accident_name": "leave_to_right",
      "objects": []
    },
    {
      "frame_id": 63,
      "image_path": "frames/0z7J7rOpTic_006131/images/000063.jpg",
      "accident_id": 8,
      "accident_name": "leave_to_right",
      "objects": []
    },
    {
      "frame_id": 64,
      "image_path": "frames/0z7J7rOpTic_006131/images/000064.jpg",
      "accident_id": 8,
      "accident_name": "leave_to_right",
      "objects": []
    },
    {
      "frame_id": 65,
      "image_path": "frames/0z7J7rOpTic_006131/images/000065.jpg",
      "accident_id": 8,
      "accident_name": "leave_to_right",
      "objects": []
    },
    {
      "frame_id": 66,
      "image_path": "frames/0z7J7rOpTic_006131/images/000066.jpg",
      "accident_id": 8,
      "accident_name": "leave_to_right",
      "objects": [
        {
          "obj_track_id": 506,
          "bbox": [
            0,
            475.7788944723618,
            110.80402010050251,
            675.678391959799
          ],
          "category": "car",
          "category ID": 3,
          "trunc": true
        }
      ]
    },
    {
      "frame_id": 67,
      "image_path": "frames/0z7J7rOpTic_006131/images/000067.jpg",
      "accident_id": 8,
      "accident_name": "leave_to_right",
      "objects": [
        {
          "obj_track_id": 506,
          "bbox": [
            0,
            457.68844221105525,
            288.0904522613065,
            675.678391959799
          ],
          "category": "car",
          "category ID": 3,
          "trunc": true
        }
      ]
    },
    {
      "frame_id": 68,
      "image_path": "frames/0z7J7rOpTic_006131/images/000068.jpg",
      "accident_id": 8,
      "accident_name": "leave_to_right",
      "objects": [
        {
          "obj_track_id": 506,
          "bbox": [
            0,
            384.4221105527638,
            495.2261306532663,
            675.678391959799
          ],
          "category": "car",
          "category ID": 3,
          "trunc": true
        }
      ]
    },
    {
      "frame_id": 69,
      "image_path": "frames/0z7J7rOpTic_006131/images/000069.jpg",
      "accident_id": 8,
      "accident_name": "leave_to_right",
      "objects": [
        {
          "obj_track_id": 506,
          "bbox": [
            0,
            321.10552763819095,
            763.8693467336683,
            675.678391959799
          ],
          "category": "car",
          "category ID": 3,
          "trunc": true
        }
      ]
    },
    {
      "frame_id": 70,
      "image_path": "frames/0z7J7rOpTic_006131/images/000070.jpg",
      "accident_id": 8,
      "accident_name": "leave_to_right",
      "objects": [
        {
          "obj_track_id": 506,
          "bbox": [
            0,
            293.0653266331658,
            1049.6984924623116,
            684.7236180904522
          ],
          "category": "car",
          "category ID": 3,
          "trunc": true
        }
      ]
    },
    {
      "frame_id": 71,
      "image_path": "frames/0z7J7rOpTic_006131/images/000071.jpg",
      "accident_id": 8,
      "accident_name": "leave_to_right",
      "objects": [
        {
          "obj_track_id": 506,
          "bbox": [
            0,
            277.68844221105525,
            1279.8994974874372,
            700.1005025125628
          ],
          "category": "car",
          "category ID": 3,
          "trunc": true
        }
      ]
    },
    {
      "frame_id": 72,
      "image_path": "frames/0z7J7rOpTic_006131/images/000072.jpg",
      "accident_id": 8,
      "accident_name": "leave_to_right",
      "objects": [
        {
          "obj_track_id": 506,
          "bbox": [
            0,
            282.66331658291455,
            1279.8994974874372,
            700.1005025125628
          ],
          "category": "car",
          "category ID": 3,
          "trunc": true
        }
      ]
    },
    {
      "frame_id": 73,
      "image_path": "frames/0z7J7rOpTic_006131/images/000073.jpg",
      "accident_id": 8,
      "accident_name": "leave_to_right",
      "objects": [
        {
          "obj_track_id": 506,
          "bbox": [
            0,
            287.63819095477385,
            1279.8994974874372,
            700.1005025125628
          ],
          "category": "car",
          "category ID": 3,
          "trunc": true
        }
      ]
    },
    {
      "frame_id": 74,
      "image_path": "frames/0z7J7rOpTic_006131/images/000074.jpg",
      "accident_id": 8,
      "accident_name": "leave_to_right",
      "objects": [
        {
          "obj_track_id": 506,
          "bbox": [
            61.05527638190954,
            253.26633165829145,
            1279.8994974874372,
            700.1005025125628
          ],
          "category": "car",
          "category ID": 3,
          "trunc": true
        }
      ]
    },
    {
      "frame_id": 75,
      "image_path": "frames/0z7J7rOpTic_006131/images/000075.jpg",
      "accident_id": 8,
      "accident_name": "leave_to_right",
      "objects": [
        {
          "obj_track_id": 506,
          "bbox": [
            175.0251256281407,
            214.3718592964824,
            1279.8994974874372,
            700.1005025125628
          ],
          "category": "car",
          "category ID": 3,
          "trunc": true
        }
      ]
    },
    {
      "frame_id": 76,
      "image_path": "frames/0z7J7rOpTic_006131/images/000076.jpg",
      "accident_id": 8,
      "accident_name": "leave_to_right",
      "objects": [
        {
          "obj_track_id": 506,
          "bbox": [
            317.9396984924623,
            185.42713567839195,
            1279.8994974874372,
            700.1005025125628
          ],
          "category": "car",
          "category ID": 3,
          "trunc": true
        }
      ]
    },
    {
      "frame_id": 77,
      "image_path": "frames/0z7J7rOpTic_006131/images/000077.jpg",
      "accident_id": 8,
      "accident_name": "leave_to_right",
      "objects": [
        {
          "obj_track_id": 506,
          "bbox": [
            428.29145728643215,
            172.76381909547737,
            1279.8994974874372,
            700.1005025125628
          ],
          "category": "car",
          "category ID": 3,
          "trunc": true
        }
      ]
    },
    {
      "frame_id": 78,
      "image_path": "frames/0z7J7rOpTic_006131/images/000078.jpg",
      "accident_id": 8,
      "accident_name": "leave_to_right",
      "objects": [
        {
          "obj_track_id": 506,
          "bbox": [
            479.84924623115575,
            199.89949748743717,
            1279.8994974874372,
            700.1005025125628
          ],
          "category": "car",
          "category ID": 3,
          "trunc": true
        }
      ]
    },
    {
      "frame_id": 79,
      "image_path": "frames/0z7J7rOpTic_006131/images/000079.jpg",
      "accident_id": 8,
      "accident_name": "leave_to_right",
      "objects": [
        {
          "obj_track_id": 506,
          "bbox": [
            445.47738693467335,
            237.8894472361809,
            1279.8994974874372,
            700.1005025125628
          ],
          "category": "car",
          "category ID": 3,
          "trunc": true
        }
      ]
    },
    {
      "frame_id": 80,
      "image_path": "frames/0z7J7rOpTic_006131/images/000080.jpg",
      "accident_id": 8,
      "accident_name": "leave_to_right",
      "objects": [
        {
          "obj_track_id": 506,
          "bbox": [
            365.8793969849246,
            270.45226130653265,
            1279.8994974874372,
            700.1005025125628
          ],
          "category": "car",
          "category ID": 3,
          "trunc": true
        }
      ]
    },
    {
      "frame_id": 81,
      "image_path": "frames/0z7J7rOpTic_006131/images/000081.jpg",
      "accident_id": 8,
      "accident_name": "leave_to_right",
      "objects": [
        {
          "obj_track_id": 506,
          "bbox": [
            270,
            276.78391959798995,
            1264.9748743718592,
            700.1005025125628
          ],
          "category": "car",
          "category ID": 3,
          "trunc": true
        }
      ]
    },
    {
      "frame_id": 82,
      "image_path": "frames/0z7J7rOpTic_006131/images/000082.jpg",
      "accident_id": 8,
      "accident_name": "leave_to_right",
      "objects": [
        {
          "obj_track_id": 506,
          "bbox": [
            165.97989949748742,
            270.45226130653265,
            1114.824120603015,
            700.1005025125628
          ],
          "category": "car",
          "category ID": 3,
          "trunc": true
        }
      ]
    },
    {
      "frame_id": 83,
      "image_path": "frames/0z7J7rOpTic_006131/images/000083.jpg",
      "accident_id": 8,
      "accident_name": "leave_to_right",
      "objects": [
        {
          "obj_track_id": 506,
          "bbox": [
            66.4824120603015,
            255.0753768844221,
            963.7688442211055,
            671.1557788944723
          ],
          "category": "car",
          "category ID": 3,
          "trunc": true
        }
      ]
    },
    {
      "frame_id": 84,
      "image_path": "frames/0z7J7rOpTic_006131/images/000084.jpg",
      "accident_id": 8,
      "accident_name": "leave_to_right",
      "objects": [
        {
          "obj_track_id": 506,
          "bbox": [
            0,
            229.74874371859295,
            817.2361809045226,
            653.9698492462311
          ],
          "category": "car",
          "category ID": 3,
          "trunc": true
        }
      ]
    },
    {
      "frame_id": 85,
      "image_path": "frames/0z7J7rOpTic_006131/images/000085.jpg",
      "accident_id": 8,
      "accident_name": "leave_to_right",
      "objects": [
        {
          "obj_track_id": 506,
          "bbox": [
            0,
            195.37688442211055,
            663.467336683417,
            590.6532663316583
          ],
          "category": "car",
          "category ID": 3,
          "trunc": true
        }
      ]
    },
    {
      "frame_id": 86,
      "image_path": "frames/0z7J7rOpTic_006131/images/000086.jpg",
      "accident_id": 8,
      "accident_name": "leave_to_right",
      "objects": [
        {
          "obj_track_id": 506,
          "bbox": [
            0,
            188.14070351758792,
            501.5577889447236,
            548.1407035175879
          ],
          "category": "car",
          "category ID": 3,
          "trunc": true
        }
      ]
    },
    {
      "frame_id": 87,
      "image_path": "frames/0z7J7rOpTic_006131/images/000087.jpg",
      "accident_id": 8,
      "accident_name": "leave_to_right",
      "objects": [
        {
          "obj_track_id": 506,
          "bbox": [
            0,
            211.65829145728642,
            330.60301507537685,
            536.3819095477387
          ],
          "category": "car",
          "category ID": 3,
          "trunc": true
        }
      ]
    },
    {
      "frame_id": 88,
      "image_path": "frames/0z7J7rOpTic_006131/images/000088.jpg",
      "accident_id": 8,
      "accident_name": "leave_to_right",
      "objects": [
        {
          "obj_track_id": 506,
          "bbox": [
            0,
            280.40201005025125,
            172.31155778894473,
            528.2412060301507
          ],
          "category": "car",
          "category ID": 3,
          "trunc": true
        }
      ]
    },
    {
      "frame_id": 89,
      "image_path": "frames/0z7J7rOpTic_006131/images/000089.jpg",
      "accident_id": 8,
      "accident_name": "leave_to_right",
      "objects": [
        {
          "obj_track_id": 506,
          "bbox": [
            0,
            315.678391959799,
            71.00502512562814,
            487.53768844221105
          ],
          "category": "car",
          "category ID": 3,
          "trunc": true
        }
      ]
    },
    {
      "frame_id": 90,
      "image_path": "frames/0z7J7rOpTic_006131/images/000090.jpg",
      "accident_id": 8,
      "accident_name": "leave_to_right",
      "objects": []
    },
    {
      "frame_id": 91,
      "image_path": "frames/0z7J7rOpTic_006131/images/000091.jpg",
      "accident_id": 8,
      "accident_name": "leave_to_right",
      "objects": []
    },
    {
      "frame_id": 92,
      "image_path": "frames/0z7J7rOpTic_006131/images/000092.jpg",
      "accident_id": 8,
      "accident_name": "leave_to_right",
      "objects": []
    },
    {
      "frame_id": 93,
      "image_path": "frames/0z7J7rOpTic_006131/images/000093.jpg",
      "accident_id": 8,
      "accident_name": "leave_to_right",
      "objects": []
    },
    {
      "frame_id": 94,
      "image_path": "frames/0z7J7rOpTic_006131/images/000094.jpg",
      "accident_id": 8,
      "accident_name": "leave_to_right",
      "objects": []
    },
    {
      "frame_id": 95,
      "image_path": "frames/0z7J7rOpTic_006131/images/000095.jpg",
      "accident_id": 8,
      "accident_name": "leave_to_right",
      "objects": []
    },
    {
      "frame_id": 96,
      "image_path": "frames/0z7J7rOpTic_006131/images/000096.jpg",
      "accident_id": 8,
      "accident_name": "leave_to_right",
      "objects": []
    },
    {
      "frame_id": 97,
      "image_path": "frames/0z7J7rOpTic_006131/images/000097.jpg",
      "accident_id": 8,
      "accident_name": "leave_to_right",
      "objects": []
    },
    {
      "frame_id": 98,
      "image_path": "frames/0z7J7rOpTic_006131/images/000098.jpg",
      "accident_id": 8,
      "accident_name": "leave_to_right",
      "objects": []
    },
    {
      "frame_id": 99,
      "image_path": "frames/0z7J7rOpTic_006131/images/000099.jpg",
      "accident_id": 8,
      "accident_name": "leave_to_right",
      "objects": []
    },
    {
      "frame_id": 100,
      "image_path": "frames/0z7J7rOpTic_006131/images/000100.jpg",
      "accident_id": 8,
      "accident_name": "leave_to_right",
      "objects": []
    },
    {
      "frame_id": 101,
      "image_path": "frames/0z7J7rOpTic_006131/images/000101.jpg",
      "accident_id": 8,
      "accident_name": "leave_to_right",
      "objects": []
    },
    {
      "frame_id": 102,
      "image_path": "frames/0z7J7rOpTic_006131/images/000102.jpg",
      "accident_id": 8,
      "accident_name": "leave_to_right",
      "objects": []
    },
    {
      "frame_id": 103,
      "image_path": "frames/0z7J7rOpTic_006131/images/000103.jpg",
      "accident_id": 8,
      "accident_name": "leave_to_right",
      "objects": []
    },
    {
      "frame_id": 104,
      "image_path": "frames/0z7J7rOpTic_006131/images/000104.jpg",
      "accident_id": 8,
      "accident_name": "leave_to_right",
      "objects": []
    },
    {
      "frame_id": 105,
      "image_path": "frames/0z7J7rOpTic_006131/images/000105.jpg",
      "accident_id": 8,
      "accident_name": "leave_to_right",
      "objects": []
    },
    {
      "frame_id": 106,
      "image_path": "frames/0z7J7rOpTic_006131/images/000106.jpg",
      "accident_id": 8,
      "accident_name": "leave_to_right",
      "objects": []
    },
    {
      "frame_id": 107,
      "image_path": "frames/0z7J7rOpTic_006131/images/000107.jpg",
      "accident_id": 8,
      "accident_name": "leave_to_right",
      "objects": []
    },
    {
      "frame_id": 108,
      "image_path": "frames/0z7J7rOpTic_006131/images/000108.jpg",
      "accident_id": 8,
      "accident_name": "leave_to_right",
      "objects": []
    },
    {
      "frame_id": 109,
      "image_path": "frames/0z7J7rOpTic_006131/images/000109.jpg",
      "accident_id": 8,
      "accident_name": "leave_to_right",
      "objects": []
    },
    {
      "frame_id": 110,
      "image_path": "frames/0z7J7rOpTic_006131/images/000110.jpg",
      "accident_id": 8,
      "accident_name": "leave_to_right",
      "objects": []
    },
    {
      "frame_id": 111,
      "image_path": "frames/0z7J7rOpTic_006131/images/000111.jpg",
      "accident_id": 0,
      "accident_name": "normal",
      "objects": []
    },
    {
      "frame_id": 112,
      "image_path": "frames/0z7J7rOpTic_006131/images/000112.jpg",
      "accident_id": 0,
      "accident_name": "normal",
      "objects": []
    },
    {
      "frame_id": 113,
      "image_path": "frames/0z7J7rOpTic_006131/images/000113.jpg",
      "accident_id": 0,
      "accident_name": "normal",
      "objects": []
    },
    {
      "frame_id": 114,
      "image_path": "frames/0z7J7rOpTic_006131/images/000114.jpg",
      "accident_id": 0,
      "accident_name": "normal",
      "objects": []
    },
    {
      "frame_id": 115,
      "image_path": "frames/0z7J7rOpTic_006131/images/000115.jpg",
      "accident_id": 0,
      "accident_name": "normal",
      "objects": []
    },
    {
      "frame_id": 116,
      "image_path": "frames/0z7J7rOpTic_006131/images/000116.jpg",
      "accident_id": 0,
      "accident_name": "normal",
      "objects": []
    },
    {
      "frame_id": 117,
      "image_path": "frames/0z7J7rOpTic_006131/images/000117.jpg",
      "accident_id": 0,
      "accident_name": "normal",
      "objects": []
    },
    {
      "frame_id": 118,
      "image_path": "frames/0z7J7rOpTic_006131/images/000118.jpg",
      "accident_id": 0,
      "accident_name": "normal",
      "objects": []
    },
    {
      "frame_id": 119,
      "image_path": "frames/0z7J7rOpTic_006131/images/000119.jpg",
      "accident_id": 0,
      "accident_name": "normal",
      "objects": []
    },
    {
      "frame_id": 120,
      "image_path": "frames/0z7J7rOpTic_006131/images/000120.jpg",
      "accident_id": 0,
      "accident_name": "normal",
      "objects": []
    },
    {
      "frame_id": 121,
      "image_path": "frames/0z7J7rOpTic_006131/images/000121.jpg",
      "accident_id": 0,
      "accident_name": "normal",
      "objects": []
    },
    {
      "frame_id": 122,
      "image_path": "frames/0z7J7rOpTic_006131/images/000122.jpg",
      "accident_id": 0,
      "accident_name": "normal",
      "objects": []
    },
    {
      "frame_id": 123,
      "image_path": "frames/0z7J7rOpTic_006131/images/000123.jpg",
      "accident_id": 0,
      "accident_name": "normal",
      "objects": []
    },
    {
      "frame_id": 124,
      "image_path": "frames/0z7J7rOpTic_006131/images/000124.jpg",
      "accident_id": 0,
      "accident_name": "normal",
      "objects": []
    },
    {
      "frame_id": 125,
      "image_path": "frames/0z7J7rOpTic_006131/images/000125.jpg",
      "accident_id": 0,
      "accident_name": "normal",
      "objects": []
    },
    {
      "frame_id": 126,
      "image_path": "frames/0z7J7rOpTic_006131/images/000126.jpg",
      "accident_id": 0,
      "accident_name": "normal",
      "objects": []
    },
    {
      "frame_id": 127,
      "image_path": "frames/0z7J7rOpTic_006131/images/000127.jpg",
      "accident_id": 0,
      "accident_name": "normal",
      "objects": []
    },
    {
      "frame_id": 128,
      "image_path": "frames/0z7J7rOpTic_006131/images/000128.jpg",
      "accident_id": 0,
      "accident_name": "normal",
      "objects": []
    },
    {
      "frame_id": 129,
      "image_path": "frames/0z7J7rOpTic_006131/images/000129.jpg",
      "accident_id": 0,
      "accident_name": "normal",
      "objects": []
    },
    {
      "frame_id": 130,
      "image_path": "frames/0z7J7rOpTic_006131/images/000130.jpg",
      "accident_id": 0,
      "accident_name": "normal",
      "objects": []
    },
    {
      "frame_id": 131,
      "image_path": "frames/0z7J7rOpTic_006131/images/000131.jpg",
      "accident_id": 0,
      "accident_name": "normal",
      "objects": []
    },
    {
      "frame_id": 132,
      "image_path": "frames/0z7J7rOpTic_006131/images/000132.jpg",
      "accident_id": 0,
      "accident_name": "normal",
      "objects": []
    },
    {
      "frame_id": 133,
      "image_path": "frames/0z7J7rOpTic_006131/images/000133.jpg",
      "accident_id": 0,
      "accident_name": "normal",
      "objects": []
    },
    {
      "frame_id": 134,
      "image_path": "frames/0z7J7rOpTic_006131/images/000134.jpg",
      "accident_id": 0,
      "accident_name": "normal",
      "objects": []
    },
    {
      "frame_id": 135,
      "image_path": "frames/0z7J7rOpTic_006131/images/000135.jpg",
      "accident_id": 0,
      "accident_name": "normal",
      "objects": []
    },
    {
      "frame_id": 136,
      "image_path": "frames/0z7J7rOpTic_006131/images/000136.jpg",
      "accident_id": 0,
      "accident_name": "normal",
      "objects": []
    },
    {
      "frame_id": 137,
      "image_path": "frames/0z7J7rOpTic_006131/images/000137.jpg",
      "accident_id": 0,
      "accident_name": "normal",
      "objects": []
    },
    {
      "frame_id": 138,
      "image_path": "frames/0z7J7rOpTic_006131/images/000138.jpg",
      "accident_id": 0,
      "accident_name": "normal",
      "objects": []
    },
    {
      "frame_id": 139,
      "image_path": "frames/0z7J7rOpTic_006131/images/000139.jpg",
      "accident_id": 0,
      "accident_name": "normal",
      "objects": []
    }
  ]
}