{
  "video_name": "4OGV0AbV91U_004279",
  "channel": "AnAn",
  "num_frames": 72,
  "ignore": false,
  "ego_involve": false,
  "night": false,
  "anomaly_start": 18,
  "anomaly_end": 40,
  "video_start": 4279,
  "video_end": 4350,
  "accident_id": "5",
  "accident_name": "turning",
  "labels": [
    {
      "frame_id": 0,
      "image_path": "frames/4OGV0AbV91U_004279/images/000000.jpg",
      "accident_id": 0,
      "accident_name": "normal",
      "objects": []
    },
    {
      "frame_id": 1,
      "image_path": "frames/4OGV0AbV91U_004279/images/000001.jpg",
      "accident_id": 0,
      "accident_name": "normal",
      "objects": []
    },
    {
      "frame_id": 2,
      "image_path": "frames/4OGV0AbV91U_004279/images/000002.jpg",
      "accident_id": 0,
      "accident_name": "normal",
      "objects": []
    },
    {
      "frame_id": 3,
      "image_path": "frames/4OGV0AbV91U_004279/images/000003.jpg",
      "accident_id": 0,
      "accident_name": "normal",
      "objects": []
    },
    {
      "frame_id": 4,
      "image_path": "frames/4OGV0AbV91U_004279/images/000004.jpg",
      "accident_id": 0,
      "accident_name": "normal",
      "objects": []
    },
    {
      "frame_id": 5,
      "image_path": "frames/4OGV0AbV91U_004279/images/000005.jpg",
      "accident_id": 0,
      "accident_name": "normal",
      "objects": []
    },
    {
      "frame_id": 6,
      "image_path": "frames/4OGV0AbV91U_004279/images/000006.jpg",
      "accident_id": 0,
      "accident_name": "normal",
      "objects": []
    },
    {
      "frame_id": 7,
      "image_path": "frames/4OGV0AbV91U_004279/images/000007.jpg",
      "accident_id": 0,
      "accident_name": "normal",
      "objects": []
    },
    {
      "frame_id": 8,
      "image_path": "frames/4OGV0AbV91U_004279/images/000008.jpg",
      "accident_id": 0,
      "accident_name": "normal",
      "objects": []
    },
    {
      "frame_id": 9,
      "image_path": "frames/4OGV0AbV91U_004279/images/000009.jpg",
      "accident_id": 0,
      "accident_name": "normal",
      "objects": []
    },
    {
      "frame_id": 10,
      "image_path": "frames/4OGV0AbV91U_004279/images/000010.jpg",
      "accident_id": 0,
      "accident_name": "normal",
      "objects": []
    },
    {
      "frame_id": 11,
      "image_path": "frames/4OGV0AbV91U_004279/images/000011.jpg",
      "accident_id": 0,
      "accident_name": "normal",
      "objects": []
    },
    {
      "frame_id": 12,
      "image_path": "frames/4OGV0AbV91U_004279/images/000012.jpg",
      "accident_id": 0,
      "accident_name": "normal",
      "objects": []
    },
    {
      "frame_id": 13,
      "image_path": "frames/4OGV0AbV91U_004279/images/000013.jpg",
      "accident_id": 0,
      "accident_name": "normal",
      "objects": []
    },
    {
      "frame_id": 14,
      "image_path": "frames/4OGV0AbV91U_004279/images/000014.jpg",
      "accident_id": 0,
      "accident_name": "normal",
      "objects": []
    },
    {
      "frame_id": 15,
      "image_path": "frames/4OGV0AbV91U_004279/images/000015.jpg",
      "accident_id": 0,
      "accident_name": "normal",
      "objects": []
    },
    {
      "frame_id": 16,
      "image_path": "frames/4OGV0AbV91U_004279/images/000016.jpg",
      "accident_id": 0,
      "accident_name": "normal",
      "objects": []
    },
    {
      "frame_id": 17,
      "image_path": "frames/4OGV0AbV91U_004279/images/000017.jpg",
      "accident_id": 0,
      "accident_name": "normal",
      "objects": []
    },
    {
      "frame_id": 18,
      "image_path": "frames/4OGV0AbV91U_004279/images/000018.jpg",
      "accident_id": 5,
      "accident_name": "turning",
      "objects": [
        {
          "obj_track_id": 55,
          "bbox": [
            762.5974025974026,
            330.38961038961037,
            848.8311688311688,
            362.5974025974026
          ],
          "category": "car",
          "category ID": 3,
          "trunc": false
        },
        {
          "obj_track_id": 110,
          "bbox": [
            535.0649350649351,
            335.18742442563484,
            589.0909090909091,
            385.45454545454544
          ],
          "category": "car",
          "category ID": 3,
          "trunc": false
        }
      ]
    },
    {
      "frame_id": 19,
      "image_path": "frames/4OGV0AbV91U_004279/images/000019.jpg",
      "accident_id": 5,
      "accident_name": "turning",
      "objects": [
        {
          "obj_track_id": 55,
          "bbox": [
            749.0909090909091,
            328.31168831168833,
            837.4025974025974,
            364.67532467532465
          ],
          "category": "car",
          "category ID": 3,
          "trunc": false
        },
        {
          "obj_track_id": 110,
          "bbox": [
            532.987012987013,
            337.6623376623377,
            589.0909090909091,
            385.45454545454544
          ],
          "category": "car",
          "category ID": 3,
          "trunc": false
        }
      ]
    },
    {
      "frame_id": 20,
      "image_path": "frames/4OGV0AbV91U_004279/images/000020.jpg",
      "accident_id": 5,
      "accident_name": "turning",
      "objects": [
        {
          "obj_track_id": 55,
          "bbox": [
            724.1558441558442,
            328.31168831168833,
            816.6233766233767,
            363.6363636363636
          ],
          "category": "car",
          "category ID": 3,
          "trunc": false
        },
        {
          "obj_track_id": 110,
          "bbox": [
            532.987012987013,
            331.42857142857144,
            587.012987012987,
            385.45454545454544
          ],
          "category": "car",
          "category ID": 3,
          "trunc": false
        }
      ]
    },
    {
      "frame_id": 21,
      "image_path": "frames/4OGV0AbV91U_004279/images/000021.jpg",
      "accident_id": 5,
      "accident_name": "turning",
      "objects": [
        {
          "obj_track_id": 55,
          "bbox": [
            704.4155844155844,
            329.35064935064935,
            802.077922077922,
            365.1948051948052
          ],
          "category": "car",
          "category ID": 3,
          "trunc": false
        },
        {
          "obj_track_id": 110,
          "bbox": [
            532.4675324675325,
            331.94805194805195,
            586.4935064935064,
            384.93506493506493
          ],
          "category": "car",
          "category ID": 3,
          "trunc": false
        }
      ]
    },
    {
      "frame_id": 22,
      "image_path": "frames/4OGV0AbV91U_004279/images/000022.jpg",
      "accident_id": 5,
      "accident_name": "turning",
      "objects": [
        {
          "obj_track_id": 55,
          "bbox": [
            684.6753246753246,
            330.38961038961037,
            787.5324675324675,
            366.75324675324674
          ],
          "category": "car",
          "category ID": 3,
          "trunc": false
        },
        {
          "obj_track_id": 110,
          "bbox": [
            531.9480519480519,
            332.46753246753246,
            585.974025974026,
            384.4155844155844
          ],
          "category": "car",
          "category ID": 3,
          "trunc": false
        }
      ]
    },
    {
      "frame_id": 23,
      "image_path": "frames/4OGV0AbV91U_004279/images/000023.jpg",
      "accident_id": 5,
      "accident_name": "turning",
      "objects": [
        {
          "obj_track_id": 55,
          "bbox": [
            673.2467532467532,
            328.31168831168833,
            777.1428571428571,
            368.83116883116884
          ],
          "category": "car",
          "category ID": 3,
          "trunc": false
        },
        {
          "obj_track_id": 110,
          "bbox": [
            530.9090909090909,
            331.42857142857144,
            584.9350649350649,
            384.4155844155844
          ],
          "category": "car",
          "category ID": 3,
          "trunc": false
        }
      ]
    },
    {
      "frame_id": 24,
      "image_path": "frames/4OGV0AbV91U_004279/images/000024.jpg",
      "accident_id": 5,
      "accident_name": "turning",
      "objects": [
        {
          "obj_track_id": 55,
          "bbox": [
            650.3896103896104,
            330.38961038961037,
            756.3636363636364,
            370.9090909090909
          ],
          "category": "car",
          "category ID": 3,
          "trunc": false
        },
        {
          "obj_track_id": 110,
          "bbox": [
            529.8701298701299,
            331.42857142857144,
            581.8181818181818,
            383.37662337662334
          ],
          "category": "car",
          "category ID": 3,
          "trunc": false
        }
      ]
    },
    {
      "frame_id": 25,
      "image_path": "frames/4OGV0AbV91U_004279/images/000025.jpg",
      "accident_id": 5,
      "accident_name": "turning",
      "objects": [
        {
          "obj_track_id": 55,
          "bbox": [
            640,
            327.27272727272725,
            748.051948051948,
            372.987012987013
          ],
          "category": "car",
          "category ID": 3,
          "trunc": false
        },
        {
          "obj_track_id": 110,
          "bbox": [
            529.8701298701299,
            331.42857142857144,
            581.8181818181818,
            382.3376623376623
          ],
          "category": "car",
          "category ID": 3,
          "trunc": false
        }
      ]
    },
    {
      "frame_id": 26,
      "image_path": "frames/4OGV0AbV91U_004279/images/000026.jpg",
      "accident_id": 5,
      "accident_name": "turning",
      "objects": [
        {
          "obj_track_id": 55,
          "bbox": [
            619.2207792207791,
            327.27272727272725,
            727.2727272727273,
            376.1038961038961
          ],
          "category": "car",
          "category ID": 3,
          "trunc": false
        },
        {
          "obj_track_id": 110,
          "bbox": [
            526.7532467532467,
            330.38961038961037,
            577.6623376623377,
            383.37662337662334
          ],
          "category": "car",
          "category ID": 3,
          "trunc": false
        }
      ]
    },
    {
      "frame_id": 27,
      "image_path": "frames/4OGV0AbV91U_004279/images/000027.jpg",
      "accident_id": 5,
      "accident_name": "turning",
      "objects": [
        {
          "obj_track_id": 55,
          "bbox": [
            601.038961038961,
            327.7922077922078,
            714.2857142857142,
            378.1818181818182
          ],
          "category": "car",
          "category ID": 3,
          "trunc": false
        },
        {
          "obj_track_id": 110,
          "bbox": [
            523.6363636363635,
            332.46753246753246,
            577.6623376623377,
            384.41558441558436
          ],
          "category": "car",
          "category ID": 3,
          "trunc": false
        }
      ]
    },
    {
      "frame_id": 28,
      "image_path": "frames/4OGV0AbV91U_004279/images/000028.jpg",
      "accident_id": 5,
      "accident_name": "turning",
      "objects": [
        {
          "obj_track_id": 55,
          "bbox": [
            582.8571428571429,
            328.31168831168833,
            701.2987012987013,
            380.2597402597402
          ],
          "category": "car",
          "category ID": 3,
          "trunc": false
        },
        {
          "obj_track_id": 110,
          "bbox": [
            520.5194805194805,
            334.54545454545456,
            577.6623376623377,
            385.45454545454544
          ],
          "category": "car",
          "category ID": 3,
          "trunc": false
        }
      ]
    },
    {
      "frame_id": 29,
      "image_path": "frames/4OGV0AbV91U_004279/images/000029.jpg",
      "accident_id": 5,
      "accident_name": "turning",
      "objects": [
        {
          "obj_track_id": 55,
          "bbox": [
            576.6233766233767,
            334.54545454545456,
            696.1038961038961,
            380.2597402597402
          ],
          "category": "car",
          "category ID": 3,
          "trunc": false
        },
        {
          "obj_track_id": 110,
          "bbox": [
            520.5194805194805,
            334.54545454545456,
            577.6623376623377,
            387.53246753246754
          ],
          "category": "car",
          "category ID": 3,
          "trunc": false
        }
      ]
    },
    {
      "frame_id": 30,
      "image_path": "frames/4OGV0AbV91U_004279/images/000030.jpg",
      "accident_id": 5,
      "accident_name": "turning",
      "objects": [
        {
          "obj_track_id": 55,
          "bbox": [
            568.3116883116883,
            334.54545454545456,
            686.7532467532467,
            380.2597402597402
          ],
          "category": "car",
          "category ID": 3,
          "trunc": false
        },
        {
          "obj_track_id": 110,
          "bbox": [
            512.2077922077922,
            332.46753246753246,
            570.3896103896104,
            385.45454545454544
          ],
          "category": "car",
          "category ID": 3,
          "trunc": false
        }
      ]
    },
    {
      "frame_id": 31,
      "image_path": "frames/4OGV0AbV91U_004279/images/000031.jpg",
      "accident_id": 5,
      "accident_name": "turning",
      "objects": [
        {
          "obj_track_id": 55,
          "bbox": [
            565.1948051948052,
            328.31168831168833,
            680.5194805194805,
            379.2207792207792
          ],
          "category": "car",
          "category ID": 3,
          "trunc": false
        },
        {
          "obj_track_id": 110,
          "bbox": [
            505.97402597402595,
            332.46753246753246,
            565.1948051948052,
            386.49350649350646
          ],
          "category": "car",
          "category ID": 3,
          "trunc": false
        }
      ]
    },
    {
      "frame_id": 32,
      "image_path": "frames/4OGV0AbV91U_004279/images/000032.jpg",
      "accident_id": 5,
      "accident_name": "turning",
      "objects": [
        {
          "obj_track_id": 55,
          "bbox": [
            552.7272727272727,
            325.1948051948052,
            677.4025974025974,
            377.1428571428571
          ],
          "category": "car",
          "category ID": 3,
          "trunc": false
        },
        {
          "obj_track_id": 110,
          "bbox": [
            493.5064935064935,
            329.35064935064935,
            555.8441558441558,
            378.1818181818182
          ],
          "category": "car",
          "category ID": 3,
          "trunc": false
        }
      ]
    },
    {
      "frame_id": 33,
      "image_path": "frames/4OGV0AbV91U_004279/images/000033.jpg",
      "accident_id": 5,
      "accident_name": "turning",
      "objects": [
        {
          "obj_track_id": 55,
          "bbox": [
            552.7272727272727,
            322.0779220779221,
            675.3246753246754,
            377.1428571428571
          ],
          "category": "car",
          "category ID": 3,
          "trunc": false
        },
        {
          "obj_track_id": 110,
          "bbox": [
            490.38961038961037,
            328.31168831168833,
            551.6883116883117,
            381.2987012987013
          ],
          "category": "car",
          "category ID": 3,
          "trunc": false
        }
      ]
    },
    {
      "frame_id": 34,
      "image_path": "frames/4OGV0AbV91U_004279/images/000034.jpg",
      "accident_id": 5,
      "accident_name": "turning",
      "objects": [
        {
          "obj_track_id": 55,
          "bbox": [
            538.1818181818181,
            328.31168831168833,
            672.2077922077922,
            384.4155844155844
          ],
          "category": "car",
          "category ID": 3,
          "trunc": false
        },
        {
          "obj_track_id": 110,
          "bbox": [
            483.1168831168831,
            328.31168831168833,
            542.3376623376623,
            383.37662337662334
          ],
          "category": "car",
          "category ID": 3,
          "trunc": false
        }
      ]
    },
    {
      "frame_id": 35,
      "image_path": "frames/4OGV0AbV91U_004279/images/000035.jpg",
      "accident_id": 5,
      "accident_name": "turning",
      "objects": [
        {
          "obj_track_id": 55,
          "bbox": [
            534.025974025974,
            329.35064935064935,
            670.1298701298701,
            384.4155844155844
          ],
          "category": "car",
          "category ID": 3,
          "trunc": false
        },
        {
          "obj_track_id": 110,
          "bbox": [
            476.8831168831169,
            334.54545454545456,
            534.025974025974,
            387.53246753246754
          ],
          "category": "car",
          "category ID": 3,
          "trunc": false
        }
      ]
    },
    {
      "frame_id": 36,
      "image_path": "frames/4OGV0AbV91U_004279/images/000036.jpg",
      "accident_id": 5,
      "accident_name": "turning",
      "objects": [
        {
          "obj_track_id": 55,
          "bbox": [
            529.8701298701299,
            329.35064935064935,
            670.1298701298701,
            385.45454545454544
          ],
          "category": "car",
          "category ID": 3,
          "trunc": false
        },
        {
          "obj_track_id": 110,
          "bbox": [
            466.49350649350646,
            333.5064935064935,
            528.8311688311688,
            385.45454545454544
          ],
          "category": "car",
          "category ID": 3,
          "trunc": false
        }
      ]
    },
    {
      "frame_id": 37,
      "image_path": "frames/4OGV0AbV91U_004279/images/000037.jpg",
      "accident_id": 5,
      "accident_name": "turning",
      "objects": [
        {
          "obj_track_id": 55,
          "bbox": [
            526.7532467532467,
            328.31168831168833,
            662.8571428571429,
            385.45454545454544
          ],
          "category": "car",
          "category ID": 3,
          "trunc": false
        },
        {
          "obj_track_id": 110,
          "bbox": [
            462.3376623376623,
            328.31168831168833,
            524.6753246753246,
            386.49350649350646
          ],
          "category": "car",
          "category ID": 3,
          "trunc": false
        }
      ]
    },
    {
      "frame_id": 38,
      "image_path": "frames/4OGV0AbV91U_004279/images/000038.jpg",
      "accident_id": 5,
      "accident_name": "turning",
      "objects": [
        {
          "obj_track_id": 55,
          "bbox": [
            519.4805194805194,
            326.23376623376623,
            662.8571428571429,
            386.49350649350646
          ],
          "category": "car",
          "category ID": 3,
          "trunc": false
        },
        {
          "obj_track_id": 110,
          "bbox": [
            454.025974025974,
            335.5844155844156,
            518.4415584415584,
            388.57142857142856
          ],
          "category": "car",
          "category ID": 3,
          "trunc": false
        }
      ]
    },
    {
      "frame_id": 39,
      "image_path": "frames/4OGV0AbV91U_004279/images/000039.jpg",
      "accident_id": 5,
      "accident_name": "turning",
      "objects": [
        {
          "obj_track_id": 55,
          "bbox": [
            515.3246753246754,
            329.35064935064935,
            662.8571428571429,
            386.49350649350646
          ],
          "category": "car",
          "category ID": 3,
          "trunc": false
        },
        {
          "obj_track_id": 110,
          "bbox": [
            454.025974025974,
            333.5064935064935,
            514.2857142857142,
            388.57142857142856
          ],
          "category": "car",
          "category ID": 3,
          "trunc": false
        }
      ]
    },
    {
      "frame_id": 40,
      "image_path": "frames/4OGV0AbV91U_004279/images/000040.jpg",
      "accident_id": 0,
      "accident_name": "normal",
      "objects": []
    },
    {
      "frame_id": 41,
      "image_path": "frames/4OGV0AbV91U_004279/images/000041.jpg",
      "accident_id": 0,
      "accident_name": "normal",
      "objects": []
    },
    {
      "frame_id": 42,
      "image_path": "frames/4OGV0AbV91U_004279/images/000042.jpg",
      "accident_id": 0,
      "accident_name": "normal",
      "objects": []
    },
    {
      "frame_id": 43,
      "image_path": "frames/4OGV0AbV91U_004279/images/000043.jpg",
      "accident_id": 0,
      "accident_name": "normal",
      "objects": []
    },
    {
      "frame_id": 44,
      "image_path": "frames/4OGV0AbV91U_004279/images/000044.jpg",
      "accident_id": 0,
      "accident_name": "normal",
      "objects": []
    },
    {
      "frame_id": 45,
      "image_path": "frames/4OGV0AbV91U_004279/images/000045.jpg",
      "accident_id": 0,
      "accident_name": "normal",
      "objects": []
    },
    {
      "frame_id": 46,
      "image_path": "frames/4OGV0AbV91U_004279/images/000046.jpg",
      "accident_id": 0,
      "accident_name": "normal",
      "objects": []
    },
    {
      "frame_id": 47,
      "image_path": "frames/4OGV0AbV91U_004279/images/000047.jpg",
      "accident_id": 0,
      "accident_name": "normal",
      "objects": []
    },
    {
      "frame_id": 48,
      "image_path": "frames/4OGV0AbV91U_004279/images/000048.jpg",
      "accident_id": 0,
      "accident_name": "normal",
      "objects": []
    },
    {
      "frame_id": 49,
      "image_path": "frames/4OGV0AbV91U_004279/images/000049.jpg",
      "accident_id": 0,
      "accident_name": "normal",
      "objects": []
    },
    {
      "frame_id": 50,
      "image_path": "frames/4OGV0AbV91U_004279/images/000050.jpg",
      "accident_id": 0,
      "accident_name": "normal",
      "objects": []
    },
    {
      "frame_id": 51,
      "image_path": "frames/4OGV0AbV91U_004279/images/000051.jpg",
      "accident_id": 0,
      "accident_name": "normal",
      "objects": []
    },
    {
      "frame_id": 52,
      "image_path": "frames/4OGV0AbV91U_004279/images/000052.jpg",
      "accident_id": 0,
      "accident_name": "normal",
      "objects": []
    },
    {
      "frame_id": 53,
      "image_path": "frames/4OGV0AbV91U_004279/images/000053.jpg",
      "accident_id": 0,
      "accident_name": "normal",
      "objects": []
    },
    {
      "frame_id": 54,
      "image_path": "frames/4OGV0AbV91U_004279/images/000054.jpg",
      "accident_id": 0,
      "accident_name": "normal",
      "objects": []
    },
    {
      "frame_id": 55,
      "image_path": "frames/4OGV0AbV91U_004279/images/000055.jpg",
      "accident_id": 0,
      "accident_name": "normal",
      "objects": []
    },
    {
      "frame_id": 56,
      "image_path": "frames/4OGV0AbV91U_004279/images/000056.jpg",
      "accident_id": 0,
      "accident_name": "normal",
      "objects": []
    },
    {
      "frame_id": 57,
      "image_path": "frames/4OGV0AbV91U_004279/images/000057.jpg",
      "accident_id": 0,
      "accident_name": "normal",
      "objects": []
    },
    {
      "frame_id": 58,
      "image_path": "frames/4OGV0AbV91U_004279/images/000058.jpg",
      "accident_id": 0,
      "accident_name": "normal",
      "objects": []
    },
    {
      "frame_id": 59,
      "image_path": "frames/4OGV0AbV91U_004279/images/000059.jpg",
      "accident_id": 0,
      "accident_name": "normal",
      "objects": []
    },
    {
      "frame_id": 60,
      "image_path": "frames/4OGV0AbV91U_004279/images/000060.jpg",
      "accident_id": 0,
      "accident_name": "normal",
      "objects": []
    },
    {
      "frame_id": 61,
      "image_path": "frames/4OGV0AbV91U_004279/images/000061.jpg",
      "accident_id": 0,
      "accident_name": "normal",
      "objects": []
    },
    {
      "frame_id": 62,
      "image_path": "frames/4OGV0AbV91U_004279/images/000062.jpg",
      "accident_id": 0,
      "accident_name": "normal",
      "objects": []
    },
    {
      "frame_id": 63,
      "image_path": "frames/4OGV0AbV91U_004279/images/000063.jpg",
      "accident_id": 0,
      "accident_name": "normal",
      "objects": []
    },
    {
      "frame_id": 64,
      "image_path": "frames/4OGV0AbV91U_004279/images/000064.jpg",
      "accident_id": 0,
      "accident_name": "normal",
      "objects": []
    },
    {
      "frame_id": 65,
      "image_path": "frames/4OGV0AbV91U_004279/images/000065.jpg",
      "accident_id": 0,
      "accident_name": "normal",
      "objects": []
    },
    {
      "frame_id": 66,
      "image_path": "frames/4OGV0AbV91U_004279/images/000066.jpg",
      "accident_id": 0,
      "accident_name": "normal",
      "objects": []
    },
    {
      "frame_id": 67,
      "image_path": "frames/4OGV0AbV91U_004279/images/000067.jpg",
      "accident_id": 0,
      "accident_name": "normal",
      "objects": []
    },
    {
      "frame_id": 68,
      "image_path": "frames/4OGV0AbV91U_004279/images/000068.jpg",
      "accident_id": 0,
      "accident_name": "normal",
      "objects": []
    },
    {
      "frame_id": 69,
      "image_path": "frames/4OGV0AbV91U_004279/images/000069.jpg",
      "accident_id": 0,
      "accident_name": "normal",
      "objects": []
    },
    {
      "frame_id": 70,
      "image_path": "frames/4OGV0AbV91U_004279/images/000070.jpg",
      "accident_id": 0,
      "accident_name": "normal",
      "objects": []
    },
    {
      "frame_id": 71,
      "image_path": "frames/4OGV0AbV91U_004279/images/000071.jpg",
      "accident_id": 0,
      "accident_name": "normal",
      "objects": []
    }
  ]
}