{
  "video_name": "5vKPYV5w6pw_000518",
  "channel": "CarCrashesTime",
  "num_frames": 104,
  "ignore": false,
  "ego_involve": false,
  "night": true,
  "anomaly_start": 59,
  "anomaly_end": 77,
  "video_start": 518,
  "video_end": 621,
  "accident_id": "4",
  "accident_name": "oncoming",
  "labels": [
    {
      "frame_id": 0,
      "image_path": "frames/5vKPYV5w6pw_000518/images/000000.jpg",
      "accident_id": 0,
      "accident_name": "normal",
      "objects": []
    },
    {
      "frame_id": 1,
      "image_path": "frames/5vKPYV5w6pw_000518/images/000001.jpg",
      "accident_id": 0,
      "accident_name": "normal",
      "objects": []
    },
    {
      "frame_id": 2,
      "image_path": "frames/5vKPYV5w6pw_000518/images/000002.jpg",
      "accident_id": 0,
      "accident_name": "normal",
      "objects": []
    },
    {
      "frame_id": 3,
      "image_path": "frames/5vKPYV5w6pw_000518/images/000003.jpg",
      "accident_id": 0,
      "accident_name": "normal",
      "objects": []
    },
    {
      "frame_id": 4,
      "image_path": "frames/5vKPYV5w6pw_000518/images/000004.jpg",
      "accident_id": 0,
      "accident_name": "normal",
      "objects": []
    },
    {
      "frame_id": 5,
      "image_path": "frames/5vKPYV5w6pw_000518/images/000005.jpg",
      "accident_id": 0,
      "accident_name": "normal",
      "objects": []
    },
    {
      "frame_id": 6,
      "image_path": "frames/5vKPYV5w6pw_000518/images/000006.jpg",
      "accident_id": 0,
      "accident_name": "normal",
      "objects": []
    },
    {
      "frame_id": 7,
      "image_path": "frames/5vKPYV5w6pw_000518/images/000007.jpg",
      "accident_id": 0,
      "accident_name": "normal",
      "objects": []
    },
    {
      "frame_id": 8,
      "image_path": "frames/5vKPYV5w6pw_000518/images/000008.jpg",
      "accident_id": 0,
      "accident_name": "normal",
      "objects": []
    },
    {
      "frame_id": 9,
      "image_path": "frames/5vKPYV5w6pw_000518/images/000009.jpg",
      "accident_id": 0,
      "accident_name": "normal",
      "objects": []
    },
    {
      "frame_id": 10,
      "image_path": "frames/5vKPYV5w6pw_000518/images/000010.jpg",
      "accident_id": 0,
      "accident_name": "normal",
      "objects": []
    },
    {
      "frame_id": 11,
      "image_path": "frames/5vKPYV5w6pw_000518/images/000011.jpg",
      "accident_id": 0,
      "accident_name": "normal",
      "objects": []
    },
    {
      "frame_id": 12,
      "image_path": "frames/5vKPYV5w6pw_000518/images/000012.jpg",
      "accident_id": 0,
      "accident_name": "normal",
      "objects": []
    },
    {
      "frame_id": 13,
      "image_path": "frames/5vKPYV5w6pw_000518/images/000013.jpg",
      "accident_id": 0,
      "accident_name": "normal",
      "objects": []
    },
    {
      "frame_id": 14,
      "image_path": "frames/5vKPYV5w6pw_000518/images/000014.jpg",
      "accident_id": 0,
      "accident_name": "normal",
      "objects": []
    },
    {
      "frame_id": 15,
      "image_path": "frames/5vKPYV5w6pw_000518/images/000015.jpg",
      "accident_id": 0,
      "accident_name": "normal",
      "objects": []
    },
    {
      "frame_id": 16,
      "image_path": "frames/5vKPYV5w6pw_000518/images/000016.jpg",
      "accident_id": 0,
      "accident_name": "normal",
      "objects": []
    },
    {
      "frame_id": 17,
      "image_path": "frames/5vKPYV5w6pw_000518/images/000017.jpg",
      "accident_id": 0,
      "accident_name": "normal",
      "objects": []
    },
    {
      "frame_id": 18,
      "image_path": "frames/5vKPYV5w6pw_000518/images/000018.jpg",
      "accident_id": 0,
      "accident_name": "normal",
      "objects": []
    },
    {
      "frame_id": 19,
      "image_path": "frames/5vKPYV5w6pw_000518/images/000019.jpg",
      "accident_id": 0,
      "accident_name": "normal",
      "objects": []
    },
    {
      "frame_id": 20,
      "image_path": "frames/5vKPYV5w6pw_000518/images/000020.jpg",
      "accident_id": 0,
      "accident_name": "normal",
      "objects": []
    },
    {
      "frame_id": 21,
      "image_path": "frames/5vKPYV5w6pw_000518/images/000021.jpg",
      "accident_id": 0,
      "accident_name": "normal",
      "objects": []
    },
    {
      "frame_id": 22,
      "image_path": "frames/5vKPYV5w6pw_000518/images/000022.jpg",
      "accident_id": 0,
      "accident_name": "normal",
      "objects": []
    },
    {
      "frame_id": 23,
      "image_path": "frames/5vKPYV5w6pw_000518/images/000023.jpg",
      "accident_id": 0,
      "accident_name": "normal",
      "objects": []
    },
    {
      "frame_id": 24,
      "image_path": "frames/5vKPYV5w6pw_000518/images/000024.jpg",
      "accident_id": 0,
      "accident_name": "normal",
      "objects": []
    },
    {
      "frame_id": 25,
      "image_path": "frames/5vKPYV5w6pw_000518/images/000025.jpg",
      "accident_id": 0,
      "accident_name": "normal",
      "objects": []
    },
    {
      "frame_id": 26,
      "image_path": "frames/5vKPYV5w6pw_000518/images/000026.jpg",
      "accident_id": 0,
      "accident_name": "normal",
      "objects": []
    },
    {
      "frame_id": 27,
      "image_path": "frames/5vKPYV5w6pw_000518/images/000027.jpg",
      "accident_id": 0,
      "accident_name": "normal",
      "objects": []
    },
    {
      "frame_id": 28,
      "image_path": "frames/5vKPYV5w6pw_000518/images/000028.jpg",
      "accident_id": 0,
      "accident_name": "normal",
      "objects": []
    },
    {
      "frame_id": 29,
      "image_path": "frames/5vKPYV5w6pw_000518/images/000029.jpg",
      "accident_id": 0,
      "accident_name": "normal",
      "objects": []
    },
    {
      "frame_id": 30,
      "image_path": "frames/5vKPYV5w6pw_000518/images/000030.jpg",
      "accident_id": 0,
      "accident_name": "normal",
      "objects": []
    },
    {
      "frame_id": 31,
      "image_path": "frames/5vKPYV5w6pw_000518/images/000031.jpg",
      "accident_id": 0,
      "accident_name": "normal",
      "objects": []
    },
    {
      "frame_id": 32,
      "image_path": "frames/5vKPYV5w6pw_000518/images/000032.jpg",
      "accident_id": 0,
      "accident_name": "normal",
      "objects": []
    },
    {
      "frame_id": 33,
      "image_path": "frames/5vKPYV5w6pw_000518/images/000033.jpg",
      "accident_id": 0,
      "accident_name": "normal",
      "objects": []
    },
    {
      "frame_id": 34,
      "image_path": "frames/5vKPYV5w6pw_000518/images/000034.jpg",
      "accident_id": 0,
      "accident_name": "normal",
      "objects": []
    },
    {
      "frame_id": 35,
      "image_path": "frames/5vKPYV5w6pw_000518/images/000035.jpg",
      "accident_id": 0,
      "accident_name": "normal",
      "objects": []
    },
    {
      "frame_id": 36,
      "image_path": "frames/5vKPYV5w6pw_000518/images/000036.jpg",
      "accident_id": 0,
      "accident_name": "normal",
      "objects": []
    },
    {
      "frame_id": 37,
      "image_path": "frames/5vKPYV5w6pw_000518/images/000037.jpg",
      "accident_id": 0,
      "accident_name": "normal",
      "objects": []
    },
    {
      "frame_id": 38,
      "image_path": "frames/5vKPYV5w6pw_000518/images/000038.jpg",
      "accident_id": 0,
      "accident_name": "normal",
      "objects": []
    },
    {
      "frame_id": 39,
      "image_path": "frames/5vKPYV5w6pw_000518/images/000039.jpg",
      "accident_id": 0,
      "accident_name": "normal",
      "objects": []
    },
    {
      "frame_id": 40,
      "image_path": "frames/5vKPYV5w6pw_000518/images/000040.jpg",
      "accident_id": 0,
      "accident_name": "normal",
      "objects": []
    },
    {
      "frame_id": 41,
      "image_path": "frames/5vKPYV5w6pw_000518/images/000041.jpg",
      "accident_id": 0,
      "accident_name": "normal",
      "objects": []
    },
    {
      "frame_id": 42,
      "image_path": "frames/5vKPYV5w6pw_000518/images/000042.jpg",
      "accident_id": 0,
      "accident_name": "normal",
      "objects": []
    },
    {
      "frame_id": 43,
      "image_path": "frames/5vKPYV5w6pw_000518/images/000043.jpg",
      "accident_id": 0,
      "accident_name": "normal",
      "objects": []
    },
    {
      "frame_id": 44,
      "image_path": "frames/5vKPYV5w6pw_000518/images/000044.jpg",
      "accident_id": 0,
      "accident_name": "normal",
      "objects": []
    },
    {
      "frame_id": 45,
      "image_path": "frames/5vKPYV5w6pw_000518/images/000045.jpg",
      "accident_id": 0,
      "accident_name": "normal",
      "objects": []
    },
    {
      "frame_id": 46,
      "image_path": "frames/5vKPYV5w6pw_000518/images/000046.jpg",
      "accident_id": 0,
      "accident_name": "normal",
      "objects": []
    },
    {
      "frame_id": 47,
      "image_path": "frames/5vKPYV5w6pw_000518/images/000047.jpg",
      "accident_id": 0,
      "accident_name": "normal",
      "objects": []
    },
    {
      "frame_id": 48,
      "image_path": "frames/5vKPYV5w6pw_000518/images/000048.jpg",
      "accident_id": 0,
      "accident_name": "normal",
      "objects": []
    },
    {
      "frame_id": 49,
      "image_path": "frames/5vKPYV5w6pw_000518/images/000049.jpg",
      "accident_id": 0,
      "accident_name": "normal",
      "objects": []
    },
    {
      "frame_id": 50,
      "image_path": "frames/5vKPYV5w6pw_000518/images/000050.jpg",
      "accident_id": 0,
      "accident_name": "normal",
      "objects": []
    },
    {
      "frame_id": 51,
      "image_path": "frames/5vKPYV5w6pw_000518/images/000051.jpg",
      "accident_id": 0,
      "accident_name": "normal",
      "objects": []
    },
    {
      "frame_id": 52,
      "image_path": "frames/5vKPYV5w6pw_000518/images/000052.jpg",
      "accident_id": 0,
      "accident_name": "normal",
      "objects": []
    },
    {
      "frame_id": 53,
      "image_path": "frames/5vKPYV5w6pw_000518/images/000053.jpg",
      "accident_id": 0,
      "accident_name": "normal",
      "objects": []
    },
    {
      "frame_id": 54,
      "image_path": "frames/5vKPYV5w6pw_000518/images/000054.jpg",
      "accident_id": 0,
      "accident_name": "normal",
      "objects": []
    },
    {
      "frame_id": 55,
      "image_path": "frames/5vKPYV5w6pw_000518/images/000055.jpg",
      "accident_id": 0,
      "accident_name": "normal",
      "objects": []
    },
    {
      "frame_id": 56,
      "image_path": "frames/5vKPYV5w6pw_000518/images/000056.jpg",
      "accident_id": 0,
      "accident_name": "normal",
      "objects": []
    },
    {
      "frame_id": 57,
      "image_path": "frames/5vKPYV5w6pw_000518/images/000057.jpg",
      "accident_id": 0,
      "accident_name": "normal",
      "objects": []
    },
    {
      "frame_id": 58,
      "image_path": "frames/5vKPYV5w6pw_000518/images/000058.jpg",
      "accident_id": 0,
      "accident_name": "normal",
      "objects": []
    },
    {
      "frame_id": 59,
      "image_path": "frames/5vKPYV5w6pw_000518/images/000059.jpg",
      "accident_id": 4,
      "accident_name": "oncoming",
      "objects": [
        {
          "obj_track_id": 81,
          "bbox": [
            576.2514551804423,
            412.3864959254948,
            636.6006984866124,
            455.1338766006985
          ],
          "category": "car",
          "category ID": 3,
          "trunc": false
        },
        {
          "obj_track_id": 48,
          "bbox": [
            669.0566037735849,
            415.3099730458221,
            701.078167115903,
            439.56873315363885
          ],
          "category": "car",
          "category ID": 3,
          "trunc": false
        }
      ]
    },
    {
      "frame_id": 60,
      "image_path": "frames/5vKPYV5w6pw_000518/images/000060.jpg",
      "accident_id": 4,
      "accident_name": "oncoming",
      "objects": [
        {
          "obj_track_id": 81,
          "bbox": [
            569.1105121293801,
            409.48787061994614,
            634.1239892183289,
            458.0053908355796
          ],
          "category": "car",
          "category ID": 3,
          "trunc": false
        },
        {
          "obj_track_id": 48,
          "bbox": [
            658.3827493261456,
            412.3989218328841,
            696.2264150943397,
            441.5094339622642
          ],
          "category": "car",
          "category ID": 3,
          "trunc": false
        }
      ]
    },
    {
      "frame_id": 61,
      "image_path": "frames/5vKPYV5w6pw_000518/images/000061.jpg",
      "accident_id": 4,
      "accident_name": "oncoming",
      "objects": [
        {
          "obj_track_id": 81,
          "bbox": [
            566.1994609164421,
            407.54716981132077,
            631.2129380053909,
            456.0646900269542
          ],
          "category": "car",
          "category ID": 3,
          "trunc": false
        },
        {
          "obj_track_id": 48,
          "bbox": [
            650.6199460916442,
            413.3692722371968,
            691.3746630727763,
            439.56873315363885
          ],
          "category": "car",
          "category ID": 3,
          "trunc": false
        }
      ]
    },
    {
      "frame_id": 62,
      "image_path": "frames/5vKPYV5w6pw_000518/images/000062.jpg",
      "accident_id": 4,
      "accident_name": "oncoming",
      "objects": [
        {
          "obj_track_id": 81,
          "bbox": [
            562.8405122235157,
            406.57681940700814,
            627.3315363881402,
            456.81024447031433
          ],
          "category": "car",
          "category ID": 3,
          "trunc": false
        },
        {
          "obj_track_id": 48,
          "bbox": [
            643.8274932614556,
            412.3989218328841,
            687.4932614555257,
            443.4501347708895
          ],
          "category": "car",
          "category ID": 3,
          "trunc": false
        }
      ]
    },
    {
      "frame_id": 63,
      "image_path": "frames/5vKPYV5w6pw_000518/images/000063.jpg",
      "accident_id": 4,
      "accident_name": "oncoming",
      "objects": [
        {
          "obj_track_id": 81,
          "bbox": [
            553.5849056603774,
            408.51752021563345,
            625.3908355795149,
            458.0053908355796
          ],
          "category": "car",
          "category ID": 3,
          "trunc": false
        },
        {
          "obj_track_id": 48,
          "bbox": [
            632.1832884097036,
            411.42857142857144,
            684.5822102425876,
            445.3908355795149
          ],
          "category": "car",
          "category ID": 3,
          "trunc": false
        }
      ]
    },
    {
      "frame_id": 64,
      "image_path": "frames/5vKPYV5w6pw_000518/images/000064.jpg",
      "accident_id": 4,
      "accident_name": "oncoming",
      "objects": [
        {
          "obj_track_id": 81,
          "bbox": [
            548.7331536388141,
            406.57681940700814,
            618.5983827493262,
            458.9757412398922
          ],
          "category": "car",
          "category ID": 3,
          "trunc": false
        },
        {
          "obj_track_id": 48,
          "bbox": [
            617.6280323450136,
            408.51752021563345,
            668.0862533692723,
            446.36118598382757
          ],
          "category": "car",
          "category ID": 3,
          "trunc": false
        }
      ]
    },
    {
      "frame_id": 65,
      "image_path": "frames/5vKPYV5w6pw_000518/images/000065.jpg",
      "accident_id": 4,
      "accident_name": "oncoming",
      "objects": [
        {
          "obj_track_id": 81,
          "bbox": [
            540.9703504043127,
            404.6361185983828,
            612.7762803234502,
            459.9460916442049
          ],
          "category": "car",
          "category ID": 3,
          "trunc": false
        },
        {
          "obj_track_id": 48,
          "bbox": [
            608.8948787061995,
            410.4582210242588,
            657.412398921833,
            451.21293800539087
          ],
          "category": "car",
          "category ID": 3,
          "trunc": false
        }
      ]
    },
    {
      "frame_id": 66,
      "image_path": "frames/5vKPYV5w6pw_000518/images/000066.jpg",
      "accident_id": 4,
      "accident_name": "oncoming",
      "objects": [
        {
          "obj_track_id": 81,
          "bbox": [
            531.266846361186,
            403.6657681940701,
            596.2803234501348,
            460.9164420485176
          ],
          "category": "car",
          "category ID": 3,
          "trunc": false
        },
        {
          "obj_track_id": 48,
          "bbox": [
            594.3396226415095,
            413.3692722371968,
            643.8274932614556,
            453.1536388140162
          ],
          "category": "car",
          "category ID": 3,
          "trunc": false
        }
      ]
    },
    {
      "frame_id": 67,
      "image_path": "frames/5vKPYV5w6pw_000518/images/000067.jpg",
      "accident_id": 4,
      "accident_name": "oncoming",
      "objects": [
        {
          "obj_track_id": 81,
          "bbox": [
            494.39353099730465,
            391.05121293800545,
            570.0808625336928,
            458.9757412398922
          ],
          "category": "car",
          "category ID": 3,
          "trunc": false
        },
        {
          "obj_track_id": 48,
          "bbox": [
            588.5175202156335,
            405.60646900269546,
            631.2129380053909,
            458.9757412398922
          ],
          "category": "car",
          "category ID": 3,
          "trunc": false
        }
      ]
    },
    {
      "frame_id": 68,
      "image_path": "frames/5vKPYV5w6pw_000518/images/000068.jpg",
      "accident_id": 4,
      "accident_name": "oncoming",
      "objects": [
        {
          "obj_track_id": 81,
          "bbox": [
            433.2614555256065,
            379.4070080862534,
            543.8814016172507,
            454.1239892183289
          ],
          "category": "car",
          "category ID": 3,
          "trunc": false
        },
        {
          "obj_track_id": 48,
          "bbox": [
            544.8517520215634,
            399.7843665768194,
            620.5390835579516,
            458.0053908355796
          ],
          "category": "car",
          "category ID": 3,
          "trunc": false
        }
      ]
    },
    {
      "frame_id": 69,
      "image_path": "frames/5vKPYV5w6pw_000518/images/000069.jpg",
      "accident_id": 4,
      "accident_name": "oncoming",
      "objects": [
        {
          "obj_track_id": 81,
          "bbox": [
            354.6630727762804,
            364.85175202156336,
            523.5040431266847,
            455.09433962264154
          ],
          "category": "car",
          "category ID": 3,
          "trunc": false
        },
        {
          "obj_track_id": 48,
          "bbox": [
            502.156334231806,
            394.9326145552561,
            588.5175202156335,
            450.24258760107824
          ],
          "category": "car",
          "category ID": 3,
          "trunc": false
        }
      ]
    },
    {
      "frame_id": 70,
      "image_path": "frames/5vKPYV5w6pw_000518/images/000070.jpg",
      "accident_id": 4,
      "accident_name": "oncoming",
      "objects": [
        {
          "obj_track_id": 81,
          "bbox": [
            278.9757412398922,
            358.0592991913747,
            471.1051212938006,
            461.88679245283026
          ],
          "category": "car",
          "category ID": 3,
          "trunc": false
        },
        {
          "obj_track_id": 48,
          "bbox": [
            473.0458221024259,
            392.0215633423181,
            558.4366576819408,
            456.0646900269542
          ],
          "category": "car",
          "category ID": 3,
          "trunc": false
        }
      ]
    },
    {
      "frame_id": 71,
      "image_path": "frames/5vKPYV5w6pw_000518/images/000071.jpg",
      "accident_id": 4,
      "accident_name": "oncoming",
      "objects": [
        {
          "obj_track_id": 81,
          "bbox": [
            176.11859838274933,
            347.38544474393535,
            380.8625336927224,
            466.73854447439356
          ],
          "category": "car",
          "category ID": 3,
          "trunc": false
        },
        {
          "obj_track_id": 48,
          "bbox": [
            380.8625336927224,
            392.0215633423181,
            540.9703504043127,
            479.35309973045827
          ],
          "category": "car",
          "category ID": 3,
          "trunc": false
        }
      ]
    },
    {
      "frame_id": 72,
      "image_path": "frames/5vKPYV5w6pw_000518/images/000072.jpg",
      "accident_id": 4,
      "accident_name": "oncoming",
      "objects": [
        {
          "obj_track_id": 48,
          "bbox": [
            314.7380675203725,
            383.0500582072177,
            524.2840512223515,
            481.1175785797439
          ],
          "category": "car",
          "category ID": 3,
          "trunc": true
        },
        {
          "obj_track_id": 81,
          "bbox": [
            63.28288707799767,
            336.9499417927823,
            281.2107101280559,
            475.25029103608847
          ],
          "category": "car",
          "category ID": 3,
          "trunc": false
        }
      ]
    },
    {
      "frame_id": 73,
      "image_path": "frames/5vKPYV5w6pw_000518/images/000073.jpg",
      "accident_id": 4,
      "accident_name": "oncoming",
      "objects": [
        {
          "obj_track_id": 48,
          "bbox": [
            173.0849825378347,
            373.8300349243306,
            464.77299185098946,
            522.1885913853317
          ],
          "category": "car",
          "category ID": 3,
          "trunc": true
        }
      ]
    },
    {
      "frame_id": 74,
      "image_path": "frames/5vKPYV5w6pw_000518/images/000074.jpg",
      "accident_id": 4,
      "accident_name": "oncoming",
      "objects": [
        {
          "obj_track_id": 48,
          "bbox": [
            82.56111757857974,
            364.6100116414435,
            401.0710128055879,
            538.9522700814902
          ],
          "category": "car",
          "category ID": 3,
          "trunc": true
        }
      ]
    },
    {
      "frame_id": 75,
      "image_path": "frames/5vKPYV5w6pw_000518/images/000075.jpg",
      "accident_id": 4,
      "accident_name": "oncoming",
      "objects": [
        {
          "obj_track_id": 48,
          "bbox": [
            0,
            349.52270081490104,
            314.7380675203725,
            533.9231664726426
          ],
          "category": "car",
          "category ID": 3,
          "trunc": true
        }
      ]
    },
    {
      "frame_id": 76,
      "image_path": "frames/5vKPYV5w6pw_000518/images/000076.jpg",
      "accident_id": 4,
      "accident_name": "oncoming",
      "objects": [
        {
          "obj_track_id": 48,
          "bbox": [
            0,
            331.0826542491269,
            176.43771827706635,
            552.3632130384168
          ],
          "category": "car",
          "category ID": 3,
          "trunc": true
        }
      ]
    },
    {
      "frame_id": 77,
      "image_path": "frames/5vKPYV5w6pw_000518/images/000077.jpg",
      "accident_id": 0,
      "accident_name": "normal",
      "objects": []
    },
    {
      "frame_id": 78,
      "image_path": "frames/5vKPYV5w6pw_000518/images/000078.jpg",
      "accident_id": 0,
      "accident_name": "normal",
      "objects": []
    },
    {
      "frame_id": 79,
      "image_path": "frames/5vKPYV5w6pw_000518/images/000079.jpg",
      "accident_id": 0,
      "accident_name": "normal",
      "objects": []
    },
    {
      "frame_id": 80,
      "image_path": "frames/5vKPYV5w6pw_000518/images/000080.jpg",
      "accident_id": 0,
      "accident_name": "normal",
      "objects": []
    },
    {
      "frame_id": 81,
      "image_path": "frames/5vKPYV5w6pw_000518/images/000081.jpg",
      "accident_id": 0,
      "accident_name": "normal",
      "objects": []
    },
    {
      "frame_id": 82,
      "image_path": "frames/5vKPYV5w6pw_000518/images/000082.jpg",
      "accident_id": 0,
      "accident_name": "normal",
      "objects": []
    },
    {
      "frame_id": 83,
      "image_path": "frames/5vKPYV5w6pw_000518/images/000083.jpg",
      "accident_id": 0,
      "accident_name": "normal",
      "objects": []
    },
    {
      "frame_id": 84,
      "image_path": "frames/5vKPYV5w6pw_000518/images/000084.jpg",
      "accident_id": 0,
      "accident_name": "normal",
      "objects": []
    },
    {
      "frame_id": 85,
      "image_path": "frames/5vKPYV5w6pw_000518/images/000085.jpg",
      "accident_id": 0,
      "accident_name": "normal",
      "objects": []
    },
    {
      "frame_id": 86,
      "image_path": "frames/5vKPYV5w6pw_000518/images/000086.jpg",
      "accident_id": 0,
      "accident_name": "normal",
      "objects": []
    },
    {
      "frame_id": 87,
      "image_path": "frames/5vKPYV5w6pw_000518/images/000087.jpg",
      "accident_id": 0,
      "accident_name": "normal",
      "objects": []
    },
    {
      "frame_id": 88,
      "image_path": "frames/5vKPYV5w6pw_000518/images/000088.jpg",
      "accident_id": 0,
      "accident_name": "normal",
      "objects": []
    },
    {
      "frame_id": 89,
      "image_path": "frames/5vKPYV5w6pw_000518/images/000089.jpg",
      "accident_id": 0,
      "accident_name": "normal",
      "objects": []
    },
    {
      "frame_id": 90,
      "image_path": "frames/5vKPYV5w6pw_000518/images/000090.jpg",
      "accident_id": 0,
      "accident_name": "normal",
      "objects": []
    },
    {
      "frame_id": 91,
      "image_path": "frames/5vKPYV5w6pw_000518/images/000091.jpg",
      "accident_id": 0,
      "accident_name": "normal",
      "objects": []
    },
    {
      "frame_id": 92,
      "image_path": "frames/5vKPYV5w6pw_000518/images/000092.jpg",
      "accident_id": 0,
      "accident_name": "normal",
      "objects": []
    },
    {
      "frame_id": 93,
      "image_path": "frames/5vKPYV5w6pw_000518/images/000093.jpg",
      "accident_id": 0,
      "accident_name": "normal",
      "objects": []
    },
    {
      "frame_id": 94,
      "image_path": "frames/5vKPYV5w6pw_000518/images/000094.jpg",
      "accident_id": 0,
      "accident_name": "normal",
      "objects": []
    },
    {
      "frame_id": 95,
      "image_path": "frames/5vKPYV5w6pw_000518/images/000095.jpg",
      "accident_id": 0,
      "accident_name": "normal",
      "objects": []
    },
    {
      "frame_id": 96,
      "image_path": "frames/5vKPYV5w6pw_000518/images/000096.jpg",
      "accident_id": 0,
      "accident_name": "normal",
      "objects": []
    },
    {
      "frame_id": 97,
      "image_path": "frames/5vKPYV5w6pw_000518/images/000097.jpg",
      "accident_id": 0,
      "accident_name": "normal",
      "objects": []
    },
    {
      "frame_id": 98,
      "image_path": "frames/5vKPYV5w6pw_000518/images/000098.jpg",
      "accident_id": 0,
      "accident_name": "normal",
      "objects": []
    },
    {
      "frame_id": 99,
      "image_path": "frames/5vKPYV5w6pw_000518/images/000099.jpg",
      "accident_id": 0,
      "accident_name": "normal",
      "objects": []
    },
    {
      "frame_id": 100,
      "image_path": "frames/5vKPYV5w6pw_000518/images/000100.jpg",
      "accident_id": 0,
      "accident_name": "normal",
      "objects": []
    },
    {
      "frame_id": 101,
      "image_path": "frames/5vKPYV5w6pw_000518/images/000101.jpg",
      "accident_id": 0,
      "accident_name": "normal",
      "objects": []
    },
    {
      "frame_id": 102,
      "image_path": "frames/5vKPYV5w6pw_000518/images/000102.jpg",
      "accident_id": 0,
      "accident_name": "normal",
      "objects": []
    },
    {
      "frame_id": 103,
      "image_path": "frames/5vKPYV5w6pw_000518/images/000103.jpg",
      "accident_id": 0,
      "accident_name": "normal",
      "objects": []
    }
  ]
}