{
  "video_name": "5vKPYV5w6pw_003644",
  "channel": "CarCrashesTime",
  "num_frames": 122,
  "ignore": false,
  "ego_involve": false,
  "night": false,
  "anomaly_start": 35,
  "anomaly_end": 74,
  "video_start": 3644,
  "video_end": 3765,
  "accident_id": "2",
  "accident_name": "moving_ahead_or_waiting",
  "labels": [
    {
      "frame_id": 0,
      "image_path": "frames/5vKPYV5w6pw_003644/images/000000.jpg",
      "accident_id": 0,
      "accident_name": "normal",
      "objects": []
    },
    {
      "frame_id": 1,
      "image_path": "frames/5vKPYV5w6pw_003644/images/000001.jpg",
      "accident_id": 0,
      "accident_name": "normal",
      "objects": []
    },
    {
      "frame_id": 2,
      "image_path": "frames/5vKPYV5w6pw_003644/images/000002.jpg",
      "accident_id": 0,
      "accident_name": "normal",
      "objects": []
    },
    {
      "frame_id": 3,
      "image_path": "frames/5vKPYV5w6pw_003644/images/000003.jpg",
      "accident_id": 0,
      "accident_name": "normal",
      "objects": []
    },
    {
      "frame_id": 4,
      "image_path": "frames/5vKPYV5w6pw_003644/images/000004.jpg",
      "accident_id": 0,
      "accident_name": "normal",
      "objects": []
    },
    {
      "frame_id": 5,
      "image_path": "frames/5vKPYV5w6pw_003644/images/000005.jpg",
      "accident_id": 0,
      "accident_name": "normal",
      "objects": []
    },
    {
      "frame_id": 6,
      "image_path": "frames/5vKPYV5w6pw_003644/images/000006.jpg",
      "accident_id": 0,
      "accident_name": "normal",
      "objects": []
    },
    {
      "frame_id": 7,
      "image_path": "frames/5vKPYV5w6pw_003644/images/000007.jpg",
      "accident_id": 0,
      "accident_name": "normal",
      "objects": []
    },
    {
      "frame_id": 8,
      "image_path": "frames/5vKPYV5w6pw_003644/images/000008.jpg",
      "accident_id": 0,
      "accident_name": "normal",
      "objects": []
    },
    {
      "frame_id": 9,
      "image_path": "frames/5vKPYV5w6pw_003644/images/000009.jpg",
      "accident_id": 0,
      "accident_name": "normal",
      "objects": []
    },
    {
      "frame_id": 10,
      "image_path": "frames/5vKPYV5w6pw_003644/images/000010.jpg",
      "accident_id": 0,
      "accident_name": "normal",
      "objects": []
    },
    {
      "frame_id": 11,
      "image_path": "frames/5vKPYV5w6pw_003644/images/000011.jpg",
      "accident_id": 0,
      "accident_name": "normal",
      "objects": []
    },
    {
      "frame_id": 12,
      "image_path": "frames/5vKPYV5w6pw_003644/images/000012.jpg",
      "accident_id": 0,
      "accident_name": "normal",
      "objects": []
    },
    {
      "frame_id": 13,
      "image_path": "frames/5vKPYV5w6pw_003644/images/000013.jpg",
      "accident_id": 0,
      "accident_name": "normal",
      "objects": []
    },
    {
      "frame_id": 14,
      "image_path": "frames/5vKPYV5w6pw_003644/images/000014.jpg",
      "accident_id": 0,
      "accident_name": "normal",
      "objects": []
    },
    {
      "frame_id": 15,
      "image_path": "frames/5vKPYV5w6pw_003644/images/000015.jpg",
      "accident_id": 0,
      "accident_name": "normal",
      "objects": []
    },
    {
      "frame_id": 16,
      "image_path": "frames/5vKPYV5w6pw_003644/images/000016.jpg",
      "accident_id": 0,
      "accident_name": "normal",
      "objects": []
    },
    {
      "frame_id": 17,
      "image_path": "frames/5vKPYV5w6pw_003644/images/000017.jpg",
      "accident_id": 0,
      "accident_name": "normal",
      "objects": []
    },
    {
      "frame_id": 18,
      "image_path": "frames/5vKPYV5w6pw_003644/images/000018.jpg",
      "accident_id": 0,
      "accident_name": "normal",
      "objects": []
    },
    {
      "frame_id": 19,
      "image_path": "frames/5vKPYV5w6pw_003644/images/000019.jpg",
      "accident_id": 0,
      "accident_name": "normal",
      "objects": []
    },
    {
      "frame_id": 20,
      "image_path": "frames/5vKPYV5w6pw_003644/images/000020.jpg",
      "accident_id": 0,
      "accident_name": "normal",
      "objects": []
    },
    {
      "frame_id": 21,
      "image_path": "frames/5vKPYV5w6pw_003644/images/000021.jpg",
      "accident_id": 0,
      "accident_name": "normal",
      "objects": []
    },
    {
      "frame_id": 22,
      "image_path": "frames/5vKPYV5w6pw_003644/images/000022.jpg",
      "accident_id": 0,
      "accident_name": "normal",
      "objects": []
    },
    {
      "frame_id": 23,
      "image_path": "frames/5vKPYV5w6pw_003644/images/000023.jpg",
      "accident_id": 0,
      "accident_name": "normal",
      "objects": []
    },
    {
      "frame_id": 24,
      "image_path": "frames/5vKPYV5w6pw_003644/images/000024.jpg",
      "accident_id": 0,
      "accident_name": "normal",
      "objects": []
    },
    {
      "frame_id": 25,
      "image_path": "frames/5vKPYV5w6pw_003644/images/000025.jpg",
      "accident_id": 0,
      "accident_name": "normal",
      "objects": []
    },
    {
      "frame_id": 26,
      "image_path": "frames/5vKPYV5w6pw_003644/images/000026.jpg",
      "accident_id": 0,
      "accident_name": "normal",
      "objects": []
    },
    {
      "frame_id": 27,
      "image_path": "frames/5vKPYV5w6pw_003644/images/000027.jpg",
      "accident_id": 0,
      "accident_name": "normal",
      "objects": []
    },
    {
      "frame_id": 28,
      "image_path": "frames/5vKPYV5w6pw_003644/images/000028.jpg",
      "accident_id": 0,
      "accident_name": "normal",
      "objects": []
    },
    {
      "frame_id": 29,
      "image_path": "frames/5vKPYV5w6pw_003644/images/000029.jpg",
      "accident_id": 0,
      "accident_name": "normal",
      "objects": []
    },
    {
      "frame_id": 30,
      "image_path": "frames/5vKPYV5w6pw_003644/images/000030.jpg",
      "accident_id": 0,
      "accident_name": "normal",
      "objects": []
    },
    {
      "frame_id": 31,
      "image_path": "frames/5vKPYV5w6pw_003644/images/000031.jpg",
      "accident_id": 0,
      "accident_name": "normal",
      "objects": []
    },
    {
      "frame_id": 32,
      "image_path": "frames/5vKPYV5w6pw_003644/images/000032.jpg",
      "accident_id": 0,
      "accident_name": "normal",
      "objects": []
    },
    {
      "frame_id": 33,
      "image_path": "frames/5vKPYV5w6pw_003644/images/000033.jpg",
      "accident_id": 0,
      "accident_name": "normal",
      "objects": []
    },
    {
      "frame_id": 34,
      "image_path": "frames/5vKPYV5w6pw_003644/images/000034.jpg",
      "accident_id": 0,
      "accident_name": "normal",
      "objects": []
    },
    {
      "frame_id": 35,
      "image_path": "frames/5vKPYV5w6pw_003644/images/000035.jpg",
      "accident_id": 2,
      "accident_name": "moving_ahead_or_waiting",
      "objects": [
        {
          "obj_track_id": 326,
          "bbox": [
            297.9047619047619,
            313.9047619047619,
            438.0952380952381,
            399.23809523809524
          ],
          "category": "car",
          "category ID": 3,
          "trunc": false
        },
        {
          "obj_track_id": 264,
          "bbox": [
            499.04761904761904,
            315.42857142857144,
            586.6666666666666,
            363.42857142857144
          ],
          "category": "car",
          "category ID": 3,
          "trunc": false
        }
      ]
    },
    {
      "frame_id": 36,
      "image_path": "frames/5vKPYV5w6pw_003644/images/000036.jpg",
      "accident_id": 2,
      "accident_name": "moving_ahead_or_waiting",
      "objects": [
        {
          "obj_track_id": 326,
          "bbox": [
            293.3333333333333,
            313.9047619047619,
            434.2857142857143,
            401.5238095238095
          ],
          "category": "car",
          "category ID": 3,
          "trunc": false
        },
        {
          "obj_track_id": 264,
          "bbox": [
            476.1904761904762,
            315.42857142857144,
            570.6666666666666,
            367.23809523809524
          ],
          "category": "car",
          "category ID": 3,
          "trunc": false
        }
      ]
    },
    {
      "frame_id": 37,
      "image_path": "frames/5vKPYV5w6pw_003644/images/000037.jpg",
      "accident_id": 2,
      "accident_name": "moving_ahead_or_waiting",
      "objects": [
        {
          "obj_track_id": 326,
          "bbox": [
            284.1904761904762,
            313.9047619047619,
            432.0,
            401.5238095238095
          ],
          "category": "car",
          "category ID": 3,
          "trunc": false
        },
        {
          "obj_track_id": 264,
          "bbox": [
            448.76190476190476,
            313.9047619047619,
            553.1428571428571,
            369.5238095238095
          ],
          "category": "car",
          "category ID": 3,
          "trunc": false
        }
      ]
    },
    {
      "frame_id": 38,
      "image_path": "frames/5vKPYV5w6pw_003644/images/000038.jpg",
      "accident_id": 2,
      "accident_name": "moving_ahead_or_waiting",
      "objects": [
        {
          "obj_track_id": 326,
          "bbox": [
            280.3809523809524,
            314.6666666666667,
            432.0,
            403.04761904761904
          ],
          "category": "car",
          "category ID": 3,
          "trunc": false
        },
        {
          "obj_track_id": 264,
          "bbox": [
            428.1904761904762,
            314.6666666666667,
            531.8095238095239,
            371.04761904761904
          ],
          "category": "car",
          "category ID": 3,
          "trunc": false
        }
      ]
    },
    {
      "frame_id": 39,
      "image_path": "frames/5vKPYV5w6pw_003644/images/000039.jpg",
      "accident_id": 2,
      "accident_name": "moving_ahead_or_waiting",
      "objects": [
        {
          "obj_track_id": 326,
          "bbox": [
            274.2857142857143,
            313.9047619047619,
            425.9047619047619,
            403.04761904761904
          ],
          "category": "car",
          "category ID": 3,
          "trunc": false
        },
        {
          "obj_track_id": 264,
          "bbox": [
            407.7764842840512,
            314.6666666666667,
            510.4761904761905,
            374.85714285714283
          ],
          "category": "car",
          "category ID": 3,
          "trunc": false
        }
      ]
    },
    {
      "frame_id": 40,
      "image_path": "frames/5vKPYV5w6pw_003644/images/000040.jpg",
      "accident_id": 2,
      "accident_name": "moving_ahead_or_waiting",
      "objects": [
        {
          "obj_track_id": 326,
          "bbox": [
            269.7142857142857,
            313.9047619047619,
            423.6190476190476,
            404.57142857142856
          ],
          "category": "car",
          "category ID": 3,
          "trunc": false
        },
        {
          "obj_track_id": 264,
          "bbox": [
            379.2782305005821,
            314.6666666666667,
            484.57142857142856,
            378.6666666666667
          ],
          "category": "car",
          "category ID": 3,
          "trunc": false
        }
      ]
    },
    {
      "frame_id": 41,
      "image_path": "frames/5vKPYV5w6pw_003644/images/000041.jpg",
      "accident_id": 2,
      "accident_name": "moving_ahead_or_waiting",
      "objects": [
        {
          "obj_track_id": 326,
          "bbox": [
            265.14285714285717,
            313.9047619047619,
            419.04761904761904,
            403.8095238095238
          ],
          "category": "car",
          "category ID": 3,
          "trunc": false
        },
        {
          "obj_track_id": 264,
          "bbox": [
            363.35273573923166,
            315.42857142857144,
            457.14285714285717,
            376.3809523809524
          ],
          "category": "car",
          "category ID": 3,
          "trunc": false
        }
      ]
    },
    {
      "frame_id": 42,
      "image_path": "frames/5vKPYV5w6pw_003644/images/000042.jpg",
      "accident_id": 2,
      "accident_name": "moving_ahead_or_waiting",
      "objects": [
        {
          "obj_track_id": 326,
          "bbox": [
            260.57142857142856,
            315.42857142857144,
            413.7142857142857,
            406.85714285714283
          ],
          "category": "car",
          "category ID": 3,
          "trunc": false
        },
        {
          "obj_track_id": 264,
          "bbox": [
            343.2363213038417,
            316.95238095238096,
            428.95238095238096,
            374.0952380952381
          ],
          "category": "car",
          "category ID": 3,
          "trunc": false
        }
      ]
    },
    {
      "frame_id": 43,
      "image_path": "frames/5vKPYV5w6pw_003644/images/000043.jpg",
      "accident_id": 2,
      "accident_name": "moving_ahead_or_waiting",
      "objects": [
        {
          "obj_track_id": 326,
          "bbox": [
            256.76190476190476,
            315.42857142857144,
            411.42857142857144,
            406.85714285714283
          ],
          "category": "car",
          "category ID": 3,
          "trunc": false
        }
      ]
    },
    {
      "frame_id": 44,
      "image_path": "frames/5vKPYV5w6pw_003644/images/000044.jpg",
      "accident_id": 2,
      "accident_name": "moving_ahead_or_waiting",
      "objects": [
        {
          "obj_track_id": 326,
          "bbox": [
            250.9206349206349,
            315.42857142857144,
            409.9047619047619,
            408.38095238095235
          ],
          "category": "car",
          "category ID": 3,
          "trunc": false
        },
        {
          "obj_track_id": 264,
          "bbox": [
            226.28571428571428,
            323.8095238095238,
            336.53084982537837,
            401.5238095238095
          ],
          "category": "car",
          "category ID": 3,
          "trunc": false
        }
      ]
    },
    {
      "frame_id": 45,
      "image_path": "frames/5vKPYV5w6pw_003644/images/000045.jpg",
      "accident_id": 2,
      "accident_name": "moving_ahead_or_waiting",
      "objects": [
        {
          "obj_track_id": 326,
          "bbox": [
            245.0793650793651,
            315.42857142857144,
            408.3809523809524,
            409.9047619047619
          ],
          "category": "car",
          "category ID": 3,
          "trunc": false
        },
        {
          "obj_track_id": 264,
          "bbox": [
            198.0952380952381,
            314.6666666666667,
            318.0908032596042,
            405.3333333333333
          ],
          "category": "car",
          "category ID": 3,
          "trunc": false
        }
      ]
    },
    {
      "frame_id": 46,
      "image_path": "frames/5vKPYV5w6pw_003644/images/000046.jpg",
      "accident_id": 2,
      "accident_name": "moving_ahead_or_waiting",
      "objects": [
        {
          "obj_track_id": 326,
          "bbox": [
            239.23809523809524,
            315.42857142857144,
            406.85714285714283,
            411.42857142857144
          ],
          "category": "car",
          "category ID": 3,
          "trunc": false
        },
        {
          "obj_track_id": 264,
          "bbox": [
            168.38095238095238,
            306.2857142857143,
            283.7252619324796,
            407.6190476190476
          ],
          "category": "car",
          "category ID": 3,
          "trunc": false
        }
      ]
    },
    {
      "frame_id": 47,
      "image_path": "frames/5vKPYV5w6pw_003644/images/000047.jpg",
      "accident_id": 2,
      "accident_name": "moving_ahead_or_waiting",
      "objects": [
        {
          "obj_track_id": 326,
          "bbox": [
            229.33333333333331,
            314.28571428571433,
            396.57142857142856,
            414.4761904761905
          ],
          "category": "car",
          "category ID": 3,
          "trunc": false
        },
        {
          "obj_track_id": 264,
          "bbox": [
            140.1904761904762,
            300.95238095238096,
            244.57142857142858,
            411.42857142857144
          ],
          "category": "car",
          "category ID": 3,
          "trunc": false
        }
      ]
    },
    {
      "frame_id": 48,
      "image_path": "frames/5vKPYV5w6pw_003644/images/000048.jpg",
      "accident_id": 2,
      "accident_name": "moving_ahead_or_waiting",
      "objects": [
        {
          "obj_track_id": 326,
          "bbox": [
            219.42857142857142,
            313.14285714285717,
            386.2857142857143,
            417.5238095238095
          ],
          "category": "car",
          "category ID": 3,
          "trunc": false
        },
        {
          "obj_track_id": 264,
          "bbox": [
            97.52380952380953,
            297.14285714285717,
            235.4285714285714,
            419.04761904761904
          ],
          "category": "car",
          "category ID": 3,
          "trunc": false
        }
      ]
    },
    {
      "frame_id": 49,
      "image_path": "frames/5vKPYV5w6pw_003644/images/000049.jpg",
      "accident_id": 2,
      "accident_name": "moving_ahead_or_waiting",
      "objects": [
        {
          "obj_track_id": 326,
          "bbox": [
            204.95238095238096,
            314.6666666666667,
            377.14285714285717,
            422.85714285714283
          ],
          "category": "car",
          "category ID": 3,
          "trunc": false
        },
        {
          "obj_track_id": 264,
          "bbox": [
            74.66666666666667,
            284.95238095238096,
            211.04761904761904,
            420.57142857142856
          ],
          "category": "car",
          "category ID": 3,
          "trunc": false
        }
      ]
    },
    {
      "frame_id": 50,
      "image_path": "frames/5vKPYV5w6pw_003644/images/000050.jpg",
      "accident_id": 2,
      "accident_name": "moving_ahead_or_waiting",
      "objects": [
        {
          "obj_track_id": 326,
          "bbox": [
            184.38095238095238,
            316.1904761904762,
            370.2857142857143,
            427.42857142857144
          ],
          "category": "car",
          "category ID": 3,
          "trunc": false
        },
        {
          "obj_track_id": 264,
          "bbox": [
            51.04761904761905,
            278.85714285714283,
            174.47619047619048,
            417.5238095238095
          ],
          "category": "car",
          "category ID": 3,
          "trunc": false
        }
      ]
    },
    {
      "frame_id": 51,
      "image_path": "frames/5vKPYV5w6pw_003644/images/000051.jpg",
      "accident_id": 2,
      "accident_name": "moving_ahead_or_waiting",
      "objects": [
        {
          "obj_track_id": 326,
          "bbox": [
            192,
            316.1904761904762,
            364.95238095238096,
            425.14285714285717
          ],
          "category": "car",
          "category ID": 3,
          "trunc": false
        },
        {
          "obj_track_id": 264,
          "bbox": [
            33.9464493597206,
            279.6190476190476,
            166.85714285714283,
            378.8591385331781
          ],
          "category": "car",
          "category ID": 3,
          "trunc": false
        }
      ]
    },
    {
      "frame_id": 52,
      "image_path": "frames/5vKPYV5w6pw_003644/images/000052.jpg",
      "accident_id": 2,
      "accident_name": "moving_ahead_or_waiting",
      "objects": [
        {
          "obj_track_id": 326,
          "bbox": [
            200.38095238095238,
            316.1904761904762,
            355.8095238095238,
            412.95238095238096
          ],
          "category": "car",
          "category ID": 3,
          "trunc": false
        }
      ]
    },
    {
      "frame_id": 53,
      "image_path": "frames/5vKPYV5w6pw_003644/images/000053.jpg",
      "accident_id": 2,
      "accident_name": "moving_ahead_or_waiting",
      "objects": []
    },
    {
      "frame_id": 54,
      "image_path": "frames/5vKPYV5w6pw_003644/images/000054.jpg",
      "accident_id": 2,
      "accident_name": "moving_ahead_or_waiting",
      "objects": []
    },
    {
      "frame_id": 55,
      "image_path": "frames/5vKPYV5w6pw_003644/images/000055.jpg",
      "accident_id": 2,
      "accident_name": "moving_ahead_or_waiting",
      "objects": []
    },
    {
      "frame_id": 56,
      "image_path": "frames/5vKPYV5w6pw_003644/images/000056.jpg",
      "accident_id": 2,
      "accident_name": "moving_ahead_or_waiting",
      "objects": []
    },
    {
      "frame_id": 57,
      "image_path": "frames/5vKPYV5w6pw_003644/images/000057.jpg",
      "accident_id": 2,
      "accident_name": "moving_ahead_or_waiting",
      "objects": []
    },
    {
      "frame_id": 58,
      "image_path": "frames/5vKPYV5w6pw_003644/images/000058.jpg",
      "accident_id": 2,
      "accident_name": "moving_ahead_or_waiting",
      "objects": []
    },
    {
      "frame_id": 59,
      "image_path": "frames/5vKPYV5w6pw_003644/images/000059.jpg",
      "accident_id": 2,
      "accident_name": "moving_ahead_or_waiting",
      "objects": []
    },
    {
      "frame_id": 60,
      "image_path": "frames/5vKPYV5w6pw_003644/images/000060.jpg",
      "accident_id": 2,
      "accident_name": "moving_ahead_or_waiting",
      "objects": []
    },
    {
      "frame_id": 61,
      "image_path": "frames/5vKPYV5w6pw_003644/images/000061.jpg",
      "accident_id": 2,
      "accident_name": "moving_ahead_or_waiting",
      "objects": []
    },
    {
      "frame_id": 62,
      "image_path": "frames/5vKPYV5w6pw_003644/images/000062.jpg",
      "accident_id": 2,
      "accident_name": "moving_ahead_or_waiting",
      "objects": [
        {
          "obj_track_id": 326,
          "bbox": [
            0,
            316.8335273573923,
            191.1059371362049,
            473.57392316647264
          ],
          "category": "car",
          "category ID": 3,
          "trunc": true
        }
      ]
    },
    {
      "frame_id": 63,
      "image_path": "frames/5vKPYV5w6pw_003644/images/000063.jpg",
      "accident_id": 2,
      "accident_name": "moving_ahead_or_waiting",
      "objects": [
        {
          "obj_track_id": 326,
          "bbox": [
            0,
            315.9953434225844,
            196.9732246798603,
            476.92665890570436
          ],
          "category": "car",
          "category ID": 3,
          "trunc": true
        }
      ]
    },
    {
      "frame_id": 64,
      "image_path": "frames/5vKPYV5w6pw_003644/images/000064.jpg",
      "accident_id": 2,
      "accident_name": "moving_ahead_or_waiting",
      "objects": [
        {
          "obj_track_id": 326,
          "bbox": [
            0,
            315.9953434225844,
            196.9732246798603,
            482.79394644935974
          ],
          "category": "car",
          "category ID": 3,
          "trunc": true
        }
      ]
    },
    {
      "frame_id": 65,
      "image_path": "frames/5vKPYV5w6pw_003644/images/000065.jpg",
      "accident_id": 2,
      "accident_name": "moving_ahead_or_waiting",
      "objects": [
        {
          "obj_track_id": 326,
          "bbox": [
            0,
            315.9953434225844,
            175.59953434225844,
            482.79394644935974
          ],
          "category": "car",
          "category ID": 3,
          "trunc": true
        }
      ]
    },
    {
      "frame_id": 66,
      "image_path": "frames/5vKPYV5w6pw_003644/images/000066.jpg",
      "accident_id": 2,
      "accident_name": "moving_ahead_or_waiting",
      "objects": [
        {
          "obj_track_id": 326,
          "bbox": [
            0,
            317.67171129220026,
            161.35040745052387,
            460.162980209546
          ],
          "category": "car",
          "category ID": 3,
          "trunc": true
        }
      ]
    },
    {
      "frame_id": 67,
      "image_path": "frames/5vKPYV5w6pw_003644/images/000067.jpg",
      "accident_id": 2,
      "accident_name": "moving_ahead_or_waiting",
      "objects": [
        {
          "obj_track_id": 326,
          "bbox": [
            0,
            321.0244470314319,
            148.77764842840512,
            462.67753201396977
          ],
          "category": "car",
          "category ID": 3,
          "trunc": true
        }
      ]
    },
    {
      "frame_id": 68,
      "image_path": "frames/5vKPYV5w6pw_003644/images/000068.jpg",
      "accident_id": 2,
      "accident_name": "moving_ahead_or_waiting",
      "objects": [
        {
          "obj_track_id": 326,
          "bbox": [
            0,
            321.8626309662398,
            132.0139697322468,
            466.8684516880093
          ],
          "category": "car",
          "category ID": 3,
          "trunc": true
        }
      ]
    },
    {
      "frame_id": 69,
      "image_path": "frames/5vKPYV5w6pw_003644/images/000069.jpg",
      "accident_id": 2,
      "accident_name": "moving_ahead_or_waiting",
      "objects": [
        {
          "obj_track_id": 326,
          "bbox": [
            0,
            323.53899883585564,
            116.0884749708964,
            470.221187427241
          ],
          "category": "car",
          "category ID": 3,
          "trunc": true
        }
      ]
    },
    {
      "frame_id": 70,
      "image_path": "frames/5vKPYV5w6pw_003644/images/000070.jpg",
      "accident_id": 2,
      "accident_name": "moving_ahead_or_waiting",
      "objects": [
        {
          "obj_track_id": 326,
          "bbox": [
            0,
            325.21536670547147,
            99.32479627473806,
            474.4121071012806
          ],
          "category": "car",
          "category ID": 3,
          "trunc": true
        }
      ]
    },
    {
      "frame_id": 71,
      "image_path": "frames/5vKPYV5w6pw_003644/images/000071.jpg",
      "accident_id": 2,
      "accident_name": "moving_ahead_or_waiting",
      "objects": [
        {
          "obj_track_id": 326,
          "bbox": [
            0,
            325.21536670547147,
            82.56111757857974,
            474.4121071012806
          ],
          "category": "car",
          "category ID": 3,
          "trunc": true
        }
      ]
    },
    {
      "frame_id": 72,
      "image_path": "frames/5vKPYV5w6pw_003644/images/000072.jpg",
      "accident_id": 2,
      "accident_name": "moving_ahead_or_waiting",
      "objects": [
        {
          "obj_track_id": 326,
          "bbox": [
            0,
            339.46449359720606,
            70.82654249126892,
            479.4412107101281
          ],
          "category": "car",
          "category ID": 3,
          "trunc": true
        }
      ]
    },
    {
      "frame_id": 73,
      "image_path": "frames/5vKPYV5w6pw_003644/images/000073.jpg",
      "accident_id": 2,
      "accident_name": "moving_ahead_or_waiting",
      "objects": [
        {
          "obj_track_id": 326,
          "bbox": [
            0,
            353.71362048894065,
            53.22467986030268,
            479.4412107101281
          ],
          "category": "car",
          "category ID": 3,
          "trunc": true
        }
      ]
    },
    {
      "frame_id": 74,
      "image_path": "frames/5vKPYV5w6pw_003644/images/000074.jpg",
      "accident_id": 0,
      "accident_name": "normal",
      "objects": []
    },
    {
      "frame_id": 75,
      "image_path": "frames/5vKPYV5w6pw_003644/images/000075.jpg",
      "accident_id": 0,
      "accident_name": "normal",
      "objects": []
    },
    {
      "frame_id": 76,
      "image_path": "frames/5vKPYV5w6pw_003644/images/000076.jpg",
      "accident_id": 0,
      "accident_name": "normal",
      "objects": []
    },
    {
      "frame_id": 77,
      "image_path": "frames/5vKPYV5w6pw_003644/images/000077.jpg",
      "accident_id": 0,
      "accident_name": "normal",
      "objects": []
    },
    {
      "frame_id": 78,
      "image_path": "frames/5vKPYV5w6pw_003644/images/000078.jpg",
      "accident_id": 0,
      "accident_name": "normal",
      "objects": []
    },
    {
      "frame_id": 79,
      "image_path": "frames/5vKPYV5w6pw_003644/images/000079.jpg",
      "accident_id": 0,
      "accident_name": "normal",
      "objects": []
    },
    {
      "frame_id": 80,
      "image_path": "frames/5vKPYV5w6pw_003644/images/000080.jpg",
      "accident_id": 0,
      "accident_name": "normal",
      "objects": []
    },
    {
      "frame_id": 81,
      "image_path": "frames/5vKPYV5w6pw_003644/images/000081.jpg",
      "accident_id": 0,
      "accident_name": "normal",
      "objects": []
    },
    {
      "frame_id": 82,
      "image_path": "frames/5vKPYV5w6pw_003644/images/000082.jpg",
      "accident_id": 0,
      "accident_name": "normal",
      "objects": []
    },
    {
      "frame_id": 83,
      "image_path": "frames/5vKPYV5w6pw_003644/images/000083.jpg",
      "accident_id": 0,
      "accident_name": "normal",
      "objects": []
    },
    {
      "frame_id": 84,
      "image_path": "frames/5vKPYV5w6pw_003644/images/000084.jpg",
      "accident_id": 0,
      "accident_name": "normal",
      "objects": []
    },
    {
      "frame_id": 85,
      "image_path": "frames/5vKPYV5w6pw_003644/images/000085.jpg",
      "accident_id": 0,
      "accident_name": "normal",
      "objects": []
    },
    {
      "frame_id": 86,
      "image_path": "frames/5vKPYV5w6pw_003644/images/000086.jpg",
      "accident_id": 0,
      "accident_name": "normal",
      "objects": []
    },
    {
      "frame_id": 87,
      "image_path": "frames/5vKPYV5w6pw_003644/images/000087.jpg",
      "accident_id": 0,
      "accident_name": "normal",
      "objects": []
    },
    {
      "frame_id": 88,
      "image_path": "frames/5vKPYV5w6pw_003644/images/000088.jpg",
      "accident_id": 0,
      "accident_name": "normal",
      "objects": []
    },
    {
      "frame_id": 89,
      "image_path": "frames/5vKPYV5w6pw_003644/images/000089.jpg",
      "accident_id": 0,
      "accident_name": "normal",
      "objects": []
    },
    {
      "frame_id": 90,
      "image_path": "frames/5vKPYV5w6pw_003644/images/000090.jpg",
      "accident_id": 0,
      "accident_name": "normal",
      "objects": []
    },
    {
      "frame_id": 91,
      "image_path": "frames/5vKPYV5w6pw_003644/images/000091.jpg",
      "accident_id": 0,
      "accident_name": "normal",
      "objects": []
    },
    {
      "frame_id": 92,
      "image_path": "frames/5vKPYV5w6pw_003644/images/000092.jpg",
      "accident_id": 0,
      "accident_name": "normal",
      "objects": []
    },
    {
      "frame_id": 93,
      "image_path": "frames/5vKPYV5w6pw_003644/images/000093.jpg",
      "accident_id": 0,
      "accident_name": "normal",
      "objects": []
    },
    {
      "frame_id": 94,
      "image_path": "frames/5vKPYV5w6pw_003644/images/000094.jpg",
      "accident_id": 0,
      "accident_name": "normal",
      "objects": []
    },
    {
      "frame_id": 95,
      "image_path": "frames/5vKPYV5w6pw_003644/images/000095.jpg",
      "accident_id": 0,
      "accident_name": "normal",
      "objects": []
    },
    {
      "frame_id": 96,
      "image_path": "frames/5vKPYV5w6pw_003644/images/000096.jpg",
      "accident_id": 0,
      "accident_name": "normal",
      "objects": []
    },
    {
      "frame_id": 97,
      "image_path": "frames/5vKPYV5w6pw_003644/images/000097.jpg",
      "accident_id": 0,
      "accident_name": "normal",
      "objects": []
    },
    {
      "frame_id": 98,
      "image_path": "frames/5vKPYV5w6pw_003644/images/000098.jpg",
      "accident_id": 0,
      "accident_name": "normal",
      "objects": []
    },
    {
      "frame_id": 99,
      "image_path": "frames/5vKPYV5w6pw_003644/images/000099.jpg",
      "accident_id": 0,
      "accident_name": "normal",
      "objects": []
    },
    {
      "frame_id": 100,
      "image_path": "frames/5vKPYV5w6pw_003644/images/000100.jpg",
      "accident_id": 0,
      "accident_name": "normal",
      "objects": []
    },
    {
      "frame_id": 101,
      "image_path": "frames/5vKPYV5w6pw_003644/images/000101.jpg",
      "accident_id": 0,
      "accident_name": "normal",
      "objects": []
    },
    {
      "frame_id": 102,
      "image_path": "frames/5vKPYV5w6pw_003644/images/000102.jpg",
      "accident_id": 0,
      "accident_name": "normal",
      "objects": []
    },
    {
      "frame_id": 103,
      "image_path": "frames/5vKPYV5w6pw_003644/images/000103.jpg",
      "accident_id": 0,
      "accident_name": "normal",
      "objects": []
    },
    {
      "frame_id": 104,
      "image_path": "frames/5vKPYV5w6pw_003644/images/000104.jpg",
      "accident_id": 0,
      "accident_name": "normal",
      "objects": []
    },
    {
      "frame_id": 105,
      "image_path": "frames/5vKPYV5w6pw_003644/images/000105.jpg",
      "accident_id": 0,
      "accident_name": "normal",
      "objects": []
    },
    {
      "frame_id": 106,
      "image_path": "frames/5vKPYV5w6pw_003644/images/000106.jpg",
      "accident_id": 0,
      "accident_name": "normal",
      "objects": []
    },
    {
      "frame_id": 107,
      "image_path": "frames/5vKPYV5w6pw_003644/images/000107.jpg",
      "accident_id": 0,
      "accident_name": "normal",
      "objects": []
    },
    {
      "frame_id": 108,
      "image_path": "frames/5vKPYV5w6pw_003644/images/000108.jpg",
      "accident_id": 0,
      "accident_name": "normal",
      "objects": []
    },
    {
      "frame_id": 109,
      "image_path": "frames/5vKPYV5w6pw_003644/images/000109.jpg",
      "accident_id": 0,
      "accident_name": "normal",
      "objects": []
    },
    {
      "frame_id": 110,
      "image_path": "frames/5vKPYV5w6pw_003644/images/000110.jpg",
      "accident_id": 0,
      "accident_name": "normal",
      "objects": []
    },
    {
      "frame_id": 111,
      "image_path": "frames/5vKPYV5w6pw_003644/images/000111.jpg",
      "accident_id": 0,
      "accident_name": "normal",
      "objects": []
    },
    {
      "frame_id": 112,
      "image_path": "frames/5vKPYV5w6pw_003644/images/000112.jpg",
      "accident_id": 0,
      "accident_name": "normal",
      "objects": []
    },
    {
      "frame_id": 113,
      "image_path": "frames/5vKPYV5w6pw_003644/images/000113.jpg",
      "accident_id": 0,
      "accident_name": "normal",
      "objects": []
    },
    {
      "frame_id": 114,
      "image_path": "frames/5vKPYV5w6pw_003644/images/000114.jpg",
      "accident_id": 0,
      "accident_name": "normal",
      "objects": []
    },
    {
      "frame_id": 115,
      "image_path": "frames/5vKPYV5w6pw_003644/images/000115.jpg",
      "accident_id": 0,
      "accident_name": "normal",
      "objects": []
    },
    {
      "frame_id": 116,
      "image_path": "frames/5vKPYV5w6pw_003644/images/000116.jpg",
      "accident_id": 0,
      "accident_name": "normal",
      "objects": []
    },
    {
      "frame_id": 117,
      "image_path": "frames/5vKPYV5w6pw_003644/images/000117.jpg",
      "accident_id": 0,
      "accident_name": "normal",
      "objects": []
    },
    {
      "frame_id": 118,
      "image_path": "frames/5vKPYV5w6pw_003644/images/000118.jpg",
      "accident_id": 0,
      "accident_name": "normal",
      "objects": []
    },
    {
      "frame_id": 119,
      "image_path": "frames/5vKPYV5w6pw_003644/images/000119.jpg",
      "accident_id": 0,
      "accident_name": "normal",
      "objects": []
    },
    {
      "frame_id": 120,
      "image_path": "frames/5vKPYV5w6pw_003644/images/000120.jpg",
      "accident_id": 0,
      "accident_name": "normal",
      "objects": []
    },
    {
      "frame_id": 121,
      "image_path": "frames/5vKPYV5w6pw_003644/images/000121.jpg",
      "accident_id": 0,
      "accident_name": "normal",
      "objects": []
    }
  ]
}