{
  "video_name": "88LcRU7uEFE_004664",
  "channel": "CarCrashesTime",
  "num_frames": 227,
  "ignore": true,
  "ego_involve": false,
  "night": true,
  "anomaly_start": 15,
  "anomaly_end": 52,
  "video_start": 4664,
  "video_end": 4890,
  "accident_id": "5",
  "accident_name": "turning",
  "labels": [
    {
      "frame_id": 0,
      "image_path": "frames/88LcRU7uEFE_004664/images/000000.jpg",
      "accident_id": 0,
      "accident_name": "normal",
      "objects": []
    },
    {
      "frame_id": 1,
      "image_path": "frames/88LcRU7uEFE_004664/images/000001.jpg",
      "accident_id": 0,
      "accident_name": "normal",
      "objects": []
    },
    {
      "frame_id": 2,
      "image_path": "frames/88LcRU7uEFE_004664/images/000002.jpg",
      "accident_id": 0,
      "accident_name": "normal",
      "objects": []
    },
    {
      "frame_id": 3,
      "image_path": "frames/88LcRU7uEFE_004664/images/000003.jpg",
      "accident_id": 0,
      "accident_name": "normal",
      "objects": []
    },
    {
      "frame_id": 4,
      "image_path": "frames/88LcRU7uEFE_004664/images/000004.jpg",
      "accident_id": 0,
      "accident_name": "normal",
      "objects": []
    },
    {
      "frame_id": 5,
      "image_path": "frames/88LcRU7uEFE_004664/images/000005.jpg",
      "accident_id": 0,
      "accident_name": "normal",
      "objects": []
    },
    {
      "frame_id": 6,
      "image_path": "frames/88LcRU7uEFE_004664/images/000006.jpg",
      "accident_id": 0,
      "accident_name": "normal",
      "objects": []
    },
    {
      "frame_id": 7,
      "image_path": "frames/88LcRU7uEFE_004664/images/000007.jpg",
      "accident_id": 0,
      "accident_name": "normal",
      "objects": []
    },
    {
      "frame_id": 8,
      "image_path": "frames/88LcRU7uEFE_004664/images/000008.jpg",
      "accident_id": 0,
      "accident_name": "normal",
      "objects": []
    },
    {
      "frame_id": 9,
      "image_path": "frames/88LcRU7uEFE_004664/images/000009.jpg",
      "accident_id": 0,
      "accident_name": "normal",
      "objects": []
    },
    {
      "frame_id": 10,
      "image_path": "frames/88LcRU7uEFE_004664/images/000010.jpg",
      "accident_id": 0,
      "accident_name": "normal",
      "objects": []
    },
    {
      "frame_id": 11,
      "image_path": "frames/88LcRU7uEFE_004664/images/000011.jpg",
      "accident_id": 0,
      "accident_name": "normal",
      "objects": []
    },
    {
      "frame_id": 12,
      "image_path": "frames/88LcRU7uEFE_004664/images/000012.jpg",
      "accident_id": 0,
      "accident_name": "normal",
      "objects": []
    },
    {
      "frame_id": 13,
      "image_path": "frames/88LcRU7uEFE_004664/images/000013.jpg",
      "accident_id": 0,
      "accident_name": "normal",
      "objects": []
    },
    {
      "frame_id": 14,
      "image_path": "frames/88LcRU7uEFE_004664/images/000014.jpg",
      "accident_id": 0,
      "accident_name": "normal",
      "objects": []
    },
    {
      "frame_id": 15,
      "image_path": "frames/88LcRU7uEFE_004664/images/000015.jpg",
      "accident_id": 5,
      "accident_name": "turning",
      "objects": [
        {
          "obj_track_id": 0,
          "bbox": [
            213.2446388261851,
            433.31800225733633,
            266.5538939051919,
            478.8259029345372
          ],
          "category": "person",
          "category ID": 1,
          "trunc": false
        },
        {
          "obj_track_id": 426,
          "bbox": [
            586.4094243792325,
            456.0719525959368,
            646.2198081264108,
            492.4782731376975
          ],
          "category": "car",
          "category ID": 3,
          "trunc": false
        }
      ]
    },
    {
      "frame_id": 16,
      "image_path": "frames/88LcRU7uEFE_004664/images/000016.jpg",
      "accident_id": 5,
      "accident_name": "turning",
      "objects": [
        {
          "obj_track_id": 0,
          "bbox": [
            242.49971783295712,
            431.3676636568849,
            291.2581828442438,
            478.8259029345372
          ],
          "category": "person",
          "category ID": 1,
          "trunc": false
        },
        {
          "obj_track_id": 426,
          "bbox": [
            581.8586343115124,
            457.3721783295711,
            641.6690180586908,
            491.1780474040632
          ],
          "category": "car",
          "category ID": 3,
          "trunc": false
        }
      ]
    },
    {
      "frame_id": 17,
      "image_path": "frames/88LcRU7uEFE_004664/images/000017.jpg",
      "accident_id": 5,
      "accident_name": "turning",
      "objects": [
        {
          "obj_track_id": 0,
          "bbox": [
            262.6532167042889,
            436.56856659142215,
            315.31235891647856,
            482.07646726862305
          ],
          "category": "person",
          "category ID": 1,
          "trunc": false
        },
        {
          "obj_track_id": 426,
          "bbox": [
            581.8586343115124,
            452.82138826185104,
            642.3191309255079,
            491.1780474040632
          ],
          "category": "car",
          "category ID": 3,
          "trunc": false
        }
      ]
    },
    {
      "frame_id": 18,
      "image_path": "frames/88LcRU7uEFE_004664/images/000018.jpg",
      "accident_id": 5,
      "accident_name": "turning",
      "objects": [
        {
          "obj_track_id": 0,
          "bbox": [
            288.65773137697516,
            439.8191309255079,
            347.1678893905192,
            482.07646726862305
          ],
          "category": "person",
          "category ID": 1,
          "trunc": false
        },
        {
          "obj_track_id": 426,
          "bbox": [
            581.8586343115124,
            456.72206546275396,
            638.418453724605,
            493.12838600451465
          ],
          "category": "car",
          "category ID": 3,
          "trunc": false
        }
      ]
    },
    {
      "frame_id": 19,
      "image_path": "frames/88LcRU7uEFE_004664/images/000019.jpg",
      "accident_id": 5,
      "accident_name": "turning",
      "objects": [
        {
          "obj_track_id": 0,
          "bbox": [
            325.0640519187359,
            441.1193566591422,
            375.77285553047403,
            485.97714446952597
          ],
          "category": "person",
          "category ID": 1,
          "trunc": false
        },
        {
          "obj_track_id": 426,
          "bbox": [
            579.908295711061,
            459.3225169300226,
            636.4681151241535,
            493.12838600451465
          ],
          "category": "car",
          "category ID": 3,
          "trunc": false
        }
      ]
    },
    {
      "frame_id": 20,
      "image_path": "frames/88LcRU7uEFE_004664/images/000020.jpg",
      "accident_id": 5,
      "accident_name": "turning",
      "objects": [
        {
          "obj_track_id": 0,
          "bbox": [
            349.11822799097064,
            443.0696952595937,
            408.27849887133186,
            488.5775959367946
          ],
          "category": "person",
          "category ID": 1,
          "trunc": false
        },
        {
          "obj_track_id": 426,
          "bbox": [
            577.9579571106095,
            459.3225169300226,
            635.1678893905192,
            493.12838600451465
          ],
          "category": "car",
          "category ID": 3,
          "trunc": false
        }
      ]
    },
    {
      "frame_id": 21,
      "image_path": "frames/88LcRU7uEFE_004664/images/000021.jpg",
      "accident_id": 5,
      "accident_name": "turning",
      "objects": [
        {
          "obj_track_id": 0,
          "bbox": [
            381.62387133182847,
            443.71980812641084,
            443.38459367945825,
            492.4782731376975
          ],
          "category": "person",
          "category ID": 1,
          "trunc": false
        },
        {
          "obj_track_id": 426,
          "bbox": [
            575.3575056433409,
            457.3721783295711,
            635.1678893905192,
            494.428611738149
          ],
          "category": "car",
          "category ID": 3,
          "trunc": false
        }
      ]
    },
    {
      "frame_id": 22,
      "image_path": "frames/88LcRU7uEFE_004664/images/000022.jpg",
      "accident_id": 5,
      "accident_name": "turning",
      "objects": [
        {
          "obj_track_id": 0,
          "bbox": [
            409.57872460496617,
            446.9703724604966,
            476.5403498871332,
            495.7288374717833
          ],
          "category": "person",
          "category ID": 1,
          "trunc": false
        },
        {
          "obj_track_id": 426,
          "bbox": [
            573.4071670428895,
            459.9726297968397,
            631.9173250564335,
            496.3789503386005
          ],
          "category": "car",
          "category ID": 3,
          "trunc": false
        }
      ]
    },
    {
      "frame_id": 23,
      "image_path": "frames/88LcRU7uEFE_004664/images/000023.jpg",
      "accident_id": 5,
      "accident_name": "turning",
      "objects": [
        {
          "obj_track_id": 0,
          "bbox": [
            446.635158013544,
            446.32025959367945,
            515.5471218961625,
            499.62951467268624
          ],
          "category": "person",
          "category ID": 1,
          "trunc": false
        },
        {
          "obj_track_id": 426,
          "bbox": [
            572.106941309255,
            461.9229683972912,
            630.6170993227992,
            497.6791760722348
          ],
          "category": "car",
          "category ID": 3,
          "trunc": false
        }
      ]
    },
    {
      "frame_id": 24,
      "image_path": "frames/88LcRU7uEFE_004664/images/000024.jpg",
      "accident_id": 5,
      "accident_name": "turning",
      "objects": [
        {
          "obj_track_id": 0,
          "bbox": [
            483.6915914221219,
            448.92071106094807,
            551.9534424379233,
            499.62951467268624
          ],
          "category": "person",
          "category ID": 1,
          "trunc": false
        },
        {
          "obj_track_id": 426,
          "bbox": [
            567.556151241535,
            463.2231941309255,
            626.066309255079,
            498.9794018058691
          ],
          "category": "car",
          "category ID": 3,
          "trunc": false
        }
      ]
    },
    {
      "frame_id": 25,
      "image_path": "frames/88LcRU7uEFE_004664/images/000025.jpg",
      "accident_id": 5,
      "accident_name": "turning",
      "objects": [
        {
          "obj_track_id": 0,
          "bbox": [
            516.8473476297969,
            460.6227426636569,
            573.4071670428895,
            502.880079006772
          ],
          "category": "person",
          "category ID": 1,
          "trunc": false
        },
        {
          "obj_track_id": 426,
          "bbox": [
            566.4726297968397,
            459.1058126410835,
            632.3507336343115,
            501.36314898419863
          ],
          "category": "car",
          "category ID": 3,
          "trunc": false
        }
      ]
    },
    {
      "frame_id": 26,
      "image_path": "frames/88LcRU7uEFE_004664/images/000026.jpg",
      "accident_id": 5,
      "accident_name": "turning",
      "objects": [
        {
          "obj_track_id": 0,
          "bbox": [
            554.5538939051919,
            460.6227426636569,
            590.3101015801354,
            502.880079006772
          ],
          "category": "person",
          "category ID": 1,
          "trunc": false
        },
        {
          "obj_track_id": 426,
          "bbox": [
            565.3891083521445,
            454.98843115124157,
            638.635158013544,
            503.74689616252823
          ],
          "category": "car",
          "category ID": 3,
          "trunc": false
        }
      ]
    },
    {
      "frame_id": 27,
      "image_path": "frames/88LcRU7uEFE_004664/images/000027.jpg",
      "accident_id": 5,
      "accident_name": "turning",
      "objects": [
        {
          "obj_track_id": 426,
          "bbox": [
            564.3055869074492,
            450.8710496613996,
            644.9195823927765,
            506.1306433408578
          ],
          "category": "car",
          "category ID": 3,
          "trunc": false
        }
      ]
    },
    {
      "frame_id": 28,
      "image_path": "frames/88LcRU7uEFE_004664/images/000028.jpg",
      "accident_id": 5,
      "accident_name": "turning",
      "objects": [
        {
          "obj_track_id": 426,
          "bbox": [
            564.3055869074492,
            446.32025959367945,
            650.1204853273138,
            506.1306433408578
          ],
          "category": "car",
          "category ID": 3,
          "trunc": false
        }
      ]
    },
    {
      "frame_id": 29,
      "image_path": "frames/88LcRU7uEFE_004664/images/000029.jpg",
      "accident_id": 5,
      "accident_name": "turning",
      "objects": [
        {
          "obj_track_id": 426,
          "bbox": [
            561.380079006772,
            449.5708239277652,
            639.7186794582392,
            506.1306433408578
          ],
          "category": "car",
          "category ID": 3,
          "trunc": false
        },
        {
          "obj_track_id": 639,
          "bbox": [
            638.418453724605,
            478.8259029345372,
            704.0798532731377,
            514.5821106094808
          ],
          "category": "motor",
          "category ID": 7,
          "trunc": false
        }
      ]
    },
    {
      "frame_id": 30,
      "image_path": "frames/88LcRU7uEFE_004664/images/000030.jpg",
      "accident_id": 5,
      "accident_name": "turning",
      "objects": [
        {
          "obj_track_id": 426,
          "bbox": [
            558.4545711060948,
            452.82138826185104,
            629.3168735891647,
            506.1306433408578
          ],
          "category": "car",
          "category ID": 3,
          "trunc": false
        },
        {
          "obj_track_id": 639,
          "bbox": [
            685.2265801354401,
            478.1757900677201,
            735.9353837471783,
            514.5821106094808
          ],
          "category": "motor",
          "category ID": 7,
          "trunc": false
        }
      ]
    },
    {
      "frame_id": 31,
      "image_path": "frames/88LcRU7uEFE_004664/images/000031.jpg",
      "accident_id": 5,
      "accident_name": "turning",
      "objects": [
        {
          "obj_track_id": 426,
          "bbox": [
            558.4545711060948,
            456.0719525959368,
            629.3168735891647,
            506.1306433408578
          ],
          "category": "car",
          "category ID": 3,
          "trunc": false
        },
        {
          "obj_track_id": 639,
          "bbox": [
            692.377821670429,
            491.82816027088035,
            782.7435101580136,
            514.5821106094808
          ],
          "category": "motor",
          "category ID": 7,
          "trunc": false
        }
      ]
    },
    {
      "frame_id": 32,
      "image_path": "frames/88LcRU7uEFE_004664/images/000032.jpg",
      "accident_id": 5,
      "accident_name": "turning",
      "objects": [
        {
          "obj_track_id": 426,
          "bbox": [
            551.3033295711061,
            453.4715011286682,
            625.4161963882618,
            506.1306433408578
          ],
          "category": "car",
          "category ID": 3,
          "trunc": false
        },
        {
          "obj_track_id": 639,
          "bbox": [
            720.3326749435666,
            491.1780474040632,
            830.851862302483,
            518.4827878103838
          ],
          "category": "motor",
          "category ID": 7,
          "trunc": false
        }
      ]
    },
    {
      "frame_id": 33,
      "image_path": "frames/88LcRU7uEFE_004664/images/000033.jpg",
      "accident_id": 5,
      "accident_name": "turning",
      "objects": [
        {
          "obj_track_id": 426,
          "bbox": [
            548.7028781038375,
            454.12161399548535,
            622.8157449209932,
            509.3812076749436
          ],
          "category": "car",
          "category ID": 3,
          "trunc": false
        },
        {
          "obj_track_id": 639,
          "bbox": [
            765.8405756207675,
            483.37669300225735,
            873.1091986455982,
            521.0832392776524
          ],
          "category": "motor",
          "category ID": 7,
          "trunc": false
        }
      ]
    },
    {
      "frame_id": 34,
      "image_path": "frames/88LcRU7uEFE_004664/images/000034.jpg",
      "accident_id": 5,
      "accident_name": "turning",
      "objects": [
        {
          "obj_track_id": 426,
          "bbox": [
            542.851862302483,
            458.6724040632054,
            628.6667607223476,
            512.6317720090293
          ],
          "category": "car",
          "category ID": 3,
          "trunc": false
        },
        {
          "obj_track_id": 639,
          "bbox": [
            805.497460496614,
            489.22770880361173,
            908.2152934537246,
            524.9839164785553
          ],
          "category": "motor",
          "category ID": 7,
          "trunc": false
        }
      ]
    },
    {
      "frame_id": 35,
      "image_path": "frames/88LcRU7uEFE_004664/images/000035.jpg",
      "accident_id": 5,
      "accident_name": "turning",
      "objects": [
        {
          "obj_track_id": 426,
          "bbox": [
            538.301072234763,
            456.0719525959368,
            620.8654063205418,
            518.4827878103838
          ],
          "category": "car",
          "category ID": 3,
          "trunc": false
        },
        {
          "obj_track_id": 639,
          "bbox": [
            843.8541196388262,
            485.97714446952597,
            951.7728555304741,
            526.9342550790068
          ],
          "category": "motor",
          "category ID": 7,
          "trunc": false
        }
      ]
    },
    {
      "frame_id": 36,
      "image_path": "frames/88LcRU7uEFE_004664/images/000036.jpg",
      "accident_id": 5,
      "accident_name": "turning",
      "objects": [
        {
          "obj_track_id": 426,
          "bbox": [
            529.1994920993228,
            456.0719525959368,
            620.8654063205418,
            518.4827878103838
          ],
          "category": "car",
          "category ID": 3,
          "trunc": false
        },
        {
          "obj_track_id": 639,
          "bbox": [
            893.2626975169301,
            489.8778216704289,
            979.7277088036118,
            527.5843679458239
          ],
          "category": "motor",
          "category ID": 7,
          "trunc": false
        }
      ]
    },
    {
      "frame_id": 37,
      "image_path": "frames/88LcRU7uEFE_004664/images/000037.jpg",
      "accident_id": 5,
      "accident_name": "turning",
      "objects": [
        {
          "obj_track_id": 426,
          "bbox": [
            524.6487020316027,
            450.8710496613996,
            615.6645033860045,
            517.1825620767495
          ],
          "category": "car",
          "category ID": 3,
          "trunc": false
        },
        {
          "obj_track_id": 639,
          "bbox": [
            915.3665349887133,
            436.56856659142215,
            958.2739841986456,
            537.3360609480812
          ],
          "category": "motor",
          "category ID": 7,
          "trunc": false
        }
      ]
    },
    {
      "frame_id": 38,
      "image_path": "frames/88LcRU7uEFE_004664/images/000038.jpg",
      "accident_id": 5,
      "accident_name": "turning",
      "objects": [
        {
          "obj_track_id": 426,
          "bbox": [
            515.5471218961625,
            450.8710496613996,
            615.6645033860045,
            528.2344808126411
          ],
          "category": "car",
          "category ID": 3,
          "trunc": false
        },
        {
          "obj_track_id": 639,
          "bbox": [
            921.2175507900678,
            446.9703724604966,
            971.2762415349887,
            528.2344808126411
          ],
          "category": "motor",
          "category ID": 7,
          "trunc": false
        }
      ]
    },
    {
      "frame_id": 39,
      "image_path": "frames/88LcRU7uEFE_004664/images/000039.jpg",
      "accident_id": 5,
      "accident_name": "turning",
      "objects": [
        {
          "obj_track_id": 426,
          "bbox": [
            509.045993227991,
            453.4715011286682,
            615.6645033860045,
            528.2344808126411
          ],
          "category": "car",
          "category ID": 3,
          "trunc": false
        },
        {
          "obj_track_id": 639,
          "bbox": [
            899.7638261851016,
            441.1193566591422,
            990.1295146726862,
            508.73109480812644
          ],
          "category": "motor",
          "category ID": 7,
          "trunc": false
        },
        {
          "obj_track_id": 838,
          "bbox": [
            984.2784988713319,
            488.5775959367946,
            1051.240124153499,
            511.9816591422122
          ],
          "category": "rider",
          "category ID": 2,
          "trunc": false
        }
      ]
    },
    {
      "frame_id": 40,
      "image_path": "frames/88LcRU7uEFE_004664/images/000040.jpg",
      "accident_id": 5,
      "accident_name": "turning",
      "objects": [
        {
          "obj_track_id": 426,
          "bbox": [
            500.59452595936796,
            463.2231941309255,
            604.6125846501129,
            528.2344808126411
          ],
          "category": "car",
          "category ID": 3,
          "trunc": false
        },
        {
          "obj_track_id": 639,
          "bbox": [
            899.7638261851016,
            443.0696952595937,
            981.6780474040632,
            510.6814334085779
          ],
          "category": "motor",
          "category ID": 7,
          "trunc": false
        },
        {
          "obj_track_id": 838,
          "bbox": [
            1014.183690744921,
            476.2254514672686,
            1072.693848758465,
            511.9816591422122
          ],
          "category": "rider",
          "category ID": 2,
          "trunc": false
        }
      ]
    },
    {
      "frame_id": 41,
      "image_path": "frames/88LcRU7uEFE_004664/images/000041.jpg",
      "accident_id": 5,
      "accident_name": "turning",
      "objects": [
        {
          "obj_track_id": 426,
          "bbox": [
            488.89249435665914,
            450.8710496613996,
            602.6622460496615,
            528.2344808126411
          ],
          "category": "car",
          "category ID": 3,
          "trunc": false
        },
        {
          "obj_track_id": 639,
          "bbox": [
            899.7638261851016,
            447.62048532731376,
            977.1272573363432,
            517.1825620767495
          ],
          "category": "motor",
          "category ID": 7,
          "trunc": false
        },
        {
          "obj_track_id": 838,
          "bbox": [
            1036.9376410835214,
            469.0742099322799,
            1090.8970090293453,
            511.9816591422122
          ],
          "category": "rider",
          "category ID": 2,
          "trunc": false
        }
      ]
    },
    {
      "frame_id": 42,
      "image_path": "frames/88LcRU7uEFE_004664/images/000042.jpg",
      "accident_id": 5,
      "accident_name": "turning",
      "objects": [
        {
          "obj_track_id": 426,
          "bbox": [
            481.0911399548533,
            450.8710496613996,
            600.7119074492099,
            543.1870767494356
          ],
          "category": "car",
          "category ID": 3,
          "trunc": false
        },
        {
          "obj_track_id": 639,
          "bbox": [
            889.3620203160272,
            455.42183972911965,
            984.2784988713319,
            521.7333521444696
          ],
          "category": "motor",
          "category ID": 7,
          "trunc": false
        },
        {
          "obj_track_id": 838,
          "bbox": [
            1051.8902370203161,
            465.82364559819416,
            1114.301072234763,
            506.1306433408578
          ],
          "category": "rider",
          "category ID": 2,
          "trunc": false
        }
      ]
    },
    {
      "frame_id": 43,
      "image_path": "frames/88LcRU7uEFE_004664/images/000043.jpg",
      "accident_id": 5,
      "accident_name": "turning",
      "objects": [
        {
          "obj_track_id": 426,
          "bbox": [
            470.03922121896164,
            445.6701467268623,
            610.4636004514673,
            543.1870767494356
          ],
          "category": "car",
          "category ID": 3,
          "trunc": false
        },
        {
          "obj_track_id": 639,
          "bbox": [
            882.8608916478555,
            472.97488713318285,
            981.0279345372461,
            521.7333521444696
          ],
          "category": "motor",
          "category ID": 7,
          "trunc": false
        },
        {
          "obj_track_id": 838,
          "bbox": [
            1064.242381489842,
            461.9229683972912,
            1129.2536681715576,
            505.4805304740406
          ],
          "category": "rider",
          "category ID": 2,
          "trunc": false
        }
      ]
    },
    {
      "frame_id": 44,
      "image_path": "frames/88LcRU7uEFE_004664/images/000044.jpg",
      "accident_id": 5,
      "accident_name": "turning",
      "objects": [
        {
          "obj_track_id": 426,
          "bbox": [
            458.33718961625283,
            447.62048532731376,
            610.4636004514673,
            543.1870767494356
          ],
          "category": "car",
          "category ID": 3,
          "trunc": false
        },
        {
          "obj_track_id": 639,
          "bbox": [
            865.9579571106095,
            478.1757900677201,
            986.2288374717833,
            545.1374153498872
          ],
          "category": "motor",
          "category ID": 7,
          "trunc": false
        },
        {
          "obj_track_id": 838,
          "bbox": [
            1077.244638826185,
            476.87556433408577,
            1139.005361173815,
            505.4805304740406
          ],
          "category": "rider",
          "category ID": 2,
          "trunc": false
        }
      ]
    },
    {
      "frame_id": 45,
      "image_path": "frames/88LcRU7uEFE_004664/images/000045.jpg",
      "accident_id": 5,
      "accident_name": "turning",
      "objects": [
        {
          "obj_track_id": 426,
          "bbox": [
            448.5854966139955,
            447.62048532731376,
            605.9128103837472,
            550.9884311512416
          ],
          "category": "car",
          "category ID": 3,
          "trunc": false
        },
        {
          "obj_track_id": 639,
          "bbox": [
            856.2062641083521,
            493.12838600451465,
            982.9782731376976,
            545.1374153498872
          ],
          "category": "motor",
          "category ID": 7,
          "trunc": false
        },
        {
          "obj_track_id": 838,
          "bbox": [
            1083.7457674943566,
            476.87556433408577,
            1155.9082957110609,
            505.4805304740406
          ],
          "category": "rider",
          "category ID": 2,
          "trunc": false
        }
      ]
    },
    {
      "frame_id": 46,
      "image_path": "frames/88LcRU7uEFE_004664/images/000046.jpg",
      "accident_id": 5,
      "accident_name": "turning",
      "objects": [
        {
          "obj_track_id": 426,
          "bbox": [
            438.8338036117382,
            446.32025959367945,
            603.3123589164786,
            554.2389954853273
          ],
          "category": "car",
          "category ID": 3,
          "trunc": false
        },
        {
          "obj_track_id": 639,
          "bbox": [
            847.104683972912,
            502.22996613995485,
            982.9782731376976,
            548.387979683973
          ],
          "category": "motor",
          "category ID": 7,
          "trunc": false
        },
        {
          "obj_track_id": 838,
          "bbox": [
            1092.1972347629796,
            476.87556433408577,
            1171.5110045146728,
            505.4805304740406
          ],
          "category": "rider",
          "category ID": 2,
          "trunc": false
        }
      ]
    },
    {
      "frame_id": 47,
      "image_path": "frames/88LcRU7uEFE_004664/images/000047.jpg",
      "accident_id": 5,
      "accident_name": "turning",
      "objects": [
        {
          "obj_track_id": 426,
          "bbox": [
            431.0324492099323,
            446.32025959367945,
            603.3123589164786,
            554.2389954853273
          ],
          "category": "car",
          "category ID": 3,
          "trunc": false
        },
        {
          "obj_track_id": 639,
          "bbox": [
            847.104683972912,
            498.9794018058691,
            975.1769187358917,
            548.387979683973
          ],
          "category": "motor",
          "category ID": 7,
          "trunc": false
        },
        {
          "obj_track_id": 838,
          "bbox": [
            1095.4477990970654,
            476.87556433408577,
            1171.5110045146728,
            505.4805304740406
          ],
          "category": "rider",
          "category ID": 2,
          "trunc": false
        }
      ]
    },
    {
      "frame_id": 48,
      "image_path": "frames/88LcRU7uEFE_004664/images/000048.jpg",
      "accident_id": 5,
      "accident_name": "turning",
      "objects": [
        {
          "obj_track_id": 426,
          "bbox": [
            427.9985891647855,
            446.32025959367945,
            602.4455417607223,
            554.2389954853273
          ],
          "category": "car",
          "category ID": 3,
          "trunc": false
        },
        {
          "obj_track_id": 639,
          "bbox": [
            830.851862302483,
            494.428611738149,
            970.6261286681715,
            548.387979683973
          ],
          "category": "motor",
          "category ID": 7,
          "trunc": false
        },
        {
          "obj_track_id": 838,
          "bbox": [
            1099.9985891647855,
            478.1757900677201,
            1175.4116817155757,
            505.4805304740406
          ],
          "category": "rider",
          "category ID": 2,
          "trunc": false
        }
      ]
    },
    {
      "frame_id": 49,
      "image_path": "frames/88LcRU7uEFE_004664/images/000049.jpg",
      "accident_id": 5,
      "accident_name": "turning",
      "objects": [
        {
          "obj_track_id": 426,
          "bbox": [
            424.96472911963883,
            446.32025959367945,
            601.5787246049662,
            554.2389954853273
          ],
          "category": "car",
          "category ID": 3,
          "trunc": false
        },
        {
          "obj_track_id": 639,
          "bbox": [
            825.6509593679458,
            498.6543453724605,
            970.6261286681715,
            550.0132618510158
          ],
          "category": "motor",
          "category ID": 7,
          "trunc": false
        },
        {
          "obj_track_id": 838,
          "bbox": [
            1098.3733069977425,
            478.1757900677201,
            1177.0369638826185,
            505.4805304740406
          ],
          "category": "rider",
          "category ID": 2,
          "trunc": false
        }
      ]
    },
    {
      "frame_id": 50,
      "image_path": "frames/88LcRU7uEFE_004664/images/000050.jpg",
      "accident_id": 5,
      "accident_name": "turning",
      "objects": [
        {
          "obj_track_id": 426,
          "bbox": [
            421.9308690744921,
            446.32025959367945,
            600.7119074492099,
            554.2389954853273
          ],
          "category": "car",
          "category ID": 3,
          "trunc": false
        },
        {
          "obj_track_id": 639,
          "bbox": [
            820.4500564334086,
            502.880079006772,
            970.6261286681715,
            551.6385440180587
          ],
          "category": "motor",
          "category ID": 7,
          "trunc": false
        },
        {
          "obj_track_id": 838,
          "bbox": [
            1096.7480248306997,
            478.1757900677201,
            1178.6622460496615,
            505.4805304740406
          ],
          "category": "rider",
          "category ID": 2,
          "trunc": false
        }
      ]
    },
    {
      "frame_id": 51,
      "image_path": "frames/88LcRU7uEFE_004664/images/000051.jpg",
      "accident_id": 5,
      "accident_name": "turning",
      "objects": [
        {
          "obj_track_id": 426,
          "bbox": [
            421.9308690744921,
            446.32025959367945,
            600.7119074492099,
            554.2389954853273
          ],
          "category": "car",
          "category ID": 3,
          "trunc": false
        },
        {
          "obj_track_id": 639,
          "bbox": [
            815.8992663656885,
            502.880079006772,
            960.2243227990971,
            551.6385440180587
          ],
          "category": "motor",
          "category ID": 7,
          "trunc": false
        },
        {
          "obj_track_id": 838,
          "bbox": [
            1092.1972347629796,
            483.37669300225735,
            1172.811230248307,
            505.4805304740406
          ],
          "category": "rider",
          "category ID": 2,
          "trunc": false
        }
      ]
    },
    {
      "frame_id": 52,
      "image_path": "frames/88LcRU7uEFE_004664/images/000052.jpg",
      "accident_id": 5,
      "accident_name": "turning",
      "objects": [
        {
          "obj_track_id": 426,
          "bbox": [
            421.9308690744921,
            446.32025959367945,
            600.7119074492099,
            554.2389954853273
          ],
          "category": "car",
          "category ID": 3,
          "trunc": false
        },
        {
          "obj_track_id": 639,
          "bbox": [
            815.8992663656885,
            502.880079006772,
            959.9353837471783,
            551.6385440180587
          ],
          "category": "motor",
          "category ID": 7,
          "trunc": false
        },
        {
          "obj_track_id": 838,
          "bbox": [
            1092.1972347629796,
            482.2931715575621,
            1172.811230248307,
            505.4805304740406
          ],
          "category": "rider",
          "category ID": 2,
          "trunc": false
        }
      ]
    },
    {
      "frame_id": 53,
      "image_path": "frames/88LcRU7uEFE_004664/images/000053.jpg",
      "accident_id": 0,
      "accident_name": "normal",
      "objects": []
    },
    {
      "frame_id": 54,
      "image_path": "frames/88LcRU7uEFE_004664/images/000054.jpg",
      "accident_id": 0,
      "accident_name": "normal",
      "objects": []
    },
    {
      "frame_id": 55,
      "image_path": "frames/88LcRU7uEFE_004664/images/000055.jpg",
      "accident_id": 0,
      "accident_name": "normal",
      "objects": []
    },
    {
      "frame_id": 56,
      "image_path": "frames/88LcRU7uEFE_004664/images/000056.jpg",
      "accident_id": 0,
      "accident_name": "normal",
      "objects": []
    },
    {
      "frame_id": 57,
      "image_path": "frames/88LcRU7uEFE_004664/images/000057.jpg",
      "accident_id": 0,
      "accident_name": "normal",
      "objects": []
    },
    {
      "frame_id": 58,
      "image_path": "frames/88LcRU7uEFE_004664/images/000058.jpg",
      "accident_id": 0,
      "accident_name": "normal",
      "objects": []
    },
    {
      "frame_id": 59,
      "image_path": "frames/88LcRU7uEFE_004664/images/000059.jpg",
      "accident_id": 0,
      "accident_name": "normal",
      "objects": []
    },
    {
      "frame_id": 60,
      "image_path": "frames/88LcRU7uEFE_004664/images/000060.jpg",
      "accident_id": 0,
      "accident_name": "normal",
      "objects": []
    },
    {
      "frame_id": 61,
      "image_path": "frames/88LcRU7uEFE_004664/images/000061.jpg",
      "accident_id": 0,
      "accident_name": "normal",
      "objects": []
    },
    {
      "frame_id": 62,
      "image_path": "frames/88LcRU7uEFE_004664/images/000062.jpg",
      "accident_id": 0,
      "accident_name": "normal",
      "objects": []
    },
    {
      "frame_id": 63,
      "image_path": "frames/88LcRU7uEFE_004664/images/000063.jpg",
      "accident_id": 0,
      "accident_name": "normal",
      "objects": []
    },
    {
      "frame_id": 64,
      "image_path": "frames/88LcRU7uEFE_004664/images/000064.jpg",
      "accident_id": 0,
      "accident_name": "normal",
      "objects": []
    },
    {
      "frame_id": 65,
      "image_path": "frames/88LcRU7uEFE_004664/images/000065.jpg",
      "accident_id": 0,
      "accident_name": "normal",
      "objects": []
    },
    {
      "frame_id": 66,
      "image_path": "frames/88LcRU7uEFE_004664/images/000066.jpg",
      "accident_id": 0,
      "accident_name": "normal",
      "objects": []
    },
    {
      "frame_id": 67,
      "image_path": "frames/88LcRU7uEFE_004664/images/000067.jpg",
      "accident_id": 0,
      "accident_name": "normal",
      "objects": []
    },
    {
      "frame_id": 68,
      "image_path": "frames/88LcRU7uEFE_004664/images/000068.jpg",
      "accident_id": 0,
      "accident_name": "normal",
      "objects": []
    },
    {
      "frame_id": 69,
      "image_path": "frames/88LcRU7uEFE_004664/images/000069.jpg",
      "accident_id": 0,
      "accident_name": "normal",
      "objects": []
    },
    {
      "frame_id": 70,
      "image_path": "frames/88LcRU7uEFE_004664/images/000070.jpg",
      "accident_id": 0,
      "accident_name": "normal",
      "objects": []
    },
    {
      "frame_id": 71,
      "image_path": "frames/88LcRU7uEFE_004664/images/000071.jpg",
      "accident_id": 0,
      "accident_name": "normal",
      "objects": []
    },
    {
      "frame_id": 72,
      "image_path": "frames/88LcRU7uEFE_004664/images/000072.jpg",
      "accident_id": 0,
      "accident_name": "normal",
      "objects": []
    },
    {
      "frame_id": 73,
      "image_path": "frames/88LcRU7uEFE_004664/images/000073.jpg",
      "accident_id": 0,
      "accident_name": "normal",
      "objects": []
    },
    {
      "frame_id": 74,
      "image_path": "frames/88LcRU7uEFE_004664/images/000074.jpg",
      "accident_id": 0,
      "accident_name": "normal",
      "objects": []
    },
    {
      "frame_id": 75,
      "image_path": "frames/88LcRU7uEFE_004664/images/000075.jpg",
      "accident_id": 0,
      "accident_name": "normal",
      "objects": []
    },
    {
      "frame_id": 76,
      "image_path": "frames/88LcRU7uEFE_004664/images/000076.jpg",
      "accident_id": 0,
      "accident_name": "normal",
      "objects": []
    },
    {
      "frame_id": 77,
      "image_path": "frames/88LcRU7uEFE_004664/images/000077.jpg",
      "accident_id": 0,
      "accident_name": "normal",
      "objects": []
    },
    {
      "frame_id": 78,
      "image_path": "frames/88LcRU7uEFE_004664/images/000078.jpg",
      "accident_id": 0,
      "accident_name": "normal",
      "objects": []
    },
    {
      "frame_id": 79,
      "image_path": "frames/88LcRU7uEFE_004664/images/000079.jpg",
      "accident_id": 0,
      "accident_name": "normal",
      "objects": []
    },
    {
      "frame_id": 80,
      "image_path": "frames/88LcRU7uEFE_004664/images/000080.jpg",
      "accident_id": 0,
      "accident_name": "normal",
      "objects": []
    },
    {
      "frame_id": 81,
      "image_path": "frames/88LcRU7uEFE_004664/images/000081.jpg",
      "accident_id": 0,
      "accident_name": "normal",
      "objects": []
    },
    {
      "frame_id": 82,
      "image_path": "frames/88LcRU7uEFE_004664/images/000082.jpg",
      "accident_id": 0,
      "accident_name": "normal",
      "objects": []
    },
    {
      "frame_id": 83,
      "image_path": "frames/88LcRU7uEFE_004664/images/000083.jpg",
      "accident_id": 0,
      "accident_name": "normal",
      "objects": []
    },
    {
      "frame_id": 84,
      "image_path": "frames/88LcRU7uEFE_004664/images/000084.jpg",
      "accident_id": 0,
      "accident_name": "normal",
      "objects": []
    },
    {
      "frame_id": 85,
      "image_path": "frames/88LcRU7uEFE_004664/images/000085.jpg",
      "accident_id": 0,
      "accident_name": "normal",
      "objects": []
    },
    {
      "frame_id": 86,
      "image_path": "frames/88LcRU7uEFE_004664/images/000086.jpg",
      "accident_id": 0,
      "accident_name": "normal",
      "objects": []
    },
    {
      "frame_id": 87,
      "image_path": "frames/88LcRU7uEFE_004664/images/000087.jpg",
      "accident_id": 0,
      "accident_name": "normal",
      "objects": []
    },
    {
      "frame_id": 88,
      "image_path": "frames/88LcRU7uEFE_004664/images/000088.jpg",
      "accident_id": 0,
      "accident_name": "normal",
      "objects": []
    },
    {
      "frame_id": 89,
      "image_path": "frames/88LcRU7uEFE_004664/images/000089.jpg",
      "accident_id": 0,
      "accident_name": "normal",
      "objects": []
    },
    {
      "frame_id": 90,
      "image_path": "frames/88LcRU7uEFE_004664/images/000090.jpg",
      "accident_id": 0,
      "accident_name": "normal",
      "objects": []
    },
    {
      "frame_id": 91,
      "image_path": "frames/88LcRU7uEFE_004664/images/000091.jpg",
      "accident_id": 0,
      "accident_name": "normal",
      "objects": []
    },
    {
      "frame_id": 92,
      "image_path": "frames/88LcRU7uEFE_004664/images/000092.jpg",
      "accident_id": 0,
      "accident_name": "normal",
      "objects": []
    },
    {
      "frame_id": 93,
      "image_path": "frames/88LcRU7uEFE_004664/images/000093.jpg",
      "accident_id": 0,
      "accident_name": "normal",
      "objects": []
    },
    {
      "frame_id": 94,
      "image_path": "frames/88LcRU7uEFE_004664/images/000094.jpg",
      "accident_id": 0,
      "accident_name": "normal",
      "objects": []
    },
    {
      "frame_id": 95,
      "image_path": "frames/88LcRU7uEFE_004664/images/000095.jpg",
      "accident_id": 0,
      "accident_name": "normal",
      "objects": []
    },
    {
      "frame_id": 96,
      "image_path": "frames/88LcRU7uEFE_004664/images/000096.jpg",
      "accident_id": 0,
      "accident_name": "normal",
      "objects": []
    },
    {
      "frame_id": 97,
      "image_path": "frames/88LcRU7uEFE_004664/images/000097.jpg",
      "accident_id": 0,
      "accident_name": "normal",
      "objects": []
    },
    {
      "frame_id": 98,
      "image_path": "frames/88LcRU7uEFE_004664/images/000098.jpg",
      "accident_id": 0,
      "accident_name": "normal",
      "objects": []
    },
    {
      "frame_id": 99,
      "image_path": "frames/88LcRU7uEFE_004664/images/000099.jpg",
      "accident_id": 0,
      "accident_name": "normal",
      "objects": []
    },
    {
      "frame_id": 100,
      "image_path": "frames/88LcRU7uEFE_004664/images/000100.jpg",
      "accident_id": 0,
      "accident_name": "normal",
      "objects": []
    },
    {
      "frame_id": 101,
      "image_path": "frames/88LcRU7uEFE_004664/images/000101.jpg",
      "accident_id": 0,
      "accident_name": "normal",
      "objects": []
    },
    {
      "frame_id": 102,
      "image_path": "frames/88LcRU7uEFE_004664/images/000102.jpg",
      "accident_id": 0,
      "accident_name": "normal",
      "objects": []
    },
    {
      "frame_id": 103,
      "image_path": "frames/88LcRU7uEFE_004664/images/000103.jpg",
      "accident_id": 0,
      "accident_name": "normal",
      "objects": []
    },
    {
      "frame_id": 104,
      "image_path": "frames/88LcRU7uEFE_004664/images/000104.jpg",
      "accident_id": 0,
      "accident_name": "normal",
      "objects": []
    },
    {
      "frame_id": 105,
      "image_path": "frames/88LcRU7uEFE_004664/images/000105.jpg",
      "accident_id": 0,
      "accident_name": "normal",
      "objects": []
    },
    {
      "frame_id": 106,
      "image_path": "frames/88LcRU7uEFE_004664/images/000106.jpg",
      "accident_id": 0,
      "accident_name": "normal",
      "objects": []
    },
    {
      "frame_id": 107,
      "image_path": "frames/88LcRU7uEFE_004664/images/000107.jpg",
      "accident_id": 0,
      "accident_name": "normal",
      "objects": []
    },
    {
      "frame_id": 108,
      "image_path": "frames/88LcRU7uEFE_004664/images/000108.jpg",
      "accident_id": 0,
      "accident_name": "normal",
      "objects": []
    },
    {
      "frame_id": 109,
      "image_path": "frames/88LcRU7uEFE_004664/images/000109.jpg",
      "accident_id": 0,
      "accident_name": "normal",
      "objects": []
    },
    {
      "frame_id": 110,
      "image_path": "frames/88LcRU7uEFE_004664/images/000110.jpg",
      "accident_id": 0,
      "accident_name": "normal",
      "objects": []
    },
    {
      "frame_id": 111,
      "image_path": "frames/88LcRU7uEFE_004664/images/000111.jpg",
      "accident_id": 0,
      "accident_name": "normal",
      "objects": []
    },
    {
      "frame_id": 112,
      "image_path": "frames/88LcRU7uEFE_004664/images/000112.jpg",
      "accident_id": 0,
      "accident_name": "normal",
      "objects": []
    },
    {
      "frame_id": 113,
      "image_path": "frames/88LcRU7uEFE_004664/images/000113.jpg",
      "accident_id": 0,
      "accident_name": "normal",
      "objects": []
    },
    {
      "frame_id": 114,
      "image_path": "frames/88LcRU7uEFE_004664/images/000114.jpg",
      "accident_id": 0,
      "accident_name": "normal",
      "objects": []
    },
    {
      "frame_id": 115,
      "image_path": "frames/88LcRU7uEFE_004664/images/000115.jpg",
      "accident_id": 0,
      "accident_name": "normal",
      "objects": []
    },
    {
      "frame_id": 116,
      "image_path": "frames/88LcRU7uEFE_004664/images/000116.jpg",
      "accident_id": 0,
      "accident_name": "normal",
      "objects": []
    },
    {
      "frame_id": 117,
      "image_path": "frames/88LcRU7uEFE_004664/images/000117.jpg",
      "accident_id": 0,
      "accident_name": "normal",
      "objects": []
    },
    {
      "frame_id": 118,
      "image_path": "frames/88LcRU7uEFE_004664/images/000118.jpg",
      "accident_id": 0,
      "accident_name": "normal",
      "objects": []
    },
    {
      "frame_id": 119,
      "image_path": "frames/88LcRU7uEFE_004664/images/000119.jpg",
      "accident_id": 0,
      "accident_name": "normal",
      "objects": []
    },
    {
      "frame_id": 120,
      "image_path": "frames/88LcRU7uEFE_004664/images/000120.jpg",
      "accident_id": 0,
      "accident_name": "normal",
      "objects": []
    },
    {
      "frame_id": 121,
      "image_path": "frames/88LcRU7uEFE_004664/images/000121.jpg",
      "accident_id": 0,
      "accident_name": "normal",
      "objects": []
    },
    {
      "frame_id": 122,
      "image_path": "frames/88LcRU7uEFE_004664/images/000122.jpg",
      "accident_id": 0,
      "accident_name": "normal",
      "objects": []
    },
    {
      "frame_id": 123,
      "image_path": "frames/88LcRU7uEFE_004664/images/000123.jpg",
      "accident_id": 0,
      "accident_name": "normal",
      "objects": []
    },
    {
      "frame_id": 124,
      "image_path": "frames/88LcRU7uEFE_004664/images/000124.jpg",
      "accident_id": 0,
      "accident_name": "normal",
      "objects": []
    },
    {
      "frame_id": 125,
      "image_path": "frames/88LcRU7uEFE_004664/images/000125.jpg",
      "accident_id": 0,
      "accident_name": "normal",
      "objects": []
    },
    {
      "frame_id": 126,
      "image_path": "frames/88LcRU7uEFE_004664/images/000126.jpg",
      "accident_id": 0,
      "accident_name": "normal",
      "objects": []
    },
    {
      "frame_id": 127,
      "image_path": "frames/88LcRU7uEFE_004664/images/000127.jpg",
      "accident_id": 0,
      "accident_name": "normal",
      "objects": []
    },
    {
      "frame_id": 128,
      "image_path": "frames/88LcRU7uEFE_004664/images/000128.jpg",
      "accident_id": 0,
      "accident_name": "normal",
      "objects": []
    },
    {
      "frame_id": 129,
      "image_path": "frames/88LcRU7uEFE_004664/images/000129.jpg",
      "accident_id": 0,
      "accident_name": "normal",
      "objects": []
    },
    {
      "frame_id": 130,
      "image_path": "frames/88LcRU7uEFE_004664/images/000130.jpg",
      "accident_id": 0,
      "accident_name": "normal",
      "objects": []
    },
    {
      "frame_id": 131,
      "image_path": "frames/88LcRU7uEFE_004664/images/000131.jpg",
      "accident_id": 0,
      "accident_name": "normal",
      "objects": []
    },
    {
      "frame_id": 132,
      "image_path": "frames/88LcRU7uEFE_004664/images/000132.jpg",
      "accident_id": 0,
      "accident_name": "normal",
      "objects": []
    },
    {
      "frame_id": 133,
      "image_path": "frames/88LcRU7uEFE_004664/images/000133.jpg",
      "accident_id": 0,
      "accident_name": "normal",
      "objects": []
    },
    {
      "frame_id": 134,
      "image_path": "frames/88LcRU7uEFE_004664/images/000134.jpg",
      "accident_id": 0,
      "accident_name": "normal",
      "objects": []
    },
    {
      "frame_id": 135,
      "image_path": "frames/88LcRU7uEFE_004664/images/000135.jpg",
      "accident_id": 0,
      "accident_name": "normal",
      "objects": []
    },
    {
      "frame_id": 136,
      "image_path": "frames/88LcRU7uEFE_004664/images/000136.jpg",
      "accident_id": 0,
      "accident_name": "normal",
      "objects": []
    },
    {
      "frame_id": 137,
      "image_path": "frames/88LcRU7uEFE_004664/images/000137.jpg",
      "accident_id": 0,
      "accident_name": "normal",
      "objects": []
    },
    {
      "frame_id": 138,
      "image_path": "frames/88LcRU7uEFE_004664/images/000138.jpg",
      "accident_id": 0,
      "accident_name": "normal",
      "objects": []
    },
    {
      "frame_id": 139,
      "image_path": "frames/88LcRU7uEFE_004664/images/000139.jpg",
      "accident_id": 0,
      "accident_name": "normal",
      "objects": []
    },
    {
      "frame_id": 140,
      "image_path": "frames/88LcRU7uEFE_004664/images/000140.jpg",
      "accident_id": 0,
      "accident_name": "normal",
      "objects": []
    },
    {
      "frame_id": 141,
      "image_path": "frames/88LcRU7uEFE_004664/images/000141.jpg",
      "accident_id": 0,
      "accident_name": "normal",
      "objects": []
    },
    {
      "frame_id": 142,
      "image_path": "frames/88LcRU7uEFE_004664/images/000142.jpg",
      "accident_id": 0,
      "accident_name": "normal",
      "objects": []
    },
    {
      "frame_id": 143,
      "image_path": "frames/88LcRU7uEFE_004664/images/000143.jpg",
      "accident_id": 0,
      "accident_name": "normal",
      "objects": []
    },
    {
      "frame_id": 144,
      "image_path": "frames/88LcRU7uEFE_004664/images/000144.jpg",
      "accident_id": 0,
      "accident_name": "normal",
      "objects": []
    },
    {
      "frame_id": 145,
      "image_path": "frames/88LcRU7uEFE_004664/images/000145.jpg",
      "accident_id": 0,
      "accident_name": "normal",
      "objects": []
    },
    {
      "frame_id": 146,
      "image_path": "frames/88LcRU7uEFE_004664/images/000146.jpg",
      "accident_id": 0,
      "accident_name": "normal",
      "objects": []
    },
    {
      "frame_id": 147,
      "image_path": "frames/88LcRU7uEFE_004664/images/000147.jpg",
      "accident_id": 0,
      "accident_name": "normal",
      "objects": []
    },
    {
      "frame_id": 148,
      "image_path": "frames/88LcRU7uEFE_004664/images/000148.jpg",
      "accident_id": 0,
      "accident_name": "normal",
      "objects": []
    },
    {
      "frame_id": 149,
      "image_path": "frames/88LcRU7uEFE_004664/images/000149.jpg",
      "accident_id": 0,
      "accident_name": "normal",
      "objects": []
    },
    {
      "frame_id": 150,
      "image_path": "frames/88LcRU7uEFE_004664/images/000150.jpg",
      "accident_id": 0,
      "accident_name": "normal",
      "objects": []
    },
    {
      "frame_id": 151,
      "image_path": "frames/88LcRU7uEFE_004664/images/000151.jpg",
      "accident_id": 0,
      "accident_name": "normal",
      "objects": []
    },
    {
      "frame_id": 152,
      "image_path": "frames/88LcRU7uEFE_004664/images/000152.jpg",
      "accident_id": 0,
      "accident_name": "normal",
      "objects": []
    },
    {
      "frame_id": 153,
      "image_path": "frames/88LcRU7uEFE_004664/images/000153.jpg",
      "accident_id": 0,
      "accident_name": "normal",
      "objects": []
    },
    {
      "frame_id": 154,
      "image_path": "frames/88LcRU7uEFE_004664/images/000154.jpg",
      "accident_id": 0,
      "accident_name": "normal",
      "objects": []
    },
    {
      "frame_id": 155,
      "image_path": "frames/88LcRU7uEFE_004664/images/000155.jpg",
      "accident_id": 0,
      "accident_name": "normal",
      "objects": []
    },
    {
      "frame_id": 156,
      "image_path": "frames/88LcRU7uEFE_004664/images/000156.jpg",
      "accident_id": 0,
      "accident_name": "normal",
      "objects": []
    },
    {
      "frame_id": 157,
      "image_path": "frames/88LcRU7uEFE_004664/images/000157.jpg",
      "accident_id": 0,
      "accident_name": "normal",
      "objects": []
    },
    {
      "frame_id": 158,
      "image_path": "frames/88LcRU7uEFE_004664/images/000158.jpg",
      "accident_id": 0,
      "accident_name": "normal",
      "objects": []
    },
    {
      "frame_id": 159,
      "image_path": "frames/88LcRU7uEFE_004664/images/000159.jpg",
      "accident_id": 0,
      "accident_name": "normal",
      "objects": []
    },
    {
      "frame_id": 160,
      "image_path": "frames/88LcRU7uEFE_004664/images/000160.jpg",
      "accident_id": 0,
      "accident_name": "normal",
      "objects": []
    },
    {
      "frame_id": 161,
      "image_path": "frames/88LcRU7uEFE_004664/images/000161.jpg",
      "accident_id": 0,
      "accident_name": "normal",
      "objects": []
    },
    {
      "frame_id": 162,
      "image_path": "frames/88LcRU7uEFE_004664/images/000162.jpg",
      "accident_id": 0,
      "accident_name": "normal",
      "objects": []
    },
    {
      "frame_id": 163,
      "image_path": "frames/88LcRU7uEFE_004664/images/000163.jpg",
      "accident_id": 0,
      "accident_name": "normal",
      "objects": []
    },
    {
      "frame_id": 164,
      "image_path": "frames/88LcRU7uEFE_004664/images/000164.jpg",
      "accident_id": 0,
      "accident_name": "normal",
      "objects": []
    },
    {
      "frame_id": 165,
      "image_path": "frames/88LcRU7uEFE_004664/images/000165.jpg",
      "accident_id": 0,
      "accident_name": "normal",
      "objects": []
    },
    {
      "frame_id": 166,
      "image_path": "frames/88LcRU7uEFE_004664/images/000166.jpg",
      "accident_id": 0,
      "accident_name": "normal",
      "objects": []
    },
    {
      "frame_id": 167,
      "image_path": "frames/88LcRU7uEFE_004664/images/000167.jpg",
      "accident_id": 0,
      "accident_name": "normal",
      "objects": []
    },
    {
      "frame_id": 168,
      "image_path": "frames/88LcRU7uEFE_004664/images/000168.jpg",
      "accident_id": 0,
      "accident_name": "normal",
      "objects": []
    },
    {
      "frame_id": 169,
      "image_path": "frames/88LcRU7uEFE_004664/images/000169.jpg",
      "accident_id": 0,
      "accident_name": "normal",
      "objects": []
    },
    {
      "frame_id": 170,
      "image_path": "frames/88LcRU7uEFE_004664/images/000170.jpg",
      "accident_id": 0,
      "accident_name": "normal",
      "objects": []
    },
    {
      "frame_id": 171,
      "image_path": "frames/88LcRU7uEFE_004664/images/000171.jpg",
      "accident_id": 0,
      "accident_name": "normal",
      "objects": []
    },
    {
      "frame_id": 172,
      "image_path": "frames/88LcRU7uEFE_004664/images/000172.jpg",
      "accident_id": 0,
      "accident_name": "normal",
      "objects": []
    },
    {
      "frame_id": 173,
      "image_path": "frames/88LcRU7uEFE_004664/images/000173.jpg",
      "accident_id": 0,
      "accident_name": "normal",
      "objects": []
    },
    {
      "frame_id": 174,
      "image_path": "frames/88LcRU7uEFE_004664/images/000174.jpg",
      "accident_id": 0,
      "accident_name": "normal",
      "objects": []
    },
    {
      "frame_id": 175,
      "image_path": "frames/88LcRU7uEFE_004664/images/000175.jpg",
      "accident_id": 0,
      "accident_name": "normal",
      "objects": []
    },
    {
      "frame_id": 176,
      "image_path": "frames/88LcRU7uEFE_004664/images/000176.jpg",
      "accident_id": 0,
      "accident_name": "normal",
      "objects": []
    },
    {
      "frame_id": 177,
      "image_path": "frames/88LcRU7uEFE_004664/images/000177.jpg",
      "accident_id": 0,
      "accident_name": "normal",
      "objects": []
    },
    {
      "frame_id": 178,
      "image_path": "frames/88LcRU7uEFE_004664/images/000178.jpg",
      "accident_id": 0,
      "accident_name": "normal",
      "objects": []
    },
    {
      "frame_id": 179,
      "image_path": "frames/88LcRU7uEFE_004664/images/000179.jpg",
      "accident_id": 0,
      "accident_name": "normal",
      "objects": []
    },
    {
      "frame_id": 180,
      "image_path": "frames/88LcRU7uEFE_004664/images/000180.jpg",
      "accident_id": 0,
      "accident_name": "normal",
      "objects": []
    },
    {
      "frame_id": 181,
      "image_path": "frames/88LcRU7uEFE_004664/images/000181.jpg",
      "accident_id": 0,
      "accident_name": "normal",
      "objects": []
    },
    {
      "frame_id": 182,
      "image_path": "frames/88LcRU7uEFE_004664/images/000182.jpg",
      "accident_id": 0,
      "accident_name": "normal",
      "objects": []
    },
    {
      "frame_id": 183,
      "image_path": "frames/88LcRU7uEFE_004664/images/000183.jpg",
      "accident_id": 0,
      "accident_name": "normal",
      "objects": []
    },
    {
      "frame_id": 184,
      "image_path": "frames/88LcRU7uEFE_004664/images/000184.jpg",
      "accident_id": 0,
      "accident_name": "normal",
      "objects": []
    },
    {
      "frame_id": 185,
      "image_path": "frames/88LcRU7uEFE_004664/images/000185.jpg",
      "accident_id": 0,
      "accident_name": "normal",
      "objects": []
    },
    {
      "frame_id": 186,
      "image_path": "frames/88LcRU7uEFE_004664/images/000186.jpg",
      "accident_id": 0,
      "accident_name": "normal",
      "objects": []
    },
    {
      "frame_id": 187,
      "image_path": "frames/88LcRU7uEFE_004664/images/000187.jpg",
      "accident_id": 0,
      "accident_name": "normal",
      "objects": []
    },
    {
      "frame_id": 188,
      "image_path": "frames/88LcRU7uEFE_004664/images/000188.jpg",
      "accident_id": 0,
      "accident_name": "normal",
      "objects": []
    },
    {
      "frame_id": 189,
      "image_path": "frames/88LcRU7uEFE_004664/images/000189.jpg",
      "accident_id": 0,
      "accident_name": "normal",
      "objects": []
    },
    {
      "frame_id": 190,
      "image_path": "frames/88LcRU7uEFE_004664/images/000190.jpg",
      "accident_id": 0,
      "accident_name": "normal",
      "objects": []
    },
    {
      "frame_id": 191,
      "image_path": "frames/88LcRU7uEFE_004664/images/000191.jpg",
      "accident_id": 0,
      "accident_name": "normal",
      "objects": []
    },
    {
      "frame_id": 192,
      "image_path": "frames/88LcRU7uEFE_004664/images/000192.jpg",
      "accident_id": 0,
      "accident_name": "normal",
      "objects": []
    },
    {
      "frame_id": 193,
      "image_path": "frames/88LcRU7uEFE_004664/images/000193.jpg",
      "accident_id": 0,
      "accident_name": "normal",
      "objects": []
    },
    {
      "frame_id": 194,
      "image_path": "frames/88LcRU7uEFE_004664/images/000194.jpg",
      "accident_id": 0,
      "accident_name": "normal",
      "objects": []
    },
    {
      "frame_id": 195,
      "image_path": "frames/88LcRU7uEFE_004664/images/000195.jpg",
      "accident_id": 0,
      "accident_name": "normal",
      "objects": []
    },
    {
      "frame_id": 196,
      "image_path": "frames/88LcRU7uEFE_004664/images/000196.jpg",
      "accident_id": 0,
      "accident_name": "normal",
      "objects": []
    },
    {
      "frame_id": 197,
      "image_path": "frames/88LcRU7uEFE_004664/images/000197.jpg",
      "accident_id": 0,
      "accident_name": "normal",
      "objects": []
    },
    {
      "frame_id": 198,
      "image_path": "frames/88LcRU7uEFE_004664/images/000198.jpg",
      "accident_id": 0,
      "accident_name": "normal",
      "objects": []
    },
    {
      "frame_id": 199,
      "image_path": "frames/88LcRU7uEFE_004664/images/000199.jpg",
      "accident_id": 0,
      "accident_name": "normal",
      "objects": []
    },
    {
      "frame_id": 200,
      "image_path": "frames/88LcRU7uEFE_004664/images/000200.jpg",
      "accident_id": 0,
      "accident_name": "normal",
      "objects": []
    },
    {
      "frame_id": 201,
      "image_path": "frames/88LcRU7uEFE_004664/images/000201.jpg",
      "accident_id": 0,
      "accident_name": "normal",
      "objects": []
    },
    {
      "frame_id": 202,
      "image_path": "frames/88LcRU7uEFE_004664/images/000202.jpg",
      "accident_id": 0,
      "accident_name": "normal",
      "objects": []
    },
    {
      "frame_id": 203,
      "image_path": "frames/88LcRU7uEFE_004664/images/000203.jpg",
      "accident_id": 0,
      "accident_name": "normal",
      "objects": []
    },
    {
      "frame_id": 204,
      "image_path": "frames/88LcRU7uEFE_004664/images/000204.jpg",
      "accident_id": 0,
      "accident_name": "normal",
      "objects": []
    },
    {
      "frame_id": 205,
      "image_path": "frames/88LcRU7uEFE_004664/images/000205.jpg",
      "accident_id": 0,
      "accident_name": "normal",
      "objects": []
    },
    {
      "frame_id": 206,
      "image_path": "frames/88LcRU7uEFE_004664/images/000206.jpg",
      "accident_id": 0,
      "accident_name": "normal",
      "objects": []
    },
    {
      "frame_id": 207,
      "image_path": "frames/88LcRU7uEFE_004664/images/000207.jpg",
      "accident_id": 0,
      "accident_name": "normal",
      "objects": []
    },
    {
      "frame_id": 208,
      "image_path": "frames/88LcRU7uEFE_004664/images/000208.jpg",
      "accident_id": 0,
      "accident_name": "normal",
      "objects": []
    },
    {
      "frame_id": 209,
      "image_path": "frames/88LcRU7uEFE_004664/images/000209.jpg",
      "accident_id": 0,
      "accident_name": "normal",
      "objects": []
    },
    {
      "frame_id": 210,
      "image_path": "frames/88LcRU7uEFE_004664/images/000210.jpg",
      "accident_id": 0,
      "accident_name": "normal",
      "objects": []
    },
    {
      "frame_id": 211,
      "image_path": "frames/88LcRU7uEFE_004664/images/000211.jpg",
      "accident_id": 0,
      "accident_name": "normal",
      "objects": []
    },
    {
      "frame_id": 212,
      "image_path": "frames/88LcRU7uEFE_004664/images/000212.jpg",
      "accident_id": 0,
      "accident_name": "normal",
      "objects": []
    },
    {
      "frame_id": 213,
      "image_path": "frames/88LcRU7uEFE_004664/images/000213.jpg",
      "accident_id": 0,
      "accident_name": "normal",
      "objects": []
    },
    {
      "frame_id": 214,
      "image_path": "frames/88LcRU7uEFE_004664/images/000214.jpg",
      "accident_id": 0,
      "accident_name": "normal",
      "objects": []
    },
    {
      "frame_id": 215,
      "image_path": "frames/88LcRU7uEFE_004664/images/000215.jpg",
      "accident_id": 0,
      "accident_name": "normal",
      "objects": []
    },
    {
      "frame_id": 216,
      "image_path": "frames/88LcRU7uEFE_004664/images/000216.jpg",
      "accident_id": 0,
      "accident_name": "normal",
      "objects": []
    },
    {
      "frame_id": 217,
      "image_path": "frames/88LcRU7uEFE_004664/images/000217.jpg",
      "accident_id": 0,
      "accident_name": "normal",
      "objects": []
    },
    {
      "frame_id": 218,
      "image_path": "frames/88LcRU7uEFE_004664/images/000218.jpg",
      "accident_id": 0,
      "accident_name": "normal",
      "objects": []
    },
    {
      "frame_id": 219,
      "image_path": "frames/88LcRU7uEFE_004664/images/000219.jpg",
      "accident_id": 0,
      "accident_name": "normal",
      "objects": []
    },
    {
      "frame_id": 220,
      "image_path": "frames/88LcRU7uEFE_004664/images/000220.jpg",
      "accident_id": 0,
      "accident_name": "normal",
      "objects": []
    },
    {
      "frame_id": 221,
      "image_path": "frames/88LcRU7uEFE_004664/images/000221.jpg",
      "accident_id": 0,
      "accident_name": "normal",
      "objects": []
    },
    {
      "frame_id": 222,
      "image_path": "frames/88LcRU7uEFE_004664/images/000222.jpg",
      "accident_id": 0,
      "accident_name": "normal",
      "objects": []
    },
    {
      "frame_id": 223,
      "image_path": "frames/88LcRU7uEFE_004664/images/000223.jpg",
      "accident_id": 0,
      "accident_name": "normal",
      "objects": []
    },
    {
      "frame_id": 224,
      "image_path": "frames/88LcRU7uEFE_004664/images/000224.jpg",
      "accident_id": 0,
      "accident_name": "normal",
      "objects": []
    },
    {
      "frame_id": 225,
      "image_path": "frames/88LcRU7uEFE_004664/images/000225.jpg",
      "accident_id": 0,
      "accident_name": "normal",
      "objects": []
    },
    {
      "frame_id": 226,
      "image_path": "frames/88LcRU7uEFE_004664/images/000226.jpg",
      "accident_id": 0,
      "accident_name": "normal",
      "objects": []
    }
  ]
}