{
  "video_name": "cfrLchAShxQ_004183",
  "channel": "AnAn",
  "num_frames": 76,
  "ignore": false,
  "ego_involve": false,
  "night": false,
  "anomaly_start": 31,
  "anomaly_end": 41,
  "video_start": 4183,
  "video_end": 4258,
  "accident_id": "3",
  "accident_name": "lateral",
  "labels": [
    {
      "frame_id": 0,
      "image_path": "frames/cfrLchAShxQ_004183/images/000000.jpg",
      "accident_id": 0,
      "accident_name": "normal",
      "objects": []
    },
    {
      "frame_id": 1,
      "image_path": "frames/cfrLchAShxQ_004183/images/000001.jpg",
      "accident_id": 0,
      "accident_name": "normal",
      "objects": []
    },
    {
      "frame_id": 2,
      "image_path": "frames/cfrLchAShxQ_004183/images/000002.jpg",
      "accident_id": 0,
      "accident_name": "normal",
      "objects": []
    },
    {
      "frame_id": 3,
      "image_path": "frames/cfrLchAShxQ_004183/images/000003.jpg",
      "accident_id": 0,
      "accident_name": "normal",
      "objects": []
    },
    {
      "frame_id": 4,
      "image_path": "frames/cfrLchAShxQ_004183/images/000004.jpg",
      "accident_id": 0,
      "accident_name": "normal",
      "objects": []
    },
    {
      "frame_id": 5,
      "image_path": "frames/cfrLchAShxQ_004183/images/000005.jpg",
      "accident_id": 0,
      "accident_name": "normal",
      "objects": []
    },
    {
      "frame_id": 6,
      "image_path": "frames/cfrLchAShxQ_004183/images/000006.jpg",
      "accident_id": 0,
      "accident_name": "normal",
      "objects": []
    },
    {
      "frame_id": 7,
      "image_path": "frames/cfrLchAShxQ_004183/images/000007.jpg",
      "accident_id": 0,
      "accident_name": "normal",
      "objects": []
    },
    {
      "frame_id": 8,
      "image_path": "frames/cfrLchAShxQ_004183/images/000008.jpg",
      "accident_id": 0,
      "accident_name": "normal",
      "objects": []
    },
    {
      "frame_id": 9,
      "image_path": "frames/cfrLchAShxQ_004183/images/000009.jpg",
      "accident_id": 0,
      "accident_name": "normal",
      "objects": []
    },
    {
      "frame_id": 10,
      "image_path": "frames/cfrLchAShxQ_004183/images/000010.jpg",
      "accident_id": 0,
      "accident_name": "normal",
      "objects": []
    },
    {
      "frame_id": 11,
      "image_path": "frames/cfrLchAShxQ_004183/images/000011.jpg",
      "accident_id": 0,
      "accident_name": "normal",
      "objects": []
    },
    {
      "frame_id": 12,
      "image_path": "frames/cfrLchAShxQ_004183/images/000012.jpg",
      "accident_id": 0,
      "accident_name": "normal",
      "objects": []
    },
    {
      "frame_id": 13,
      "image_path": "frames/cfrLchAShxQ_004183/images/000013.jpg",
      "accident_id": 0,
      "accident_name": "normal",
      "objects": []
    },
    {
      "frame_id": 14,
      "image_path": "frames/cfrLchAShxQ_004183/images/000014.jpg",
      "accident_id": 0,
      "accident_name": "normal",
      "objects": []
    },
    {
      "frame_id": 15,
      "image_path": "frames/cfrLchAShxQ_004183/images/000015.jpg",
      "accident_id": 0,
      "accident_name": "normal",
      "objects": []
    },
    {
      "frame_id": 16,
      "image_path": "frames/cfrLchAShxQ_004183/images/000016.jpg",
      "accident_id": 0,
      "accident_name": "normal",
      "objects": []
    },
    {
      "frame_id": 17,
      "image_path": "frames/cfrLchAShxQ_004183/images/000017.jpg",
      "accident_id": 0,
      "accident_name": "normal",
      "objects": []
    },
    {
      "frame_id": 18,
      "image_path": "frames/cfrLchAShxQ_004183/images/000018.jpg",
      "accident_id": 0,
      "accident_name": "normal",
      "objects": []
    },
    {
      "frame_id": 19,
      "image_path": "frames/cfrLchAShxQ_004183/images/000019.jpg",
      "accident_id": 0,
      "accident_name": "normal",
      "objects": []
    },
    {
      "frame_id": 20,
      "image_path": "frames/cfrLchAShxQ_004183/images/000020.jpg",
      "accident_id": 0,
      "accident_name": "normal",
      "objects": []
    },
    {
      "frame_id": 21,
      "image_path": "frames/cfrLchAShxQ_004183/images/000021.jpg",
      "accident_id": 0,
      "accident_name": "normal",
      "objects": []
    },
    {
      "frame_id": 22,
      "image_path": "frames/cfrLchAShxQ_004183/images/000022.jpg",
      "accident_id": 0,
      "accident_name": "normal",
      "objects": []
    },
    {
      "frame_id": 23,
      "image_path": "frames/cfrLchAShxQ_004183/images/000023.jpg",
      "accident_id": 0,
      "accident_name": "normal",
      "objects": []
    },
    {
      "frame_id": 24,
      "image_path": "frames/cfrLchAShxQ_004183/images/000024.jpg",
      "accident_id": 0,
      "accident_name": "normal",
      "objects": []
    },
    {
      "frame_id": 25,
      "image_path": "frames/cfrLchAShxQ_004183/images/000025.jpg",
      "accident_id": 0,
      "accident_name": "normal",
      "objects": []
    },
    {
      "frame_id": 26,
      "image_path": "frames/cfrLchAShxQ_004183/images/000026.jpg",
      "accident_id": 0,
      "accident_name": "normal",
      "objects": []
    },
    {
      "frame_id": 27,
      "image_path": "frames/cfrLchAShxQ_004183/images/000027.jpg",
      "accident_id": 0,
      "accident_name": "normal",
      "objects": []
    },
    {
      "frame_id": 28,
      "image_path": "frames/cfrLchAShxQ_004183/images/000028.jpg",
      "accident_id": 0,
      "accident_name": "normal",
      "objects": []
    },
    {
      "frame_id": 29,
      "image_path": "frames/cfrLchAShxQ_004183/images/000029.jpg",
      "accident_id": 0,
      "accident_name": "normal",
      "objects": []
    },
    {
      "frame_id": 30,
      "image_path": "frames/cfrLchAShxQ_004183/images/000030.jpg",
      "accident_id": 0,
      "accident_name": "normal",
      "objects": []
    },
    {
      "frame_id": 31,
      "image_path": "frames/cfrLchAShxQ_004183/images/000031.jpg",
      "accident_id": 3,
      "accident_name": "lateral",
      "objects": [
        {
          "obj_track_id": 0,
          "bbox": [
            424.7902571041949,
            330.28416779431666,
            540.7307171853857,
            415.0473612990528
          ],
          "category": "car",
          "category ID": 3,
          "trunc": false
        },
        {
          "obj_track_id": 46,
          "bbox": [
            559.2422192151556,
            339.05277401894455,
            654.7225981055481,
            429.66170500676594
          ],
          "category": "car",
          "category ID": 3,
          "trunc": false
        }
      ]
    },
    {
      "frame_id": 32,
      "image_path": "frames/cfrLchAShxQ_004183/images/000032.jpg",
      "accident_id": 3,
      "accident_name": "lateral",
      "objects": [
        {
          "obj_track_id": 0,
          "bbox": [
            414.0730717185386,
            330.28416779431666,
            534.8849797023005,
            412.12449255751017
          ],
          "category": "car",
          "category ID": 3,
          "trunc": false
        },
        {
          "obj_track_id": 46,
          "bbox": [
            547.5507442489852,
            339.05277401894455,
            648.8768606224628,
            428.68741542625173
          ],
          "category": "car",
          "category ID": 3,
          "trunc": false
        }
      ]
    },
    {
      "frame_id": 33,
      "image_path": "frames/cfrLchAShxQ_004183/images/000033.jpg",
      "accident_id": 3,
      "accident_name": "lateral",
      "objects": [
        {
          "obj_track_id": 0,
          "bbox": [
            400.4330175913397,
            326.3870094722598,
            527.0906630581868,
            415.0473612990528
          ],
          "category": "car",
          "category ID": 3,
          "trunc": false
        },
        {
          "obj_track_id": 46,
          "bbox": [
            534.8849797023005,
            337.1041948579161,
            631.3396481732071,
            427.7131258457375
          ],
          "category": "car",
          "category ID": 3,
          "trunc": false
        }
      ]
    },
    {
      "frame_id": 34,
      "image_path": "frames/cfrLchAShxQ_004183/images/000034.jpg",
      "accident_id": 3,
      "accident_name": "lateral",
      "objects": [
        {
          "obj_track_id": 0,
          "bbox": [
            385.81867388362656,
            324.4384303112314,
            516.3734776725305,
            415.0473612990528
          ],
          "category": "car",
          "category ID": 3,
          "trunc": false
        },
        {
          "obj_track_id": 46,
          "bbox": [
            522.2192151556158,
            337.1041948579161,
            617.6995940460082,
            426.7388362652233
          ],
          "category": "car",
          "category ID": 3,
          "trunc": false
        }
      ]
    },
    {
      "frame_id": 35,
      "image_path": "frames/cfrLchAShxQ_004183/images/000035.jpg",
      "accident_id": 3,
      "accident_name": "lateral",
      "objects": [
        {
          "obj_track_id": 0,
          "bbox": [
            365.35859269282815,
            320.5412719891746,
            503.70771312584577,
            417.9702300405954
          ],
          "category": "car",
          "category ID": 3,
          "trunc": false
        },
        {
          "obj_track_id": 46,
          "bbox": [
            502.73342354533156,
            335.1556156968877,
            605.0338294993235,
            426.7388362652233
          ],
          "category": "car",
          "category ID": 3,
          "trunc": false
        }
      ]
    },
    {
      "frame_id": 36,
      "image_path": "frames/cfrLchAShxQ_004183/images/000036.jpg",
      "accident_id": 3,
      "accident_name": "lateral",
      "objects": [
        {
          "obj_track_id": 0,
          "bbox": [
            344.8985115020298,
            321.51556156968877,
            489.0933694181327,
            420.89309878213805
          ],
          "category": "car",
          "category ID": 3,
          "trunc": false
        },
        {
          "obj_track_id": 46,
          "bbox": [
            488.1190798376185,
            335.1556156968877,
            590.4194857916103,
            427.7131258457375
          ],
          "category": "car",
          "category ID": 3,
          "trunc": false
        }
      ]
    },
    {
      "frame_id": 37,
      "image_path": "frames/cfrLchAShxQ_004183/images/000037.jpg",
      "accident_id": 3,
      "accident_name": "lateral",
      "objects": [
        {
          "obj_track_id": 0,
          "bbox": [
            326.3870094722598,
            319.5669824086604,
            478.3761840324764,
            422.8416779431665
          ],
          "category": "car",
          "category ID": 3,
          "trunc": false
        },
        {
          "obj_track_id": 46,
          "bbox": [
            473.5047361299053,
            333.2070365358593,
            573.8565629228688,
            423.8159675236807
          ],
          "category": "car",
          "category ID": 3,
          "trunc": false
        }
      ]
    },
    {
      "frame_id": 38,
      "image_path": "frames/cfrLchAShxQ_004183/images/000038.jpg",
      "accident_id": 3,
      "accident_name": "lateral",
      "objects": [
        {
          "obj_track_id": 0,
          "bbox": [
            302.02976995940463,
            313.72124492557515,
            459.8646820027064,
            423.8159675236807
          ],
          "category": "car",
          "category ID": 3,
          "trunc": false
        },
        {
          "obj_track_id": 46,
          "bbox": [
            458.8903924221922,
            329.30987821380245,
            556.319350473613,
            421.86738836265226
          ],
          "category": "car",
          "category ID": 3,
          "trunc": false
        }
      ]
    },
    {
      "frame_id": 39,
      "image_path": "frames/cfrLchAShxQ_004183/images/000039.jpg",
      "accident_id": 3,
      "accident_name": "lateral",
      "objects": [
        {
          "obj_track_id": 0,
          "bbox": [
            276.69824086603523,
            307.8755074424899,
            437.4560216508796,
            424.7902571041949
          ],
          "category": "car",
          "category ID": 3,
          "trunc": false
        },
        {
          "obj_track_id": 46,
          "bbox": [
            436.4817320703654,
            329.30987821380245,
            540.7307171853857,
            419.91880920162384
          ],
          "category": "car",
          "category ID": 3,
          "trunc": false
        }
      ]
    },
    {
      "frame_id": 40,
      "image_path": "frames/cfrLchAShxQ_004183/images/000040.jpg",
      "accident_id": 3,
      "accident_name": "lateral",
      "objects": [
        {
          "obj_track_id": 0,
          "bbox": [
            247.46955345060894,
            305.92692828146147,
            414.0730717185386,
            424.7902571041949
          ],
          "category": "car",
          "category ID": 3,
          "trunc": false
        },
        {
          "obj_track_id": 46,
          "bbox": [
            420.89309878213805,
            328.33558863328824,
            525.1420838971584,
            414.0730717185386
          ],
          "category": "car",
          "category ID": 3,
          "trunc": false
        }
      ]
    },
    {
      "frame_id": 41,
      "image_path": "frames/cfrLchAShxQ_004183/images/000041.jpg",
      "accident_id": 0,
      "accident_name": "normal",
      "objects": []
    },
    {
      "frame_id": 42,
      "image_path": "frames/cfrLchAShxQ_004183/images/000042.jpg",
      "accident_id": 0,
      "accident_name": "normal",
      "objects": []
    },
    {
      "frame_id": 43,
      "image_path": "frames/cfrLchAShxQ_004183/images/000043.jpg",
      "accident_id": 0,
      "accident_name": "normal",
      "objects": []
    },
    {
      "frame_id": 44,
      "image_path": "frames/cfrLchAShxQ_004183/images/000044.jpg",
      "accident_id": 0,
      "accident_name": "normal",
      "objects": []
    },
    {
      "frame_id": 45,
      "image_path": "frames/cfrLchAShxQ_004183/images/000045.jpg",
      "accident_id": 0,
      "accident_name": "normal",
      "objects": []
    },
    {
      "frame_id": 46,
      "image_path": "frames/cfrLchAShxQ_004183/images/000046.jpg",
      "accident_id": 0,
      "accident_name": "normal",
      "objects": []
    },
    {
      "frame_id": 47,
      "image_path": "frames/cfrLchAShxQ_004183/images/000047.jpg",
      "accident_id": 0,
      "accident_name": "normal",
      "objects": []
    },
    {
      "frame_id": 48,
      "image_path": "frames/cfrLchAShxQ_004183/images/000048.jpg",
      "accident_id": 0,
      "accident_name": "normal",
      "objects": []
    },
    {
      "frame_id": 49,
      "image_path": "frames/cfrLchAShxQ_004183/images/000049.jpg",
      "accident_id": 0,
      "accident_name": "normal",
      "objects": []
    },
    {
      "frame_id": 50,
      "image_path": "frames/cfrLchAShxQ_004183/images/000050.jpg",
      "accident_id": 0,
      "accident_name": "normal",
      "objects": []
    },
    {
      "frame_id": 51,
      "image_path": "frames/cfrLchAShxQ_004183/images/000051.jpg",
      "accident_id": 0,
      "accident_name": "normal",
      "objects": []
    },
    {
      "frame_id": 52,
      "image_path": "frames/cfrLchAShxQ_004183/images/000052.jpg",
      "accident_id": 0,
      "accident_name": "normal",
      "objects": []
    },
    {
      "frame_id": 53,
      "image_path": "frames/cfrLchAShxQ_004183/images/000053.jpg",
      "accident_id": 0,
      "accident_name": "normal",
      "objects": []
    },
    {
      "frame_id": 54,
      "image_path": "frames/cfrLchAShxQ_004183/images/000054.jpg",
      "accident_id": 0,
      "accident_name": "normal",
      "objects": []
    },
    {
      "frame_id": 55,
      "image_path": "frames/cfrLchAShxQ_004183/images/000055.jpg",
      "accident_id": 0,
      "accident_name": "normal",
      "objects": []
    },
    {
      "frame_id": 56,
      "image_path": "frames/cfrLchAShxQ_004183/images/000056.jpg",
      "accident_id": 0,
      "accident_name": "normal",
      "objects": []
    },
    {
      "frame_id": 57,
      "image_path": "frames/cfrLchAShxQ_004183/images/000057.jpg",
      "accident_id": 0,
      "accident_name": "normal",
      "objects": []
    },
    {
      "frame_id": 58,
      "image_path": "frames/cfrLchAShxQ_004183/images/000058.jpg",
      "accident_id": 0,
      "accident_name": "normal",
      "objects": []
    },
    {
      "frame_id": 59,
      "image_path": "frames/cfrLchAShxQ_004183/images/000059.jpg",
      "accident_id": 0,
      "accident_name": "normal",
      "objects": []
    },
    {
      "frame_id": 60,
      "image_path": "frames/cfrLchAShxQ_004183/images/000060.jpg",
      "accident_id": 0,
      "accident_name": "normal",
      "objects": []
    },
    {
      "frame_id": 61,
      "image_path": "frames/cfrLchAShxQ_004183/images/000061.jpg",
      "accident_id": 0,
      "accident_name": "normal",
      "objects": []
    },
    {
      "frame_id": 62,
      "image_path": "frames/cfrLchAShxQ_004183/images/000062.jpg",
      "accident_id": 0,
      "accident_name": "normal",
      "objects": []
    },
    {
      "frame_id": 63,
      "image_path": "frames/cfrLchAShxQ_004183/images/000063.jpg",
      "accident_id": 0,
      "accident_name": "normal",
      "objects": []
    },
    {
      "frame_id": 64,
      "image_path": "frames/cfrLchAShxQ_004183/images/000064.jpg",
      "accident_id": 0,
      "accident_name": "normal",
      "objects": []
    },
    {
      "frame_id": 65,
      "image_path": "frames/cfrLchAShxQ_004183/images/000065.jpg",
      "accident_id": 0,
      "accident_name": "normal",
      "objects": []
    },
    {
      "frame_id": 66,
      "image_path": "frames/cfrLchAShxQ_004183/images/000066.jpg",
      "accident_id": 0,
      "accident_name": "normal",
      "objects": []
    },
    {
      "frame_id": 67,
      "image_path": "frames/cfrLchAShxQ_004183/images/000067.jpg",
      "accident_id": 0,
      "accident_name": "normal",
      "objects": []
    },
    {
      "frame_id": 68,
      "image_path": "frames/cfrLchAShxQ_004183/images/000068.jpg",
      "accident_id": 0,
      "accident_name": "normal",
      "objects": []
    },
    {
      "frame_id": 69,
      "image_path": "frames/cfrLchAShxQ_004183/images/000069.jpg",
      "accident_id": 0,
      "accident_name": "normal",
      "objects": []
    },
    {
      "frame_id": 70,
      "image_path": "frames/cfrLchAShxQ_004183/images/000070.jpg",
      "accident_id": 0,
      "accident_name": "normal",
      "objects": []
    },
    {
      "frame_id": 71,
      "image_path": "frames/cfrLchAShxQ_004183/images/000071.jpg",
      "accident_id": 0,
      "accident_name": "normal",
      "objects": []
    },
    {
      "frame_id": 72,
      "image_path": "frames/cfrLchAShxQ_004183/images/000072.jpg",
      "accident_id": 0,
      "accident_name": "normal",
      "objects": []
    },
    {
      "frame_id": 73,
      "image_path": "frames/cfrLchAShxQ_004183/images/000073.jpg",
      "accident_id": 0,
      "accident_name": "normal",
      "objects": []
    },
    {
      "frame_id": 74,
      "image_path": "frames/cfrLchAShxQ_004183/images/000074.jpg",
      "accident_id": 0,
      "accident_name": "normal",
      "objects": []
    },
    {
      "frame_id": 75,
      "image_path": "frames/cfrLchAShxQ_004183/images/000075.jpg",
      "accident_id": 0,
      "accident_name": "normal",
      "objects": []
    }
  ]
}