{
  "video_name": "ecRog9N1Qf0_004683",
  "channel": "AnAn",
  "num_frames": 59,
  "ignore": false,
  "ego_involve": false,
  "night": false,
  "anomaly_start": 11,
  "anomaly_end": 38,
  "video_start": 4683,
  "video_end": 4741,
  "accident_id": "5",
  "accident_name": "turning",
  "labels": [
    {
      "frame_id": 0,
      "image_path": "frames/ecRog9N1Qf0_004683/images/000000.jpg",
      "accident_id": 0,
      "accident_name": "normal",
      "objects": []
    },
    {
      "frame_id": 1,
      "image_path": "frames/ecRog9N1Qf0_004683/images/000001.jpg",
      "accident_id": 0,
      "accident_name": "normal",
      "objects": []
    },
    {
      "frame_id": 2,
      "image_path": "frames/ecRog9N1Qf0_004683/images/000002.jpg",
      "accident_id": 0,
      "accident_name": "normal",
      "objects": []
    },
    {
      "frame_id": 3,
      "image_path": "frames/ecRog9N1Qf0_004683/images/000003.jpg",
      "accident_id": 0,
      "accident_name": "normal",
      "objects": []
    },
    {
      "frame_id": 4,
      "image_path": "frames/ecRog9N1Qf0_004683/images/000004.jpg",
      "accident_id": 0,
      "accident_name": "normal",
      "objects": []
    },
    {
      "frame_id": 5,
      "image_path": "frames/ecRog9N1Qf0_004683/images/000005.jpg",
      "accident_id": 0,
      "accident_name": "normal",
      "objects": []
    },
    {
      "frame_id": 6,
      "image_path": "frames/ecRog9N1Qf0_004683/images/000006.jpg",
      "accident_id": 0,
      "accident_name": "normal",
      "objects": []
    },
    {
      "frame_id": 7,
      "image_path": "frames/ecRog9N1Qf0_004683/images/000007.jpg",
      "accident_id": 0,
      "accident_name": "normal",
      "objects": []
    },
    {
      "frame_id": 8,
      "image_path": "frames/ecRog9N1Qf0_004683/images/000008.jpg",
      "accident_id": 0,
      "accident_name": "normal",
      "objects": []
    },
    {
      "frame_id": 9,
      "image_path": "frames/ecRog9N1Qf0_004683/images/000009.jpg",
      "accident_id": 0,
      "accident_name": "normal",
      "objects": []
    },
    {
      "frame_id": 10,
      "image_path": "frames/ecRog9N1Qf0_004683/images/000010.jpg",
      "accident_id": 0,
      "accident_name": "normal",
      "objects": []
    },
    {
      "frame_id": 11,
      "image_path": "frames/ecRog9N1Qf0_004683/images/000011.jpg",
      "accident_id": 5,
      "accident_name": "turning",
      "objects": [
        {
          "obj_track_id": 0,
          "bbox": [
            583.304347826087,
            224.69565217391303,
            730.0869565217391,
            283.1304347826087
          ],
          "category": "car",
          "category ID": 3,
          "trunc": false
        },
        {
          "obj_track_id": 129,
          "bbox": [
            92.28536880290206,
            170.43478260869566,
            357.2173913043478,
            282.4347826086956
          ],
          "category": "car",
          "category ID": 3,
          "trunc": false
        }
      ]
    },
    {
      "frame_id": 12,
      "image_path": "frames/ecRog9N1Qf0_004683/images/000012.jpg",
      "accident_id": 5,
      "accident_name": "turning",
      "objects": [
        {
          "obj_track_id": 0,
          "bbox": [
            574.2608695652175,
            222.6086956521739,
            725.2173913043479,
            286.2608695652174
          ],
          "category": "car",
          "category ID": 3,
          "trunc": false
        },
        {
          "obj_track_id": 129,
          "bbox": [
            121.01571946795647,
            170.43478260869566,
            385.7391304347826,
            285.2173913043478
          ],
          "category": "car",
          "category ID": 3,
          "trunc": false
        }
      ]
    },
    {
      "frame_id": 13,
      "image_path": "frames/ecRog9N1Qf0_004683/images/000013.jpg",
      "accident_id": 5,
      "accident_name": "turning",
      "objects": [
        {
          "obj_track_id": 0,
          "bbox": [
            565.2173913043479,
            220.52173913043478,
            720.3478260869565,
            289.39130434782606
          ],
          "category": "car",
          "category ID": 3,
          "trunc": false
        },
        {
          "obj_track_id": 129,
          "bbox": [
            147.82608695652175,
            162.7826086956522,
            432.3478260869565,
            285.9130434782609
          ],
          "category": "car",
          "category ID": 3,
          "trunc": false
        }
      ]
    },
    {
      "frame_id": 14,
      "image_path": "frames/ecRog9N1Qf0_004683/images/000014.jpg",
      "accident_id": 5,
      "accident_name": "turning",
      "objects": [
        {
          "obj_track_id": 0,
          "bbox": [
            558.9565217391304,
            223.30434782608697,
            713.3913043478261,
            292.8695652173913
          ],
          "category": "car",
          "category ID": 3,
          "trunc": false
        },
        {
          "obj_track_id": 129,
          "bbox": [
            179.1304347826087,
            159.30434782608697,
            465.04347826086956,
            286.60869565217394
          ],
          "category": "car",
          "category ID": 3,
          "trunc": false
        }
      ]
    },
    {
      "frame_id": 15,
      "image_path": "frames/ecRog9N1Qf0_004683/images/000015.jpg",
      "accident_id": 5,
      "accident_name": "turning",
      "objects": [
        {
          "obj_track_id": 0,
          "bbox": [
            550.6086956521739,
            221.91304347826087,
            708.5217391304348,
            294.2608695652174
          ],
          "category": "car",
          "category ID": 3,
          "trunc": false
        },
        {
          "obj_track_id": 129,
          "bbox": [
            213.2173913043478,
            159.30434782608697,
            501.5652173913043,
            286.9565217391305
          ],
          "category": "car",
          "category ID": 3,
          "trunc": false
        }
      ]
    },
    {
      "frame_id": 16,
      "image_path": "frames/ecRog9N1Qf0_004683/images/000016.jpg",
      "accident_id": 5,
      "accident_name": "turning",
      "objects": [
        {
          "obj_track_id": 0,
          "bbox": [
            545.7391304347826,
            222.6086956521739,
            705.0434782608696,
            297.04347826086956
          ],
          "category": "car",
          "category ID": 3,
          "trunc": false
        },
        {
          "obj_track_id": 129,
          "bbox": [
            247.30434782608697,
            159.30434782608697,
            538.0869565217391,
            287.304347826087
          ],
          "category": "car",
          "category ID": 3,
          "trunc": false
        }
      ]
    },
    {
      "frame_id": 17,
      "image_path": "frames/ecRog9N1Qf0_004683/images/000017.jpg",
      "accident_id": 5,
      "accident_name": "turning",
      "objects": [
        {
          "obj_track_id": 0,
          "bbox": [
            541.5652173913044,
            222.6086956521739,
            699.4782608695652,
            297.7391304347826
          ],
          "category": "car",
          "category ID": 3,
          "trunc": false
        },
        {
          "obj_track_id": 129,
          "bbox": [
            288.3478260869565,
            156.52173913043478,
            578.4347826086956,
            283.82608695652175
          ],
          "category": "car",
          "category ID": 3,
          "trunc": false
        }
      ]
    },
    {
      "frame_id": 18,
      "image_path": "frames/ecRog9N1Qf0_004683/images/000018.jpg",
      "accident_id": 5,
      "accident_name": "turning",
      "objects": [
        {
          "obj_track_id": 0,
          "bbox": [
            538.0869565217391,
            222.6086956521739,
            697.3913043478261,
            299.82608695652175
          ],
          "category": "car",
          "category ID": 3,
          "trunc": false
        },
        {
          "obj_track_id": 129,
          "bbox": [
            315.4782608695652,
            156.52173913043478,
            593.0434782608696,
            279.6521739130435
          ],
          "category": "car",
          "category ID": 3,
          "trunc": false
        }
      ]
    },
    {
      "frame_id": 19,
      "image_path": "frames/ecRog9N1Qf0_004683/images/000019.jpg",
      "accident_id": 5,
      "accident_name": "turning",
      "objects": [
        {
          "obj_track_id": 0,
          "bbox": [
            538.0869565217391,
            222.6086956521739,
            724.5217391304348,
            307.4782608695652
          ],
          "category": "car",
          "category ID": 3,
          "trunc": false
        },
        {
          "obj_track_id": 129,
          "bbox": [
            339.82608695652175,
            148.8695652173913,
            593.0434782608696,
            279.6521739130435
          ],
          "category": "car",
          "category ID": 3,
          "trunc": false
        }
      ]
    },
    {
      "frame_id": 20,
      "image_path": "frames/ecRog9N1Qf0_004683/images/000020.jpg",
      "accident_id": 5,
      "accident_name": "turning",
      "objects": [
        {
          "obj_track_id": 0,
          "bbox": [
            545.0434782608696,
            224,
            751.6521739130435,
            309.5652173913044
          ],
          "category": "car",
          "category ID": 3,
          "trunc": false
        },
        {
          "obj_track_id": 129,
          "bbox": [
            354.4347826086956,
            148.8695652173913,
            593.0434782608696,
            282.4347826086956
          ],
          "category": "car",
          "category ID": 3,
          "trunc": false
        }
      ]
    },
    {
      "frame_id": 21,
      "image_path": "frames/ecRog9N1Qf0_004683/images/000021.jpg",
      "accident_id": 5,
      "accident_name": "turning",
      "objects": [
        {
          "obj_track_id": 0,
          "bbox": [
            549.5652173913044,
            221.56521739130434,
            780.1739130434783,
            309.9130434782609
          ],
          "category": "car",
          "category ID": 3,
          "trunc": false
        },
        {
          "obj_track_id": 129,
          "bbox": [
            372.5217391304348,
            148.8695652173913,
            627.1304347826087,
            281.04347826086956
          ],
          "category": "car",
          "category ID": 3,
          "trunc": false
        }
      ]
    },
    {
      "frame_id": 22,
      "image_path": "frames/ecRog9N1Qf0_004683/images/000022.jpg",
      "accident_id": 5,
      "accident_name": "turning",
      "objects": [
        {
          "obj_track_id": 0,
          "bbox": [
            554.0869565217391,
            219.1304347826087,
            808.695652173913,
            310.2608695652174
          ],
          "category": "car",
          "category ID": 3,
          "trunc": false
        },
        {
          "obj_track_id": 129,
          "bbox": [
            385.04347826086956,
            148.8695652173913,
            636.8695652173913,
            282.4347826086956
          ],
          "category": "car",
          "category ID": 3,
          "trunc": false
        }
      ]
    },
    {
      "frame_id": 23,
      "image_path": "frames/ecRog9N1Qf0_004683/images/000023.jpg",
      "accident_id": 5,
      "accident_name": "turning",
      "objects": [
        {
          "obj_track_id": 0,
          "bbox": [
            559.6521739130435,
            219.1304347826087,
            830.9565217391304,
            313.04347826086956
          ],
          "category": "car",
          "category ID": 3,
          "trunc": false
        },
        {
          "obj_track_id": 129,
          "bbox": [
            394.4347826086957,
            148.8695652173913,
            646.2608695652174,
            282.4347826086956
          ],
          "category": "car",
          "category ID": 3,
          "trunc": false
        }
      ]
    },
    {
      "frame_id": 24,
      "image_path": "frames/ecRog9N1Qf0_004683/images/000024.jpg",
      "accident_id": 5,
      "accident_name": "turning",
      "objects": [
        {
          "obj_track_id": 0,
          "bbox": [
            563.1304347826087,
            219.1304347826087,
            844.1739130434783,
            312.3478260869565
          ],
          "category": "car",
          "category ID": 3,
          "trunc": false
        },
        {
          "obj_track_id": 129,
          "bbox": [
            403.8260869565218,
            148.8695652173913,
            655.6521739130435,
            282.4347826086956
          ],
          "category": "car",
          "category ID": 3,
          "trunc": false
        }
      ]
    },
    {
      "frame_id": 25,
      "image_path": "frames/ecRog9N1Qf0_004683/images/000025.jpg",
      "accident_id": 5,
      "accident_name": "turning",
      "objects": [
        {
          "obj_track_id": 0,
          "bbox": [
            566.6086956521739,
            219.1304347826087,
            854.6086956521739,
            311.6521739130435
          ],
          "category": "car",
          "category ID": 3,
          "trunc": false
        },
        {
          "obj_track_id": 129,
          "bbox": [
            399.6521739130435,
            142.6086956521739,
            661.9130434782609,
            282.4347826086956
          ],
          "category": "car",
          "category ID": 3,
          "trunc": false
        }
      ]
    },
    {
      "frame_id": 26,
      "image_path": "frames/ecRog9N1Qf0_004683/images/000026.jpg",
      "accident_id": 5,
      "accident_name": "turning",
      "objects": [
        {
          "obj_track_id": 0,
          "bbox": [
            568,
            219.1304347826087,
            856,
            313.7391304347826
          ],
          "category": "car",
          "category ID": 3,
          "trunc": false
        },
        {
          "obj_track_id": 129,
          "bbox": [
            396.17391304347825,
            141.91304347826087,
            664.0,
            281.73913043478257
          ],
          "category": "car",
          "category ID": 3,
          "trunc": false
        }
      ]
    },
    {
      "frame_id": 27,
      "image_path": "frames/ecRog9N1Qf0_004683/images/000027.jpg",
      "accident_id": 5,
      "accident_name": "turning",
      "objects": [
        {
          "obj_track_id": 0,
          "bbox": [
            568,
            219.1304347826087,
            855.304347826087,
            313.7391304347826
          ],
          "category": "car",
          "category ID": 3,
          "trunc": false
        },
        {
          "obj_track_id": 129,
          "bbox": [
            392.695652173913,
            141.2173913043478,
            666.0869565217391,
            281.0434782608695
          ],
          "category": "car",
          "category ID": 3,
          "trunc": false
        }
      ]
    },
    {
      "frame_id": 28,
      "image_path": "frames/ecRog9N1Qf0_004683/images/000028.jpg",
      "accident_id": 5,
      "accident_name": "turning",
      "objects": [
        {
          "obj_track_id": 0,
          "bbox": [
            567.304347826087,
            219.1304347826087,
            855.304347826087,
            314.0869565217391
          ],
          "category": "car",
          "category ID": 3,
          "trunc": false
        },
        {
          "obj_track_id": 129,
          "bbox": [
            392.695652173913,
            141.81366459627327,
            666.0869565217391,
            281.0434782608695
          ],
          "category": "car",
          "category ID": 3,
          "trunc": false
        }
      ]
    },
    {
      "frame_id": 29,
      "image_path": "frames/ecRog9N1Qf0_004683/images/000029.jpg",
      "accident_id": 5,
      "accident_name": "turning",
      "objects": [
        {
          "obj_track_id": 0,
          "bbox": [
            566.6086956521739,
            219.1304347826087,
            855.304347826087,
            314.4347826086956
          ],
          "category": "car",
          "category ID": 3,
          "trunc": false
        },
        {
          "obj_track_id": 129,
          "bbox": [
            392.695652173913,
            142.40993788819875,
            666.0869565217391,
            281.0434782608695
          ],
          "category": "car",
          "category ID": 3,
          "trunc": false
        }
      ]
    },
    {
      "frame_id": 30,
      "image_path": "frames/ecRog9N1Qf0_004683/images/000030.jpg",
      "accident_id": 5,
      "accident_name": "turning",
      "objects": [
        {
          "obj_track_id": 0,
          "bbox": [
            565.2173913043479,
            219.1304347826087,
            855.304347826087,
            314.4347826086956
          ],
          "category": "car",
          "category ID": 3,
          "trunc": false
        },
        {
          "obj_track_id": 129,
          "bbox": [
            392.695652173913,
            143.0062111801242,
            666.0869565217391,
            281.0434782608695
          ],
          "category": "car",
          "category ID": 3,
          "trunc": false
        }
      ]
    },
    {
      "frame_id": 31,
      "image_path": "frames/ecRog9N1Qf0_004683/images/000031.jpg",
      "accident_id": 5,
      "accident_name": "turning",
      "objects": [
        {
          "obj_track_id": 0,
          "bbox": [
            565.2173913043479,
            219.1304347826087,
            855.304347826087,
            314.4347826086956
          ],
          "category": "car",
          "category ID": 3,
          "trunc": false
        },
        {
          "obj_track_id": 129,
          "bbox": [
            392.695652173913,
            143.6024844720497,
            666.0869565217391,
            281.0434782608695
          ],
          "category": "car",
          "category ID": 3,
          "trunc": false
        }
      ]
    },
    {
      "frame_id": 32,
      "image_path": "frames/ecRog9N1Qf0_004683/images/000032.jpg",
      "accident_id": 5,
      "accident_name": "turning",
      "objects": [
        {
          "obj_track_id": 0,
          "bbox": [
            565.2173913043479,
            219.1304347826087,
            855.304347826087,
            314.4347826086956
          ],
          "category": "car",
          "category ID": 3,
          "trunc": false
        },
        {
          "obj_track_id": 129,
          "bbox": [
            392.695652173913,
            144.19875776397515,
            666.0869565217391,
            281.0434782608695
          ],
          "category": "car",
          "category ID": 3,
          "trunc": false
        }
      ]
    },
    {
      "frame_id": 33,
      "image_path": "frames/ecRog9N1Qf0_004683/images/000033.jpg",
      "accident_id": 5,
      "accident_name": "turning",
      "objects": [
        {
          "obj_track_id": 0,
          "bbox": [
            565.2173913043479,
            219.1304347826087,
            855.304347826087,
            314.4347826086956
          ],
          "category": "car",
          "category ID": 3,
          "trunc": false
        },
        {
          "obj_track_id": 129,
          "bbox": [
            392.695652173913,
            144.79503105590064,
            666.0869565217391,
            281.0434782608695
          ],
          "category": "car",
          "category ID": 3,
          "trunc": false
        }
      ]
    },
    {
      "frame_id": 34,
      "image_path": "frames/ecRog9N1Qf0_004683/images/000034.jpg",
      "accident_id": 5,
      "accident_name": "turning",
      "objects": [
        {
          "obj_track_id": 0,
          "bbox": [
            565.2173913043479,
            219.1304347826087,
            855.304347826087,
            314.4347826086956
          ],
          "category": "car",
          "category ID": 3,
          "trunc": false
        },
        {
          "obj_track_id": 129,
          "bbox": [
            392.695652173913,
            145.3913043478261,
            666.0869565217391,
            281.0434782608695
          ],
          "category": "car",
          "category ID": 3,
          "trunc": false
        }
      ]
    },
    {
      "frame_id": 35,
      "image_path": "frames/ecRog9N1Qf0_004683/images/000035.jpg",
      "accident_id": 5,
      "accident_name": "turning",
      "objects": [
        {
          "obj_track_id": 0,
          "bbox": [
            565.2173913043479,
            219.1304347826087,
            855.304347826087,
            314.4347826086956
          ],
          "category": "car",
          "category ID": 3,
          "trunc": false
        },
        {
          "obj_track_id": 129,
          "bbox": [
            392.695652173913,
            145.3913043478261,
            666.0869565217391,
            281.0434782608695
          ],
          "category": "car",
          "category ID": 3,
          "trunc": false
        }
      ]
    },
    {
      "frame_id": 36,
      "image_path": "frames/ecRog9N1Qf0_004683/images/000036.jpg",
      "accident_id": 5,
      "accident_name": "turning",
      "objects": [
        {
          "obj_track_id": 0,
          "bbox": [
            565.2173913043479,
            219.1304347826087,
            855.304347826087,
            314.4347826086956
          ],
          "category": "car",
          "category ID": 3,
          "trunc": false
        },
        {
          "obj_track_id": 129,
          "bbox": [
            392.695652173913,
            145.3913043478261,
            666.0869565217391,
            281.0434782608695
          ],
          "category": "car",
          "category ID": 3,
          "trunc": false
        }
      ]
    },
    {
      "frame_id": 37,
      "image_path": "frames/ecRog9N1Qf0_004683/images/000037.jpg",
      "accident_id": 5,
      "accident_name": "turning",
      "objects": [
        {
          "obj_track_id": 0,
          "bbox": [
            565.2173913043479,
            219.1304347826087,
            855.304347826087,
            314.4347826086956
          ],
          "category": "car",
          "category ID": 3,
          "trunc": false
        },
        {
          "obj_track_id": 129,
          "bbox": [
            392.695652173913,
            145.3913043478261,
            666.0869565217391,
            281.0434782608695
          ],
          "category": "car",
          "category ID": 3,
          "trunc": false
        }
      ]
    },
    {
      "frame_id": 38,
      "image_path": "frames/ecRog9N1Qf0_004683/images/000038.jpg",
      "accident_id": 0,
      "accident_name": "normal",
      "objects": []
    },
    {
      "frame_id": 39,
      "image_path": "frames/ecRog9N1Qf0_004683/images/000039.jpg",
      "accident_id": 0,
      "accident_name": "normal",
      "objects": []
    },
    {
      "frame_id": 40,
      "image_path": "frames/ecRog9N1Qf0_004683/images/000040.jpg",
      "accident_id": 0,
      "accident_name": "normal",
      "objects": []
    },
    {
      "frame_id": 41,
      "image_path": "frames/ecRog9N1Qf0_004683/images/000041.jpg",
      "accident_id": 0,
      "accident_name": "normal",
      "objects": []
    },
    {
      "frame_id": 42,
      "image_path": "frames/ecRog9N1Qf0_004683/images/000042.jpg",
      "accident_id": 0,
      "accident_name": "normal",
      "objects": []
    },
    {
      "frame_id": 43,
      "image_path": "frames/ecRog9N1Qf0_004683/images/000043.jpg",
      "accident_id": 0,
      "accident_name": "normal",
      "objects": []
    },
    {
      "frame_id": 44,
      "image_path": "frames/ecRog9N1Qf0_004683/images/000044.jpg",
      "accident_id": 0,
      "accident_name": "normal",
      "objects": []
    },
    {
      "frame_id": 45,
      "image_path": "frames/ecRog9N1Qf0_004683/images/000045.jpg",
      "accident_id": 0,
      "accident_name": "normal",
      "objects": []
    },
    {
      "frame_id": 46,
      "image_path": "frames/ecRog9N1Qf0_004683/images/000046.jpg",
      "accident_id": 0,
      "accident_name": "normal",
      "objects": []
    },
    {
      "frame_id": 47,
      "image_path": "frames/ecRog9N1Qf0_004683/images/000047.jpg",
      "accident_id": 0,
      "accident_name": "normal",
      "objects": []
    },
    {
      "frame_id": 48,
      "image_path": "frames/ecRog9N1Qf0_004683/images/000048.jpg",
      "accident_id": 0,
      "accident_name": "normal",
      "objects": []
    },
    {
      "frame_id": 49,
      "image_path": "frames/ecRog9N1Qf0_004683/images/000049.jpg",
      "accident_id": 0,
      "accident_name": "normal",
      "objects": []
    },
    {
      "frame_id": 50,
      "image_path": "frames/ecRog9N1Qf0_004683/images/000050.jpg",
      "accident_id": 0,
      "accident_name": "normal",
      "objects": []
    },
    {
      "frame_id": 51,
      "image_path": "frames/ecRog9N1Qf0_004683/images/000051.jpg",
      "accident_id": 0,
      "accident_name": "normal",
      "objects": []
    },
    {
      "frame_id": 52,
      "image_path": "frames/ecRog9N1Qf0_004683/images/000052.jpg",
      "accident_id": 0,
      "accident_name": "normal",
      "objects": []
    },
    {
      "frame_id": 53,
      "image_path": "frames/ecRog9N1Qf0_004683/images/000053.jpg",
      "accident_id": 0,
      "accident_name": "normal",
      "objects": []
    },
    {
      "frame_id": 54,
      "image_path": "frames/ecRog9N1Qf0_004683/images/000054.jpg",
      "accident_id": 0,
      "accident_name": "normal",
      "objects": []
    },
    {
      "frame_id": 55,
      "image_path": "frames/ecRog9N1Qf0_004683/images/000055.jpg",
      "accident_id": 0,
      "accident_name": "normal",
      "objects": []
    },
    {
      "frame_id": 56,
      "image_path": "frames/ecRog9N1Qf0_004683/images/000056.jpg",
      "accident_id": 0,
      "accident_name": "normal",
      "objects": []
    },
    {
      "frame_id": 57,
      "image_path": "frames/ecRog9N1Qf0_004683/images/000057.jpg",
      "accident_id": 0,
      "accident_name": "normal",
      "objects": []
    },
    {
      "frame_id": 58,
      "image_path": "frames/ecRog9N1Qf0_004683/images/000058.jpg",
      "accident_id": 0,
      "accident_name": "normal",
      "objects": []
    }
  ]
}