{
  "video_name": "ecRog9N1Qf0_002116",
  "channel": "AnAn",
  "num_frames": 88,
  "ignore": false,
  "ego_involve": true,
  "night": false,
  "anomaly_start": 32,
  "anomaly_end": 51,
  "video_start": 2116,
  "video_end": 2203,
  "accident_id": "6",
  "accident_name": "pedestrian",
  "labels": [
    {
      "frame_id": 0,
      "image_path": "frames/ecRog9N1Qf0_002116/images/000000.jpg",
      "accident_id": 0,
      "accident_name": "normal",
      "objects": []
    },
    {
      "frame_id": 1,
      "image_path": "frames/ecRog9N1Qf0_002116/images/000001.jpg",
      "accident_id": 0,
      "accident_name": "normal",
      "objects": []
    },
    {
      "frame_id": 2,
      "image_path": "frames/ecRog9N1Qf0_002116/images/000002.jpg",
      "accident_id": 0,
      "accident_name": "normal",
      "objects": []
    },
    {
      "frame_id": 3,
      "image_path": "frames/ecRog9N1Qf0_002116/images/000003.jpg",
      "accident_id": 0,
      "accident_name": "normal",
      "objects": []
    },
    {
      "frame_id": 4,
      "image_path": "frames/ecRog9N1Qf0_002116/images/000004.jpg",
      "accident_id": 0,
      "accident_name": "normal",
      "objects": []
    },
    {
      "frame_id": 5,
      "image_path": "frames/ecRog9N1Qf0_002116/images/000005.jpg",
      "accident_id": 0,
      "accident_name": "normal",
      "objects": []
    },
    {
      "frame_id": 6,
      "image_path": "frames/ecRog9N1Qf0_002116/images/000006.jpg",
      "accident_id": 0,
      "accident_name": "normal",
      "objects": []
    },
    {
      "frame_id": 7,
      "image_path": "frames/ecRog9N1Qf0_002116/images/000007.jpg",
      "accident_id": 0,
      "accident_name": "normal",
      "objects": []
    },
    {
      "frame_id": 8,
      "image_path": "frames/ecRog9N1Qf0_002116/images/000008.jpg",
      "accident_id": 0,
      "accident_name": "normal",
      "objects": []
    },
    {
      "frame_id": 9,
      "image_path": "frames/ecRog9N1Qf0_002116/images/000009.jpg",
      "accident_id": 0,
      "accident_name": "normal",
      "objects": []
    },
    {
      "frame_id": 10,
      "image_path": "frames/ecRog9N1Qf0_002116/images/000010.jpg",
      "accident_id": 0,
      "accident_name": "normal",
      "objects": []
    },
    {
      "frame_id": 11,
      "image_path": "frames/ecRog9N1Qf0_002116/images/000011.jpg",
      "accident_id": 0,
      "accident_name": "normal",
      "objects": []
    },
    {
      "frame_id": 12,
      "image_path": "frames/ecRog9N1Qf0_002116/images/000012.jpg",
      "accident_id": 0,
      "accident_name": "normal",
      "objects": []
    },
    {
      "frame_id": 13,
      "image_path": "frames/ecRog9N1Qf0_002116/images/000013.jpg",
      "accident_id": 0,
      "accident_name": "normal",
      "objects": []
    },
    {
      "frame_id": 14,
      "image_path": "frames/ecRog9N1Qf0_002116/images/000014.jpg",
      "accident_id": 0,
      "accident_name": "normal",
      "objects": []
    },
    {
      "frame_id": 15,
      "image_path": "frames/ecRog9N1Qf0_002116/images/000015.jpg",
      "accident_id": 0,
      "accident_name": "normal",
      "objects": []
    },
    {
      "frame_id": 16,
      "image_path": "frames/ecRog9N1Qf0_002116/images/000016.jpg",
      "accident_id": 0,
      "accident_name": "normal",
      "objects": []
    },
    {
      "frame_id": 17,
      "image_path": "frames/ecRog9N1Qf0_002116/images/000017.jpg",
      "accident_id": 0,
      "accident_name": "normal",
      "objects": []
    },
    {
      "frame_id": 18,
      "image_path": "frames/ecRog9N1Qf0_002116/images/000018.jpg",
      "accident_id": 0,
      "accident_name": "normal",
      "objects": []
    },
    {
      "frame_id": 19,
      "image_path": "frames/ecRog9N1Qf0_002116/images/000019.jpg",
      "accident_id": 0,
      "accident_name": "normal",
      "objects": []
    },
    {
      "frame_id": 20,
      "image_path": "frames/ecRog9N1Qf0_002116/images/000020.jpg",
      "accident_id": 0,
      "accident_name": "normal",
      "objects": []
    },
    {
      "frame_id": 21,
      "image_path": "frames/ecRog9N1Qf0_002116/images/000021.jpg",
      "accident_id": 0,
      "accident_name": "normal",
      "objects": []
    },
    {
      "frame_id": 22,
      "image_path": "frames/ecRog9N1Qf0_002116/images/000022.jpg",
      "accident_id": 0,
      "accident_name": "normal",
      "objects": []
    },
    {
      "frame_id": 23,
      "image_path": "frames/ecRog9N1Qf0_002116/images/000023.jpg",
      "accident_id": 0,
      "accident_name": "normal",
      "objects": []
    },
    {
      "frame_id": 24,
      "image_path": "frames/ecRog9N1Qf0_002116/images/000024.jpg",
      "accident_id": 0,
      "accident_name": "normal",
      "objects": []
    },
    {
      "frame_id": 25,
      "image_path": "frames/ecRog9N1Qf0_002116/images/000025.jpg",
      "accident_id": 0,
      "accident_name": "normal",
      "objects": []
    },
    {
      "frame_id": 26,
      "image_path": "frames/ecRog9N1Qf0_002116/images/000026.jpg",
      "accident_id": 0,
      "accident_name": "normal",
      "objects": []
    },
    {
      "frame_id": 27,
      "image_path": "frames/ecRog9N1Qf0_002116/images/000027.jpg",
      "accident_id": 0,
      "accident_name": "normal",
      "objects": []
    },
    {
      "frame_id": 28,
      "image_path": "frames/ecRog9N1Qf0_002116/images/000028.jpg",
      "accident_id": 0,
      "accident_name": "normal",
      "objects": []
    },
    {
      "frame_id": 29,
      "image_path": "frames/ecRog9N1Qf0_002116/images/000029.jpg",
      "accident_id": 0,
      "accident_name": "normal",
      "objects": []
    },
    {
      "frame_id": 30,
      "image_path": "frames/ecRog9N1Qf0_002116/images/000030.jpg",
      "accident_id": 0,
      "accident_name": "normal",
      "objects": []
    },
    {
      "frame_id": 31,
      "image_path": "frames/ecRog9N1Qf0_002116/images/000031.jpg",
      "accident_id": 0,
      "accident_name": "normal",
      "objects": []
    },
    {
      "frame_id": 32,
      "image_path": "frames/ecRog9N1Qf0_002116/images/000032.jpg",
      "accident_id": 6,
      "accident_name": "pedestrian",
      "objects": [
        {
          "obj_track_id": 0,
          "bbox": [
            412.3636363636363,
            358.3636363636363,
            450.81818181818176,
            462.27272727272725
          ],
          "category": "person",
          "category ID": 1,
          "trunc": false
        }
      ]
    },
    {
      "frame_id": 33,
      "image_path": "frames/ecRog9N1Qf0_002116/images/000033.jpg",
      "accident_id": 6,
      "accident_name": "pedestrian",
      "objects": [
        {
          "obj_track_id": 0,
          "bbox": [
            417.27272727272725,
            356.18181818181813,
            459.27272727272725,
            465.81818181818176
          ],
          "category": "person",
          "category ID": 1,
          "trunc": false
        }
      ]
    },
    {
      "frame_id": 34,
      "image_path": "frames/ecRog9N1Qf0_002116/images/000034.jpg",
      "accident_id": 6,
      "accident_name": "pedestrian",
      "objects": [
        {
          "obj_track_id": 0,
          "bbox": [
            422.18181818181813,
            354,
            467.72727272727263,
            469.3636363636364
          ],
          "category": "person",
          "category ID": 1,
          "trunc": false
        }
      ]
    },
    {
      "frame_id": 35,
      "image_path": "frames/ecRog9N1Qf0_002116/images/000035.jpg",
      "accident_id": 6,
      "accident_name": "pedestrian",
      "objects": [
        {
          "obj_track_id": 0,
          "bbox": [
            427.09090909090907,
            351.8181818181818,
            476.18181818181813,
            472.9090909090909
          ],
          "category": "person",
          "category ID": 1,
          "trunc": false
        }
      ]
    },
    {
      "frame_id": 36,
      "image_path": "frames/ecRog9N1Qf0_002116/images/000036.jpg",
      "accident_id": 6,
      "accident_name": "pedestrian",
      "objects": [
        {
          "obj_track_id": 0,
          "bbox": [
            432.81818181818176,
            349.6363636363636,
            484.63636363636357,
            490.09090909090907
          ],
          "category": "person",
          "category ID": 1,
          "trunc": false
        }
      ]
    },
    {
      "frame_id": 37,
      "image_path": "frames/ecRog9N1Qf0_002116/images/000037.jpg",
      "accident_id": 6,
      "accident_name": "pedestrian",
      "objects": [
        {
          "obj_track_id": 0,
          "bbox": [
            434.45454545454544,
            347.45454545454544,
            493.090909090909,
            506.45454545454544
          ],
          "category": "person",
          "category ID": 1,
          "trunc": false
        }
      ]
    },
    {
      "frame_id": 38,
      "image_path": "frames/ecRog9N1Qf0_002116/images/000038.jpg",
      "accident_id": 6,
      "accident_name": "pedestrian",
      "objects": [
        {
          "obj_track_id": 0,
          "bbox": [
            443.0454545454545,
            345.27272727272725,
            501.5454545454545,
            520.5681818181819
          ],
          "category": "person",
          "category ID": 1,
          "trunc": false
        }
      ]
    },
    {
      "frame_id": 39,
      "image_path": "frames/ecRog9N1Qf0_002116/images/000039.jpg",
      "accident_id": 6,
      "accident_name": "pedestrian",
      "objects": [
        {
          "obj_track_id": 0,
          "bbox": [
            448.1590909090909,
            342.4090909090909,
            516.2727272727273,
            535.1931818181818
          ],
          "category": "person",
          "category ID": 1,
          "trunc": false
        }
      ]
    },
    {
      "frame_id": 40,
      "image_path": "frames/ecRog9N1Qf0_002116/images/000040.jpg",
      "accident_id": 6,
      "accident_name": "pedestrian",
      "objects": [
        {
          "obj_track_id": 0,
          "bbox": [
            453.27272727272725,
            339.5454545454545,
            531.0,
            549.8181818181818
          ],
          "category": "person",
          "category ID": 1,
          "trunc": false
        }
      ]
    },
    {
      "frame_id": 41,
      "image_path": "frames/ecRog9N1Qf0_002116/images/000041.jpg",
      "accident_id": 6,
      "accident_name": "pedestrian",
      "objects": [
        {
          "obj_track_id": 0,
          "bbox": [
            467.18181818181813,
            333.8181818181818,
            553.9090909090909,
            551.9220779220778
          ],
          "category": "person",
          "category ID": 1,
          "trunc": false
        }
      ]
    },
    {
      "frame_id": 42,
      "image_path": "frames/ecRog9N1Qf0_002116/images/000042.jpg",
      "accident_id": 6,
      "accident_name": "pedestrian",
      "objects": [
        {
          "obj_track_id": 0,
          "bbox": [
            485.99999999999994,
            330.5454545454545,
            580.9090909090909,
            554.0259740259739
          ],
          "category": "person",
          "category ID": 1,
          "trunc": false
        }
      ]
    },
    {
      "frame_id": 43,
      "image_path": "frames/ecRog9N1Qf0_002116/images/000043.jpg",
      "accident_id": 6,
      "accident_name": "pedestrian",
      "objects": [
        {
          "obj_track_id": 0,
          "bbox": [
            507.27272727272725,
            324.8181818181818,
            623.4545454545454,
            556.12987012987
          ],
          "category": "person",
          "category ID": 1,
          "trunc": false
        }
      ]
    },
    {
      "frame_id": 44,
      "image_path": "frames/ecRog9N1Qf0_002116/images/000044.jpg",
      "accident_id": 6,
      "accident_name": "pedestrian",
      "objects": [
        {
          "obj_track_id": 0,
          "bbox": [
            544.9090909090909,
            315,
            670.090909090909,
            558.8181818181818
          ],
          "category": "person",
          "category ID": 1,
          "trunc": false
        }
      ]
    },
    {
      "frame_id": 45,
      "image_path": "frames/ecRog9N1Qf0_002116/images/000045.jpg",
      "accident_id": 6,
      "accident_name": "pedestrian",
      "objects": [
        {
          "obj_track_id": 0,
          "bbox": [
            590.7272727272726,
            301.09090909090907,
            736.3636363636363,
            560.7272727272726
          ],
          "category": "person",
          "category ID": 1,
          "trunc": false
        }
      ]
    },
    {
      "frame_id": 46,
      "image_path": "frames/ecRog9N1Qf0_002116/images/000046.jpg",
      "accident_id": 6,
      "accident_name": "pedestrian",
      "objects": [
        {
          "obj_track_id": 0,
          "bbox": [
            654.5454545454545,
            285.95454545454544,
            830.4545454545454,
            562.6363636363635
          ],
          "category": "person",
          "category ID": 1,
          "trunc": false
        }
      ]
    },
    {
      "frame_id": 47,
      "image_path": "frames/ecRog9N1Qf0_002116/images/000047.jpg",
      "accident_id": 6,
      "accident_name": "pedestrian",
      "objects": [
        {
          "obj_track_id": 0,
          "bbox": [
            724.9090909090909,
            270.8181818181818,
            955.6363636363635,
            564.5454545454545
          ],
          "category": "person",
          "category ID": 1,
          "trunc": false
        }
      ]
    },
    {
      "frame_id": 48,
      "image_path": "frames/ecRog9N1Qf0_002116/images/000048.jpg",
      "accident_id": 6,
      "accident_name": "pedestrian",
      "objects": [
        {
          "obj_track_id": 0,
          "bbox": [
            864.8181818181818,
            248.72727272727272,
            1088.181818181818,
            571.090909090909
          ],
          "category": "person",
          "category ID": 1,
          "trunc": false
        }
      ]
    },
    {
      "frame_id": 49,
      "image_path": "frames/ecRog9N1Qf0_002116/images/000049.jpg",
      "accident_id": 6,
      "accident_name": "pedestrian",
      "objects": [
        {
          "obj_track_id": 0,
          "bbox": [
            1028.4545454545453,
            247.09090909090907,
            1217.4545454545453,
            582.5454545454545
          ],
          "category": "person",
          "category ID": 1,
          "trunc": false
        }
      ]
    },
    {
      "frame_id": 50,
      "image_path": "frames/ecRog9N1Qf0_002116/images/000050.jpg",
      "accident_id": 6,
      "accident_name": "pedestrian",
      "objects": [
        {
          "obj_track_id": 0,
          "bbox": [
            1151.181818181818,
            321.5454545454545,
            1280.0,
            570.2727272727273
          ],
          "category": "person",
          "category ID": 1,
          "trunc": true
        }
      ]
    },
    {
      "frame_id": 51,
      "image_path": "frames/ecRog9N1Qf0_002116/images/000051.jpg",
      "accident_id": 0,
      "accident_name": "normal",
      "objects": []
    },
    {
      "frame_id": 52,
      "image_path": "frames/ecRog9N1Qf0_002116/images/000052.jpg",
      "accident_id": 0,
      "accident_name": "normal",
      "objects": []
    },
    {
      "frame_id": 53,
      "image_path": "frames/ecRog9N1Qf0_002116/images/000053.jpg",
      "accident_id": 0,
      "accident_name": "normal",
      "objects": []
    },
    {
      "frame_id": 54,
      "image_path": "frames/ecRog9N1Qf0_002116/images/000054.jpg",
      "accident_id": 0,
      "accident_name": "normal",
      "objects": []
    },
    {
      "frame_id": 55,
      "image_path": "frames/ecRog9N1Qf0_002116/images/000055.jpg",
      "accident_id": 0,
      "accident_name": "normal",
      "objects": []
    },
    {
      "frame_id": 56,
      "image_path": "frames/ecRog9N1Qf0_002116/images/000056.jpg",
      "accident_id": 0,
      "accident_name": "normal",
      "objects": []
    },
    {
      "frame_id": 57,
      "image_path": "frames/ecRog9N1Qf0_002116/images/000057.jpg",
      "accident_id": 0,
      "accident_name": "normal",
      "objects": []
    },
    {
      "frame_id": 58,
      "image_path": "frames/ecRog9N1Qf0_002116/images/000058.jpg",
      "accident_id": 0,
      "accident_name": "normal",
      "objects": []
    },
    {
      "frame_id": 59,
      "image_path": "frames/ecRog9N1Qf0_002116/images/000059.jpg",
      "accident_id": 0,
      "accident_name": "normal",
      "objects": []
    },
    {
      "frame_id": 60,
      "image_path": "frames/ecRog9N1Qf0_002116/images/000060.jpg",
      "accident_id": 0,
      "accident_name": "normal",
      "objects": []
    },
    {
      "frame_id": 61,
      "image_path": "frames/ecRog9N1Qf0_002116/images/000061.jpg",
      "accident_id": 0,
      "accident_name": "normal",
      "objects": []
    },
    {
      "frame_id": 62,
      "image_path": "frames/ecRog9N1Qf0_002116/images/000062.jpg",
      "accident_id": 0,
      "accident_name": "normal",
      "objects": []
    },
    {
      "frame_id": 63,
      "image_path": "frames/ecRog9N1Qf0_002116/images/000063.jpg",
      "accident_id": 0,
      "accident_name": "normal",
      "objects": []
    },
    {
      "frame_id": 64,
      "image_path": "frames/ecRog9N1Qf0_002116/images/000064.jpg",
      "accident_id": 0,
      "accident_name": "normal",
      "objects": []
    },
    {
      "frame_id": 65,
      "image_path": "frames/ecRog9N1Qf0_002116/images/000065.jpg",
      "accident_id": 0,
      "accident_name": "normal",
      "objects": []
    },
    {
      "frame_id": 66,
      "image_path": "frames/ecRog9N1Qf0_002116/images/000066.jpg",
      "accident_id": 0,
      "accident_name": "normal",
      "objects": []
    },
    {
      "frame_id": 67,
      "image_path": "frames/ecRog9N1Qf0_002116/images/000067.jpg",
      "accident_id": 0,
      "accident_name": "normal",
      "objects": []
    },
    {
      "frame_id": 68,
      "image_path": "frames/ecRog9N1Qf0_002116/images/000068.jpg",
      "accident_id": 0,
      "accident_name": "normal",
      "objects": []
    },
    {
      "frame_id": 69,
      "image_path": "frames/ecRog9N1Qf0_002116/images/000069.jpg",
      "accident_id": 0,
      "accident_name": "normal",
      "objects": []
    },
    {
      "frame_id": 70,
      "image_path": "frames/ecRog9N1Qf0_002116/images/000070.jpg",
      "accident_id": 0,
      "accident_name": "normal",
      "objects": []
    },
    {
      "frame_id": 71,
      "image_path": "frames/ecRog9N1Qf0_002116/images/000071.jpg",
      "accident_id": 0,
      "accident_name": "normal",
      "objects": []
    },
    {
      "frame_id": 72,
      "image_path": "frames/ecRog9N1Qf0_002116/images/000072.jpg",
      "accident_id": 0,
      "accident_name": "normal",
      "objects": []
    },
    {
      "frame_id": 73,
      "image_path": "frames/ecRog9N1Qf0_002116/images/000073.jpg",
      "accident_id": 0,
      "accident_name": "normal",
      "objects": []
    },
    {
      "frame_id": 74,
      "image_path": "frames/ecRog9N1Qf0_002116/images/000074.jpg",
      "accident_id": 0,
      "accident_name": "normal",
      "objects": []
    },
    {
      "frame_id": 75,
      "image_path": "frames/ecRog9N1Qf0_002116/images/000075.jpg",
      "accident_id": 0,
      "accident_name": "normal",
      "objects": []
    },
    {
      "frame_id": 76,
      "image_path": "frames/ecRog9N1Qf0_002116/images/000076.jpg",
      "accident_id": 0,
      "accident_name": "normal",
      "objects": []
    },
    {
      "frame_id": 77,
      "image_path": "frames/ecRog9N1Qf0_002116/images/000077.jpg",
      "accident_id": 0,
      "accident_name": "normal",
      "objects": []
    },
    {
      "frame_id": 78,
      "image_path": "frames/ecRog9N1Qf0_002116/images/000078.jpg",
      "accident_id": 0,
      "accident_name": "normal",
      "objects": []
    },
    {
      "frame_id": 79,
      "image_path": "frames/ecRog9N1Qf0_002116/images/000079.jpg",
      "accident_id": 0,
      "accident_name": "normal",
      "objects": []
    },
    {
      "frame_id": 80,
      "image_path": "frames/ecRog9N1Qf0_002116/images/000080.jpg",
      "accident_id": 0,
      "accident_name": "normal",
      "objects": []
    },
    {
      "frame_id": 81,
      "image_path": "frames/ecRog9N1Qf0_002116/images/000081.jpg",
      "accident_id": 0,
      "accident_name": "normal",
      "objects": []
    },
    {
      "frame_id": 82,
      "image_path": "frames/ecRog9N1Qf0_002116/images/000082.jpg",
      "accident_id": 0,
      "accident_name": "normal",
      "objects": []
    },
    {
      "frame_id": 83,
      "image_path": "frames/ecRog9N1Qf0_002116/images/000083.jpg",
      "accident_id": 0,
      "accident_name": "normal",
      "objects": []
    },
    {
      "frame_id": 84,
      "image_path": "frames/ecRog9N1Qf0_002116/images/000084.jpg",
      "accident_id": 0,
      "accident_name": "normal",
      "objects": []
    },
    {
      "frame_id": 85,
      "image_path": "frames/ecRog9N1Qf0_002116/images/000085.jpg",
      "accident_id": 0,
      "accident_name": "normal",
      "objects": []
    },
    {
      "frame_id": 86,
      "image_path": "frames/ecRog9N1Qf0_002116/images/000086.jpg",
      "accident_id": 0,
      "accident_name": "normal",
      "objects": []
    },
    {
      "frame_id": 87,
      "image_path": "frames/ecRog9N1Qf0_002116/images/000087.jpg",
      "accident_id": 0,
      "accident_name": "normal",
      "objects": []
    }
  ]
}