{
  "video_name": "Eq7_uD2yN5Y_002726",
  "channel": "CarCrashesTime",
  "num_frames": 79,
  "ignore": false,
  "ego_involve": false,
  "night": false,
  "anomaly_start": 22,
  "anomaly_end": 57,
  "video_start": 2726,
  "video_end": 2804,
  "accident_id": "3",
  "accident_name": "lateral",
  "labels": [
    {
      "frame_id": 0,
      "image_path": "frames/Eq7_uD2yN5Y_002726/images/000000.jpg",
      "accident_id": 0,
      "accident_name": "normal",
      "objects": []
    },
    {
      "frame_id": 1,
      "image_path": "frames/Eq7_uD2yN5Y_002726/images/000001.jpg",
      "accident_id": 0,
      "accident_name": "normal",
      "objects": []
    },
    {
      "frame_id": 2,
      "image_path": "frames/Eq7_uD2yN5Y_002726/images/000002.jpg",
      "accident_id": 0,
      "accident_name": "normal",
      "objects": []
    },
    {
      "frame_id": 3,
      "image_path": "frames/Eq7_uD2yN5Y_002726/images/000003.jpg",
      "accident_id": 0,
      "accident_name": "normal",
      "objects": []
    },
    {
      "frame_id": 4,
      "image_path": "frames/Eq7_uD2yN5Y_002726/images/000004.jpg",
      "accident_id": 0,
      "accident_name": "normal",
      "objects": []
    },
    {
      "frame_id": 5,
      "image_path": "frames/Eq7_uD2yN5Y_002726/images/000005.jpg",
      "accident_id": 0,
      "accident_name": "normal",
      "objects": []
    },
    {
      "frame_id": 6,
      "image_path": "frames/Eq7_uD2yN5Y_002726/images/000006.jpg",
      "accident_id": 0,
      "accident_name": "normal",
      "objects": []
    },
    {
      "frame_id": 7,
      "image_path": "frames/Eq7_uD2yN5Y_002726/images/000007.jpg",
      "accident_id": 0,
      "accident_name": "normal",
      "objects": []
    },
    {
      "frame_id": 8,
      "image_path": "frames/Eq7_uD2yN5Y_002726/images/000008.jpg",
      "accident_id": 0,
      "accident_name": "normal",
      "objects": []
    },
    {
      "frame_id": 9,
      "image_path": "frames/Eq7_uD2yN5Y_002726/images/000009.jpg",
      "accident_id": 0,
      "accident_name": "normal",
      "objects": []
    },
    {
      "frame_id": 10,
      "image_path": "frames/Eq7_uD2yN5Y_002726/images/000010.jpg",
      "accident_id": 0,
      "accident_name": "normal",
      "objects": []
    },
    {
      "frame_id": 11,
      "image_path": "frames/Eq7_uD2yN5Y_002726/images/000011.jpg",
      "accident_id": 0,
      "accident_name": "normal",
      "objects": []
    },
    {
      "frame_id": 12,
      "image_path": "frames/Eq7_uD2yN5Y_002726/images/000012.jpg",
      "accident_id": 0,
      "accident_name": "normal",
      "objects": []
    },
    {
      "frame_id": 13,
      "image_path": "frames/Eq7_uD2yN5Y_002726/images/000013.jpg",
      "accident_id": 0,
      "accident_name": "normal",
      "objects": []
    },
    {
      "frame_id": 14,
      "image_path": "frames/Eq7_uD2yN5Y_002726/images/000014.jpg",
      "accident_id": 0,
      "accident_name": "normal",
      "objects": []
    },
    {
      "frame_id": 15,
      "image_path": "frames/Eq7_uD2yN5Y_002726/images/000015.jpg",
      "accident_id": 0,
      "accident_name": "normal",
      "objects": []
    },
    {
      "frame_id": 16,
      "image_path": "frames/Eq7_uD2yN5Y_002726/images/000016.jpg",
      "accident_id": 0,
      "accident_name": "normal",
      "objects": []
    },
    {
      "frame_id": 17,
      "image_path": "frames/Eq7_uD2yN5Y_002726/images/000017.jpg",
      "accident_id": 0,
      "accident_name": "normal",
      "objects": []
    },
    {
      "frame_id": 18,
      "image_path": "frames/Eq7_uD2yN5Y_002726/images/000018.jpg",
      "accident_id": 0,
      "accident_name": "normal",
      "objects": []
    },
    {
      "frame_id": 19,
      "image_path": "frames/Eq7_uD2yN5Y_002726/images/000019.jpg",
      "accident_id": 0,
      "accident_name": "normal",
      "objects": []
    },
    {
      "frame_id": 20,
      "image_path": "frames/Eq7_uD2yN5Y_002726/images/000020.jpg",
      "accident_id": 0,
      "accident_name": "normal",
      "objects": []
    },
    {
      "frame_id": 21,
      "image_path": "frames/Eq7_uD2yN5Y_002726/images/000021.jpg",
      "accident_id": 0,
      "accident_name": "normal",
      "objects": []
    },
    {
      "frame_id": 22,
      "image_path": "frames/Eq7_uD2yN5Y_002726/images/000022.jpg",
      "accident_id": 3,
      "accident_name": "lateral",
      "objects": [
        {
          "obj_track_id": 0,
          "bbox": [
            173.0849825378347,
            453.11999999999995,
            350.88,
            551.04
          ],
          "category": "car",
          "category ID": 3,
          "trunc": false
        },
        {
          "obj_track_id": 58,
          "bbox": [
            41.76,
            443.52,
            274.08,
            589.4399999999999
          ],
          "category": "car",
          "category ID": 3,
          "trunc": false
        }
      ]
    },
    {
      "frame_id": 23,
      "image_path": "frames/Eq7_uD2yN5Y_002726/images/000023.jpg",
      "accident_id": 3,
      "accident_name": "lateral",
      "objects": [
        {
          "obj_track_id": 0,
          "bbox": [
            183.14318975552968,
            453.11999999999995,
            382.55999999999995,
            551.04
          ],
          "category": "car",
          "category ID": 3,
          "trunc": false
        },
        {
          "obj_track_id": 58,
          "bbox": [
            55.199999999999996,
            443.52,
            279.84,
            588.4799999999999
          ],
          "category": "car",
          "category ID": 3,
          "trunc": false
        }
      ]
    },
    {
      "frame_id": 24,
      "image_path": "frames/Eq7_uD2yN5Y_002726/images/000024.jpg",
      "accident_id": 3,
      "accident_name": "lateral",
      "objects": [
        {
          "obj_track_id": 0,
          "bbox": [
            233.43422584400466,
            455.03999999999996,
            430.55999999999995,
            544.3199999999999
          ],
          "category": "car",
          "category ID": 3,
          "trunc": false
        },
        {
          "obj_track_id": 58,
          "bbox": [
            69.6,
            443.52,
            290.4,
            587.52
          ],
          "category": "car",
          "category ID": 3,
          "trunc": false
        }
      ]
    },
    {
      "frame_id": 25,
      "image_path": "frames/Eq7_uD2yN5Y_002726/images/000025.jpg",
      "accident_id": 3,
      "accident_name": "lateral",
      "objects": [
        {
          "obj_track_id": 0,
          "bbox": [
            263.52,
            456.96,
            475.67999999999995,
            538.56
          ],
          "category": "car",
          "category ID": 3,
          "trunc": false
        },
        {
          "obj_track_id": 58,
          "bbox": [
            85.91999999999999,
            445.43999999999994,
            295.2,
            585.5999999999999
          ],
          "category": "car",
          "category ID": 3,
          "trunc": false
        }
      ]
    },
    {
      "frame_id": 26,
      "image_path": "frames/Eq7_uD2yN5Y_002726/images/000026.jpg",
      "accident_id": 3,
      "accident_name": "lateral",
      "objects": [
        {
          "obj_track_id": 0,
          "bbox": [
            306.71999999999997,
            458.4,
            519.8399999999999,
            540.48
          ],
          "category": "car",
          "category ID": 3,
          "trunc": false
        },
        {
          "obj_track_id": 58,
          "bbox": [
            98.39999999999999,
            446.4,
            300.0,
            583.68
          ],
          "category": "car",
          "category ID": 3,
          "trunc": false
        }
      ]
    },
    {
      "frame_id": 27,
      "image_path": "frames/Eq7_uD2yN5Y_002726/images/000027.jpg",
      "accident_id": 3,
      "accident_name": "lateral",
      "objects": [
        {
          "obj_track_id": 0,
          "bbox": [
            340.32,
            459.84,
            548.64,
            540.48
          ],
          "category": "car",
          "category ID": 3,
          "trunc": false
        }
      ]
    },
    {
      "frame_id": 28,
      "image_path": "frames/Eq7_uD2yN5Y_002726/images/000028.jpg",
      "accident_id": 3,
      "accident_name": "lateral",
      "objects": [
        {
          "obj_track_id": 0,
          "bbox": [
            374.88,
            460.79999999999995,
            575.52,
            533.76
          ],
          "category": "car",
          "category ID": 3,
          "trunc": false
        }
      ]
    },
    {
      "frame_id": 29,
      "image_path": "frames/Eq7_uD2yN5Y_002726/images/000029.jpg",
      "accident_id": 3,
      "accident_name": "lateral",
      "objects": [
        {
          "obj_track_id": 0,
          "bbox": [
            421.91999999999996,
            461.75999999999993,
            615.8399999999999,
            535.68
          ],
          "category": "car",
          "category ID": 3,
          "trunc": false
        }
      ]
    },
    {
      "frame_id": 30,
      "image_path": "frames/Eq7_uD2yN5Y_002726/images/000030.jpg",
      "accident_id": 3,
      "accident_name": "lateral",
      "objects": [
        {
          "obj_track_id": 0,
          "bbox": [
            453.6,
            460.7999999999999,
            641.76,
            533.76
          ],
          "category": "car",
          "category ID": 3,
          "trunc": false
        }
      ]
    },
    {
      "frame_id": 31,
      "image_path": "frames/Eq7_uD2yN5Y_002726/images/000031.jpg",
      "accident_id": 3,
      "accident_name": "lateral",
      "objects": [
        {
          "obj_track_id": 0,
          "bbox": [
            509.28,
            461.75999999999993,
            690.7199999999999,
            531.8399999999999
          ],
          "category": "car",
          "category ID": 3,
          "trunc": false
        }
      ]
    },
    {
      "frame_id": 32,
      "image_path": "frames/Eq7_uD2yN5Y_002726/images/000032.jpg",
      "accident_id": 3,
      "accident_name": "lateral",
      "objects": [
        {
          "obj_track_id": 0,
          "bbox": [
            539.04,
            460.7999999999999,
            715.68,
            530.88
          ],
          "category": "car",
          "category ID": 3,
          "trunc": false
        }
      ]
    },
    {
      "frame_id": 33,
      "image_path": "frames/Eq7_uD2yN5Y_002726/images/000033.jpg",
      "accident_id": 3,
      "accident_name": "lateral",
      "objects": [
        {
          "obj_track_id": 0,
          "bbox": [
            567.8399999999999,
            459.84,
            741.5999999999999,
            526.0799999999999
          ],
          "category": "car",
          "category ID": 3,
          "trunc": false
        }
      ]
    },
    {
      "frame_id": 34,
      "image_path": "frames/Eq7_uD2yN5Y_002726/images/000034.jpg",
      "accident_id": 3,
      "accident_name": "lateral",
      "objects": [
        {
          "obj_track_id": 0,
          "bbox": [
            607.1999999999999,
            455.03999999999996,
            775.1999999999999,
            519.36
          ],
          "category": "car",
          "category ID": 3,
          "trunc": false
        }
      ]
    },
    {
      "frame_id": 35,
      "image_path": "frames/Eq7_uD2yN5Y_002726/images/000035.jpg",
      "accident_id": 3,
      "accident_name": "lateral",
      "objects": [
        {
          "obj_track_id": 0,
          "bbox": [
            636,
            452.15999999999997,
            797.28,
            516.48
          ],
          "category": "car",
          "category ID": 3,
          "trunc": false
        }
      ]
    },
    {
      "frame_id": 36,
      "image_path": "frames/Eq7_uD2yN5Y_002726/images/000036.jpg",
      "accident_id": 3,
      "accident_name": "lateral",
      "objects": [
        {
          "obj_track_id": 0,
          "bbox": [
            684.9599999999999,
            454.08,
            839.52,
            510.71999999999997
          ],
          "category": "car",
          "category ID": 3,
          "trunc": false
        }
      ]
    },
    {
      "frame_id": 37,
      "image_path": "frames/Eq7_uD2yN5Y_002726/images/000037.jpg",
      "accident_id": 3,
      "accident_name": "lateral",
      "objects": [
        {
          "obj_track_id": 0,
          "bbox": [
            708.9599999999999,
            455.03999999999996,
            859.68,
            505.91999999999996
          ],
          "category": "car",
          "category ID": 3,
          "trunc": false
        }
      ]
    },
    {
      "frame_id": 38,
      "image_path": "frames/Eq7_uD2yN5Y_002726/images/000038.jpg",
      "accident_id": 3,
      "accident_name": "lateral",
      "objects": [
        {
          "obj_track_id": 0,
          "bbox": [
            732,
            454.08,
            880.8,
            502.08
          ],
          "category": "car",
          "category ID": 3,
          "trunc": false
        }
      ]
    },
    {
      "frame_id": 39,
      "image_path": "frames/Eq7_uD2yN5Y_002726/images/000039.jpg",
      "accident_id": 3,
      "accident_name": "lateral",
      "objects": [
        {
          "obj_track_id": 0,
          "bbox": [
            759.8399999999999,
            456,
            908.64,
            502.08
          ],
          "category": "car",
          "category ID": 3,
          "trunc": false
        }
      ]
    },
    {
      "frame_id": 40,
      "image_path": "frames/Eq7_uD2yN5Y_002726/images/000040.jpg",
      "accident_id": 3,
      "accident_name": "lateral",
      "objects": [
        {
          "obj_track_id": 0,
          "bbox": [
            806.88,
            455.03999999999996,
            928.8,
            500.15999999999997
          ],
          "category": "car",
          "category ID": 3,
          "trunc": false
        }
      ]
    },
    {
      "frame_id": 41,
      "image_path": "frames/Eq7_uD2yN5Y_002726/images/000041.jpg",
      "accident_id": 3,
      "accident_name": "lateral",
      "objects": [
        {
          "obj_track_id": 0,
          "bbox": [
            829.92,
            452.15999999999997,
            958.56,
            499.2
          ],
          "category": "car",
          "category ID": 3,
          "trunc": false
        }
      ]
    },
    {
      "frame_id": 42,
      "image_path": "frames/Eq7_uD2yN5Y_002726/images/000042.jpg",
      "accident_id": 3,
      "accident_name": "lateral",
      "objects": []
    },
    {
      "frame_id": 43,
      "image_path": "frames/Eq7_uD2yN5Y_002726/images/000043.jpg",
      "accident_id": 3,
      "accident_name": "lateral",
      "objects": []
    },
    {
      "frame_id": 44,
      "image_path": "frames/Eq7_uD2yN5Y_002726/images/000044.jpg",
      "accident_id": 3,
      "accident_name": "lateral",
      "objects": [
        {
          "obj_track_id": 0,
          "bbox": [
            888.4799999999999,
            407.99999999999994,
            1009.4399999999999,
            458.88
          ],
          "category": "car",
          "category ID": 3,
          "trunc": false
        }
      ]
    },
    {
      "frame_id": 45,
      "image_path": "frames/Eq7_uD2yN5Y_002726/images/000045.jpg",
      "accident_id": 3,
      "accident_name": "lateral",
      "objects": [
        {
          "obj_track_id": 0,
          "bbox": [
            890.4,
            391.67999999999995,
            1029.6,
            448.32
          ],
          "category": "car",
          "category ID": 3,
          "trunc": false
        }
      ]
    },
    {
      "frame_id": 46,
      "image_path": "frames/Eq7_uD2yN5Y_002726/images/000046.jpg",
      "accident_id": 3,
      "accident_name": "lateral",
      "objects": [
        {
          "obj_track_id": 0,
          "bbox": [
            917.28,
            368.64,
            1059.36,
            431.99999999999994
          ],
          "category": "car",
          "category ID": 3,
          "trunc": false
        }
      ]
    },
    {
      "frame_id": 47,
      "image_path": "frames/Eq7_uD2yN5Y_002726/images/000047.jpg",
      "accident_id": 3,
      "accident_name": "lateral",
      "objects": [
        {
          "obj_track_id": 0,
          "bbox": [
            931.68,
            356.15999999999997,
            1079.52,
            424.32
          ],
          "category": "car",
          "category ID": 3,
          "trunc": false
        }
      ]
    },
    {
      "frame_id": 48,
      "image_path": "frames/Eq7_uD2yN5Y_002726/images/000048.jpg",
      "accident_id": 3,
      "accident_name": "lateral",
      "objects": [
        {
          "obj_track_id": 0,
          "bbox": [
            959.52,
            337.91999999999996,
            1098.72,
            410.88
          ],
          "category": "car",
          "category ID": 3,
          "trunc": false
        }
      ]
    },
    {
      "frame_id": 49,
      "image_path": "frames/Eq7_uD2yN5Y_002726/images/000049.jpg",
      "accident_id": 3,
      "accident_name": "lateral",
      "objects": [
        {
          "obj_track_id": 0,
          "bbox": [
            999.8399999999999,
            324.47999999999996,
            1124.6399999999999,
            412.79999999999995
          ],
          "category": "car",
          "category ID": 3,
          "trunc": false
        }
      ]
    },
    {
      "frame_id": 50,
      "image_path": "frames/Eq7_uD2yN5Y_002726/images/000050.jpg",
      "accident_id": 3,
      "accident_name": "lateral",
      "objects": [
        {
          "obj_track_id": 0,
          "bbox": [
            1028.6399999999999,
            314.88,
            1144.8,
            412.79999999999995
          ],
          "category": "car",
          "category ID": 3,
          "trunc": false
        }
      ]
    },
    {
      "frame_id": 51,
      "image_path": "frames/Eq7_uD2yN5Y_002726/images/000051.jpg",
      "accident_id": 3,
      "accident_name": "lateral",
      "objects": [
        {
          "obj_track_id": 0,
          "bbox": [
            1069.9199999999998,
            308.15999999999997,
            1172.6399999999999,
            411.84
          ],
          "category": "car",
          "category ID": 3,
          "trunc": false
        }
      ]
    },
    {
      "frame_id": 52,
      "image_path": "frames/Eq7_uD2yN5Y_002726/images/000052.jpg",
      "accident_id": 3,
      "accident_name": "lateral",
      "objects": [
        {
          "obj_track_id": 0,
          "bbox": [
            1105.4399999999998,
            306.23999999999995,
            1198.56,
            431.99999999999994
          ],
          "category": "car",
          "category ID": 3,
          "trunc": false
        }
      ]
    },
    {
      "frame_id": 53,
      "image_path": "frames/Eq7_uD2yN5Y_002726/images/000053.jpg",
      "accident_id": 3,
      "accident_name": "lateral",
      "objects": [
        {
          "obj_track_id": 0,
          "bbox": [
            1135.1999999999998,
            308.15999999999997,
            1214.8799999999999,
            439.67999999999995
          ],
          "category": "car",
          "category ID": 3,
          "trunc": false
        }
      ]
    },
    {
      "frame_id": 54,
      "image_path": "frames/Eq7_uD2yN5Y_002726/images/000054.jpg",
      "accident_id": 3,
      "accident_name": "lateral",
      "objects": [
        {
          "obj_track_id": 0,
          "bbox": [
            1184.1599999999999,
            309.12,
            1279.6799999999998,
            441.59999999999997
          ],
          "category": "car",
          "category ID": 3,
          "trunc": true
        }
      ]
    },
    {
      "frame_id": 55,
      "image_path": "frames/Eq7_uD2yN5Y_002726/images/000055.jpg",
      "accident_id": 3,
      "accident_name": "lateral",
      "objects": [
        {
          "obj_track_id": 0,
          "bbox": [
            1209.12,
            311.03999999999996,
            1279.6799999999998,
            431.99999999999994
          ],
          "category": "car",
          "category ID": 3,
          "trunc": true
        }
      ]
    },
    {
      "frame_id": 56,
      "image_path": "frames/Eq7_uD2yN5Y_002726/images/000056.jpg",
      "accident_id": 3,
      "accident_name": "lateral",
      "objects": [
        {
          "obj_track_id": 0,
          "bbox": [
            1258.08,
            347.52,
            1279.6799999999998,
            430.08
          ],
          "category": "car",
          "category ID": 3,
          "trunc": true
        }
      ]
    },
    {
      "frame_id": 57,
      "image_path": "frames/Eq7_uD2yN5Y_002726/images/000057.jpg",
      "accident_id": 0,
      "accident_name": "normal",
      "objects": []
    },
    {
      "frame_id": 58,
      "image_path": "frames/Eq7_uD2yN5Y_002726/images/000058.jpg",
      "accident_id": 0,
      "accident_name": "normal",
      "objects": []
    },
    {
      "frame_id": 59,
      "image_path": "frames/Eq7_uD2yN5Y_002726/images/000059.jpg",
      "accident_id": 0,
      "accident_name": "normal",
      "objects": []
    },
    {
      "frame_id": 60,
      "image_path": "frames/Eq7_uD2yN5Y_002726/images/000060.jpg",
      "accident_id": 0,
      "accident_name": "normal",
      "objects": []
    },
    {
      "frame_id": 61,
      "image_path": "frames/Eq7_uD2yN5Y_002726/images/000061.jpg",
      "accident_id": 0,
      "accident_name": "normal",
      "objects": []
    },
    {
      "frame_id": 62,
      "image_path": "frames/Eq7_uD2yN5Y_002726/images/000062.jpg",
      "accident_id": 0,
      "accident_name": "normal",
      "objects": []
    },
    {
      "frame_id": 63,
      "image_path": "frames/Eq7_uD2yN5Y_002726/images/000063.jpg",
      "accident_id": 0,
      "accident_name": "normal",
      "objects": []
    },
    {
      "frame_id": 64,
      "image_path": "frames/Eq7_uD2yN5Y_002726/images/000064.jpg",
      "accident_id": 0,
      "accident_name": "normal",
      "objects": []
    },
    {
      "frame_id": 65,
      "image_path": "frames/Eq7_uD2yN5Y_002726/images/000065.jpg",
      "accident_id": 0,
      "accident_name": "normal",
      "objects": []
    },
    {
      "frame_id": 66,
      "image_path": "frames/Eq7_uD2yN5Y_002726/images/000066.jpg",
      "accident_id": 0,
      "accident_name": "normal",
      "objects": []
    },
    {
      "frame_id": 67,
      "image_path": "frames/Eq7_uD2yN5Y_002726/images/000067.jpg",
      "accident_id": 0,
      "accident_name": "normal",
      "objects": []
    },
    {
      "frame_id": 68,
      "image_path": "frames/Eq7_uD2yN5Y_002726/images/000068.jpg",
      "accident_id": 0,
      "accident_name": "normal",
      "objects": []
    },
    {
      "frame_id": 69,
      "image_path": "frames/Eq7_uD2yN5Y_002726/images/000069.jpg",
      "accident_id": 0,
      "accident_name": "normal",
      "objects": []
    },
    {
      "frame_id": 70,
      "image_path": "frames/Eq7_uD2yN5Y_002726/images/000070.jpg",
      "accident_id": 0,
      "accident_name": "normal",
      "objects": []
    },
    {
      "frame_id": 71,
      "image_path": "frames/Eq7_uD2yN5Y_002726/images/000071.jpg",
      "accident_id": 0,
      "accident_name": "normal",
      "objects": []
    },
    {
      "frame_id": 72,
      "image_path": "frames/Eq7_uD2yN5Y_002726/images/000072.jpg",
      "accident_id": 0,
      "accident_name": "normal",
      "objects": []
    },
    {
      "frame_id": 73,
      "image_path": "frames/Eq7_uD2yN5Y_002726/images/000073.jpg",
      "accident_id": 0,
      "accident_name": "normal",
      "objects": []
    },
    {
      "frame_id": 74,
      "image_path": "frames/Eq7_uD2yN5Y_002726/images/000074.jpg",
      "accident_id": 0,
      "accident_name": "normal",
      "objects": []
    },
    {
      "frame_id": 75,
      "image_path": "frames/Eq7_uD2yN5Y_002726/images/000075.jpg",
      "accident_id": 0,
      "accident_name": "normal",
      "objects": []
    },
    {
      "frame_id": 76,
      "image_path": "frames/Eq7_uD2yN5Y_002726/images/000076.jpg",
      "accident_id": 0,
      "accident_name": "normal",
      "objects": []
    },
    {
      "frame_id": 77,
      "image_path": "frames/Eq7_uD2yN5Y_002726/images/000077.jpg",
      "accident_id": 0,
      "accident_name": "normal",
      "objects": []
    },
    {
      "frame_id": 78,
      "image_path": "frames/Eq7_uD2yN5Y_002726/images/000078.jpg",
      "accident_id": 0,
      "accident_name": "normal",
      "objects": []
    }
  ]
}