{
  "video_name": "F9-aR2Ocso4_001309",
  "channel": "AnAn",
  "num_frames": 63,
  "ignore": false,
  "ego_involve": false,
  "night": false,
  "anomaly_start": 17,
  "anomaly_end": 30,
  "video_start": 1309,
  "video_end": 1371,
  "accident_id": "10",
  "accident_name": "unknown",
  "labels": [
    {
      "frame_id": 0,
      "image_path": "frames/F9-aR2Ocso4_001309/images/000000.jpg",
      "accident_id": 0,
      "accident_name": "normal",
      "objects": []
    },
    {
      "frame_id": 1,
      "image_path": "frames/F9-aR2Ocso4_001309/images/000001.jpg",
      "accident_id": 0,
      "accident_name": "normal",
      "objects": []
    },
    {
      "frame_id": 2,
      "image_path": "frames/F9-aR2Ocso4_001309/images/000002.jpg",
      "accident_id": 0,
      "accident_name": "normal",
      "objects": []
    },
    {
      "frame_id": 3,
      "image_path": "frames/F9-aR2Ocso4_001309/images/000003.jpg",
      "accident_id": 0,
      "accident_name": "normal",
      "objects": []
    },
    {
      "frame_id": 4,
      "image_path": "frames/F9-aR2Ocso4_001309/images/000004.jpg",
      "accident_id": 0,
      "accident_name": "normal",
      "objects": []
    },
    {
      "frame_id": 5,
      "image_path": "frames/F9-aR2Ocso4_001309/images/000005.jpg",
      "accident_id": 0,
      "accident_name": "normal",
      "objects": []
    },
    {
      "frame_id": 6,
      "image_path": "frames/F9-aR2Ocso4_001309/images/000006.jpg",
      "accident_id": 0,
      "accident_name": "normal",
      "objects": []
    },
    {
      "frame_id": 7,
      "image_path": "frames/F9-aR2Ocso4_001309/images/000007.jpg",
      "accident_id": 0,
      "accident_name": "normal",
      "objects": []
    },
    {
      "frame_id": 8,
      "image_path": "frames/F9-aR2Ocso4_001309/images/000008.jpg",
      "accident_id": 0,
      "accident_name": "normal",
      "objects": []
    },
    {
      "frame_id": 9,
      "image_path": "frames/F9-aR2Ocso4_001309/images/000009.jpg",
      "accident_id": 0,
      "accident_name": "normal",
      "objects": []
    },
    {
      "frame_id": 10,
      "image_path": "frames/F9-aR2Ocso4_001309/images/000010.jpg",
      "accident_id": 0,
      "accident_name": "normal",
      "objects": []
    },
    {
      "frame_id": 11,
      "image_path": "frames/F9-aR2Ocso4_001309/images/000011.jpg",
      "accident_id": 0,
      "accident_name": "normal",
      "objects": []
    },
    {
      "frame_id": 12,
      "image_path": "frames/F9-aR2Ocso4_001309/images/000012.jpg",
      "accident_id": 0,
      "accident_name": "normal",
      "objects": []
    },
    {
      "frame_id": 13,
      "image_path": "frames/F9-aR2Ocso4_001309/images/000013.jpg",
      "accident_id": 0,
      "accident_name": "normal",
      "objects": []
    },
    {
      "frame_id": 14,
      "image_path": "frames/F9-aR2Ocso4_001309/images/000014.jpg",
      "accident_id": 0,
      "accident_name": "normal",
      "objects": []
    },
    {
      "frame_id": 15,
      "image_path": "frames/F9-aR2Ocso4_001309/images/000015.jpg",
      "accident_id": 0,
      "accident_name": "normal",
      "objects": []
    },
    {
      "frame_id": 16,
      "image_path": "frames/F9-aR2Ocso4_001309/images/000016.jpg",
      "accident_id": 0,
      "accident_name": "normal",
      "objects": []
    },
    {
      "frame_id": 17,
      "image_path": "frames/F9-aR2Ocso4_001309/images/000017.jpg",
      "accident_id": 10,
      "accident_name": "unknown",
      "objects": [
        {
          "obj_track_id": 0,
          "bbox": [
            481.7391304347826,
            220.52173913043478,
            547.1304347826087,
            256.0
          ],
          "category": "car",
          "category ID": 3,
          "trunc": false
        }
      ]
    },
    {
      "frame_id": 18,
      "image_path": "frames/F9-aR2Ocso4_001309/images/000018.jpg",
      "accident_id": 10,
      "accident_name": "unknown",
      "objects": [
        {
          "obj_track_id": 0,
          "bbox": [
            503.6521739130435,
            217.73913043478262,
            573.5652173913044,
            258.0869565217391
          ],
          "category": "car",
          "category ID": 3,
          "trunc": false
        }
      ]
    },
    {
      "frame_id": 19,
      "image_path": "frames/F9-aR2Ocso4_001309/images/000019.jpg",
      "accident_id": 10,
      "accident_name": "unknown",
      "objects": [
        {
          "obj_track_id": 0,
          "bbox": [
            525.5652173913044,
            214.95652173913044,
            600.0,
            260.17391304347825
          ],
          "category": "car",
          "category ID": 3,
          "trunc": false
        }
      ]
    },
    {
      "frame_id": 20,
      "image_path": "frames/F9-aR2Ocso4_001309/images/000020.jpg",
      "accident_id": 10,
      "accident_name": "unknown",
      "objects": [
        {
          "obj_track_id": 0,
          "bbox": [
            552,
            212.8695652173913,
            634.0869565217391,
            264.3478260869565
          ],
          "category": "car",
          "category ID": 3,
          "trunc": false
        }
      ]
    },
    {
      "frame_id": 21,
      "image_path": "frames/F9-aR2Ocso4_001309/images/000021.jpg",
      "accident_id": 10,
      "accident_name": "unknown",
      "objects": [
        {
          "obj_track_id": 0,
          "bbox": [
            579.1304347826087,
            213.56521739130434,
            669.5652173913044,
            270.60869565217394
          ],
          "category": "car",
          "category ID": 3,
          "trunc": false
        }
      ]
    },
    {
      "frame_id": 22,
      "image_path": "frames/F9-aR2Ocso4_001309/images/000022.jpg",
      "accident_id": 10,
      "accident_name": "unknown",
      "objects": [
        {
          "obj_track_id": 0,
          "bbox": [
            608.3478260869565,
            212.17391304347825,
            709.2173913043479,
            280.3478260869565
          ],
          "category": "car",
          "category ID": 3,
          "trunc": false
        }
      ]
    },
    {
      "frame_id": 23,
      "image_path": "frames/F9-aR2Ocso4_001309/images/000023.jpg",
      "accident_id": 10,
      "accident_name": "unknown",
      "objects": [
        {
          "obj_track_id": 0,
          "bbox": [
            636.8695652173913,
            212.17391304347825,
            751.6521739130435,
            292.17391304347825
          ],
          "category": "car",
          "category ID": 3,
          "trunc": false
        }
      ]
    },
    {
      "frame_id": 24,
      "image_path": "frames/F9-aR2Ocso4_001309/images/000024.jpg",
      "accident_id": 10,
      "accident_name": "unknown",
      "objects": [
        {
          "obj_track_id": 0,
          "bbox": [
            676.5217391304348,
            208.69565217391303,
            812.1739130434783,
            306.7826086956522
          ],
          "category": "car",
          "category ID": 3,
          "trunc": false
        }
      ]
    },
    {
      "frame_id": 25,
      "image_path": "frames/F9-aR2Ocso4_001309/images/000025.jpg",
      "accident_id": 10,
      "accident_name": "unknown",
      "objects": [
        {
          "obj_track_id": 0,
          "bbox": [
            728.695652173913,
            214.95652173913044,
            894.2608695652174,
            336.0
          ],
          "category": "car",
          "category ID": 3,
          "trunc": false
        }
      ]
    },
    {
      "frame_id": 26,
      "image_path": "frames/F9-aR2Ocso4_001309/images/000026.jpg",
      "accident_id": 10,
      "accident_name": "unknown",
      "objects": [
        {
          "obj_track_id": 0,
          "bbox": [
            782.9565217391304,
            221.2173913043478,
            1011.1304347826087,
            374.2608695652174
          ],
          "category": "car",
          "category ID": 3,
          "trunc": false
        }
      ]
    },
    {
      "frame_id": 27,
      "image_path": "frames/F9-aR2Ocso4_001309/images/000027.jpg",
      "accident_id": 10,
      "accident_name": "unknown",
      "objects": [
        {
          "obj_track_id": 0,
          "bbox": [
            853.2173913043479,
            239.30434782608697,
            1173.2173913043478,
            449.39130434782606
          ],
          "category": "car",
          "category ID": 3,
          "trunc": false
        }
      ]
    },
    {
      "frame_id": 28,
      "image_path": "frames/F9-aR2Ocso4_001309/images/000028.jpg",
      "accident_id": 10,
      "accident_name": "unknown",
      "objects": [
        {
          "obj_track_id": 0,
          "bbox": [
            952,
            251.1304347826087,
            1280,
            500.17391304347825
          ],
          "category": "car",
          "category ID": 3,
          "trunc": true
        }
      ]
    },
    {
      "frame_id": 29,
      "image_path": "frames/F9-aR2Ocso4_001309/images/000029.jpg",
      "accident_id": 10,
      "accident_name": "unknown",
      "objects": [
        {
          "obj_track_id": 0,
          "bbox": [
            1100.1739130434783,
            292.17391304347825,
            1280.0,
            500.17391304347825
          ],
          "category": "car",
          "category ID": 3,
          "trunc": true
        }
      ]
    },
    {
      "frame_id": 30,
      "image_path": "frames/F9-aR2Ocso4_001309/images/000030.jpg",
      "accident_id": 0,
      "accident_name": "normal",
      "objects": []
    },
    {
      "frame_id": 31,
      "image_path": "frames/F9-aR2Ocso4_001309/images/000031.jpg",
      "accident_id": 0,
      "accident_name": "normal",
      "objects": []
    },
    {
      "frame_id": 32,
      "image_path": "frames/F9-aR2Ocso4_001309/images/000032.jpg",
      "accident_id": 0,
      "accident_name": "normal",
      "objects": []
    },
    {
      "frame_id": 33,
      "image_path": "frames/F9-aR2Ocso4_001309/images/000033.jpg",
      "accident_id": 0,
      "accident_name": "normal",
      "objects": []
    },
    {
      "frame_id": 34,
      "image_path": "frames/F9-aR2Ocso4_001309/images/000034.jpg",
      "accident_id": 0,
      "accident_name": "normal",
      "objects": []
    },
    {
      "frame_id": 35,
      "image_path": "frames/F9-aR2Ocso4_001309/images/000035.jpg",
      "accident_id": 0,
      "accident_name": "normal",
      "objects": []
    },
    {
      "frame_id": 36,
      "image_path": "frames/F9-aR2Ocso4_001309/images/000036.jpg",
      "accident_id": 0,
      "accident_name": "normal",
      "objects": []
    },
    {
      "frame_id": 37,
      "image_path": "frames/F9-aR2Ocso4_001309/images/000037.jpg",
      "accident_id": 0,
      "accident_name": "normal",
      "objects": []
    },
    {
      "frame_id": 38,
      "image_path": "frames/F9-aR2Ocso4_001309/images/000038.jpg",
      "accident_id": 0,
      "accident_name": "normal",
      "objects": []
    },
    {
      "frame_id": 39,
      "image_path": "frames/F9-aR2Ocso4_001309/images/000039.jpg",
      "accident_id": 0,
      "accident_name": "normal",
      "objects": []
    },
    {
      "frame_id": 40,
      "image_path": "frames/F9-aR2Ocso4_001309/images/000040.jpg",
      "accident_id": 0,
      "accident_name": "normal",
      "objects": []
    },
    {
      "frame_id": 41,
      "image_path": "frames/F9-aR2Ocso4_001309/images/000041.jpg",
      "accident_id": 0,
      "accident_name": "normal",
      "objects": []
    },
    {
      "frame_id": 42,
      "image_path": "frames/F9-aR2Ocso4_001309/images/000042.jpg",
      "accident_id": 0,
      "accident_name": "normal",
      "objects": []
    },
    {
      "frame_id": 43,
      "image_path": "frames/F9-aR2Ocso4_001309/images/000043.jpg",
      "accident_id": 0,
      "accident_name": "normal",
      "objects": []
    },
    {
      "frame_id": 44,
      "image_path": "frames/F9-aR2Ocso4_001309/images/000044.jpg",
      "accident_id": 0,
      "accident_name": "normal",
      "objects": []
    },
    {
      "frame_id": 45,
      "image_path": "frames/F9-aR2Ocso4_001309/images/000045.jpg",
      "accident_id": 0,
      "accident_name": "normal",
      "objects": []
    },
    {
      "frame_id": 46,
      "image_path": "frames/F9-aR2Ocso4_001309/images/000046.jpg",
      "accident_id": 0,
      "accident_name": "normal",
      "objects": []
    },
    {
      "frame_id": 47,
      "image_path": "frames/F9-aR2Ocso4_001309/images/000047.jpg",
      "accident_id": 0,
      "accident_name": "normal",
      "objects": []
    },
    {
      "frame_id": 48,
      "image_path": "frames/F9-aR2Ocso4_001309/images/000048.jpg",
      "accident_id": 0,
      "accident_name": "normal",
      "objects": []
    },
    {
      "frame_id": 49,
      "image_path": "frames/F9-aR2Ocso4_001309/images/000049.jpg",
      "accident_id": 0,
      "accident_name": "normal",
      "objects": []
    },
    {
      "frame_id": 50,
      "image_path": "frames/F9-aR2Ocso4_001309/images/000050.jpg",
      "accident_id": 0,
      "accident_name": "normal",
      "objects": []
    },
    {
      "frame_id": 51,
      "image_path": "frames/F9-aR2Ocso4_001309/images/000051.jpg",
      "accident_id": 0,
      "accident_name": "normal",
      "objects": []
    },
    {
      "frame_id": 52,
      "image_path": "frames/F9-aR2Ocso4_001309/images/000052.jpg",
      "accident_id": 0,
      "accident_name": "normal",
      "objects": []
    },
    {
      "frame_id": 53,
      "image_path": "frames/F9-aR2Ocso4_001309/images/000053.jpg",
      "accident_id": 0,
      "accident_name": "normal",
      "objects": []
    },
    {
      "frame_id": 54,
      "image_path": "frames/F9-aR2Ocso4_001309/images/000054.jpg",
      "accident_id": 0,
      "accident_name": "normal",
      "objects": []
    },
    {
      "frame_id": 55,
      "image_path": "frames/F9-aR2Ocso4_001309/images/000055.jpg",
      "accident_id": 0,
      "accident_name": "normal",
      "objects": []
    },
    {
      "frame_id": 56,
      "image_path": "frames/F9-aR2Ocso4_001309/images/000056.jpg",
      "accident_id": 0,
      "accident_name": "normal",
      "objects": []
    },
    {
      "frame_id": 57,
      "image_path": "frames/F9-aR2Ocso4_001309/images/000057.jpg",
      "accident_id": 0,
      "accident_name": "normal",
      "objects": []
    },
    {
      "frame_id": 58,
      "image_path": "frames/F9-aR2Ocso4_001309/images/000058.jpg",
      "accident_id": 0,
      "accident_name": "normal",
      "objects": []
    },
    {
      "frame_id": 59,
      "image_path": "frames/F9-aR2Ocso4_001309/images/000059.jpg",
      "accident_id": 0,
      "accident_name": "normal",
      "objects": []
    },
    {
      "frame_id": 60,
      "image_path": "frames/F9-aR2Ocso4_001309/images/000060.jpg",
      "accident_id": 0,
      "accident_name": "normal",
      "objects": []
    },
    {
      "frame_id": 61,
      "image_path": "frames/F9-aR2Ocso4_001309/images/000061.jpg",
      "accident_id": 0,
      "accident_name": "normal",
      "objects": []
    },
    {
      "frame_id": 62,
      "image_path": "frames/F9-aR2Ocso4_001309/images/000062.jpg",
      "accident_id": 0,
      "accident_name": "normal",
      "objects": []
    }
  ]
}