{
  "video_name": "fdvMUP8qvzw_005225",
  "channel": "CarCrashesTime",
  "num_frames": 99,
  "ignore": false,
  "ego_involve": false,
  "night": false,
  "anomaly_start": 34,
  "anomaly_end": 49,
  "video_start": 5225,
  "video_end": 5323,
  "accident_id": "5",
  "accident_name": "turning",
  "labels": [
    {
      "frame_id": 0,
      "image_path": "frames/fdvMUP8qvzw_005225/images/000000.jpg",
      "accident_id": 0,
      "accident_name": "normal",
      "objects": []
    },
    {
      "frame_id": 1,
      "image_path": "frames/fdvMUP8qvzw_005225/images/000001.jpg",
      "accident_id": 0,
      "accident_name": "normal",
      "objects": []
    },
    {
      "frame_id": 2,
      "image_path": "frames/fdvMUP8qvzw_005225/images/000002.jpg",
      "accident_id": 0,
      "accident_name": "normal",
      "objects": []
    },
    {
      "frame_id": 3,
      "image_path": "frames/fdvMUP8qvzw_005225/images/000003.jpg",
      "accident_id": 0,
      "accident_name": "normal",
      "objects": []
    },
    {
      "frame_id": 4,
      "image_path": "frames/fdvMUP8qvzw_005225/images/000004.jpg",
      "accident_id": 0,
      "accident_name": "normal",
      "objects": []
    },
    {
      "frame_id": 5,
      "image_path": "frames/fdvMUP8qvzw_005225/images/000005.jpg",
      "accident_id": 0,
      "accident_name": "normal",
      "objects": []
    },
    {
      "frame_id": 6,
      "image_path": "frames/fdvMUP8qvzw_005225/images/000006.jpg",
      "accident_id": 0,
      "accident_name": "normal",
      "objects": []
    },
    {
      "frame_id": 7,
      "image_path": "frames/fdvMUP8qvzw_005225/images/000007.jpg",
      "accident_id": 0,
      "accident_name": "normal",
      "objects": []
    },
    {
      "frame_id": 8,
      "image_path": "frames/fdvMUP8qvzw_005225/images/000008.jpg",
      "accident_id": 0,
      "accident_name": "normal",
      "objects": []
    },
    {
      "frame_id": 9,
      "image_path": "frames/fdvMUP8qvzw_005225/images/000009.jpg",
      "accident_id": 0,
      "accident_name": "normal",
      "objects": []
    },
    {
      "frame_id": 10,
      "image_path": "frames/fdvMUP8qvzw_005225/images/000010.jpg",
      "accident_id": 0,
      "accident_name": "normal",
      "objects": []
    },
    {
      "frame_id": 11,
      "image_path": "frames/fdvMUP8qvzw_005225/images/000011.jpg",
      "accident_id": 0,
      "accident_name": "normal",
      "objects": []
    },
    {
      "frame_id": 12,
      "image_path": "frames/fdvMUP8qvzw_005225/images/000012.jpg",
      "accident_id": 0,
      "accident_name": "normal",
      "objects": []
    },
    {
      "frame_id": 13,
      "image_path": "frames/fdvMUP8qvzw_005225/images/000013.jpg",
      "accident_id": 0,
      "accident_name": "normal",
      "objects": []
    },
    {
      "frame_id": 14,
      "image_path": "frames/fdvMUP8qvzw_005225/images/000014.jpg",
      "accident_id": 0,
      "accident_name": "normal",
      "objects": []
    },
    {
      "frame_id": 15,
      "image_path": "frames/fdvMUP8qvzw_005225/images/000015.jpg",
      "accident_id": 0,
      "accident_name": "normal",
      "objects": []
    },
    {
      "frame_id": 16,
      "image_path": "frames/fdvMUP8qvzw_005225/images/000016.jpg",
      "accident_id": 0,
      "accident_name": "normal",
      "objects": []
    },
    {
      "frame_id": 17,
      "image_path": "frames/fdvMUP8qvzw_005225/images/000017.jpg",
      "accident_id": 0,
      "accident_name": "normal",
      "objects": []
    },
    {
      "frame_id": 18,
      "image_path": "frames/fdvMUP8qvzw_005225/images/000018.jpg",
      "accident_id": 0,
      "accident_name": "normal",
      "objects": []
    },
    {
      "frame_id": 19,
      "image_path": "frames/fdvMUP8qvzw_005225/images/000019.jpg",
      "accident_id": 0,
      "accident_name": "normal",
      "objects": []
    },
    {
      "frame_id": 20,
      "image_path": "frames/fdvMUP8qvzw_005225/images/000020.jpg",
      "accident_id": 0,
      "accident_name": "normal",
      "objects": []
    },
    {
      "frame_id": 21,
      "image_path": "frames/fdvMUP8qvzw_005225/images/000021.jpg",
      "accident_id": 0,
      "accident_name": "normal",
      "objects": []
    },
    {
      "frame_id": 22,
      "image_path": "frames/fdvMUP8qvzw_005225/images/000022.jpg",
      "accident_id": 0,
      "accident_name": "normal",
      "objects": []
    },
    {
      "frame_id": 23,
      "image_path": "frames/fdvMUP8qvzw_005225/images/000023.jpg",
      "accident_id": 0,
      "accident_name": "normal",
      "objects": []
    },
    {
      "frame_id": 24,
      "image_path": "frames/fdvMUP8qvzw_005225/images/000024.jpg",
      "accident_id": 0,
      "accident_name": "normal",
      "objects": []
    },
    {
      "frame_id": 25,
      "image_path": "frames/fdvMUP8qvzw_005225/images/000025.jpg",
      "accident_id": 0,
      "accident_name": "normal",
      "objects": []
    },
    {
      "frame_id": 26,
      "image_path": "frames/fdvMUP8qvzw_005225/images/000026.jpg",
      "accident_id": 0,
      "accident_name": "normal",
      "objects": []
    },
    {
      "frame_id": 27,
      "image_path": "frames/fdvMUP8qvzw_005225/images/000027.jpg",
      "accident_id": 0,
      "accident_name": "normal",
      "objects": []
    },
    {
      "frame_id": 28,
      "image_path": "frames/fdvMUP8qvzw_005225/images/000028.jpg",
      "accident_id": 0,
      "accident_name": "normal",
      "objects": []
    },
    {
      "frame_id": 29,
      "image_path": "frames/fdvMUP8qvzw_005225/images/000029.jpg",
      "accident_id": 0,
      "accident_name": "normal",
      "objects": []
    },
    {
      "frame_id": 30,
      "image_path": "frames/fdvMUP8qvzw_005225/images/000030.jpg",
      "accident_id": 0,
      "accident_name": "normal",
      "objects": []
    },
    {
      "frame_id": 31,
      "image_path": "frames/fdvMUP8qvzw_005225/images/000031.jpg",
      "accident_id": 0,
      "accident_name": "normal",
      "objects": []
    },
    {
      "frame_id": 32,
      "image_path": "frames/fdvMUP8qvzw_005225/images/000032.jpg",
      "accident_id": 0,
      "accident_name": "normal",
      "objects": []
    },
    {
      "frame_id": 33,
      "image_path": "frames/fdvMUP8qvzw_005225/images/000033.jpg",
      "accident_id": 0,
      "accident_name": "normal",
      "objects": []
    },
    {
      "frame_id": 34,
      "image_path": "frames/fdvMUP8qvzw_005225/images/000034.jpg",
      "accident_id": 5,
      "accident_name": "turning",
      "objects": [
        {
          "obj_track_id": 0,
          "bbox": [
            531.8785890073831,
            395.6228172293364,
            830.746513535685,
            485.512715340443
          ],
          "category": "car",
          "category ID": 3,
          "trunc": false
        },
        {
          "obj_track_id": 66,
          "bbox": [
            889.2206726825267,
            372.10828547990155,
            947.6948318293684,
            491.4191960623462
          ],
          "category": "rider",
          "category ID": 2,
          "trunc": false
        },
        {
          "obj_track_id": 132,
          "bbox": [
            885.6767842493847,
            419.9507793273175,
            944.1509433962265,
            510.91058244462675
          ],
          "category": "bike",
          "category ID": 6,
          "trunc": false
        }
      ]
    },
    {
      "frame_id": 35,
      "image_path": "frames/fdvMUP8qvzw_005225/images/000035.jpg",
      "accident_id": 5,
      "accident_name": "turning",
      "objects": [
        {
          "obj_track_id": 0,
          "bbox": [
            552.5512715340443,
            401.0500410172272,
            856.735028712059,
            480.7875307629204
          ],
          "category": "car",
          "category ID": 3,
          "trunc": false
        },
        {
          "obj_track_id": 66,
          "bbox": [
            889.2206726825267,
            372.10828547990155,
            945.332239540607,
            481.37817883511076
          ],
          "category": "rider",
          "category ID": 2,
          "trunc": false
        },
        {
          "obj_track_id": 132,
          "bbox": [
            892.1739130434783,
            418.7694831829368,
            941.1977030352748,
            505.59474979491387
          ],
          "category": "bike",
          "category ID": 6,
          "trunc": false
        }
      ]
    },
    {
      "frame_id": 36,
      "image_path": "frames/fdvMUP8qvzw_005225/images/000036.jpg",
      "accident_id": 5,
      "accident_name": "turning",
      "objects": [
        {
          "obj_track_id": 0,
          "bbox": [
            617.3224679860302,
            403.1664726426077,
            883.3141919606235,
            491.4191960623462
          ],
          "category": "car",
          "category ID": 3,
          "trunc": false
        },
        {
          "obj_track_id": 66,
          "bbox": [
            896.8990976210008,
            371.5176374077112,
            947.6948318293684,
            486.1033634126333
          ],
          "category": "rider",
          "category ID": 2,
          "trunc": false
        },
        {
          "obj_track_id": 132,
          "bbox": [
            895.7178014766201,
            415.22559474979494,
            944.7415914684168,
            502.0508613617719
          ],
          "category": "bike",
          "category ID": 6,
          "trunc": false
        }
      ]
    },
    {
      "frame_id": 37,
      "image_path": "frames/fdvMUP8qvzw_005225/images/000037.jpg",
      "accident_id": 5,
      "accident_name": "turning",
      "objects": [
        {
          "obj_track_id": 0,
          "bbox": [
            685.2153667054715,
            388.0557834290402,
            916.9811320754717,
            491.4191960623462
          ],
          "category": "car",
          "category ID": 3,
          "trunc": false
        },
        {
          "obj_track_id": 66,
          "bbox": [
            905.7588187038556,
            372.6989335520919,
            947.6948318293684,
            481.37817883511076
          ],
          "category": "rider",
          "category ID": 2,
          "trunc": false
        },
        {
          "obj_track_id": 132,
          "bbox": [
            906.3494667760459,
            428.81050041017227,
            938.8351107465136,
            494.9630844954881
          ],
          "category": "bike",
          "category ID": 6,
          "trunc": false
        }
      ]
    },
    {
      "frame_id": 38,
      "image_path": "frames/fdvMUP8qvzw_005225/images/000038.jpg",
      "accident_id": 5,
      "accident_name": "turning",
      "objects": [
        {
          "obj_track_id": 0,
          "bbox": [
            685.2153667054715,
            384.5118949958983,
            915.2091878589008,
            486.69401148482365
          ],
          "category": "car",
          "category ID": 3,
          "trunc": false
        },
        {
          "obj_track_id": 66,
          "bbox": [
            908.7120590648072,
            370.3363412633306,
            956.5545529122231,
            469.5652173913044
          ],
          "category": "rider",
          "category ID": 2,
          "trunc": false
        },
        {
          "obj_track_id": 132,
          "bbox": [
            908.1214109926169,
            421.72272354388843,
            956.5545529122231,
            489.64725184577526
          ],
          "category": "bike",
          "category ID": 6,
          "trunc": false
        }
      ]
    },
    {
      "frame_id": 39,
      "image_path": "frames/fdvMUP8qvzw_005225/images/000039.jpg",
      "accident_id": 5,
      "accident_name": "turning",
      "objects": [
        {
          "obj_track_id": 0,
          "bbox": [
            716.2281722933644,
            382.73995077932733,
            957.7358490566038,
            484.92206726825265
          ],
          "category": "car",
          "category ID": 3,
          "trunc": false
        },
        {
          "obj_track_id": 66,
          "bbox": [
            921.1156685808039,
            367.383100902379,
            997.3092698933552,
            456.5709598031173
          ],
          "category": "rider",
          "category ID": 2,
          "trunc": false
        },
        {
          "obj_track_id": 132,
          "bbox": [
            943.5602953240361,
            412.2723543888433,
            1019.1632485643971,
            481.9688269073011
          ],
          "category": "bike",
          "category ID": 6,
          "trunc": false
        }
      ]
    },
    {
      "frame_id": 40,
      "image_path": "frames/fdvMUP8qvzw_005225/images/000040.jpg",
      "accident_id": 5,
      "accident_name": "turning",
      "objects": [
        {
          "obj_track_id": 0,
          "bbox": [
            754.5529122231337,
            382.73995077932733,
            993.174733388023,
            481.37817883511076
          ],
          "category": "car",
          "category ID": 3,
          "trunc": false
        },
        {
          "obj_track_id": 66,
          "bbox": [
            942.3789991796555,
            370.3363412633306,
            1031.5668580803938,
            447.71123872026254
          ],
          "category": "rider",
          "category ID": 2,
          "trunc": false
        },
        {
          "obj_track_id": 132,
          "bbox": [
            980.7711238720262,
            406.3658736669401,
            1063.4618539786711,
            463.65873666940115
          ],
          "category": "bike",
          "category ID": 6,
          "trunc": false
        }
      ]
    },
    {
      "frame_id": 41,
      "image_path": "frames/fdvMUP8qvzw_005225/images/000041.jpg",
      "accident_id": 5,
      "accident_name": "turning",
      "objects": [
        {
          "obj_track_id": 0,
          "bbox": [
            754.5529122231337,
            382.73995077932733,
            1019.163248564397,
            480.1968826907301
          ],
          "category": "car",
          "category ID": 3,
          "trunc": false
        },
        {
          "obj_track_id": 66,
          "bbox": [
            970.7301066447908,
            369.7456931911403,
            1039.245283018868,
            434.7169811320755
          ],
          "category": "rider",
          "category ID": 2,
          "trunc": false
        },
        {
          "obj_track_id": 132,
          "bbox": [
            1013.2567678424939,
            389.23707957342083,
            1055.783429040197,
            457.16160787530765
          ],
          "category": "bike",
          "category ID": 6,
          "trunc": false
        }
      ]
    },
    {
      "frame_id": 42,
      "image_path": "frames/fdvMUP8qvzw_005225/images/000042.jpg",
      "accident_id": 5,
      "accident_name": "turning",
      "objects": [
        {
          "obj_track_id": 0,
          "bbox": [
            761.0500410172273,
            376.8334700574241,
            1032.1575061525841,
            483.1501230516817
          ],
          "category": "car",
          "category ID": 3,
          "trunc": false
        },
        {
          "obj_track_id": 66,
          "bbox": [
            1000.8531583264971,
            371.5176374077113,
            1058.146021328958,
            429.4011484823626
          ],
          "category": "rider",
          "category ID": 2,
          "trunc": false
        },
        {
          "obj_track_id": 132,
          "bbox": [
            1056.9647251845774,
            364.4298605414274,
            1113.6669401148483,
            455.3896636587367
          ],
          "category": "bike",
          "category ID": 6,
          "trunc": false
        }
      ]
    },
    {
      "frame_id": 43,
      "image_path": "frames/fdvMUP8qvzw_005225/images/000043.jpg",
      "accident_id": 5,
      "accident_name": "turning",
      "objects": [
        {
          "obj_track_id": 0,
          "bbox": [
            765.7752255947498,
            373.2895816242822,
            1041.017227235439,
            489.64725184577526
          ],
          "category": "car",
          "category ID": 3,
          "trunc": false
        },
        {
          "obj_track_id": 66,
          "bbox": [
            1030.9762100082035,
            372.6989335520919,
            1085.906480721903,
            440.62346185397865
          ],
          "category": "rider",
          "category ID": 2,
          "trunc": false
        },
        {
          "obj_track_id": 132,
          "bbox": [
            1091.2223133716159,
            349.6636587366694,
            1131.3863822805579,
            457.16160787530765
          ],
          "category": "bike",
          "category ID": 6,
          "trunc": false
        }
      ]
    },
    {
      "frame_id": 44,
      "image_path": "frames/fdvMUP8qvzw_005225/images/000044.jpg",
      "accident_id": 5,
      "accident_name": "turning",
      "objects": [
        {
          "obj_track_id": 0,
          "bbox": [
            770.5004101722724,
            374.47087776866283,
            1047.5143560295323,
            491.4191960623462
          ],
          "category": "car",
          "category ID": 3,
          "trunc": false
        },
        {
          "obj_track_id": 66,
          "bbox": [
            1055.1927809680067,
            378.0147662018048,
            1116.6201804757998,
            461.8867924528302
          ],
          "category": "rider",
          "category ID": 2,
          "trunc": false
        },
        {
          "obj_track_id": 132,
          "bbox": [
            1117.21082854799,
            351.43560295324033,
            1157.3748974569319,
            460.70549630844954
          ],
          "category": "bike",
          "category ID": 6,
          "trunc": false
        }
      ]
    },
    {
      "frame_id": 45,
      "image_path": "frames/fdvMUP8qvzw_005225/images/000045.jpg",
      "accident_id": 5,
      "accident_name": "turning",
      "objects": [
        {
          "obj_track_id": 0,
          "bbox": [
            770.5004101722724,
            375.06152584085316,
            1049.2863002461033,
            492.00984413453654
          ],
          "category": "car",
          "category ID": 3,
          "trunc": false
        },
        {
          "obj_track_id": 66,
          "bbox": [
            1078.228055783429,
            396.915504511895,
            1129.6144380639869,
            471.3371616078753
          ],
          "category": "rider",
          "category ID": 2,
          "trunc": false
        },
        {
          "obj_track_id": 132,
          "bbox": [
            1122.526661197703,
            370.3363412633306,
            1189.2698933552092,
            466.61197703035276
          ],
          "category": "bike",
          "category ID": 6,
          "trunc": false
        }
      ]
    },
    {
      "frame_id": 46,
      "image_path": "frames/fdvMUP8qvzw_005225/images/000046.jpg",
      "accident_id": 5,
      "accident_name": "turning",
      "objects": [
        {
          "obj_track_id": 0,
          "bbox": [
            768.137817883511,
            375.45529122231335,
            1048.695652173913,
            492.99425758818705
          ],
          "category": "car",
          "category ID": 3,
          "trunc": false
        },
        {
          "obj_track_id": 66,
          "bbox": [
            1095.9474979491386,
            402.8219852337982,
            1136.1115668580803,
            470.746513535685
          ],
          "category": "rider",
          "category ID": 2,
          "trunc": false
        },
        {
          "obj_track_id": 132,
          "bbox": [
            1143.1993437243643,
            389.82772764561116,
            1215.2584085315832,
            466.0213289581624
          ],
          "category": "bike",
          "category ID": 6,
          "trunc": false
        }
      ]
    },
    {
      "frame_id": 47,
      "image_path": "frames/fdvMUP8qvzw_005225/images/000047.jpg",
      "accident_id": 5,
      "accident_name": "turning",
      "objects": [
        {
          "obj_track_id": 0,
          "bbox": [
            765.7752255947498,
            375.8490566037736,
            1048.1050041017227,
            493.9786710418376
          ],
          "category": "car",
          "category ID": 3,
          "trunc": false
        },
        {
          "obj_track_id": 66,
          "bbox": [
            1109.532403609516,
            408.7284659557014,
            1147.9245283018868,
            467.7932731747334
          ],
          "category": "rider",
          "category ID": 2,
          "trunc": false
        },
        {
          "obj_track_id": 132,
          "bbox": [
            1147.9245283018868,
            421.1320754716981,
            1232.977850697293,
            466.61197703035276
          ],
          "category": "bike",
          "category ID": 6,
          "trunc": false
        }
      ]
    },
    {
      "frame_id": 48,
      "image_path": "frames/fdvMUP8qvzw_005225/images/000048.jpg",
      "accident_id": 5,
      "accident_name": "turning",
      "objects": [
        {
          "obj_track_id": 0,
          "bbox": [
            763.4126333059885,
            376.2428219852338,
            1047.5143560295323,
            494.9630844954881
          ],
          "category": "car",
          "category ID": 3,
          "trunc": false
        },
        {
          "obj_track_id": 66,
          "bbox": [
            1110.7136997538967,
            406.95652173913044,
            1155.0123051681705,
            463.65873666940115
          ],
          "category": "rider",
          "category ID": 2,
          "trunc": false
        },
        {
          "obj_track_id": 132,
          "bbox": [
            1148.515176374077,
            427.0385561936013,
            1235.340442986054,
            467.7932731747334
          ],
          "category": "bike",
          "category ID": 6,
          "trunc": false
        }
      ]
    },
    {
      "frame_id": 49,
      "image_path": "frames/fdvMUP8qvzw_005225/images/000049.jpg",
      "accident_id": 0,
      "accident_name": "normal",
      "objects": []
    },
    {
      "frame_id": 50,
      "image_path": "frames/fdvMUP8qvzw_005225/images/000050.jpg",
      "accident_id": 0,
      "accident_name": "normal",
      "objects": []
    },
    {
      "frame_id": 51,
      "image_path": "frames/fdvMUP8qvzw_005225/images/000051.jpg",
      "accident_id": 0,
      "accident_name": "normal",
      "objects": []
    },
    {
      "frame_id": 52,
      "image_path": "frames/fdvMUP8qvzw_005225/images/000052.jpg",
      "accident_id": 0,
      "accident_name": "normal",
      "objects": []
    },
    {
      "frame_id": 53,
      "image_path": "frames/fdvMUP8qvzw_005225/images/000053.jpg",
      "accident_id": 0,
      "accident_name": "normal",
      "objects": []
    },
    {
      "frame_id": 54,
      "image_path": "frames/fdvMUP8qvzw_005225/images/000054.jpg",
      "accident_id": 0,
      "accident_name": "normal",
      "objects": []
    },
    {
      "frame_id": 55,
      "image_path": "frames/fdvMUP8qvzw_005225/images/000055.jpg",
      "accident_id": 0,
      "accident_name": "normal",
      "objects": []
    },
    {
      "frame_id": 56,
      "image_path": "frames/fdvMUP8qvzw_005225/images/000056.jpg",
      "accident_id": 0,
      "accident_name": "normal",
      "objects": []
    },
    {
      "frame_id": 57,
      "image_path": "frames/fdvMUP8qvzw_005225/images/000057.jpg",
      "accident_id": 0,
      "accident_name": "normal",
      "objects": []
    },
    {
      "frame_id": 58,
      "image_path": "frames/fdvMUP8qvzw_005225/images/000058.jpg",
      "accident_id": 0,
      "accident_name": "normal",
      "objects": []
    },
    {
      "frame_id": 59,
      "image_path": "frames/fdvMUP8qvzw_005225/images/000059.jpg",
      "accident_id": 0,
      "accident_name": "normal",
      "objects": []
    },
    {
      "frame_id": 60,
      "image_path": "frames/fdvMUP8qvzw_005225/images/000060.jpg",
      "accident_id": 0,
      "accident_name": "normal",
      "objects": []
    },
    {
      "frame_id": 61,
      "image_path": "frames/fdvMUP8qvzw_005225/images/000061.jpg",
      "accident_id": 0,
      "accident_name": "normal",
      "objects": []
    },
    {
      "frame_id": 62,
      "image_path": "frames/fdvMUP8qvzw_005225/images/000062.jpg",
      "accident_id": 0,
      "accident_name": "normal",
      "objects": []
    },
    {
      "frame_id": 63,
      "image_path": "frames/fdvMUP8qvzw_005225/images/000063.jpg",
      "accident_id": 0,
      "accident_name": "normal",
      "objects": []
    },
    {
      "frame_id": 64,
      "image_path": "frames/fdvMUP8qvzw_005225/images/000064.jpg",
      "accident_id": 0,
      "accident_name": "normal",
      "objects": []
    },
    {
      "frame_id": 65,
      "image_path": "frames/fdvMUP8qvzw_005225/images/000065.jpg",
      "accident_id": 0,
      "accident_name": "normal",
      "objects": []
    },
    {
      "frame_id": 66,
      "image_path": "frames/fdvMUP8qvzw_005225/images/000066.jpg",
      "accident_id": 0,
      "accident_name": "normal",
      "objects": []
    },
    {
      "frame_id": 67,
      "image_path": "frames/fdvMUP8qvzw_005225/images/000067.jpg",
      "accident_id": 0,
      "accident_name": "normal",
      "objects": []
    },
    {
      "frame_id": 68,
      "image_path": "frames/fdvMUP8qvzw_005225/images/000068.jpg",
      "accident_id": 0,
      "accident_name": "normal",
      "objects": []
    },
    {
      "frame_id": 69,
      "image_path": "frames/fdvMUP8qvzw_005225/images/000069.jpg",
      "accident_id": 0,
      "accident_name": "normal",
      "objects": []
    },
    {
      "frame_id": 70,
      "image_path": "frames/fdvMUP8qvzw_005225/images/000070.jpg",
      "accident_id": 0,
      "accident_name": "normal",
      "objects": []
    },
    {
      "frame_id": 71,
      "image_path": "frames/fdvMUP8qvzw_005225/images/000071.jpg",
      "accident_id": 0,
      "accident_name": "normal",
      "objects": []
    },
    {
      "frame_id": 72,
      "image_path": "frames/fdvMUP8qvzw_005225/images/000072.jpg",
      "accident_id": 0,
      "accident_name": "normal",
      "objects": []
    },
    {
      "frame_id": 73,
      "image_path": "frames/fdvMUP8qvzw_005225/images/000073.jpg",
      "accident_id": 0,
      "accident_name": "normal",
      "objects": []
    },
    {
      "frame_id": 74,
      "image_path": "frames/fdvMUP8qvzw_005225/images/000074.jpg",
      "accident_id": 0,
      "accident_name": "normal",
      "objects": []
    },
    {
      "frame_id": 75,
      "image_path": "frames/fdvMUP8qvzw_005225/images/000075.jpg",
      "accident_id": 0,
      "accident_name": "normal",
      "objects": []
    },
    {
      "frame_id": 76,
      "image_path": "frames/fdvMUP8qvzw_005225/images/000076.jpg",
      "accident_id": 0,
      "accident_name": "normal",
      "objects": []
    },
    {
      "frame_id": 77,
      "image_path": "frames/fdvMUP8qvzw_005225/images/000077.jpg",
      "accident_id": 0,
      "accident_name": "normal",
      "objects": []
    },
    {
      "frame_id": 78,
      "image_path": "frames/fdvMUP8qvzw_005225/images/000078.jpg",
      "accident_id": 0,
      "accident_name": "normal",
      "objects": []
    },
    {
      "frame_id": 79,
      "image_path": "frames/fdvMUP8qvzw_005225/images/000079.jpg",
      "accident_id": 0,
      "accident_name": "normal",
      "objects": []
    },
    {
      "frame_id": 80,
      "image_path": "frames/fdvMUP8qvzw_005225/images/000080.jpg",
      "accident_id": 0,
      "accident_name": "normal",
      "objects": []
    },
    {
      "frame_id": 81,
      "image_path": "frames/fdvMUP8qvzw_005225/images/000081.jpg",
      "accident_id": 0,
      "accident_name": "normal",
      "objects": []
    },
    {
      "frame_id": 82,
      "image_path": "frames/fdvMUP8qvzw_005225/images/000082.jpg",
      "accident_id": 0,
      "accident_name": "normal",
      "objects": []
    },
    {
      "frame_id": 83,
      "image_path": "frames/fdvMUP8qvzw_005225/images/000083.jpg",
      "accident_id": 0,
      "accident_name": "normal",
      "objects": []
    },
    {
      "frame_id": 84,
      "image_path": "frames/fdvMUP8qvzw_005225/images/000084.jpg",
      "accident_id": 0,
      "accident_name": "normal",
      "objects": []
    },
    {
      "frame_id": 85,
      "image_path": "frames/fdvMUP8qvzw_005225/images/000085.jpg",
      "accident_id": 0,
      "accident_name": "normal",
      "objects": []
    },
    {
      "frame_id": 86,
      "image_path": "frames/fdvMUP8qvzw_005225/images/000086.jpg",
      "accident_id": 0,
      "accident_name": "normal",
      "objects": []
    },
    {
      "frame_id": 87,
      "image_path": "frames/fdvMUP8qvzw_005225/images/000087.jpg",
      "accident_id": 0,
      "accident_name": "normal",
      "objects": []
    },
    {
      "frame_id": 88,
      "image_path": "frames/fdvMUP8qvzw_005225/images/000088.jpg",
      "accident_id": 0,
      "accident_name": "normal",
      "objects": []
    },
    {
      "frame_id": 89,
      "image_path": "frames/fdvMUP8qvzw_005225/images/000089.jpg",
      "accident_id": 0,
      "accident_name": "normal",
      "objects": []
    },
    {
      "frame_id": 90,
      "image_path": "frames/fdvMUP8qvzw_005225/images/000090.jpg",
      "accident_id": 0,
      "accident_name": "normal",
      "objects": []
    },
    {
      "frame_id": 91,
      "image_path": "frames/fdvMUP8qvzw_005225/images/000091.jpg",
      "accident_id": 0,
      "accident_name": "normal",
      "objects": []
    },
    {
      "frame_id": 92,
      "image_path": "frames/fdvMUP8qvzw_005225/images/000092.jpg",
      "accident_id": 0,
      "accident_name": "normal",
      "objects": []
    },
    {
      "frame_id": 93,
      "image_path": "frames/fdvMUP8qvzw_005225/images/000093.jpg",
      "accident_id": 0,
      "accident_name": "normal",
      "objects": []
    },
    {
      "frame_id": 94,
      "image_path": "frames/fdvMUP8qvzw_005225/images/000094.jpg",
      "accident_id": 0,
      "accident_name": "normal",
      "objects": []
    },
    {
      "frame_id": 95,
      "image_path": "frames/fdvMUP8qvzw_005225/images/000095.jpg",
      "accident_id": 0,
      "accident_name": "normal",
      "objects": []
    },
    {
      "frame_id": 96,
      "image_path": "frames/fdvMUP8qvzw_005225/images/000096.jpg",
      "accident_id": 0,
      "accident_name": "normal",
      "objects": []
    },
    {
      "frame_id": 97,
      "image_path": "frames/fdvMUP8qvzw_005225/images/000097.jpg",
      "accident_id": 0,
      "accident_name": "normal",
      "objects": []
    },
    {
      "frame_id": 98,
      "image_path": "frames/fdvMUP8qvzw_005225/images/000098.jpg",
      "accident_id": 0,
      "accident_name": "normal",
      "objects": []
    }
  ]
}