{
  "video_name": "fHUJcUaW2mE_003831",
  "channel": "CarCrashesTime",
  "num_frames": 164,
  "ignore": false,
  "ego_involve": false,
  "night": false,
  "anomaly_start": 27,
  "anomaly_end": 70,
  "video_start": 3831,
  "video_end": 3994,
  "accident_id": "8",
  "accident_name": "leave_to_right",
  "labels": [
    {
      "frame_id": 0,
      "image_path": "frames/fHUJcUaW2mE_003831/images/000000.jpg",
      "accident_id": 0,
      "accident_name": "normal",
      "objects": []
    },
    {
      "frame_id": 1,
      "image_path": "frames/fHUJcUaW2mE_003831/images/000001.jpg",
      "accident_id": 0,
      "accident_name": "normal",
      "objects": []
    },
    {
      "frame_id": 2,
      "image_path": "frames/fHUJcUaW2mE_003831/images/000002.jpg",
      "accident_id": 0,
      "accident_name": "normal",
      "objects": []
    },
    {
      "frame_id": 3,
      "image_path": "frames/fHUJcUaW2mE_003831/images/000003.jpg",
      "accident_id": 0,
      "accident_name": "normal",
      "objects": []
    },
    {
      "frame_id": 4,
      "image_path": "frames/fHUJcUaW2mE_003831/images/000004.jpg",
      "accident_id": 0,
      "accident_name": "normal",
      "objects": []
    },
    {
      "frame_id": 5,
      "image_path": "frames/fHUJcUaW2mE_003831/images/000005.jpg",
      "accident_id": 0,
      "accident_name": "normal",
      "objects": []
    },
    {
      "frame_id": 6,
      "image_path": "frames/fHUJcUaW2mE_003831/images/000006.jpg",
      "accident_id": 0,
      "accident_name": "normal",
      "objects": []
    },
    {
      "frame_id": 7,
      "image_path": "frames/fHUJcUaW2mE_003831/images/000007.jpg",
      "accident_id": 0,
      "accident_name": "normal",
      "objects": []
    },
    {
      "frame_id": 8,
      "image_path": "frames/fHUJcUaW2mE_003831/images/000008.jpg",
      "accident_id": 0,
      "accident_name": "normal",
      "objects": []
    },
    {
      "frame_id": 9,
      "image_path": "frames/fHUJcUaW2mE_003831/images/000009.jpg",
      "accident_id": 0,
      "accident_name": "normal",
      "objects": []
    },
    {
      "frame_id": 10,
      "image_path": "frames/fHUJcUaW2mE_003831/images/000010.jpg",
      "accident_id": 0,
      "accident_name": "normal",
      "objects": []
    },
    {
      "frame_id": 11,
      "image_path": "frames/fHUJcUaW2mE_003831/images/000011.jpg",
      "accident_id": 0,
      "accident_name": "normal",
      "objects": []
    },
    {
      "frame_id": 12,
      "image_path": "frames/fHUJcUaW2mE_003831/images/000012.jpg",
      "accident_id": 0,
      "accident_name": "normal",
      "objects": []
    },
    {
      "frame_id": 13,
      "image_path": "frames/fHUJcUaW2mE_003831/images/000013.jpg",
      "accident_id": 0,
      "accident_name": "normal",
      "objects": []
    },
    {
      "frame_id": 14,
      "image_path": "frames/fHUJcUaW2mE_003831/images/000014.jpg",
      "accident_id": 0,
      "accident_name": "normal",
      "objects": []
    },
    {
      "frame_id": 15,
      "image_path": "frames/fHUJcUaW2mE_003831/images/000015.jpg",
      "accident_id": 0,
      "accident_name": "normal",
      "objects": []
    },
    {
      "frame_id": 16,
      "image_path": "frames/fHUJcUaW2mE_003831/images/000016.jpg",
      "accident_id": 0,
      "accident_name": "normal",
      "objects": []
    },
    {
      "frame_id": 17,
      "image_path": "frames/fHUJcUaW2mE_003831/images/000017.jpg",
      "accident_id": 0,
      "accident_name": "normal",
      "objects": []
    },
    {
      "frame_id": 18,
      "image_path": "frames/fHUJcUaW2mE_003831/images/000018.jpg",
      "accident_id": 0,
      "accident_name": "normal",
      "objects": []
    },
    {
      "frame_id": 19,
      "image_path": "frames/fHUJcUaW2mE_003831/images/000019.jpg",
      "accident_id": 0,
      "accident_name": "normal",
      "objects": []
    },
    {
      "frame_id": 20,
      "image_path": "frames/fHUJcUaW2mE_003831/images/000020.jpg",
      "accident_id": 0,
      "accident_name": "normal",
      "objects": []
    },
    {
      "frame_id": 21,
      "image_path": "frames/fHUJcUaW2mE_003831/images/000021.jpg",
      "accident_id": 0,
      "accident_name": "normal",
      "objects": []
    },
    {
      "frame_id": 22,
      "image_path": "frames/fHUJcUaW2mE_003831/images/000022.jpg",
      "accident_id": 0,
      "accident_name": "normal",
      "objects": []
    },
    {
      "frame_id": 23,
      "image_path": "frames/fHUJcUaW2mE_003831/images/000023.jpg",
      "accident_id": 0,
      "accident_name": "normal",
      "objects": []
    },
    {
      "frame_id": 24,
      "image_path": "frames/fHUJcUaW2mE_003831/images/000024.jpg",
      "accident_id": 0,
      "accident_name": "normal",
      "objects": []
    },
    {
      "frame_id": 25,
      "image_path": "frames/fHUJcUaW2mE_003831/images/000025.jpg",
      "accident_id": 0,
      "accident_name": "normal",
      "objects": []
    },
    {
      "frame_id": 26,
      "image_path": "frames/fHUJcUaW2mE_003831/images/000026.jpg",
      "accident_id": 0,
      "accident_name": "normal",
      "objects": []
    },
    {
      "frame_id": 27,
      "image_path": "frames/fHUJcUaW2mE_003831/images/000027.jpg",
      "accident_id": 8,
      "accident_name": "leave_to_right",
      "objects": [
        {
          "obj_track_id": 135,
          "bbox": [
            709.073010664479,
            401.0500410172272,
            746.2838392124693,
            428.81050041017227
          ],
          "category": "car",
          "category ID": 3,
          "trunc": false
        }
      ]
    },
    {
      "frame_id": 28,
      "image_path": "frames/fHUJcUaW2mE_003831/images/000028.jpg",
      "accident_id": 8,
      "accident_name": "leave_to_right",
      "objects": [
        {
          "obj_track_id": 135,
          "bbox": [
            706.1197703035275,
            404.0032813781788,
            745.6931911402789,
            429.4011484823626
          ],
          "category": "car",
          "category ID": 3,
          "trunc": false
        }
      ]
    },
    {
      "frame_id": 29,
      "image_path": "frames/fHUJcUaW2mE_003831/images/000029.jpg",
      "accident_id": 8,
      "accident_name": "leave_to_right",
      "objects": [
        {
          "obj_track_id": 135,
          "bbox": [
            703.1665299425758,
            399.8687448728466,
            743.3305988515176,
            428.21985233798193
          ],
          "category": "car",
          "category ID": 3,
          "trunc": false
        }
      ]
    },
    {
      "frame_id": 30,
      "image_path": "frames/fHUJcUaW2mE_003831/images/000030.jpg",
      "accident_id": 8,
      "accident_name": "leave_to_right",
      "objects": [
        {
          "obj_track_id": 135,
          "bbox": [
            701.394585726005,
            397.5061525840853,
            738.0147662018047,
            422.9040196882691
          ],
          "category": "car",
          "category ID": 3,
          "trunc": false
        }
      ]
    },
    {
      "frame_id": 31,
      "image_path": "frames/fHUJcUaW2mE_003831/images/000031.jpg",
      "accident_id": 8,
      "accident_name": "leave_to_right",
      "objects": [
        {
          "obj_track_id": 135,
          "bbox": [
            697.2600492206727,
            394.5529122231337,
            736.2428219852338,
            420.5414273995078
          ],
          "category": "car",
          "category ID": 3,
          "trunc": false
        }
      ]
    },
    {
      "frame_id": 32,
      "image_path": "frames/fHUJcUaW2mE_003831/images/000032.jpg",
      "accident_id": 8,
      "accident_name": "leave_to_right",
      "objects": [
        {
          "obj_track_id": 135,
          "bbox": [
            697.2600492206727,
            392.19031993437244,
            732.1082854799016,
            419.36013125512716
          ],
          "category": "car",
          "category ID": 3,
          "trunc": false
        }
      ]
    },
    {
      "frame_id": 33,
      "image_path": "frames/fHUJcUaW2mE_003831/images/000033.jpg",
      "accident_id": 8,
      "accident_name": "leave_to_right",
      "objects": [
        {
          "obj_track_id": 135,
          "bbox": [
            696.0787530762921,
            392.7809680065628,
            726.2018047579984,
            415.8162428219852
          ],
          "category": "car",
          "category ID": 3,
          "trunc": false
        }
      ]
    },
    {
      "frame_id": 34,
      "image_path": "frames/fHUJcUaW2mE_003831/images/000034.jpg",
      "accident_id": 8,
      "accident_name": "leave_to_right",
      "objects": [
        {
          "obj_track_id": 135,
          "bbox": [
            696.0787530762921,
            398.68744872846594,
            724.4298605414274,
            422.9040196882691
          ],
          "category": "car",
          "category ID": 3,
          "trunc": false
        }
      ]
    },
    {
      "frame_id": 35,
      "image_path": "frames/fHUJcUaW2mE_003831/images/000035.jpg",
      "accident_id": 8,
      "accident_name": "leave_to_right",
      "objects": [
        {
          "obj_track_id": 135,
          "bbox": [
            695.4881050041017,
            397.5061525840853,
            726.2018047579984,
            422.9040196882691
          ],
          "category": "car",
          "category ID": 3,
          "trunc": false
        }
      ]
    },
    {
      "frame_id": 36,
      "image_path": "frames/fHUJcUaW2mE_003831/images/000036.jpg",
      "accident_id": 8,
      "accident_name": "leave_to_right",
      "objects": [
        {
          "obj_track_id": 135,
          "bbox": [
            695.4881050041017,
            397.5061525840853,
            727.9737489745693,
            421.1320754716981
          ],
          "category": "car",
          "category ID": 3,
          "trunc": false
        }
      ]
    },
    {
      "frame_id": 37,
      "image_path": "frames/fHUJcUaW2mE_003831/images/000037.jpg",
      "accident_id": 8,
      "accident_name": "leave_to_right",
      "objects": [
        {
          "obj_track_id": 135,
          "bbox": [
            695.4881050041017,
            398.68744872846594,
            734.4708777686628,
            421.72272354388843
          ],
          "category": "car",
          "category ID": 3,
          "trunc": false
        }
      ]
    },
    {
      "frame_id": 38,
      "image_path": "frames/fHUJcUaW2mE_003831/images/000038.jpg",
      "accident_id": 8,
      "accident_name": "leave_to_right",
      "objects": [
        {
          "obj_track_id": 135,
          "bbox": [
            696.6694011484824,
            396.915504511895,
            739.1960623461854,
            421.72272354388843
          ],
          "category": "car",
          "category ID": 3,
          "trunc": false
        }
      ]
    },
    {
      "frame_id": 39,
      "image_path": "frames/fHUJcUaW2mE_003831/images/000039.jpg",
      "accident_id": 8,
      "accident_name": "leave_to_right",
      "objects": [
        {
          "obj_track_id": 135,
          "bbox": [
            697.8506972928631,
            399.2780968006563,
            743.9212469237079,
            424.0853158326497
          ],
          "category": "car",
          "category ID": 3,
          "trunc": false
        }
      ]
    },
    {
      "frame_id": 40,
      "image_path": "frames/fHUJcUaW2mE_003831/images/000040.jpg",
      "accident_id": 8,
      "accident_name": "leave_to_right",
      "objects": [
        {
          "obj_track_id": 135,
          "bbox": [
            697.8506972928631,
            398.68744872846594,
            749.2370795734208,
            424.0853158326497
          ],
          "category": "car",
          "category ID": 3,
          "trunc": false
        }
      ]
    },
    {
      "frame_id": 41,
      "image_path": "frames/fHUJcUaW2mE_003831/images/000041.jpg",
      "accident_id": 8,
      "accident_name": "leave_to_right",
      "objects": [
        {
          "obj_track_id": 135,
          "bbox": [
            700.2132895816243,
            396.915504511895,
            753.371616078753,
            421.1320754716981
          ],
          "category": "car",
          "category ID": 3,
          "trunc": false
        }
      ]
    },
    {
      "frame_id": 42,
      "image_path": "frames/fHUJcUaW2mE_003831/images/000042.jpg",
      "accident_id": 8,
      "accident_name": "leave_to_right",
      "objects": [
        {
          "obj_track_id": 135,
          "bbox": [
            701.9852337981953,
            395.7342083675144,
            756.3248564397047,
            419.9507793273175
          ],
          "category": "car",
          "category ID": 3,
          "trunc": false
        }
      ]
    },
    {
      "frame_id": 43,
      "image_path": "frames/fHUJcUaW2mE_003831/images/000043.jpg",
      "accident_id": 8,
      "accident_name": "leave_to_right",
      "objects": [
        {
          "obj_track_id": 135,
          "bbox": [
            703.7571780147662,
            396.32485643970466,
            759.8687448728466,
            419.9507793273175
          ],
          "category": "car",
          "category ID": 3,
          "trunc": false
        }
      ]
    },
    {
      "frame_id": 44,
      "image_path": "frames/fHUJcUaW2mE_003831/images/000044.jpg",
      "accident_id": 8,
      "accident_name": "leave_to_right",
      "objects": [
        {
          "obj_track_id": 135,
          "bbox": [
            704.9384741591468,
            395.7342083675144,
            768.137817883511,
            421.1320754716981
          ],
          "category": "car",
          "category ID": 3,
          "trunc": false
        }
      ]
    },
    {
      "frame_id": 45,
      "image_path": "frames/fHUJcUaW2mE_003831/images/000045.jpg",
      "accident_id": 8,
      "accident_name": "leave_to_right",
      "objects": [
        {
          "obj_track_id": 135,
          "bbox": [
            710.8449548810501,
            394.5529122231337,
            773.4536505332239,
            418.7694831829368
          ],
          "category": "car",
          "category ID": 3,
          "trunc": false
        }
      ]
    },
    {
      "frame_id": 46,
      "image_path": "frames/fHUJcUaW2mE_003831/images/000046.jpg",
      "accident_id": 8,
      "accident_name": "leave_to_right",
      "objects": [
        {
          "obj_track_id": 135,
          "bbox": [
            713.2075471698113,
            396.32485643970466,
            778.1788351107465,
            421.72272354388843
          ],
          "category": "car",
          "category ID": 3,
          "trunc": false
        }
      ]
    },
    {
      "frame_id": 47,
      "image_path": "frames/fHUJcUaW2mE_003831/images/000047.jpg",
      "accident_id": 8,
      "accident_name": "leave_to_right",
      "objects": [
        {
          "obj_track_id": 135,
          "bbox": [
            717.3420836751436,
            396.32485643970466,
            782.3133716160787,
            423.4946677604594
          ],
          "category": "car",
          "category ID": 3,
          "trunc": false
        }
      ]
    },
    {
      "frame_id": 48,
      "image_path": "frames/fHUJcUaW2mE_003831/images/000048.jpg",
      "accident_id": 8,
      "accident_name": "leave_to_right",
      "objects": [
        {
          "obj_track_id": 135,
          "bbox": [
            719.7046759639048,
            400.45939294503694,
            785.2666119770304,
            424.67596390484005
          ],
          "category": "car",
          "category ID": 3,
          "trunc": false
        }
      ]
    },
    {
      "frame_id": 49,
      "image_path": "frames/fHUJcUaW2mE_003831/images/000049.jpg",
      "accident_id": 8,
      "accident_name": "leave_to_right",
      "objects": [
        {
          "obj_track_id": 135,
          "bbox": [
            728.5643970467596,
            401.64068908941755,
            792.9450369155045,
            425.85726004922066
          ],
          "category": "car",
          "category ID": 3,
          "trunc": false
        }
      ]
    },
    {
      "frame_id": 50,
      "image_path": "frames/fHUJcUaW2mE_003831/images/000050.jpg",
      "accident_id": 8,
      "accident_name": "leave_to_right",
      "objects": [
        {
          "obj_track_id": 135,
          "bbox": [
            734.4708777686628,
            398.09680065627566,
            798.2608695652174,
            423.4946677604594
          ],
          "category": "car",
          "category ID": 3,
          "trunc": false
        }
      ]
    },
    {
      "frame_id": 51,
      "image_path": "frames/fHUJcUaW2mE_003831/images/000051.jpg",
      "accident_id": 8,
      "accident_name": "leave_to_right",
      "objects": [
        {
          "obj_track_id": 135,
          "bbox": [
            739.1960623461854,
            398.09680065627566,
            802.3954060705496,
            422.31337161607877
          ],
          "category": "car",
          "category ID": 3,
          "trunc": false
        }
      ]
    },
    {
      "frame_id": 52,
      "image_path": "frames/fHUJcUaW2mE_003831/images/000052.jpg",
      "accident_id": 8,
      "accident_name": "leave_to_right",
      "objects": [
        {
          "obj_track_id": 135,
          "bbox": [
            742.7399507793273,
            399.8687448728466,
            810.0738310090238,
            421.72272354388843
          ],
          "category": "car",
          "category ID": 3,
          "trunc": false
        }
      ]
    },
    {
      "frame_id": 53,
      "image_path": "frames/fHUJcUaW2mE_003831/images/000053.jpg",
      "accident_id": 8,
      "accident_name": "leave_to_right",
      "objects": [
        {
          "obj_track_id": 135,
          "bbox": [
            747.4651353568499,
            400.45939294503694,
            810.0738310090238,
            422.9040196882691
          ],
          "category": "car",
          "category ID": 3,
          "trunc": false
        }
      ]
    },
    {
      "frame_id": 54,
      "image_path": "frames/fHUJcUaW2mE_003831/images/000054.jpg",
      "accident_id": 8,
      "accident_name": "leave_to_right",
      "objects": [
        {
          "obj_track_id": 135,
          "bbox": [
            752.1903199343725,
            399.8687448728466,
            819.5242001640689,
            423.4946677604594
          ],
          "category": "car",
          "category ID": 3,
          "trunc": false
        }
      ]
    },
    {
      "frame_id": 55,
      "image_path": "frames/fHUJcUaW2mE_003831/images/000055.jpg",
      "accident_id": 8,
      "accident_name": "leave_to_right",
      "objects": [
        {
          "obj_track_id": 135,
          "bbox": [
            764.0032813781788,
            397.5061525840853,
            820.7054963084496,
            417.5881870385562
          ],
          "category": "car",
          "category ID": 3,
          "trunc": false
        }
      ]
    },
    {
      "frame_id": 56,
      "image_path": "frames/fHUJcUaW2mE_003831/images/000056.jpg",
      "accident_id": 8,
      "accident_name": "leave_to_right",
      "objects": [
        {
          "obj_track_id": 135,
          "bbox": [
            768.7284659557014,
            393.9622641509434,
            824.8400328137818,
            416.40689089417555
          ],
          "category": "car",
          "category ID": 3,
          "trunc": false
        }
      ]
    },
    {
      "frame_id": 57,
      "image_path": "frames/fHUJcUaW2mE_003831/images/000057.jpg",
      "accident_id": 8,
      "accident_name": "leave_to_right",
      "objects": [
        {
          "obj_track_id": 135,
          "bbox": [
            772.8630024610336,
            391.5996718621821,
            825.4306808859722,
            414.04429860541427
          ],
          "category": "car",
          "category ID": 3,
          "trunc": false
        }
      ]
    },
    {
      "frame_id": 58,
      "image_path": "frames/fHUJcUaW2mE_003831/images/000058.jpg",
      "accident_id": 8,
      "accident_name": "leave_to_right",
      "objects": [
        {
          "obj_track_id": 135,
          "bbox": [
            778.7694831829368,
            389.82772764561116,
            826.0213289581625,
            412.2723543888433
          ],
          "category": "car",
          "category ID": 3,
          "trunc": false
        }
      ]
    },
    {
      "frame_id": 59,
      "image_path": "frames/fHUJcUaW2mE_003831/images/000059.jpg",
      "accident_id": 8,
      "accident_name": "leave_to_right",
      "objects": [
        {
          "obj_track_id": 135,
          "bbox": [
            787.0385561936013,
            388.6464315012305,
            824.8400328137818,
            411.09105824446266
          ],
          "category": "car",
          "category ID": 3,
          "trunc": false
        }
      ]
    },
    {
      "frame_id": 60,
      "image_path": "frames/fHUJcUaW2mE_003831/images/000060.jpg",
      "accident_id": 8,
      "accident_name": "leave_to_right",
      "objects": [
        {
          "obj_track_id": 135,
          "bbox": [
            793.5356849876948,
            387.4651353568499,
            823.0680885972108,
            411.681706316653
          ],
          "category": "car",
          "category ID": 3,
          "trunc": false
        }
      ]
    },
    {
      "frame_id": 61,
      "image_path": "frames/fHUJcUaW2mE_003831/images/000061.jpg",
      "accident_id": 8,
      "accident_name": "leave_to_right",
      "objects": [
        {
          "obj_track_id": 135,
          "bbox": [
            795.3076292042658,
            391.5996718621821,
            823.0680885972108,
            413.45365053322394
          ],
          "category": "car",
          "category ID": 3,
          "trunc": false
        }
      ]
    },
    {
      "frame_id": 62,
      "image_path": "frames/fHUJcUaW2mE_003831/images/000062.jpg",
      "accident_id": 8,
      "accident_name": "leave_to_right",
      "objects": [
        {
          "obj_track_id": 135,
          "bbox": [
            791.7637407711239,
            392.7809680065628,
            828.3839212469237,
            416.9975389663659
          ],
          "category": "car",
          "category ID": 3,
          "trunc": false
        }
      ]
    },
    {
      "frame_id": 63,
      "image_path": "frames/fHUJcUaW2mE_003831/images/000063.jpg",
      "accident_id": 8,
      "accident_name": "leave_to_right",
      "objects": [
        {
          "obj_track_id": 135,
          "bbox": [
            789.9917965545529,
            398.68744872846594,
            833.1091058244463,
            421.72272354388843
          ],
          "category": "car",
          "category ID": 3,
          "trunc": false
        }
      ]
    },
    {
      "frame_id": 64,
      "image_path": "frames/fHUJcUaW2mE_003831/images/000064.jpg",
      "accident_id": 8,
      "accident_name": "leave_to_right",
      "objects": [
        {
          "obj_track_id": 135,
          "bbox": [
            790.5824446267433,
            394.5529122231337,
            834.8810500410173,
            424.67596390484005
          ],
          "category": "car",
          "category ID": 3,
          "trunc": false
        }
      ]
    },
    {
      "frame_id": 65,
      "image_path": "frames/fHUJcUaW2mE_003831/images/000065.jpg",
      "accident_id": 8,
      "accident_name": "leave_to_right",
      "objects": [
        {
          "obj_track_id": 135,
          "bbox": [
            792.3543888433142,
            402.8219852337982,
            839.0155865463495,
            423.4946677604594
          ],
          "category": "car",
          "category ID": 3,
          "trunc": false
        }
      ]
    },
    {
      "frame_id": 66,
      "image_path": "frames/fHUJcUaW2mE_003831/images/000066.jpg",
      "accident_id": 8,
      "accident_name": "leave_to_right",
      "objects": [
        {
          "obj_track_id": 135,
          "bbox": [
            792.3543888433142,
            399.8687448728466,
            840.1968826907301,
            422.9040196882691
          ],
          "category": "car",
          "category ID": 3,
          "trunc": false
        }
      ]
    },
    {
      "frame_id": 67,
      "image_path": "frames/fHUJcUaW2mE_003831/images/000067.jpg",
      "accident_id": 8,
      "accident_name": "leave_to_right",
      "objects": [
        {
          "obj_track_id": 135,
          "bbox": [
            792.9450369155045,
            400.2625102543068,
            841.9688269073011,
            422.9040196882691
          ],
          "category": "car",
          "category ID": 3,
          "trunc": false
        }
      ]
    },
    {
      "frame_id": 68,
      "image_path": "frames/fHUJcUaW2mE_003831/images/000068.jpg",
      "accident_id": 8,
      "accident_name": "leave_to_right",
      "objects": [
        {
          "obj_track_id": 135,
          "bbox": [
            793.5356849876948,
            400.65627563576703,
            843.740771123872,
            422.9040196882691
          ],
          "category": "car",
          "category ID": 3,
          "trunc": false
        }
      ]
    },
    {
      "frame_id": 69,
      "image_path": "frames/fHUJcUaW2mE_003831/images/000069.jpg",
      "accident_id": 8,
      "accident_name": "leave_to_right",
      "objects": [
        {
          "obj_track_id": 135,
          "bbox": [
            794.1263330598852,
            401.0500410172272,
            845.512715340443,
            422.9040196882691
          ],
          "category": "car",
          "category ID": 3,
          "trunc": false
        }
      ]
    },
    {
      "frame_id": 70,
      "image_path": "frames/fHUJcUaW2mE_003831/images/000070.jpg",
      "accident_id": 0,
      "accident_name": "normal",
      "objects": []
    },
    {
      "frame_id": 71,
      "image_path": "frames/fHUJcUaW2mE_003831/images/000071.jpg",
      "accident_id": 0,
      "accident_name": "normal",
      "objects": []
    },
    {
      "frame_id": 72,
      "image_path": "frames/fHUJcUaW2mE_003831/images/000072.jpg",
      "accident_id": 0,
      "accident_name": "normal",
      "objects": []
    },
    {
      "frame_id": 73,
      "image_path": "frames/fHUJcUaW2mE_003831/images/000073.jpg",
      "accident_id": 0,
      "accident_name": "normal",
      "objects": []
    },
    {
      "frame_id": 74,
      "image_path": "frames/fHUJcUaW2mE_003831/images/000074.jpg",
      "accident_id": 0,
      "accident_name": "normal",
      "objects": []
    },
    {
      "frame_id": 75,
      "image_path": "frames/fHUJcUaW2mE_003831/images/000075.jpg",
      "accident_id": 0,
      "accident_name": "normal",
      "objects": []
    },
    {
      "frame_id": 76,
      "image_path": "frames/fHUJcUaW2mE_003831/images/000076.jpg",
      "accident_id": 0,
      "accident_name": "normal",
      "objects": []
    },
    {
      "frame_id": 77,
      "image_path": "frames/fHUJcUaW2mE_003831/images/000077.jpg",
      "accident_id": 0,
      "accident_name": "normal",
      "objects": []
    },
    {
      "frame_id": 78,
      "image_path": "frames/fHUJcUaW2mE_003831/images/000078.jpg",
      "accident_id": 0,
      "accident_name": "normal",
      "objects": []
    },
    {
      "frame_id": 79,
      "image_path": "frames/fHUJcUaW2mE_003831/images/000079.jpg",
      "accident_id": 0,
      "accident_name": "normal",
      "objects": []
    },
    {
      "frame_id": 80,
      "image_path": "frames/fHUJcUaW2mE_003831/images/000080.jpg",
      "accident_id": 0,
      "accident_name": "normal",
      "objects": []
    },
    {
      "frame_id": 81,
      "image_path": "frames/fHUJcUaW2mE_003831/images/000081.jpg",
      "accident_id": 0,
      "accident_name": "normal",
      "objects": []
    },
    {
      "frame_id": 82,
      "image_path": "frames/fHUJcUaW2mE_003831/images/000082.jpg",
      "accident_id": 0,
      "accident_name": "normal",
      "objects": []
    },
    {
      "frame_id": 83,
      "image_path": "frames/fHUJcUaW2mE_003831/images/000083.jpg",
      "accident_id": 0,
      "accident_name": "normal",
      "objects": []
    },
    {
      "frame_id": 84,
      "image_path": "frames/fHUJcUaW2mE_003831/images/000084.jpg",
      "accident_id": 0,
      "accident_name": "normal",
      "objects": []
    },
    {
      "frame_id": 85,
      "image_path": "frames/fHUJcUaW2mE_003831/images/000085.jpg",
      "accident_id": 0,
      "accident_name": "normal",
      "objects": []
    },
    {
      "frame_id": 86,
      "image_path": "frames/fHUJcUaW2mE_003831/images/000086.jpg",
      "accident_id": 0,
      "accident_name": "normal",
      "objects": []
    },
    {
      "frame_id": 87,
      "image_path": "frames/fHUJcUaW2mE_003831/images/000087.jpg",
      "accident_id": 0,
      "accident_name": "normal",
      "objects": []
    },
    {
      "frame_id": 88,
      "image_path": "frames/fHUJcUaW2mE_003831/images/000088.jpg",
      "accident_id": 0,
      "accident_name": "normal",
      "objects": []
    },
    {
      "frame_id": 89,
      "image_path": "frames/fHUJcUaW2mE_003831/images/000089.jpg",
      "accident_id": 0,
      "accident_name": "normal",
      "objects": []
    },
    {
      "frame_id": 90,
      "image_path": "frames/fHUJcUaW2mE_003831/images/000090.jpg",
      "accident_id": 0,
      "accident_name": "normal",
      "objects": []
    },
    {
      "frame_id": 91,
      "image_path": "frames/fHUJcUaW2mE_003831/images/000091.jpg",
      "accident_id": 0,
      "accident_name": "normal",
      "objects": []
    },
    {
      "frame_id": 92,
      "image_path": "frames/fHUJcUaW2mE_003831/images/000092.jpg",
      "accident_id": 0,
      "accident_name": "normal",
      "objects": []
    },
    {
      "frame_id": 93,
      "image_path": "frames/fHUJcUaW2mE_003831/images/000093.jpg",
      "accident_id": 0,
      "accident_name": "normal",
      "objects": []
    },
    {
      "frame_id": 94,
      "image_path": "frames/fHUJcUaW2mE_003831/images/000094.jpg",
      "accident_id": 0,
      "accident_name": "normal",
      "objects": []
    },
    {
      "frame_id": 95,
      "image_path": "frames/fHUJcUaW2mE_003831/images/000095.jpg",
      "accident_id": 0,
      "accident_name": "normal",
      "objects": []
    },
    {
      "frame_id": 96,
      "image_path": "frames/fHUJcUaW2mE_003831/images/000096.jpg",
      "accident_id": 0,
      "accident_name": "normal",
      "objects": []
    },
    {
      "frame_id": 97,
      "image_path": "frames/fHUJcUaW2mE_003831/images/000097.jpg",
      "accident_id": 0,
      "accident_name": "normal",
      "objects": []
    },
    {
      "frame_id": 98,
      "image_path": "frames/fHUJcUaW2mE_003831/images/000098.jpg",
      "accident_id": 0,
      "accident_name": "normal",
      "objects": []
    },
    {
      "frame_id": 99,
      "image_path": "frames/fHUJcUaW2mE_003831/images/000099.jpg",
      "accident_id": 0,
      "accident_name": "normal",
      "objects": []
    },
    {
      "frame_id": 100,
      "image_path": "frames/fHUJcUaW2mE_003831/images/000100.jpg",
      "accident_id": 0,
      "accident_name": "normal",
      "objects": []
    },
    {
      "frame_id": 101,
      "image_path": "frames/fHUJcUaW2mE_003831/images/000101.jpg",
      "accident_id": 0,
      "accident_name": "normal",
      "objects": []
    },
    {
      "frame_id": 102,
      "image_path": "frames/fHUJcUaW2mE_003831/images/000102.jpg",
      "accident_id": 0,
      "accident_name": "normal",
      "objects": []
    },
    {
      "frame_id": 103,
      "image_path": "frames/fHUJcUaW2mE_003831/images/000103.jpg",
      "accident_id": 0,
      "accident_name": "normal",
      "objects": []
    },
    {
      "frame_id": 104,
      "image_path": "frames/fHUJcUaW2mE_003831/images/000104.jpg",
      "accident_id": 0,
      "accident_name": "normal",
      "objects": []
    },
    {
      "frame_id": 105,
      "image_path": "frames/fHUJcUaW2mE_003831/images/000105.jpg",
      "accident_id": 0,
      "accident_name": "normal",
      "objects": []
    },
    {
      "frame_id": 106,
      "image_path": "frames/fHUJcUaW2mE_003831/images/000106.jpg",
      "accident_id": 0,
      "accident_name": "normal",
      "objects": []
    },
    {
      "frame_id": 107,
      "image_path": "frames/fHUJcUaW2mE_003831/images/000107.jpg",
      "accident_id": 0,
      "accident_name": "normal",
      "objects": []
    },
    {
      "frame_id": 108,
      "image_path": "frames/fHUJcUaW2mE_003831/images/000108.jpg",
      "accident_id": 0,
      "accident_name": "normal",
      "objects": []
    },
    {
      "frame_id": 109,
      "image_path": "frames/fHUJcUaW2mE_003831/images/000109.jpg",
      "accident_id": 0,
      "accident_name": "normal",
      "objects": []
    },
    {
      "frame_id": 110,
      "image_path": "frames/fHUJcUaW2mE_003831/images/000110.jpg",
      "accident_id": 0,
      "accident_name": "normal",
      "objects": []
    },
    {
      "frame_id": 111,
      "image_path": "frames/fHUJcUaW2mE_003831/images/000111.jpg",
      "accident_id": 0,
      "accident_name": "normal",
      "objects": []
    },
    {
      "frame_id": 112,
      "image_path": "frames/fHUJcUaW2mE_003831/images/000112.jpg",
      "accident_id": 0,
      "accident_name": "normal",
      "objects": []
    },
    {
      "frame_id": 113,
      "image_path": "frames/fHUJcUaW2mE_003831/images/000113.jpg",
      "accident_id": 0,
      "accident_name": "normal",
      "objects": []
    },
    {
      "frame_id": 114,
      "image_path": "frames/fHUJcUaW2mE_003831/images/000114.jpg",
      "accident_id": 0,
      "accident_name": "normal",
      "objects": []
    },
    {
      "frame_id": 115,
      "image_path": "frames/fHUJcUaW2mE_003831/images/000115.jpg",
      "accident_id": 0,
      "accident_name": "normal",
      "objects": []
    },
    {
      "frame_id": 116,
      "image_path": "frames/fHUJcUaW2mE_003831/images/000116.jpg",
      "accident_id": 0,
      "accident_name": "normal",
      "objects": []
    },
    {
      "frame_id": 117,
      "image_path": "frames/fHUJcUaW2mE_003831/images/000117.jpg",
      "accident_id": 0,
      "accident_name": "normal",
      "objects": []
    },
    {
      "frame_id": 118,
      "image_path": "frames/fHUJcUaW2mE_003831/images/000118.jpg",
      "accident_id": 0,
      "accident_name": "normal",
      "objects": []
    },
    {
      "frame_id": 119,
      "image_path": "frames/fHUJcUaW2mE_003831/images/000119.jpg",
      "accident_id": 0,
      "accident_name": "normal",
      "objects": []
    },
    {
      "frame_id": 120,
      "image_path": "frames/fHUJcUaW2mE_003831/images/000120.jpg",
      "accident_id": 0,
      "accident_name": "normal",
      "objects": []
    },
    {
      "frame_id": 121,
      "image_path": "frames/fHUJcUaW2mE_003831/images/000121.jpg",
      "accident_id": 0,
      "accident_name": "normal",
      "objects": []
    },
    {
      "frame_id": 122,
      "image_path": "frames/fHUJcUaW2mE_003831/images/000122.jpg",
      "accident_id": 0,
      "accident_name": "normal",
      "objects": []
    },
    {
      "frame_id": 123,
      "image_path": "frames/fHUJcUaW2mE_003831/images/000123.jpg",
      "accident_id": 0,
      "accident_name": "normal",
      "objects": []
    },
    {
      "frame_id": 124,
      "image_path": "frames/fHUJcUaW2mE_003831/images/000124.jpg",
      "accident_id": 0,
      "accident_name": "normal",
      "objects": []
    },
    {
      "frame_id": 125,
      "image_path": "frames/fHUJcUaW2mE_003831/images/000125.jpg",
      "accident_id": 0,
      "accident_name": "normal",
      "objects": []
    },
    {
      "frame_id": 126,
      "image_path": "frames/fHUJcUaW2mE_003831/images/000126.jpg",
      "accident_id": 0,
      "accident_name": "normal",
      "objects": []
    },
    {
      "frame_id": 127,
      "image_path": "frames/fHUJcUaW2mE_003831/images/000127.jpg",
      "accident_id": 0,
      "accident_name": "normal",
      "objects": []
    },
    {
      "frame_id": 128,
      "image_path": "frames/fHUJcUaW2mE_003831/images/000128.jpg",
      "accident_id": 0,
      "accident_name": "normal",
      "objects": []
    },
    {
      "frame_id": 129,
      "image_path": "frames/fHUJcUaW2mE_003831/images/000129.jpg",
      "accident_id": 0,
      "accident_name": "normal",
      "objects": []
    },
    {
      "frame_id": 130,
      "image_path": "frames/fHUJcUaW2mE_003831/images/000130.jpg",
      "accident_id": 0,
      "accident_name": "normal",
      "objects": []
    },
    {
      "frame_id": 131,
      "image_path": "frames/fHUJcUaW2mE_003831/images/000131.jpg",
      "accident_id": 0,
      "accident_name": "normal",
      "objects": []
    },
    {
      "frame_id": 132,
      "image_path": "frames/fHUJcUaW2mE_003831/images/000132.jpg",
      "accident_id": 0,
      "accident_name": "normal",
      "objects": []
    },
    {
      "frame_id": 133,
      "image_path": "frames/fHUJcUaW2mE_003831/images/000133.jpg",
      "accident_id": 0,
      "accident_name": "normal",
      "objects": []
    },
    {
      "frame_id": 134,
      "image_path": "frames/fHUJcUaW2mE_003831/images/000134.jpg",
      "accident_id": 0,
      "accident_name": "normal",
      "objects": []
    },
    {
      "frame_id": 135,
      "image_path": "frames/fHUJcUaW2mE_003831/images/000135.jpg",
      "accident_id": 0,
      "accident_name": "normal",
      "objects": []
    },
    {
      "frame_id": 136,
      "image_path": "frames/fHUJcUaW2mE_003831/images/000136.jpg",
      "accident_id": 0,
      "accident_name": "normal",
      "objects": []
    },
    {
      "frame_id": 137,
      "image_path": "frames/fHUJcUaW2mE_003831/images/000137.jpg",
      "accident_id": 0,
      "accident_name": "normal",
      "objects": []
    },
    {
      "frame_id": 138,
      "image_path": "frames/fHUJcUaW2mE_003831/images/000138.jpg",
      "accident_id": 0,
      "accident_name": "normal",
      "objects": []
    },
    {
      "frame_id": 139,
      "image_path": "frames/fHUJcUaW2mE_003831/images/000139.jpg",
      "accident_id": 0,
      "accident_name": "normal",
      "objects": []
    },
    {
      "frame_id": 140,
      "image_path": "frames/fHUJcUaW2mE_003831/images/000140.jpg",
      "accident_id": 0,
      "accident_name": "normal",
      "objects": []
    },
    {
      "frame_id": 141,
      "image_path": "frames/fHUJcUaW2mE_003831/images/000141.jpg",
      "accident_id": 0,
      "accident_name": "normal",
      "objects": []
    },
    {
      "frame_id": 142,
      "image_path": "frames/fHUJcUaW2mE_003831/images/000142.jpg",
      "accident_id": 0,
      "accident_name": "normal",
      "objects": []
    },
    {
      "frame_id": 143,
      "image_path": "frames/fHUJcUaW2mE_003831/images/000143.jpg",
      "accident_id": 0,
      "accident_name": "normal",
      "objects": []
    },
    {
      "frame_id": 144,
      "image_path": "frames/fHUJcUaW2mE_003831/images/000144.jpg",
      "accident_id": 0,
      "accident_name": "normal",
      "objects": []
    },
    {
      "frame_id": 145,
      "image_path": "frames/fHUJcUaW2mE_003831/images/000145.jpg",
      "accident_id": 0,
      "accident_name": "normal",
      "objects": []
    },
    {
      "frame_id": 146,
      "image_path": "frames/fHUJcUaW2mE_003831/images/000146.jpg",
      "accident_id": 0,
      "accident_name": "normal",
      "objects": []
    },
    {
      "frame_id": 147,
      "image_path": "frames/fHUJcUaW2mE_003831/images/000147.jpg",
      "accident_id": 0,
      "accident_name": "normal",
      "objects": []
    },
    {
      "frame_id": 148,
      "image_path": "frames/fHUJcUaW2mE_003831/images/000148.jpg",
      "accident_id": 0,
      "accident_name": "normal",
      "objects": []
    },
    {
      "frame_id": 149,
      "image_path": "frames/fHUJcUaW2mE_003831/images/000149.jpg",
      "accident_id": 0,
      "accident_name": "normal",
      "objects": []
    },
    {
      "frame_id": 150,
      "image_path": "frames/fHUJcUaW2mE_003831/images/000150.jpg",
      "accident_id": 0,
      "accident_name": "normal",
      "objects": []
    },
    {
      "frame_id": 151,
      "image_path": "frames/fHUJcUaW2mE_003831/images/000151.jpg",
      "accident_id": 0,
      "accident_name": "normal",
      "objects": []
    },
    {
      "frame_id": 152,
      "image_path": "frames/fHUJcUaW2mE_003831/images/000152.jpg",
      "accident_id": 0,
      "accident_name": "normal",
      "objects": []
    },
    {
      "frame_id": 153,
      "image_path": "frames/fHUJcUaW2mE_003831/images/000153.jpg",
      "accident_id": 0,
      "accident_name": "normal",
      "objects": []
    },
    {
      "frame_id": 154,
      "image_path": "frames/fHUJcUaW2mE_003831/images/000154.jpg",
      "accident_id": 0,
      "accident_name": "normal",
      "objects": []
    },
    {
      "frame_id": 155,
      "image_path": "frames/fHUJcUaW2mE_003831/images/000155.jpg",
      "accident_id": 0,
      "accident_name": "normal",
      "objects": []
    },
    {
      "frame_id": 156,
      "image_path": "frames/fHUJcUaW2mE_003831/images/000156.jpg",
      "accident_id": 0,
      "accident_name": "normal",
      "objects": []
    },
    {
      "frame_id": 157,
      "image_path": "frames/fHUJcUaW2mE_003831/images/000157.jpg",
      "accident_id": 0,
      "accident_name": "normal",
      "objects": []
    },
    {
      "frame_id": 158,
      "image_path": "frames/fHUJcUaW2mE_003831/images/000158.jpg",
      "accident_id": 0,
      "accident_name": "normal",
      "objects": []
    },
    {
      "frame_id": 159,
      "image_path": "frames/fHUJcUaW2mE_003831/images/000159.jpg",
      "accident_id": 0,
      "accident_name": "normal",
      "objects": []
    },
    {
      "frame_id": 160,
      "image_path": "frames/fHUJcUaW2mE_003831/images/000160.jpg",
      "accident_id": 0,
      "accident_name": "normal",
      "objects": []
    },
    {
      "frame_id": 161,
      "image_path": "frames/fHUJcUaW2mE_003831/images/000161.jpg",
      "accident_id": 0,
      "accident_name": "normal",
      "objects": []
    },
    {
      "frame_id": 162,
      "image_path": "frames/fHUJcUaW2mE_003831/images/000162.jpg",
      "accident_id": 0,
      "accident_name": "normal",
      "objects": []
    },
    {
      "frame_id": 163,
      "image_path": "frames/fHUJcUaW2mE_003831/images/000163.jpg",
      "accident_id": 0,
      "accident_name": "normal",
      "objects": []
    }
  ]
}