{
  "video_name": "GDejMONyY4U_003330",
  "channel": "AnAn",
  "num_frames": 38,
  "ignore": false,
  "ego_involve": true,
  "night": false,
  "anomaly_start": 25,
  "anomaly_end": 38,
  "video_start": 3330,
  "video_end": 3367,
  "accident_id": "5",
  "accident_name": "turning",
  "labels": [
    {
      "frame_id": 0,
      "image_path": "frames/GDejMONyY4U_003330/images/000000.jpg",
      "accident_id": 0,
      "accident_name": "normal",
      "objects": []
    },
    {
      "frame_id": 1,
      "image_path": "frames/GDejMONyY4U_003330/images/000001.jpg",
      "accident_id": 0,
      "accident_name": "normal",
      "objects": []
    },
    {
      "frame_id": 2,
      "image_path": "frames/GDejMONyY4U_003330/images/000002.jpg",
      "accident_id": 0,
      "accident_name": "normal",
      "objects": []
    },
    {
      "frame_id": 3,
      "image_path": "frames/GDejMONyY4U_003330/images/000003.jpg",
      "accident_id": 0,
      "accident_name": "normal",
      "objects": []
    },
    {
      "frame_id": 4,
      "image_path": "frames/GDejMONyY4U_003330/images/000004.jpg",
      "accident_id": 0,
      "accident_name": "normal",
      "objects": []
    },
    {
      "frame_id": 5,
      "image_path": "frames/GDejMONyY4U_003330/images/000005.jpg",
      "accident_id": 0,
      "accident_name": "normal",
      "objects": []
    },
    {
      "frame_id": 6,
      "image_path": "frames/GDejMONyY4U_003330/images/000006.jpg",
      "accident_id": 0,
      "accident_name": "normal",
      "objects": []
    },
    {
      "frame_id": 7,
      "image_path": "frames/GDejMONyY4U_003330/images/000007.jpg",
      "accident_id": 0,
      "accident_name": "normal",
      "objects": []
    },
    {
      "frame_id": 8,
      "image_path": "frames/GDejMONyY4U_003330/images/000008.jpg",
      "accident_id": 0,
      "accident_name": "normal",
      "objects": []
    },
    {
      "frame_id": 9,
      "image_path": "frames/GDejMONyY4U_003330/images/000009.jpg",
      "accident_id": 0,
      "accident_name": "normal",
      "objects": []
    },
    {
      "frame_id": 10,
      "image_path": "frames/GDejMONyY4U_003330/images/000010.jpg",
      "accident_id": 0,
      "accident_name": "normal",
      "objects": []
    },
    {
      "frame_id": 11,
      "image_path": "frames/GDejMONyY4U_003330/images/000011.jpg",
      "accident_id": 0,
      "accident_name": "normal",
      "objects": []
    },
    {
      "frame_id": 12,
      "image_path": "frames/GDejMONyY4U_003330/images/000012.jpg",
      "accident_id": 0,
      "accident_name": "normal",
      "objects": []
    },
    {
      "frame_id": 13,
      "image_path": "frames/GDejMONyY4U_003330/images/000013.jpg",
      "accident_id": 0,
      "accident_name": "normal",
      "objects": []
    },
    {
      "frame_id": 14,
      "image_path": "frames/GDejMONyY4U_003330/images/000014.jpg",
      "accident_id": 0,
      "accident_name": "normal",
      "objects": []
    },
    {
      "frame_id": 15,
      "image_path": "frames/GDejMONyY4U_003330/images/000015.jpg",
      "accident_id": 0,
      "accident_name": "normal",
      "objects": []
    },
    {
      "frame_id": 16,
      "image_path": "frames/GDejMONyY4U_003330/images/000016.jpg",
      "accident_id": 0,
      "accident_name": "normal",
      "objects": []
    },
    {
      "frame_id": 17,
      "image_path": "frames/GDejMONyY4U_003330/images/000017.jpg",
      "accident_id": 0,
      "accident_name": "normal",
      "objects": []
    },
    {
      "frame_id": 18,
      "image_path": "frames/GDejMONyY4U_003330/images/000018.jpg",
      "accident_id": 0,
      "accident_name": "normal",
      "objects": []
    },
    {
      "frame_id": 19,
      "image_path": "frames/GDejMONyY4U_003330/images/000019.jpg",
      "accident_id": 0,
      "accident_name": "normal",
      "objects": []
    },
    {
      "frame_id": 20,
      "image_path": "frames/GDejMONyY4U_003330/images/000020.jpg",
      "accident_id": 0,
      "accident_name": "normal",
      "objects": []
    },
    {
      "frame_id": 21,
      "image_path": "frames/GDejMONyY4U_003330/images/000021.jpg",
      "accident_id": 0,
      "accident_name": "normal",
      "objects": []
    },
    {
      "frame_id": 22,
      "image_path": "frames/GDejMONyY4U_003330/images/000022.jpg",
      "accident_id": 0,
      "accident_name": "normal",
      "objects": []
    },
    {
      "frame_id": 23,
      "image_path": "frames/GDejMONyY4U_003330/images/000023.jpg",
      "accident_id": 0,
      "accident_name": "normal",
      "objects": []
    },
    {
      "frame_id": 24,
      "image_path": "frames/GDejMONyY4U_003330/images/000024.jpg",
      "accident_id": 0,
      "accident_name": "normal",
      "objects": []
    },
    {
      "frame_id": 25,
      "image_path": "frames/GDejMONyY4U_003330/images/000025.jpg",
      "accident_id": 5,
      "accident_name": "turning",
      "objects": [
        {
          "obj_track_id": 0,
          "bbox": [
            0,
            465.3559322033898,
            72.40677966101694,
            591.457627118644
          ],
          "category": "motor",
          "category ID": 7,
          "trunc": true
        },
        {
          "obj_track_id": 14,
          "bbox": [
            0,
            423.05084745762707,
            68.33898305084746,
            482.44067796610165
          ],
          "category": "rider",
          "category ID": 2,
          "trunc": true
        }
      ]
    },
    {
      "frame_id": 26,
      "image_path": "frames/GDejMONyY4U_003330/images/000026.jpg",
      "accident_id": 5,
      "accident_name": "turning",
      "objects": [
        {
          "obj_track_id": 0,
          "bbox": [
            0,
            449.08474576271186,
            132.61016949152543,
            593.8983050847457
          ],
          "category": "motor",
          "category ID": 7,
          "trunc": true
        },
        {
          "obj_track_id": 14,
          "bbox": [
            0,
            333.5593220338983,
            83.79661016949152,
            593.0847457627118
          ],
          "category": "rider",
          "category ID": 2,
          "trunc": true
        }
      ]
    },
    {
      "frame_id": 27,
      "image_path": "frames/GDejMONyY4U_003330/images/000027.jpg",
      "accident_id": 5,
      "accident_name": "turning",
      "objects": [
        {
          "obj_track_id": 0,
          "bbox": [
            0,
            466.1694915254237,
            306.7118644067796,
            606.9152542372881
          ],
          "category": "motor",
          "category ID": 7,
          "trunc": true
        },
        {
          "obj_track_id": 14,
          "bbox": [
            36.61016949152542,
            323.7966101694915,
            211.52542372881354,
            597.9661016949152
          ],
          "category": "rider",
          "category ID": 2,
          "trunc": true
        }
      ]
    },
    {
      "frame_id": 28,
      "image_path": "frames/GDejMONyY4U_003330/images/000028.jpg",
      "accident_id": 5,
      "accident_name": "turning",
      "objects": [
        {
          "obj_track_id": 0,
          "bbox": [
            39.050847457627114,
            482.44067796610165,
            523.9322033898305,
            610.9830508474575
          ],
          "category": "motor",
          "category ID": 7,
          "trunc": true
        },
        {
          "obj_track_id": 14,
          "bbox": [
            172.47457627118644,
            296.135593220339,
            466.1694915254237,
            604.4745762711864
          ],
          "category": "rider",
          "category ID": 2,
          "trunc": true
        }
      ]
    },
    {
      "frame_id": 29,
      "image_path": "frames/GDejMONyY4U_003330/images/000029.jpg",
      "accident_id": 5,
      "accident_name": "turning",
      "objects": [
        {
          "obj_track_id": 0,
          "bbox": [
            187.1186440677966,
            480.8135593220339,
            714.3050847457627,
            614.2372881355932
          ],
          "category": "motor",
          "category ID": 7,
          "trunc": true
        },
        {
          "obj_track_id": 14,
          "bbox": [
            340.88135593220335,
            308.33898305084745,
            684.2033898305084,
            615.0508474576271
          ],
          "category": "rider",
          "category ID": 2,
          "trunc": true
        }
      ]
    },
    {
      "frame_id": 30,
      "image_path": "frames/GDejMONyY4U_003330/images/000030.jpg",
      "accident_id": 5,
      "accident_name": "turning",
      "objects": [
        {
          "obj_track_id": 0,
          "bbox": [
            330.3050847457627,
            482.44067796610165,
            829.8305084745763,
            613.4237288135593
          ],
          "category": "motor",
          "category ID": 7,
          "trunc": true
        },
        {
          "obj_track_id": 14,
          "bbox": [
            545.0847457627119,
            392.9491525423729,
            829.8305084745763,
            604.4745762711864
          ],
          "category": "rider",
          "category ID": 2,
          "trunc": true
        }
      ]
    },
    {
      "frame_id": 31,
      "image_path": "frames/GDejMONyY4U_003330/images/000031.jpg",
      "accident_id": 5,
      "accident_name": "turning",
      "objects": [
        {
          "obj_track_id": 0,
          "bbox": [
            482.44067796610165,
            479.18644067796606,
            881.0847457627118,
            619.1186440677966
          ],
          "category": "motor",
          "category ID": 7,
          "trunc": true
        },
        {
          "obj_track_id": 14,
          "bbox": [
            742.7796610169491,
            450.7118644067796,
            978.7118644067796,
            619.1186440677966
          ],
          "category": "rider",
          "category ID": 2,
          "trunc": true
        }
      ]
    },
    {
      "frame_id": 32,
      "image_path": "frames/GDejMONyY4U_003330/images/000032.jpg",
      "accident_id": 5,
      "accident_name": "turning",
      "objects": [
        {
          "obj_track_id": 0,
          "bbox": [
            693.1525423728813,
            510.9152542372881,
            974.6440677966101,
            629.6949152542372
          ],
          "category": "motor",
          "category ID": 7,
          "trunc": true
        },
        {
          "obj_track_id": 14,
          "bbox": [
            692.3389830508474,
            542.6440677966101,
            1064.9491525423728,
            636.2033898305084
          ],
          "category": "rider",
          "category ID": 2,
          "trunc": true
        }
      ]
    },
    {
      "frame_id": 33,
      "image_path": "frames/GDejMONyY4U_003330/images/000033.jpg",
      "accident_id": 5,
      "accident_name": "turning",
      "objects": [
        {
          "obj_track_id": 0,
          "bbox": [
            833.0847457627118,
            591.457627118644,
            1025.0847457627117,
            629.6949152542372
          ],
          "category": "motor",
          "category ID": 7,
          "trunc": true
        },
        {
          "obj_track_id": 14,
          "bbox": [
            780.2033898305084,
            572.7457627118644,
            1134.1016949152543,
            643.5254237288135
          ],
          "category": "rider",
          "category ID": 2,
          "trunc": true
        }
      ]
    },
    {
      "frame_id": 34,
      "image_path": "frames/GDejMONyY4U_003330/images/000034.jpg",
      "accident_id": 5,
      "accident_name": "turning",
      "objects": [
        {
          "obj_track_id": 0,
          "bbox": [
            852.6101694915254,
            564.6101694915254,
            1047.864406779661,
            633.7627118644067
          ],
          "category": "motor",
          "category ID": 7,
          "trunc": true
        },
        {
          "obj_track_id": 14,
          "bbox": [
            852.6101694915254,
            564.6101694915254,
            1104.0,
            640.271186440678
          ],
          "category": "rider",
          "category ID": 2,
          "trunc": true
        }
      ]
    },
    {
      "frame_id": 35,
      "image_path": "frames/GDejMONyY4U_003330/images/000035.jpg",
      "accident_id": 5,
      "accident_name": "turning",
      "objects": [
        {
          "obj_track_id": 0,
          "bbox": [
            850.1694915254237,
            557.2881355932203,
            1064.135593220339,
            634.5762711864406
          ],
          "category": "motor",
          "category ID": 7,
          "trunc": true
        },
        {
          "obj_track_id": 14,
          "bbox": [
            916.0677966101695,
            534.5084745762712,
            1174.7796610169491,
            645.1525423728813
          ],
          "category": "rider",
          "category ID": 2,
          "trunc": true
        }
      ]
    },
    {
      "frame_id": 36,
      "image_path": "frames/GDejMONyY4U_003330/images/000036.jpg",
      "accident_id": 5,
      "accident_name": "turning",
      "objects": [
        {
          "obj_track_id": 0,
          "bbox": [
            865.6271186440678,
            567.0508474576271,
            1069.8305084745762,
            634.5762711864406
          ],
          "category": "motor",
          "category ID": 7,
          "trunc": true
        },
        {
          "obj_track_id": 14,
          "bbox": [
            930.7118644067796,
            559.728813559322,
            1181.2881355932202,
            645.1525423728813
          ],
          "category": "rider",
          "category ID": 2,
          "trunc": true
        }
      ]
    },
    {
      "frame_id": 37,
      "image_path": "frames/GDejMONyY4U_003330/images/000037.jpg",
      "accident_id": 5,
      "accident_name": "turning",
      "objects": [
        {
          "obj_track_id": 0,
          "bbox": [
            874.5762711864406,
            567.864406779661,
            1069.8305084745762,
            634.5762711864406
          ],
          "category": "motor",
          "category ID": 7,
          "trunc": true
        },
        {
          "obj_track_id": 14,
          "bbox": [
            980.3389830508474,
            593.0847457627118,
            1195.9322033898304,
            648.4067796610169
          ],
          "category": "rider",
          "category ID": 2,
          "trunc": true
        }
      ]
    }
  ]
}