{
  "video_name": "GJr8wKk8-YA_003273",
  "channel": "AnAn",
  "num_frames": 101,
  "ignore": false,
  "ego_involve": false,
  "night": false,
  "anomaly_start": 27,
  "anomaly_end": 87,
  "video_start": 3273,
  "video_end": 3373,
  "accident_id": "8",
  "accident_name": "leave_to_right",
  "labels": [
    {
      "frame_id": 0,
      "image_path": "frames/GJr8wKk8-YA_003273/images/000000.jpg",
      "accident_id": 0,
      "accident_name": "normal",
      "objects": []
    },
    {
      "frame_id": 1,
      "image_path": "frames/GJr8wKk8-YA_003273/images/000001.jpg",
      "accident_id": 0,
      "accident_name": "normal",
      "objects": []
    },
    {
      "frame_id": 2,
      "image_path": "frames/GJr8wKk8-YA_003273/images/000002.jpg",
      "accident_id": 0,
      "accident_name": "normal",
      "objects": []
    },
    {
      "frame_id": 3,
      "image_path": "frames/GJr8wKk8-YA_003273/images/000003.jpg",
      "accident_id": 0,
      "accident_name": "normal",
      "objects": []
    },
    {
      "frame_id": 4,
      "image_path": "frames/GJr8wKk8-YA_003273/images/000004.jpg",
      "accident_id": 0,
      "accident_name": "normal",
      "objects": []
    },
    {
      "frame_id": 5,
      "image_path": "frames/GJr8wKk8-YA_003273/images/000005.jpg",
      "accident_id": 0,
      "accident_name": "normal",
      "objects": []
    },
    {
      "frame_id": 6,
      "image_path": "frames/GJr8wKk8-YA_003273/images/000006.jpg",
      "accident_id": 0,
      "accident_name": "normal",
      "objects": []
    },
    {
      "frame_id": 7,
      "image_path": "frames/GJr8wKk8-YA_003273/images/000007.jpg",
      "accident_id": 0,
      "accident_name": "normal",
      "objects": []
    },
    {
      "frame_id": 8,
      "image_path": "frames/GJr8wKk8-YA_003273/images/000008.jpg",
      "accident_id": 0,
      "accident_name": "normal",
      "objects": []
    },
    {
      "frame_id": 9,
      "image_path": "frames/GJr8wKk8-YA_003273/images/000009.jpg",
      "accident_id": 0,
      "accident_name": "normal",
      "objects": []
    },
    {
      "frame_id": 10,
      "image_path": "frames/GJr8wKk8-YA_003273/images/000010.jpg",
      "accident_id": 0,
      "accident_name": "normal",
      "objects": []
    },
    {
      "frame_id": 11,
      "image_path": "frames/GJr8wKk8-YA_003273/images/000011.jpg",
      "accident_id": 0,
      "accident_name": "normal",
      "objects": []
    },
    {
      "frame_id": 12,
      "image_path": "frames/GJr8wKk8-YA_003273/images/000012.jpg",
      "accident_id": 0,
      "accident_name": "normal",
      "objects": []
    },
    {
      "frame_id": 13,
      "image_path": "frames/GJr8wKk8-YA_003273/images/000013.jpg",
      "accident_id": 0,
      "accident_name": "normal",
      "objects": []
    },
    {
      "frame_id": 14,
      "image_path": "frames/GJr8wKk8-YA_003273/images/000014.jpg",
      "accident_id": 0,
      "accident_name": "normal",
      "objects": []
    },
    {
      "frame_id": 15,
      "image_path": "frames/GJr8wKk8-YA_003273/images/000015.jpg",
      "accident_id": 0,
      "accident_name": "normal",
      "objects": []
    },
    {
      "frame_id": 16,
      "image_path": "frames/GJr8wKk8-YA_003273/images/000016.jpg",
      "accident_id": 0,
      "accident_name": "normal",
      "objects": []
    },
    {
      "frame_id": 17,
      "image_path": "frames/GJr8wKk8-YA_003273/images/000017.jpg",
      "accident_id": 0,
      "accident_name": "normal",
      "objects": []
    },
    {
      "frame_id": 18,
      "image_path": "frames/GJr8wKk8-YA_003273/images/000018.jpg",
      "accident_id": 0,
      "accident_name": "normal",
      "objects": []
    },
    {
      "frame_id": 19,
      "image_path": "frames/GJr8wKk8-YA_003273/images/000019.jpg",
      "accident_id": 0,
      "accident_name": "normal",
      "objects": []
    },
    {
      "frame_id": 20,
      "image_path": "frames/GJr8wKk8-YA_003273/images/000020.jpg",
      "accident_id": 0,
      "accident_name": "normal",
      "objects": []
    },
    {
      "frame_id": 21,
      "image_path": "frames/GJr8wKk8-YA_003273/images/000021.jpg",
      "accident_id": 0,
      "accident_name": "normal",
      "objects": []
    },
    {
      "frame_id": 22,
      "image_path": "frames/GJr8wKk8-YA_003273/images/000022.jpg",
      "accident_id": 0,
      "accident_name": "normal",
      "objects": []
    },
    {
      "frame_id": 23,
      "image_path": "frames/GJr8wKk8-YA_003273/images/000023.jpg",
      "accident_id": 0,
      "accident_name": "normal",
      "objects": []
    },
    {
      "frame_id": 24,
      "image_path": "frames/GJr8wKk8-YA_003273/images/000024.jpg",
      "accident_id": 0,
      "accident_name": "normal",
      "objects": []
    },
    {
      "frame_id": 25,
      "image_path": "frames/GJr8wKk8-YA_003273/images/000025.jpg",
      "accident_id": 0,
      "accident_name": "normal",
      "objects": []
    },
    {
      "frame_id": 26,
      "image_path": "frames/GJr8wKk8-YA_003273/images/000026.jpg",
      "accident_id": 0,
      "accident_name": "normal",
      "objects": []
    },
    {
      "frame_id": 27,
      "image_path": "frames/GJr8wKk8-YA_003273/images/000027.jpg",
      "accident_id": 8,
      "accident_name": "leave_to_right",
      "objects": [
        {
          "obj_track_id": 75,
          "bbox": [
            621.5593220338983,
            475.9322033898305,
            798.1016949152541,
            633.7627118644067
          ],
          "category": "truck",
          "category ID": 5,
          "trunc": false
        }
      ]
    },
    {
      "frame_id": 28,
      "image_path": "frames/GJr8wKk8-YA_003273/images/000028.jpg",
      "accident_id": 8,
      "accident_name": "leave_to_right",
      "objects": [
        {
          "obj_track_id": 75,
          "bbox": [
            614.6440677966102,
            473.4915254237288,
            800.9491525423729,
            634.1694915254236
          ],
          "category": "truck",
          "category ID": 5,
          "trunc": false
        }
      ]
    },
    {
      "frame_id": 29,
      "image_path": "frames/GJr8wKk8-YA_003273/images/000029.jpg",
      "accident_id": 8,
      "accident_name": "leave_to_right",
      "objects": [
        {
          "obj_track_id": 75,
          "bbox": [
            607.728813559322,
            471.05084745762707,
            803.7966101694915,
            634.5762711864406
          ],
          "category": "truck",
          "category ID": 5,
          "trunc": false
        }
      ]
    },
    {
      "frame_id": 30,
      "image_path": "frames/GJr8wKk8-YA_003273/images/000030.jpg",
      "accident_id": 8,
      "accident_name": "leave_to_right",
      "objects": [
        {
          "obj_track_id": 75,
          "bbox": [
            605.6949152542372,
            470.33898305084745,
            801.6610169491526,
            634.8813559322034
          ],
          "category": "truck",
          "category ID": 5,
          "trunc": false
        }
      ]
    },
    {
      "frame_id": 31,
      "image_path": "frames/GJr8wKk8-YA_003273/images/000031.jpg",
      "accident_id": 8,
      "accident_name": "leave_to_right",
      "objects": [
        {
          "obj_track_id": 75,
          "bbox": [
            603.6610169491526,
            469.62711864406776,
            799.5254237288136,
            635.1864406779661
          ],
          "category": "truck",
          "category ID": 5,
          "trunc": false
        }
      ]
    },
    {
      "frame_id": 32,
      "image_path": "frames/GJr8wKk8-YA_003273/images/000032.jpg",
      "accident_id": 8,
      "accident_name": "leave_to_right",
      "objects": [
        {
          "obj_track_id": 75,
          "bbox": [
            598.5084745762712,
            465.86440677966095,
            804.5084745762712,
            635.4915254237287
          ],
          "category": "truck",
          "category ID": 5,
          "trunc": false
        }
      ]
    },
    {
      "frame_id": 33,
      "image_path": "frames/GJr8wKk8-YA_003273/images/000033.jpg",
      "accident_id": 8,
      "accident_name": "leave_to_right",
      "objects": [
        {
          "obj_track_id": 75,
          "bbox": [
            593.3559322033898,
            462.1016949152542,
            809.4915254237287,
            635.7966101694915
          ],
          "category": "truck",
          "category ID": 5,
          "trunc": false
        }
      ]
    },
    {
      "frame_id": 34,
      "image_path": "frames/GJr8wKk8-YA_003273/images/000034.jpg",
      "accident_id": 8,
      "accident_name": "leave_to_right",
      "objects": [
        {
          "obj_track_id": 75,
          "bbox": [
            588.2033898305084,
            462.30508474576266,
            803.7966101694914,
            636.1016949152543
          ],
          "category": "truck",
          "category ID": 5,
          "trunc": false
        }
      ]
    },
    {
      "frame_id": 35,
      "image_path": "frames/GJr8wKk8-YA_003273/images/000035.jpg",
      "accident_id": 8,
      "accident_name": "leave_to_right",
      "objects": [
        {
          "obj_track_id": 75,
          "bbox": [
            583.050847457627,
            462.50847457627117,
            798.101694915254,
            636.4067796610169
          ],
          "category": "truck",
          "category ID": 5,
          "trunc": false
        }
      ]
    },
    {
      "frame_id": 36,
      "image_path": "frames/GJr8wKk8-YA_003273/images/000036.jpg",
      "accident_id": 8,
      "accident_name": "leave_to_right",
      "objects": [
        {
          "obj_track_id": 75,
          "bbox": [
            577.8983050847457,
            462.7118644067796,
            792.4067796610169,
            636.7118644067796
          ],
          "category": "truck",
          "category ID": 5,
          "trunc": false
        }
      ]
    },
    {
      "frame_id": 37,
      "image_path": "frames/GJr8wKk8-YA_003273/images/000037.jpg",
      "accident_id": 8,
      "accident_name": "leave_to_right",
      "objects": [
        {
          "obj_track_id": 75,
          "bbox": [
            572.7457627118644,
            462.9152542372881,
            786.7118644067796,
            637.0169491525423
          ],
          "category": "truck",
          "category ID": 5,
          "trunc": false
        }
      ]
    },
    {
      "frame_id": 38,
      "image_path": "frames/GJr8wKk8-YA_003273/images/000038.jpg",
      "accident_id": 8,
      "accident_name": "leave_to_right",
      "objects": [
        {
          "obj_track_id": 75,
          "bbox": [
            571.1186440677966,
            463.32203389830505,
            774.1016949152541,
            637.5593220338983
          ],
          "category": "truck",
          "category ID": 5,
          "trunc": false
        }
      ]
    },
    {
      "frame_id": 39,
      "image_path": "frames/GJr8wKk8-YA_003273/images/000039.jpg",
      "accident_id": 8,
      "accident_name": "leave_to_right",
      "objects": [
        {
          "obj_track_id": 75,
          "bbox": [
            569.4915254237288,
            463.728813559322,
            761.4915254237287,
            638.1016949152543
          ],
          "category": "truck",
          "category ID": 5,
          "trunc": false
        }
      ]
    },
    {
      "frame_id": 40,
      "image_path": "frames/GJr8wKk8-YA_003273/images/000040.jpg",
      "accident_id": 8,
      "accident_name": "leave_to_right",
      "objects": [
        {
          "obj_track_id": 75,
          "bbox": [
            571.5254237288136,
            462.50847457627117,
            747.2542372881355,
            641.6271186440678
          ],
          "category": "truck",
          "category ID": 5,
          "trunc": false
        }
      ]
    },
    {
      "frame_id": 41,
      "image_path": "frames/GJr8wKk8-YA_003273/images/000041.jpg",
      "accident_id": 8,
      "accident_name": "leave_to_right",
      "objects": [
        {
          "obj_track_id": 75,
          "bbox": [
            573.5593220338983,
            461.2881355932203,
            733.0169491525423,
            645.1525423728813
          ],
          "category": "truck",
          "category ID": 5,
          "trunc": false
        }
      ]
    },
    {
      "frame_id": 42,
      "image_path": "frames/GJr8wKk8-YA_003273/images/000042.jpg",
      "accident_id": 8,
      "accident_name": "leave_to_right",
      "objects": [
        {
          "obj_track_id": 75,
          "bbox": [
            560.2169491525424,
            461.2881355932203,
            717.1525423728813,
            645.5593220338983
          ],
          "category": "truck",
          "category ID": 5,
          "trunc": false
        }
      ]
    },
    {
      "frame_id": 43,
      "image_path": "frames/GJr8wKk8-YA_003273/images/000043.jpg",
      "accident_id": 8,
      "accident_name": "leave_to_right",
      "objects": [
        {
          "obj_track_id": 75,
          "bbox": [
            546.8745762711865,
            461.2881355932203,
            701.2881355932203,
            645.9661016949152
          ],
          "category": "truck",
          "category ID": 5,
          "trunc": false
        }
      ]
    },
    {
      "frame_id": 44,
      "image_path": "frames/GJr8wKk8-YA_003273/images/000044.jpg",
      "accident_id": 8,
      "accident_name": "leave_to_right",
      "objects": [
        {
          "obj_track_id": 75,
          "bbox": [
            533.5322033898306,
            461.69491525423723,
            703.3220338983051,
            644.6101694915253
          ],
          "category": "truck",
          "category ID": 5,
          "trunc": false
        }
      ]
    },
    {
      "frame_id": 45,
      "image_path": "frames/GJr8wKk8-YA_003273/images/000045.jpg",
      "accident_id": 8,
      "accident_name": "leave_to_right",
      "objects": [
        {
          "obj_track_id": 75,
          "bbox": [
            520.1898305084745,
            462.1016949152542,
            705.3559322033898,
            643.2542372881355
          ],
          "category": "truck",
          "category ID": 5,
          "trunc": false
        }
      ]
    },
    {
      "frame_id": 46,
      "image_path": "frames/GJr8wKk8-YA_003273/images/000046.jpg",
      "accident_id": 8,
      "accident_name": "leave_to_right",
      "objects": [
        {
          "obj_track_id": 75,
          "bbox": [
            506.8474576271186,
            462.9152542372881,
            706.9830508474575,
            641.8983050847457
          ],
          "category": "truck",
          "category ID": 5,
          "trunc": false
        }
      ]
    },
    {
      "frame_id": 47,
      "image_path": "frames/GJr8wKk8-YA_003273/images/000047.jpg",
      "accident_id": 8,
      "accident_name": "leave_to_right",
      "objects": [
        {
          "obj_track_id": 75,
          "bbox": [
            499.5254237288135,
            462.1016949152542,
            706.1694915254237,
            643.5254237288135
          ],
          "category": "truck",
          "category ID": 5,
          "trunc": false
        }
      ]
    },
    {
      "frame_id": 48,
      "image_path": "frames/GJr8wKk8-YA_003273/images/000048.jpg",
      "accident_id": 8,
      "accident_name": "leave_to_right",
      "objects": [
        {
          "obj_track_id": 75,
          "bbox": [
            494.6440677966101,
            463.32203389830505,
            715.9322033898304,
            642.3050847457627
          ],
          "category": "truck",
          "category ID": 5,
          "trunc": false
        }
      ]
    },
    {
      "frame_id": 49,
      "image_path": "frames/GJr8wKk8-YA_003273/images/000049.jpg",
      "accident_id": 8,
      "accident_name": "leave_to_right",
      "objects": [
        {
          "obj_track_id": 75,
          "bbox": [
            489.76271186440675,
            464.5423728813559,
            725.6949152542372,
            641.0847457627118
          ],
          "category": "truck",
          "category ID": 5,
          "trunc": false
        }
      ]
    },
    {
      "frame_id": 50,
      "image_path": "frames/GJr8wKk8-YA_003273/images/000050.jpg",
      "accident_id": 8,
      "accident_name": "leave_to_right",
      "objects": [
        {
          "obj_track_id": 75,
          "bbox": [
            489.76271186440675,
            464.9491525423729,
            736.6779661016949,
            641.0847457627118
          ],
          "category": "truck",
          "category ID": 5,
          "trunc": false
        }
      ]
    },
    {
      "frame_id": 51,
      "image_path": "frames/GJr8wKk8-YA_003273/images/000051.jpg",
      "accident_id": 8,
      "accident_name": "leave_to_right",
      "objects": [
        {
          "obj_track_id": 75,
          "bbox": [
            489.76271186440675,
            465.3559322033898,
            747.6610169491526,
            641.0847457627118
          ],
          "category": "truck",
          "category ID": 5,
          "trunc": false
        }
      ]
    },
    {
      "frame_id": 52,
      "image_path": "frames/GJr8wKk8-YA_003273/images/000052.jpg",
      "accident_id": 8,
      "accident_name": "leave_to_right",
      "objects": [
        {
          "obj_track_id": 75,
          "bbox": [
            492.6101694915254,
            466.1694915254237,
            759.0508474576271,
            639.864406779661
          ],
          "category": "truck",
          "category ID": 5,
          "trunc": false
        }
      ]
    },
    {
      "frame_id": 53,
      "image_path": "frames/GJr8wKk8-YA_003273/images/000053.jpg",
      "accident_id": 8,
      "accident_name": "leave_to_right",
      "objects": [
        {
          "obj_track_id": 75,
          "bbox": [
            495.45762711864404,
            466.9830508474576,
            770.4406779661017,
            638.6440677966101
          ],
          "category": "truck",
          "category ID": 5,
          "trunc": false
        }
      ]
    },
    {
      "frame_id": 54,
      "image_path": "frames/GJr8wKk8-YA_003273/images/000054.jpg",
      "accident_id": 8,
      "accident_name": "leave_to_right",
      "objects": [
        {
          "obj_track_id": 75,
          "bbox": [
            502.77966101694915,
            469.4237288135593,
            781.8305084745763,
            637.0169491525423
          ],
          "category": "truck",
          "category ID": 5,
          "trunc": false
        }
      ]
    },
    {
      "frame_id": 55,
      "image_path": "frames/GJr8wKk8-YA_003273/images/000055.jpg",
      "accident_id": 8,
      "accident_name": "leave_to_right",
      "objects": [
        {
          "obj_track_id": 75,
          "bbox": [
            511.728813559322,
            468.61016949152537,
            796.4745762711864,
            636.2033898305084
          ],
          "category": "truck",
          "category ID": 5,
          "trunc": false
        }
      ]
    },
    {
      "frame_id": 56,
      "image_path": "frames/GJr8wKk8-YA_003273/images/000056.jpg",
      "accident_id": 8,
      "accident_name": "leave_to_right",
      "objects": [
        {
          "obj_track_id": 75,
          "bbox": [
            521.4915254237288,
            471.864406779661,
            811.1186440677966,
            637.8305084745763
          ],
          "category": "truck",
          "category ID": 5,
          "trunc": false
        }
      ]
    },
    {
      "frame_id": 57,
      "image_path": "frames/GJr8wKk8-YA_003273/images/000057.jpg",
      "accident_id": 8,
      "accident_name": "leave_to_right",
      "objects": [
        {
          "obj_track_id": 75,
          "bbox": [
            534.5084745762712,
            473.89830508474574,
            826.5762711864406,
            636.6101694915254
          ],
          "category": "truck",
          "category ID": 5,
          "trunc": false
        }
      ]
    },
    {
      "frame_id": 58,
      "image_path": "frames/GJr8wKk8-YA_003273/images/000058.jpg",
      "accident_id": 8,
      "accident_name": "leave_to_right",
      "objects": [
        {
          "obj_track_id": 75,
          "bbox": [
            547.5254237288135,
            475.9322033898305,
            842.0338983050847,
            635.3898305084746
          ],
          "category": "truck",
          "category ID": 5,
          "trunc": false
        }
      ]
    },
    {
      "frame_id": 59,
      "image_path": "frames/GJr8wKk8-YA_003273/images/000059.jpg",
      "accident_id": 8,
      "accident_name": "leave_to_right",
      "objects": [
        {
          "obj_track_id": 75,
          "bbox": [
            561.7627118644068,
            476.33898305084745,
            857.0847457627119,
            634.5762711864406
          ],
          "category": "truck",
          "category ID": 5,
          "trunc": false
        }
      ]
    },
    {
      "frame_id": 60,
      "image_path": "frames/GJr8wKk8-YA_003273/images/000060.jpg",
      "accident_id": 8,
      "accident_name": "leave_to_right",
      "objects": [
        {
          "obj_track_id": 75,
          "bbox": [
            576,
            476.74576271186436,
            872.1355932203389,
            633.7627118644067
          ],
          "category": "truck",
          "category ID": 5,
          "trunc": false
        }
      ]
    },
    {
      "frame_id": 61,
      "image_path": "frames/GJr8wKk8-YA_003273/images/000061.jpg",
      "accident_id": 8,
      "accident_name": "leave_to_right",
      "objects": [
        {
          "obj_track_id": 75,
          "bbox": [
            592.6779661016949,
            477.1525423728813,
            886.3728813559321,
            632.1355932203389
          ],
          "category": "truck",
          "category ID": 5,
          "trunc": false
        }
      ]
    },
    {
      "frame_id": 62,
      "image_path": "frames/GJr8wKk8-YA_003273/images/000062.jpg",
      "accident_id": 8,
      "accident_name": "leave_to_right",
      "objects": [
        {
          "obj_track_id": 75,
          "bbox": [
            609.3559322033898,
            477.5593220338983,
            900.6101694915254,
            630.5084745762712
          ],
          "category": "truck",
          "category ID": 5,
          "trunc": false
        }
      ]
    },
    {
      "frame_id": 63,
      "image_path": "frames/GJr8wKk8-YA_003273/images/000063.jpg",
      "accident_id": 8,
      "accident_name": "leave_to_right",
      "objects": [
        {
          "obj_track_id": 75,
          "bbox": [
            629.6949152542372,
            473.89830508474574,
            916.0677966101695,
            628.8813559322034
          ],
          "category": "truck",
          "category ID": 5,
          "trunc": false
        }
      ]
    },
    {
      "frame_id": 64,
      "image_path": "frames/GJr8wKk8-YA_003273/images/000064.jpg",
      "accident_id": 8,
      "accident_name": "leave_to_right",
      "objects": [
        {
          "obj_track_id": 75,
          "bbox": [
            650.0338983050847,
            470.2372881355932,
            931.5254237288135,
            627.2542372881355
          ],
          "category": "truck",
          "category ID": 5,
          "trunc": false
        }
      ]
    },
    {
      "frame_id": 65,
      "image_path": "frames/GJr8wKk8-YA_003273/images/000065.jpg",
      "accident_id": 8,
      "accident_name": "leave_to_right",
      "objects": [
        {
          "obj_track_id": 75,
          "bbox": [
            666.3050847457627,
            469.01694915254234,
            944.542372881356,
            624.8135593220338
          ],
          "category": "truck",
          "category ID": 5,
          "trunc": false
        }
      ]
    },
    {
      "frame_id": 66,
      "image_path": "frames/GJr8wKk8-YA_003273/images/000066.jpg",
      "accident_id": 8,
      "accident_name": "leave_to_right",
      "objects": [
        {
          "obj_track_id": 75,
          "bbox": [
            682.5762711864406,
            467.7966101694915,
            957.5593220338983,
            622.3728813559321
          ],
          "category": "truck",
          "category ID": 5,
          "trunc": false
        }
      ]
    },
    {
      "frame_id": 67,
      "image_path": "frames/GJr8wKk8-YA_003273/images/000067.jpg",
      "accident_id": 8,
      "accident_name": "leave_to_right",
      "objects": [
        {
          "obj_track_id": 75,
          "bbox": [
            696,
            467.7966101694915,
            972.2033898305084,
            619.9322033898304
          ],
          "category": "truck",
          "category ID": 5,
          "trunc": false
        }
      ]
    },
    {
      "frame_id": 68,
      "image_path": "frames/GJr8wKk8-YA_003273/images/000068.jpg",
      "accident_id": 8,
      "accident_name": "leave_to_right",
      "objects": [
        {
          "obj_track_id": 75,
          "bbox": [
            709.4237288135593,
            467.7966101694915,
            986.8474576271186,
            619.9322033898304
          ],
          "category": "truck",
          "category ID": 5,
          "trunc": false
        }
      ]
    },
    {
      "frame_id": 69,
      "image_path": "frames/GJr8wKk8-YA_003273/images/000069.jpg",
      "accident_id": 8,
      "accident_name": "leave_to_right",
      "objects": [
        {
          "obj_track_id": 75,
          "bbox": [
            725.6949152542372,
            466.1694915254237,
            999.864406779661,
            619.9322033898304
          ],
          "category": "truck",
          "category ID": 5,
          "trunc": false
        }
      ]
    },
    {
      "frame_id": 70,
      "image_path": "frames/GJr8wKk8-YA_003273/images/000070.jpg",
      "accident_id": 8,
      "accident_name": "leave_to_right",
      "objects": [
        {
          "obj_track_id": 75,
          "bbox": [
            741.9661016949152,
            464.5423728813559,
            1012.8813559322033,
            619.9322033898304
          ],
          "category": "truck",
          "category ID": 5,
          "trunc": false
        }
      ]
    },
    {
      "frame_id": 71,
      "image_path": "frames/GJr8wKk8-YA_003273/images/000071.jpg",
      "accident_id": 8,
      "accident_name": "leave_to_right",
      "objects": [
        {
          "obj_track_id": 75,
          "bbox": [
            759.457627118644,
            462.1016949152542,
            1028.3389830508474,
            617.0847457627118
          ],
          "category": "truck",
          "category ID": 5,
          "trunc": false
        }
      ]
    },
    {
      "frame_id": 72,
      "image_path": "frames/GJr8wKk8-YA_003273/images/000072.jpg",
      "accident_id": 8,
      "accident_name": "leave_to_right",
      "objects": [
        {
          "obj_track_id": 75,
          "bbox": [
            776.9491525423729,
            459.6610169491525,
            1043.7966101694915,
            614.2372881355932
          ],
          "category": "truck",
          "category ID": 5,
          "trunc": false
        }
      ]
    },
    {
      "frame_id": 73,
      "image_path": "frames/GJr8wKk8-YA_003273/images/000073.jpg",
      "accident_id": 8,
      "accident_name": "leave_to_right",
      "objects": [
        {
          "obj_track_id": 75,
          "bbox": [
            793.2203389830509,
            459.6610169491525,
            1051.9322033898304,
            613.4237288135594
          ],
          "category": "truck",
          "category ID": 5,
          "trunc": false
        }
      ]
    },
    {
      "frame_id": 74,
      "image_path": "frames/GJr8wKk8-YA_003273/images/000074.jpg",
      "accident_id": 8,
      "accident_name": "leave_to_right",
      "objects": [
        {
          "obj_track_id": 75,
          "bbox": [
            809.4915254237287,
            459.6610169491525,
            1060.0677966101694,
            612.6101694915254
          ],
          "category": "truck",
          "category ID": 5,
          "trunc": false
        }
      ]
    },
    {
      "frame_id": 75,
      "image_path": "frames/GJr8wKk8-YA_003273/images/000075.jpg",
      "accident_id": 8,
      "accident_name": "leave_to_right",
      "objects": [
        {
          "obj_track_id": 75,
          "bbox": [
            829.0169491525423,
            460.06779661016947,
            1069.4237288135594,
            610.5762711864406
          ],
          "category": "truck",
          "category ID": 5,
          "trunc": false
        }
      ]
    },
    {
      "frame_id": 76,
      "image_path": "frames/GJr8wKk8-YA_003273/images/000076.jpg",
      "accident_id": 8,
      "accident_name": "leave_to_right",
      "objects": [
        {
          "obj_track_id": 75,
          "bbox": [
            848.5423728813558,
            460.47457627118644,
            1078.7796610169491,
            608.5423728813558
          ],
          "category": "truck",
          "category ID": 5,
          "trunc": false
        }
      ]
    },
    {
      "frame_id": 77,
      "image_path": "frames/GJr8wKk8-YA_003273/images/000077.jpg",
      "accident_id": 8,
      "accident_name": "leave_to_right",
      "objects": [
        {
          "obj_track_id": 75,
          "bbox": [
            862.3728813559321,
            459.66101694915255,
            1083.6610169491526,
            607.3220338983051
          ],
          "category": "truck",
          "category ID": 5,
          "trunc": false
        }
      ]
    },
    {
      "frame_id": 78,
      "image_path": "frames/GJr8wKk8-YA_003273/images/000078.jpg",
      "accident_id": 8,
      "accident_name": "leave_to_right",
      "objects": [
        {
          "obj_track_id": 75,
          "bbox": [
            876.2033898305084,
            458.8474576271186,
            1088.542372881356,
            606.1016949152543
          ],
          "category": "truck",
          "category ID": 5,
          "trunc": false
        }
      ]
    },
    {
      "frame_id": 79,
      "image_path": "frames/GJr8wKk8-YA_003273/images/000079.jpg",
      "accident_id": 8,
      "accident_name": "leave_to_right",
      "objects": [
        {
          "obj_track_id": 75,
          "bbox": [
            885.5593220338983,
            457.22033898305085,
            1091.3898305084747,
            606.5084745762712
          ],
          "category": "truck",
          "category ID": 5,
          "trunc": false
        }
      ]
    },
    {
      "frame_id": 80,
      "image_path": "frames/GJr8wKk8-YA_003273/images/000080.jpg",
      "accident_id": 8,
      "accident_name": "leave_to_right",
      "objects": [
        {
          "obj_track_id": 75,
          "bbox": [
            894.9152542372881,
            455.59322033898303,
            1094.2372881355932,
            606.9152542372881
          ],
          "category": "truck",
          "category ID": 5,
          "trunc": false
        }
      ]
    },
    {
      "frame_id": 81,
      "image_path": "frames/GJr8wKk8-YA_003273/images/000081.jpg",
      "accident_id": 8,
      "accident_name": "leave_to_right",
      "objects": [
        {
          "obj_track_id": 75,
          "bbox": [
            901.0169491525423,
            456,
            1099.9322033898304,
            604.8813559322034
          ],
          "category": "truck",
          "category ID": 5,
          "trunc": false
        }
      ]
    },
    {
      "frame_id": 82,
      "image_path": "frames/GJr8wKk8-YA_003273/images/000082.jpg",
      "accident_id": 8,
      "accident_name": "leave_to_right",
      "objects": [
        {
          "obj_track_id": 75,
          "bbox": [
            907.1186440677966,
            456.4067796610169,
            1105.6271186440677,
            602.8474576271186
          ],
          "category": "truck",
          "category ID": 5,
          "trunc": false
        }
      ]
    },
    {
      "frame_id": 83,
      "image_path": "frames/GJr8wKk8-YA_003273/images/000083.jpg",
      "accident_id": 8,
      "accident_name": "leave_to_right",
      "objects": [
        {
          "obj_track_id": 75,
          "bbox": [
            909.1525423728813,
            456,
            1112.9491525423728,
            604.4745762711865
          ],
          "category": "truck",
          "category ID": 5,
          "trunc": false
        }
      ]
    },
    {
      "frame_id": 84,
      "image_path": "frames/GJr8wKk8-YA_003273/images/000084.jpg",
      "accident_id": 8,
      "accident_name": "leave_to_right",
      "objects": [
        {
          "obj_track_id": 75,
          "bbox": [
            911.1864406779661,
            455.59322033898303,
            1120.2711864406779,
            606.1016949152543
          ],
          "category": "truck",
          "category ID": 5,
          "trunc": false
        }
      ]
    },
    {
      "frame_id": 85,
      "image_path": "frames/GJr8wKk8-YA_003273/images/000085.jpg",
      "accident_id": 8,
      "accident_name": "leave_to_right",
      "objects": [
        {
          "obj_track_id": 75,
          "bbox": [
            914.0338983050847,
            453.5593220338983,
            1120.677966101695,
            604.0677966101695
          ],
          "category": "truck",
          "category ID": 5,
          "trunc": false
        }
      ]
    },
    {
      "frame_id": 86,
      "image_path": "frames/GJr8wKk8-YA_003273/images/000086.jpg",
      "accident_id": 8,
      "accident_name": "leave_to_right",
      "objects": [
        {
          "obj_track_id": 75,
          "bbox": [
            916.8813559322033,
            451.5254237288135,
            1121.0847457627117,
            602.0338983050847
          ],
          "category": "truck",
          "category ID": 5,
          "trunc": false
        }
      ]
    },
    {
      "frame_id": 87,
      "image_path": "frames/GJr8wKk8-YA_003273/images/000087.jpg",
      "accident_id": 0,
      "accident_name": "normal",
      "objects": []
    },
    {
      "frame_id": 88,
      "image_path": "frames/GJr8wKk8-YA_003273/images/000088.jpg",
      "accident_id": 0,
      "accident_name": "normal",
      "objects": []
    },
    {
      "frame_id": 89,
      "image_path": "frames/GJr8wKk8-YA_003273/images/000089.jpg",
      "accident_id": 0,
      "accident_name": "normal",
      "objects": []
    },
    {
      "frame_id": 90,
      "image_path": "frames/GJr8wKk8-YA_003273/images/000090.jpg",
      "accident_id": 0,
      "accident_name": "normal",
      "objects": []
    },
    {
      "frame_id": 91,
      "image_path": "frames/GJr8wKk8-YA_003273/images/000091.jpg",
      "accident_id": 0,
      "accident_name": "normal",
      "objects": []
    },
    {
      "frame_id": 92,
      "image_path": "frames/GJr8wKk8-YA_003273/images/000092.jpg",
      "accident_id": 0,
      "accident_name": "normal",
      "objects": []
    },
    {
      "frame_id": 93,
      "image_path": "frames/GJr8wKk8-YA_003273/images/000093.jpg",
      "accident_id": 0,
      "accident_name": "normal",
      "objects": []
    },
    {
      "frame_id": 94,
      "image_path": "frames/GJr8wKk8-YA_003273/images/000094.jpg",
      "accident_id": 0,
      "accident_name": "normal",
      "objects": []
    },
    {
      "frame_id": 95,
      "image_path": "frames/GJr8wKk8-YA_003273/images/000095.jpg",
      "accident_id": 0,
      "accident_name": "normal",
      "objects": []
    },
    {
      "frame_id": 96,
      "image_path": "frames/GJr8wKk8-YA_003273/images/000096.jpg",
      "accident_id": 0,
      "accident_name": "normal",
      "objects": []
    },
    {
      "frame_id": 97,
      "image_path": "frames/GJr8wKk8-YA_003273/images/000097.jpg",
      "accident_id": 0,
      "accident_name": "normal",
      "objects": []
    },
    {
      "frame_id": 98,
      "image_path": "frames/GJr8wKk8-YA_003273/images/000098.jpg",
      "accident_id": 0,
      "accident_name": "normal",
      "objects": []
    },
    {
      "frame_id": 99,
      "image_path": "frames/GJr8wKk8-YA_003273/images/000099.jpg",
      "accident_id": 0,
      "accident_name": "normal",
      "objects": []
    },
    {
      "frame_id": 100,
      "image_path": "frames/GJr8wKk8-YA_003273/images/000100.jpg",
      "accident_id": 0,
      "accident_name": "normal",
      "objects": []
    }
  ]
}
