{
  "video_name": "h55PiQMnlJY_003085",
  "channel": "CarCrashesTime",
  "num_frames": 89,
  "ignore": false,
  "ego_involve": false,
  "night": false,
  "anomaly_start": 48,
  "anomaly_end": 69,
  "video_start": 3085,
  "video_end": 3173,
  "accident_id": "5",
  "accident_name": "turning",
  "labels": [
    {
      "frame_id": 0,
      "image_path": "frames/h55PiQMnlJY_003085/images/000000.jpg",
      "accident_id": 0,
      "accident_name": "normal",
      "objects": []
    },
    {
      "frame_id": 1,
      "image_path": "frames/h55PiQMnlJY_003085/images/000001.jpg",
      "accident_id": 0,
      "accident_name": "normal",
      "objects": []
    },
    {
      "frame_id": 2,
      "image_path": "frames/h55PiQMnlJY_003085/images/000002.jpg",
      "accident_id": 0,
      "accident_name": "normal",
      "objects": []
    },
    {
      "frame_id": 3,
      "image_path": "frames/h55PiQMnlJY_003085/images/000003.jpg",
      "accident_id": 0,
      "accident_name": "normal",
      "objects": []
    },
    {
      "frame_id": 4,
      "image_path": "frames/h55PiQMnlJY_003085/images/000004.jpg",
      "accident_id": 0,
      "accident_name": "normal",
      "objects": []
    },
    {
      "frame_id": 5,
      "image_path": "frames/h55PiQMnlJY_003085/images/000005.jpg",
      "accident_id": 0,
      "accident_name": "normal",
      "objects": []
    },
    {
      "frame_id": 6,
      "image_path": "frames/h55PiQMnlJY_003085/images/000006.jpg",
      "accident_id": 0,
      "accident_name": "normal",
      "objects": []
    },
    {
      "frame_id": 7,
      "image_path": "frames/h55PiQMnlJY_003085/images/000007.jpg",
      "accident_id": 0,
      "accident_name": "normal",
      "objects": []
    },
    {
      "frame_id": 8,
      "image_path": "frames/h55PiQMnlJY_003085/images/000008.jpg",
      "accident_id": 0,
      "accident_name": "normal",
      "objects": []
    },
    {
      "frame_id": 9,
      "image_path": "frames/h55PiQMnlJY_003085/images/000009.jpg",
      "accident_id": 0,
      "accident_name": "normal",
      "objects": []
    },
    {
      "frame_id": 10,
      "image_path": "frames/h55PiQMnlJY_003085/images/000010.jpg",
      "accident_id": 0,
      "accident_name": "normal",
      "objects": []
    },
    {
      "frame_id": 11,
      "image_path": "frames/h55PiQMnlJY_003085/images/000011.jpg",
      "accident_id": 0,
      "accident_name": "normal",
      "objects": []
    },
    {
      "frame_id": 12,
      "image_path": "frames/h55PiQMnlJY_003085/images/000012.jpg",
      "accident_id": 0,
      "accident_name": "normal",
      "objects": []
    },
    {
      "frame_id": 13,
      "image_path": "frames/h55PiQMnlJY_003085/images/000013.jpg",
      "accident_id": 0,
      "accident_name": "normal",
      "objects": []
    },
    {
      "frame_id": 14,
      "image_path": "frames/h55PiQMnlJY_003085/images/000014.jpg",
      "accident_id": 0,
      "accident_name": "normal",
      "objects": []
    },
    {
      "frame_id": 15,
      "image_path": "frames/h55PiQMnlJY_003085/images/000015.jpg",
      "accident_id": 0,
      "accident_name": "normal",
      "objects": []
    },
    {
      "frame_id": 16,
      "image_path": "frames/h55PiQMnlJY_003085/images/000016.jpg",
      "accident_id": 0,
      "accident_name": "normal",
      "objects": []
    },
    {
      "frame_id": 17,
      "image_path": "frames/h55PiQMnlJY_003085/images/000017.jpg",
      "accident_id": 0,
      "accident_name": "normal",
      "objects": []
    },
    {
      "frame_id": 18,
      "image_path": "frames/h55PiQMnlJY_003085/images/000018.jpg",
      "accident_id": 0,
      "accident_name": "normal",
      "objects": []
    },
    {
      "frame_id": 19,
      "image_path": "frames/h55PiQMnlJY_003085/images/000019.jpg",
      "accident_id": 0,
      "accident_name": "normal",
      "objects": []
    },
    {
      "frame_id": 20,
      "image_path": "frames/h55PiQMnlJY_003085/images/000020.jpg",
      "accident_id": 0,
      "accident_name": "normal",
      "objects": []
    },
    {
      "frame_id": 21,
      "image_path": "frames/h55PiQMnlJY_003085/images/000021.jpg",
      "accident_id": 0,
      "accident_name": "normal",
      "objects": []
    },
    {
      "frame_id": 22,
      "image_path": "frames/h55PiQMnlJY_003085/images/000022.jpg",
      "accident_id": 0,
      "accident_name": "normal",
      "objects": []
    },
    {
      "frame_id": 23,
      "image_path": "frames/h55PiQMnlJY_003085/images/000023.jpg",
      "accident_id": 0,
      "accident_name": "normal",
      "objects": []
    },
    {
      "frame_id": 24,
      "image_path": "frames/h55PiQMnlJY_003085/images/000024.jpg",
      "accident_id": 0,
      "accident_name": "normal",
      "objects": []
    },
    {
      "frame_id": 25,
      "image_path": "frames/h55PiQMnlJY_003085/images/000025.jpg",
      "accident_id": 0,
      "accident_name": "normal",
      "objects": []
    },
    {
      "frame_id": 26,
      "image_path": "frames/h55PiQMnlJY_003085/images/000026.jpg",
      "accident_id": 0,
      "accident_name": "normal",
      "objects": []
    },
    {
      "frame_id": 27,
      "image_path": "frames/h55PiQMnlJY_003085/images/000027.jpg",
      "accident_id": 0,
      "accident_name": "normal",
      "objects": []
    },
    {
      "frame_id": 28,
      "image_path": "frames/h55PiQMnlJY_003085/images/000028.jpg",
      "accident_id": 0,
      "accident_name": "normal",
      "objects": []
    },
    {
      "frame_id": 29,
      "image_path": "frames/h55PiQMnlJY_003085/images/000029.jpg",
      "accident_id": 0,
      "accident_name": "normal",
      "objects": []
    },
    {
      "frame_id": 30,
      "image_path": "frames/h55PiQMnlJY_003085/images/000030.jpg",
      "accident_id": 0,
      "accident_name": "normal",
      "objects": []
    },
    {
      "frame_id": 31,
      "image_path": "frames/h55PiQMnlJY_003085/images/000031.jpg",
      "accident_id": 0,
      "accident_name": "normal",
      "objects": []
    },
    {
      "frame_id": 32,
      "image_path": "frames/h55PiQMnlJY_003085/images/000032.jpg",
      "accident_id": 0,
      "accident_name": "normal",
      "objects": []
    },
    {
      "frame_id": 33,
      "image_path": "frames/h55PiQMnlJY_003085/images/000033.jpg",
      "accident_id": 0,
      "accident_name": "normal",
      "objects": []
    },
    {
      "frame_id": 34,
      "image_path": "frames/h55PiQMnlJY_003085/images/000034.jpg",
      "accident_id": 0,
      "accident_name": "normal",
      "objects": []
    },
    {
      "frame_id": 35,
      "image_path": "frames/h55PiQMnlJY_003085/images/000035.jpg",
      "accident_id": 0,
      "accident_name": "normal",
      "objects": []
    },
    {
      "frame_id": 36,
      "image_path": "frames/h55PiQMnlJY_003085/images/000036.jpg",
      "accident_id": 0,
      "accident_name": "normal",
      "objects": []
    },
    {
      "frame_id": 37,
      "image_path": "frames/h55PiQMnlJY_003085/images/000037.jpg",
      "accident_id": 0,
      "accident_name": "normal",
      "objects": []
    },
    {
      "frame_id": 38,
      "image_path": "frames/h55PiQMnlJY_003085/images/000038.jpg",
      "accident_id": 0,
      "accident_name": "normal",
      "objects": []
    },
    {
      "frame_id": 39,
      "image_path": "frames/h55PiQMnlJY_003085/images/000039.jpg",
      "accident_id": 0,
      "accident_name": "normal",
      "objects": []
    },
    {
      "frame_id": 40,
      "image_path": "frames/h55PiQMnlJY_003085/images/000040.jpg",
      "accident_id": 0,
      "accident_name": "normal",
      "objects": []
    },
    {
      "frame_id": 41,
      "image_path": "frames/h55PiQMnlJY_003085/images/000041.jpg",
      "accident_id": 0,
      "accident_name": "normal",
      "objects": []
    },
    {
      "frame_id": 42,
      "image_path": "frames/h55PiQMnlJY_003085/images/000042.jpg",
      "accident_id": 0,
      "accident_name": "normal",
      "objects": []
    },
    {
      "frame_id": 43,
      "image_path": "frames/h55PiQMnlJY_003085/images/000043.jpg",
      "accident_id": 0,
      "accident_name": "normal",
      "objects": []
    },
    {
      "frame_id": 44,
      "image_path": "frames/h55PiQMnlJY_003085/images/000044.jpg",
      "accident_id": 0,
      "accident_name": "normal",
      "objects": []
    },
    {
      "frame_id": 45,
      "image_path": "frames/h55PiQMnlJY_003085/images/000045.jpg",
      "accident_id": 0,
      "accident_name": "normal",
      "objects": []
    },
    {
      "frame_id": 46,
      "image_path": "frames/h55PiQMnlJY_003085/images/000046.jpg",
      "accident_id": 0,
      "accident_name": "normal",
      "objects": []
    },
    {
      "frame_id": 47,
      "image_path": "frames/h55PiQMnlJY_003085/images/000047.jpg",
      "accident_id": 0,
      "accident_name": "normal",
      "objects": []
    },
    {
      "frame_id": 48,
      "image_path": "frames/h55PiQMnlJY_003085/images/000048.jpg",
      "accident_id": 5,
      "accident_name": "turning",
      "objects": [
        {
          "obj_track_id": 769,
          "bbox": [
            284.56344586728756,
            393.9464493597206,
            349.1320754716981,
            486.1466821885914
          ],
          "category": "bike",
          "category ID": 6,
          "trunc": false
        },
        {
          "obj_track_id": 1326,
          "bbox": [
            323.95809080325967,
            325.21536670547147,
            383.46915017462163,
            465.1920838183935
          ],
          "category": "rider",
          "category ID": 2,
          "trunc": false
        },
        {
          "obj_track_id": 1355,
          "bbox": [
            255.2270081490105,
            352.0372526193248,
            410.291036088475,
            472.7357392316647
          ],
          "category": "car",
          "category ID": 3,
          "trunc": false
        }
      ]
    },
    {
      "frame_id": 49,
      "image_path": "frames/h55PiQMnlJY_003085/images/000049.jpg",
      "accident_id": 5,
      "accident_name": "turning",
      "objects": [
        {
          "obj_track_id": 769,
          "bbox": [
            256.9033760186263,
            393.9464493597206,
            362.71698113207543,
            483.6321303841676
          ],
          "category": "bike",
          "category ID": 6,
          "trunc": false
        },
        {
          "obj_track_id": 1326,
          "bbox": [
            304.6798603026775,
            325.21536670547147,
            365.86728754365544,
            466.03026775320143
          ],
          "category": "rider",
          "category ID": 2,
          "trunc": false
        },
        {
          "obj_track_id": 1355,
          "bbox": [
            229.24330616996508,
            348.68451688009316,
            399.39464493597205,
            484.47031431897557
          ],
          "category": "car",
          "category ID": 3,
          "trunc": false
        }
      ]
    },
    {
      "frame_id": 50,
      "image_path": "frames/h55PiQMnlJY_003085/images/000050.jpg",
      "accident_id": 5,
      "accident_name": "turning",
      "objects": [
        {
          "obj_track_id": 769,
          "bbox": [
            238.46332945285215,
            372.99185098952273,
            361.3584905660377,
            488.6612339930151
          ],
          "category": "bike",
          "category ID": 6,
          "trunc": false
        },
        {
          "obj_track_id": 1326,
          "bbox": [
            279.53434225844006,
            328.56810244470313,
            349.941792782305,
            443.3993015133877
          ],
          "category": "rider",
          "category ID": 2,
          "trunc": false
        },
        {
          "obj_track_id": 1355,
          "bbox": [
            200.74505238649593,
            347.8463329452852,
            391.0128055878929,
            489.49941792782306
          ],
          "category": "car",
          "category ID": 3,
          "trunc": false
        }
      ]
    },
    {
      "frame_id": 51,
      "image_path": "frames/h55PiQMnlJY_003085/images/000051.jpg",
      "accident_id": 5,
      "accident_name": "turning",
      "objects": [
        {
          "obj_track_id": 769,
          "bbox": [
            258.57974388824215,
            372.99185098952273,
            378.44004656577414,
            466.03026775320143
          ],
          "category": "bike",
          "category ID": 6,
          "trunc": false
        },
        {
          "obj_track_id": 1326,
          "bbox": [
            255.2270081490105,
            335.27357392316645,
            354.1327124563446,
            404.8428405122235
          ],
          "category": "rider",
          "category ID": 2,
          "trunc": false
        },
        {
          "obj_track_id": 1355,
          "bbox": [
            173.9231664726426,
            347.8463329452852,
            387.66006984866124,
            499.55762514551805
          ],
          "category": "car",
          "category ID": 3,
          "trunc": false
        }
      ]
    },
    {
      "frame_id": 52,
      "image_path": "frames/h55PiQMnlJY_003085/images/000052.jpg",
      "accident_id": 5,
      "accident_name": "turning",
      "objects": [
        {
          "obj_track_id": 1326,
          "bbox": [
            230.9196740395809,
            331.9208381839348,
            323.9580908032596,
            394.78463329452853
          ],
          "category": "rider",
          "category ID": 2,
          "trunc": false
        },
        {
          "obj_track_id": 1355,
          "bbox": [
            144.58672875436554,
            349.52270081490104,
            378.44004656577414,
            506.26309662398137
          ],
          "category": "car",
          "category ID": 3,
          "trunc": false
        }
      ]
    },
    {
      "frame_id": 53,
      "image_path": "frames/h55PiQMnlJY_003085/images/000053.jpg",
      "accident_id": 5,
      "accident_name": "turning",
      "objects": [
        {
          "obj_track_id": 1326,
          "bbox": [
            214.15599534342257,
            313.48079161816065,
            297.1362048894063,
            394.78463329452853
          ],
          "category": "rider",
          "category ID": 2,
          "trunc": false
        },
        {
          "obj_track_id": 1355,
          "bbox": [
            110.22118742724098,
            346.1699650756694,
            369.2200232828871,
            518.8358556461001
          ],
          "category": "car",
          "category ID": 3,
          "trunc": false
        }
      ]
    },
    {
      "frame_id": 54,
      "image_path": "frames/h55PiQMnlJY_003085/images/000054.jpg",
      "accident_id": 5,
      "accident_name": "turning",
      "objects": [
        {
          "obj_track_id": 1326,
          "bbox": [
            173.0849825378347,
            262.3515715948778,
            331.5017462165309,
            349.52270081490104
          ],
          "category": "rider",
          "category ID": 2,
          "trunc": false
        },
        {
          "obj_track_id": 1355,
          "bbox": [
            73.34109429569267,
            346.1699650756694,
            360.0,
            523.0267753201397
          ],
          "category": "car",
          "category ID": 3,
          "trunc": false
        }
      ]
    },
    {
      "frame_id": 55,
      "image_path": "frames/h55PiQMnlJY_003085/images/000055.jpg",
      "accident_id": 5,
      "accident_name": "turning",
      "objects": [
        {
          "obj_track_id": 1326,
          "bbox": [
            150.45401629802095,
            262.3515715948778,
            286.2398137369034,
            352.0372526193248
          ],
          "category": "rider",
          "category ID": 2,
          "trunc": false
        },
        {
          "obj_track_id": 1355,
          "bbox": [
            34.784633294528525,
            345.3317811408615,
            349.941792782305,
            536.4377182770663
          ],
          "category": "car",
          "category ID": 3,
          "trunc": false
        }
      ]
    },
    {
      "frame_id": 56,
      "image_path": "frames/h55PiQMnlJY_003085/images/000056.jpg",
      "accident_id": 5,
      "accident_name": "turning",
      "objects": [
        {
          "obj_track_id": 1326,
          "bbox": [
            126.98486612339929,
            239.72060535506404,
            238.46332945285215,
            360.419091967404
          ],
          "category": "rider",
          "category ID": 2,
          "trunc": false
        },
        {
          "obj_track_id": 1355,
          "bbox": [
            0,
            340.302677532014,
            334.0162980209546,
            540.6286379511059
          ],
          "category": "car",
          "category ID": 3,
          "trunc": true
        }
      ]
    },
    {
      "frame_id": 57,
      "image_path": "frames/h55PiQMnlJY_003085/images/000057.jpg",
      "accident_id": 5,
      "accident_name": "turning",
      "objects": [
        {
          "obj_track_id": 769,
          "bbox": [
            158.83585564610013,
            253.13154831199068,
            342.39813736903375,
            570.8032596041909
          ],
          "category": "bike",
          "category ID": 6,
          "trunc": false
        },
        {
          "obj_track_id": 1326,
          "bbox": [
            101.83934807916182,
            272.40977881257277,
            235.9487776484284,
            376.3445867287544
          ],
          "category": "rider",
          "category ID": 2,
          "trunc": false
        },
        {
          "obj_track_id": 1355,
          "bbox": [
            0,
            340.302677532014,
            314.7380675203725,
            539.790454016298
          ],
          "category": "car",
          "category ID": 3,
          "trunc": true
        }
      ]
    },
    {
      "frame_id": 58,
      "image_path": "frames/h55PiQMnlJY_003085/images/000058.jpg",
      "accident_id": 5,
      "accident_name": "turning",
      "objects": [
        {
          "obj_track_id": 769,
          "bbox": [
            105.19208381839348,
            408.1955762514552,
            284.56344586728756,
            606.0069848661234
          ],
          "category": "bike",
          "category ID": 6,
          "trunc": false
        },
        {
          "obj_track_id": 1355,
          "bbox": [
            0,
            340.302677532014,
            303.0034924330617,
            549.0104772991851
          ],
          "category": "car",
          "category ID": 3,
          "trunc": true
        }
      ]
    },
    {
      "frame_id": 59,
      "image_path": "frames/h55PiQMnlJY_003085/images/000059.jpg",
      "accident_id": 5,
      "accident_name": "turning",
      "objects": [
        {
          "obj_track_id": 1355,
          "bbox": [
            0,
            337.7881257275902,
            287.0779976717113,
            560.7450523864959
          ],
          "category": "car",
          "category ID": 3,
          "trunc": true
        }
      ]
    },
    {
      "frame_id": 60,
      "image_path": "frames/h55PiQMnlJY_003085/images/000060.jpg",
      "accident_id": 5,
      "accident_name": "turning",
      "objects": [
        {
          "obj_track_id": 1355,
          "bbox": [
            0,
            337.7881257275902,
            271.9906868451688,
            576.6705471478464
          ],
          "category": "car",
          "category ID": 3,
          "trunc": true
        }
      ]
    },
    {
      "frame_id": 61,
      "image_path": "frames/h55PiQMnlJY_003085/images/000061.jpg",
      "accident_id": 5,
      "accident_name": "turning",
      "objects": [
        {
          "obj_track_id": 1326,
          "bbox": [
            2.0954598370197903,
            286.65890570430736,
            99.32479627473806,
            429.1501746216531
          ],
          "category": "rider",
          "category ID": 2,
          "trunc": true
        },
        {
          "obj_track_id": 1355,
          "bbox": [
            0,
            337.7881257275902,
            254.38882421420257,
            585.0523864959255
          ],
          "category": "car",
          "category ID": 3,
          "trunc": true
        }
      ]
    },
    {
      "frame_id": 62,
      "image_path": "frames/h55PiQMnlJY_003085/images/000062.jpg",
      "accident_id": 5,
      "accident_name": "turning",
      "objects": [
        {
          "obj_track_id": 1326,
          "bbox": [
            0,
            342.8172293364378,
            56.57741559953434,
            439.2083818393481
          ],
          "category": "rider",
          "category ID": 2,
          "trunc": true
        },
        {
          "obj_track_id": 1355,
          "bbox": [
            0,
            337.7881257275902,
            241.8160651920838,
            595.9487776484284
          ],
          "category": "car",
          "category ID": 3,
          "trunc": true
        }
      ]
    },
    {
      "frame_id": 63,
      "image_path": "frames/h55PiQMnlJY_003085/images/000063.jpg",
      "accident_id": 5,
      "accident_name": "turning",
      "objects": [
        {
          "obj_track_id": 1355,
          "bbox": [
            0,
            337.7881257275902,
            231.75785797438883,
            605.1688009313154
          ],
          "category": "car",
          "category ID": 3,
          "trunc": true
        }
      ]
    },
    {
      "frame_id": 64,
      "image_path": "frames/h55PiQMnlJY_003085/images/000064.jpg",
      "accident_id": 5,
      "accident_name": "turning",
      "objects": [
        {
          "obj_track_id": 1355,
          "bbox": [
            0,
            337.7881257275902,
            219.1850989522701,
            606.0069848661234
          ],
          "category": "car",
          "category ID": 3,
          "trunc": true
        }
      ]
    },
    {
      "frame_id": 65,
      "image_path": "frames/h55PiQMnlJY_003085/images/000065.jpg",
      "accident_id": 5,
      "accident_name": "turning",
      "objects": [
        {
          "obj_track_id": 1355,
          "bbox": [
            0,
            337.7881257275902,
            214.9941792782305,
            613.5506402793947
          ],
          "category": "car",
          "category ID": 3,
          "trunc": true
        }
      ]
    },
    {
      "frame_id": 66,
      "image_path": "frames/h55PiQMnlJY_003085/images/000066.jpg",
      "accident_id": 5,
      "accident_name": "turning",
      "objects": [
        {
          "obj_track_id": 1355,
          "bbox": [
            0,
            337.7881257275902,
            208.28870779976717,
            586.7287543655414
          ],
          "category": "car",
          "category ID": 3,
          "trunc": true
        }
      ]
    },
    {
      "frame_id": 67,
      "image_path": "frames/h55PiQMnlJY_003085/images/000067.jpg",
      "accident_id": 5,
      "accident_name": "turning",
      "objects": [
        {
          "obj_track_id": 1355,
          "bbox": [
            0,
            337.7881257275902,
            207.45052386495925,
            586.7287543655414
          ],
          "category": "car",
          "category ID": 3,
          "trunc": true
        }
      ]
    },
    {
      "frame_id": 68,
      "image_path": "frames/h55PiQMnlJY_003085/images/000068.jpg",
      "accident_id": 5,
      "accident_name": "turning",
      "objects": [
        {
          "obj_track_id": 1355,
          "bbox": [
            0,
            337.7881257275902,
            207.45052386495925,
            586.7287543655414
          ],
          "category": "car",
          "category ID": 3,
          "trunc": true
        }
      ]
    },
    {
      "frame_id": 69,
      "image_path": "frames/h55PiQMnlJY_003085/images/000069.jpg",
      "accident_id": 0,
      "accident_name": "normal",
      "objects": []
    },
    {
      "frame_id": 70,
      "image_path": "frames/h55PiQMnlJY_003085/images/000070.jpg",
      "accident_id": 0,
      "accident_name": "normal",
      "objects": []
    },
    {
      "frame_id": 71,
      "image_path": "frames/h55PiQMnlJY_003085/images/000071.jpg",
      "accident_id": 0,
      "accident_name": "normal",
      "objects": []
    },
    {
      "frame_id": 72,
      "image_path": "frames/h55PiQMnlJY_003085/images/000072.jpg",
      "accident_id": 0,
      "accident_name": "normal",
      "objects": []
    },
    {
      "frame_id": 73,
      "image_path": "frames/h55PiQMnlJY_003085/images/000073.jpg",
      "accident_id": 0,
      "accident_name": "normal",
      "objects": []
    },
    {
      "frame_id": 74,
      "image_path": "frames/h55PiQMnlJY_003085/images/000074.jpg",
      "accident_id": 0,
      "accident_name": "normal",
      "objects": []
    },
    {
      "frame_id": 75,
      "image_path": "frames/h55PiQMnlJY_003085/images/000075.jpg",
      "accident_id": 0,
      "accident_name": "normal",
      "objects": []
    },
    {
      "frame_id": 76,
      "image_path": "frames/h55PiQMnlJY_003085/images/000076.jpg",
      "accident_id": 0,
      "accident_name": "normal",
      "objects": []
    },
    {
      "frame_id": 77,
      "image_path": "frames/h55PiQMnlJY_003085/images/000077.jpg",
      "accident_id": 0,
      "accident_name": "normal",
      "objects": []
    },
    {
      "frame_id": 78,
      "image_path": "frames/h55PiQMnlJY_003085/images/000078.jpg",
      "accident_id": 0,
      "accident_name": "normal",
      "objects": []
    },
    {
      "frame_id": 79,
      "image_path": "frames/h55PiQMnlJY_003085/images/000079.jpg",
      "accident_id": 0,
      "accident_name": "normal",
      "objects": []
    },
    {
      "frame_id": 80,
      "image_path": "frames/h55PiQMnlJY_003085/images/000080.jpg",
      "accident_id": 0,
      "accident_name": "normal",
      "objects": []
    },
    {
      "frame_id": 81,
      "image_path": "frames/h55PiQMnlJY_003085/images/000081.jpg",
      "accident_id": 0,
      "accident_name": "normal",
      "objects": []
    },
    {
      "frame_id": 82,
      "image_path": "frames/h55PiQMnlJY_003085/images/000082.jpg",
      "accident_id": 0,
      "accident_name": "normal",
      "objects": []
    },
    {
      "frame_id": 83,
      "image_path": "frames/h55PiQMnlJY_003085/images/000083.jpg",
      "accident_id": 0,
      "accident_name": "normal",
      "objects": []
    },
    {
      "frame_id": 84,
      "image_path": "frames/h55PiQMnlJY_003085/images/000084.jpg",
      "accident_id": 0,
      "accident_name": "normal",
      "objects": []
    },
    {
      "frame_id": 85,
      "image_path": "frames/h55PiQMnlJY_003085/images/000085.jpg",
      "accident_id": 0,
      "accident_name": "normal",
      "objects": []
    },
    {
      "frame_id": 86,
      "image_path": "frames/h55PiQMnlJY_003085/images/000086.jpg",
      "accident_id": 0,
      "accident_name": "normal",
      "objects": []
    },
    {
      "frame_id": 87,
      "image_path": "frames/h55PiQMnlJY_003085/images/000087.jpg",
      "accident_id": 0,
      "accident_name": "normal",
      "objects": []
    },
    {
      "frame_id": 88,
      "image_path": "frames/h55PiQMnlJY_003085/images/000088.jpg",
      "accident_id": 0,
      "accident_name": "normal",
      "objects": []
    }
  ]
}