{
  "video_name": "h55PiQMnlJY_003552",
  "channel": "CarCrashesTime",
  "num_frames": 122,
  "ignore": false,
  "ego_involve": false,
  "night": false,
  "anomaly_start": 37,
  "anomaly_end": 72,
  "video_start": 3552,
  "video_end": 3673,
  "accident_id": "6",
  "accident_name": "pedestrian",
  "labels": [
    {
      "frame_id": 0,
      "image_path": "frames/h55PiQMnlJY_003552/images/000000.jpg",
      "accident_id": 0,
      "accident_name": "normal",
      "objects": []
    },
    {
      "frame_id": 1,
      "image_path": "frames/h55PiQMnlJY_003552/images/000001.jpg",
      "accident_id": 0,
      "accident_name": "normal",
      "objects": []
    },
    {
      "frame_id": 2,
      "image_path": "frames/h55PiQMnlJY_003552/images/000002.jpg",
      "accident_id": 0,
      "accident_name": "normal",
      "objects": []
    },
    {
      "frame_id": 3,
      "image_path": "frames/h55PiQMnlJY_003552/images/000003.jpg",
      "accident_id": 0,
      "accident_name": "normal",
      "objects": []
    },
    {
      "frame_id": 4,
      "image_path": "frames/h55PiQMnlJY_003552/images/000004.jpg",
      "accident_id": 0,
      "accident_name": "normal",
      "objects": []
    },
    {
      "frame_id": 5,
      "image_path": "frames/h55PiQMnlJY_003552/images/000005.jpg",
      "accident_id": 0,
      "accident_name": "normal",
      "objects": []
    },
    {
      "frame_id": 6,
      "image_path": "frames/h55PiQMnlJY_003552/images/000006.jpg",
      "accident_id": 0,
      "accident_name": "normal",
      "objects": []
    },
    {
      "frame_id": 7,
      "image_path": "frames/h55PiQMnlJY_003552/images/000007.jpg",
      "accident_id": 0,
      "accident_name": "normal",
      "objects": []
    },
    {
      "frame_id": 8,
      "image_path": "frames/h55PiQMnlJY_003552/images/000008.jpg",
      "accident_id": 0,
      "accident_name": "normal",
      "objects": []
    },
    {
      "frame_id": 9,
      "image_path": "frames/h55PiQMnlJY_003552/images/000009.jpg",
      "accident_id": 0,
      "accident_name": "normal",
      "objects": []
    },
    {
      "frame_id": 10,
      "image_path": "frames/h55PiQMnlJY_003552/images/000010.jpg",
      "accident_id": 0,
      "accident_name": "normal",
      "objects": []
    },
    {
      "frame_id": 11,
      "image_path": "frames/h55PiQMnlJY_003552/images/000011.jpg",
      "accident_id": 0,
      "accident_name": "normal",
      "objects": []
    },
    {
      "frame_id": 12,
      "image_path": "frames/h55PiQMnlJY_003552/images/000012.jpg",
      "accident_id": 0,
      "accident_name": "normal",
      "objects": []
    },
    {
      "frame_id": 13,
      "image_path": "frames/h55PiQMnlJY_003552/images/000013.jpg",
      "accident_id": 0,
      "accident_name": "normal",
      "objects": []
    },
    {
      "frame_id": 14,
      "image_path": "frames/h55PiQMnlJY_003552/images/000014.jpg",
      "accident_id": 0,
      "accident_name": "normal",
      "objects": []
    },
    {
      "frame_id": 15,
      "image_path": "frames/h55PiQMnlJY_003552/images/000015.jpg",
      "accident_id": 0,
      "accident_name": "normal",
      "objects": []
    },
    {
      "frame_id": 16,
      "image_path": "frames/h55PiQMnlJY_003552/images/000016.jpg",
      "accident_id": 0,
      "accident_name": "normal",
      "objects": []
    },
    {
      "frame_id": 17,
      "image_path": "frames/h55PiQMnlJY_003552/images/000017.jpg",
      "accident_id": 0,
      "accident_name": "normal",
      "objects": []
    },
    {
      "frame_id": 18,
      "image_path": "frames/h55PiQMnlJY_003552/images/000018.jpg",
      "accident_id": 0,
      "accident_name": "normal",
      "objects": []
    },
    {
      "frame_id": 19,
      "image_path": "frames/h55PiQMnlJY_003552/images/000019.jpg",
      "accident_id": 0,
      "accident_name": "normal",
      "objects": []
    },
    {
      "frame_id": 20,
      "image_path": "frames/h55PiQMnlJY_003552/images/000020.jpg",
      "accident_id": 0,
      "accident_name": "normal",
      "objects": []
    },
    {
      "frame_id": 21,
      "image_path": "frames/h55PiQMnlJY_003552/images/000021.jpg",
      "accident_id": 0,
      "accident_name": "normal",
      "objects": []
    },
    {
      "frame_id": 22,
      "image_path": "frames/h55PiQMnlJY_003552/images/000022.jpg",
      "accident_id": 0,
      "accident_name": "normal",
      "objects": []
    },
    {
      "frame_id": 23,
      "image_path": "frames/h55PiQMnlJY_003552/images/000023.jpg",
      "accident_id": 0,
      "accident_name": "normal",
      "objects": []
    },
    {
      "frame_id": 24,
      "image_path": "frames/h55PiQMnlJY_003552/images/000024.jpg",
      "accident_id": 0,
      "accident_name": "normal",
      "objects": []
    },
    {
      "frame_id": 25,
      "image_path": "frames/h55PiQMnlJY_003552/images/000025.jpg",
      "accident_id": 0,
      "accident_name": "normal",
      "objects": []
    },
    {
      "frame_id": 26,
      "image_path": "frames/h55PiQMnlJY_003552/images/000026.jpg",
      "accident_id": 0,
      "accident_name": "normal",
      "objects": []
    },
    {
      "frame_id": 27,
      "image_path": "frames/h55PiQMnlJY_003552/images/000027.jpg",
      "accident_id": 0,
      "accident_name": "normal",
      "objects": []
    },
    {
      "frame_id": 28,
      "image_path": "frames/h55PiQMnlJY_003552/images/000028.jpg",
      "accident_id": 0,
      "accident_name": "normal",
      "objects": []
    },
    {
      "frame_id": 29,
      "image_path": "frames/h55PiQMnlJY_003552/images/000029.jpg",
      "accident_id": 0,
      "accident_name": "normal",
      "objects": []
    },
    {
      "frame_id": 30,
      "image_path": "frames/h55PiQMnlJY_003552/images/000030.jpg",
      "accident_id": 0,
      "accident_name": "normal",
      "objects": []
    },
    {
      "frame_id": 31,
      "image_path": "frames/h55PiQMnlJY_003552/images/000031.jpg",
      "accident_id": 0,
      "accident_name": "normal",
      "objects": []
    },
    {
      "frame_id": 32,
      "image_path": "frames/h55PiQMnlJY_003552/images/000032.jpg",
      "accident_id": 0,
      "accident_name": "normal",
      "objects": []
    },
    {
      "frame_id": 33,
      "image_path": "frames/h55PiQMnlJY_003552/images/000033.jpg",
      "accident_id": 0,
      "accident_name": "normal",
      "objects": []
    },
    {
      "frame_id": 34,
      "image_path": "frames/h55PiQMnlJY_003552/images/000034.jpg",
      "accident_id": 0,
      "accident_name": "normal",
      "objects": []
    },
    {
      "frame_id": 35,
      "image_path": "frames/h55PiQMnlJY_003552/images/000035.jpg",
      "accident_id": 0,
      "accident_name": "normal",
      "objects": []
    },
    {
      "frame_id": 36,
      "image_path": "frames/h55PiQMnlJY_003552/images/000036.jpg",
      "accident_id": 0,
      "accident_name": "normal",
      "objects": []
    },
    {
      "frame_id": 37,
      "image_path": "frames/h55PiQMnlJY_003552/images/000037.jpg",
      "accident_id": 6,
      "accident_name": "pedestrian",
      "objects": [
        {
          "obj_track_id": 0,
          "bbox": [
            271.089588377724,
            376.5617433414044,
            392.25181598062954,
            421.0169491525424
          ],
          "category": "car",
          "category ID": 3,
          "trunc": false
        },
        {
          "obj_track_id": 96,
          "bbox": [
            226.63438256658597,
            364.3583535108959,
            285.03631961259083,
            456.75544794188863
          ],
          "category": "person",
          "category ID": 1,
          "trunc": false
        }
      ]
    },
    {
      "frame_id": 38,
      "image_path": "frames/h55PiQMnlJY_003552/images/000038.jpg",
      "accident_id": 6,
      "accident_name": "pedestrian",
      "objects": [
        {
          "obj_track_id": 0,
          "bbox": [
            242.32445520581115,
            376.5617433414044,
            373.0750605326877,
            425.3753026634383
          ],
          "category": "car",
          "category ID": 3,
          "trunc": false
        },
        {
          "obj_track_id": 96,
          "bbox": [
            233.60774818401939,
            362.61501210653756,
            293.7530266343826,
            457.6271186440678
          ],
          "category": "person",
          "category ID": 1,
          "trunc": false
        }
      ]
    },
    {
      "frame_id": 39,
      "image_path": "frames/h55PiQMnlJY_003552/images/000039.jpg",
      "accident_id": 6,
      "accident_name": "pedestrian",
      "objects": [
        {
          "obj_track_id": 0,
          "bbox": [
            211.81598062953998,
            375.6900726392252,
            347.79661016949154,
            427.99031476997584
          ],
          "category": "car",
          "category ID": 3,
          "trunc": false
        },
        {
          "obj_track_id": 96,
          "bbox": [
            254.52784503631963,
            365.23002421307507,
            298.98305084745766,
            463.7288135593221
          ],
          "category": "person",
          "category ID": 1,
          "trunc": false
        }
      ]
    },
    {
      "frame_id": 40,
      "image_path": "frames/h55PiQMnlJY_003552/images/000040.jpg",
      "accident_id": 6,
      "accident_name": "pedestrian",
      "objects": [
        {
          "obj_track_id": 0,
          "bbox": [
            179.56416464891043,
            376.5617433414044,
            324.26150121065376,
            430.60532687651335
          ],
          "category": "car",
          "category ID": 3,
          "trunc": false
        },
        {
          "obj_track_id": 96,
          "bbox": [
            251.9128329297821,
            365.23002421307507,
            312.0581113801453,
            463.7288135593221
          ],
          "category": "person",
          "category ID": 1,
          "trunc": false
        }
      ]
    },
    {
      "frame_id": 41,
      "image_path": "frames/h55PiQMnlJY_003552/images/000041.jpg",
      "accident_id": 6,
      "accident_name": "pedestrian",
      "objects": [
        {
          "obj_track_id": 0,
          "bbox": [
            160.38740920096853,
            372.2033898305085,
            306.82808716707024,
            431.47699757869253
          ],
          "category": "car",
          "category ID": 3,
          "trunc": false
        },
        {
          "obj_track_id": 96,
          "bbox": [
            257.14285714285717,
            360.8716707021792,
            323.3898305084746,
            466.3438256658596
          ],
          "category": "person",
          "category ID": 1,
          "trunc": false
        }
      ]
    },
    {
      "frame_id": 42,
      "image_path": "frames/h55PiQMnlJY_003552/images/000042.jpg",
      "accident_id": 6,
      "accident_name": "pedestrian",
      "objects": [
        {
          "obj_track_id": 0,
          "bbox": [
            156.02905569007265,
            361.7433414043584,
            281.54963680387414,
            436.7070217917676
          ],
          "category": "car",
          "category ID": 3,
          "trunc": false
        },
        {
          "obj_track_id": 96,
          "bbox": [
            283.29297820823246,
            360.8716707021792,
            337.3365617433414,
            466.3438256658596
          ],
          "category": "person",
          "category ID": 1,
          "trunc": false
        }
      ]
    },
    {
      "frame_id": 43,
      "image_path": "frames/h55PiQMnlJY_003552/images/000043.jpg",
      "accident_id": 6,
      "accident_name": "pedestrian",
      "objects": [
        {
          "obj_track_id": 0,
          "bbox": [
            156.02905569007265,
            353.0266343825666,
            248.4261501210654,
            436.7070217917676
          ],
          "category": "car",
          "category ID": 3,
          "trunc": false
        },
        {
          "obj_track_id": 96,
          "bbox": [
            289.3946731234867,
            353.0266343825666,
            349.5399515738499,
            469.8305084745763
          ],
          "category": "person",
          "category ID": 1,
          "trunc": false
        }
      ]
    },
    {
      "frame_id": 44,
      "image_path": "frames/h55PiQMnlJY_003552/images/000044.jpg",
      "accident_id": 6,
      "accident_name": "pedestrian",
      "objects": [
        {
          "obj_track_id": 0,
          "bbox": [
            135.1089588377724,
            348.66828087167073,
            227.50605326876516,
            436.7070217917676
          ],
          "category": "car",
          "category ID": 3,
          "trunc": false
        },
        {
          "obj_track_id": 96,
          "bbox": [
            298.1113801452785,
            349.5399515738499,
            379.1767554479419,
            469.8305084745763
          ],
          "category": "person",
          "category ID": 1,
          "trunc": false
        }
      ]
    },
    {
      "frame_id": 45,
      "image_path": "frames/h55PiQMnlJY_003552/images/000045.jpg",
      "accident_id": 6,
      "accident_name": "pedestrian",
      "objects": [
        {
          "obj_track_id": 0,
          "bbox": [
            99.37046004842615,
            344.30992736077485,
            239.70944309927364,
            442.8087167070218
          ],
          "category": "car",
          "category ID": 3,
          "trunc": false
        },
        {
          "obj_track_id": 96,
          "bbox": [
            328.61985472154964,
            349.5399515738499,
            387.02179176755453,
            475.93220338983053
          ],
          "category": "person",
          "category ID": 1,
          "trunc": false
        }
      ]
    },
    {
      "frame_id": 46,
      "image_path": "frames/h55PiQMnlJY_003552/images/000046.jpg",
      "accident_id": 6,
      "accident_name": "pedestrian",
      "objects": [
        {
          "obj_track_id": 0,
          "bbox": [
            70.60532687651332,
            344.30992736077485,
            246.68280871670703,
            448.91041162227606
          ],
          "category": "car",
          "category ID": 3,
          "trunc": false
        },
        {
          "obj_track_id": 96,
          "bbox": [
            347.79661016949154,
            350.4116222760291,
            407.07021791767556,
            478.5472154963681
          ],
          "category": "person",
          "category ID": 1,
          "trunc": false
        }
      ]
    },
    {
      "frame_id": 47,
      "image_path": "frames/h55PiQMnlJY_003552/images/000047.jpg",
      "accident_id": 6,
      "accident_name": "pedestrian",
      "objects": [
        {
          "obj_track_id": 0,
          "bbox": [
            52.30024213075061,
            352.1549636803874,
            246.68280871670703,
            446.29539951573855
          ],
          "category": "car",
          "category ID": 3,
          "trunc": false
        },
        {
          "obj_track_id": 96,
          "bbox": [
            358.2566585956417,
            346.92493946731236,
            446.29539951573855,
            477.6755447941889
          ],
          "category": "person",
          "category ID": 1,
          "trunc": false
        }
      ]
    },
    {
      "frame_id": 48,
      "image_path": "frames/h55PiQMnlJY_003552/images/000048.jpg",
      "accident_id": 6,
      "accident_name": "pedestrian",
      "objects": [
        {
          "obj_track_id": 0,
          "bbox": [
            46.19854721549637,
            354.769975786925,
            246.68280871670703,
            448.03874092009687
          ],
          "category": "car",
          "category ID": 3,
          "trunc": false
        },
        {
          "obj_track_id": 96,
          "bbox": [
            389.63680387409204,
            348.66828087167073,
            458.498789346247,
            489.87893462469737
          ],
          "category": "person",
          "category ID": 1,
          "trunc": false
        }
      ]
    },
    {
      "frame_id": 49,
      "image_path": "frames/h55PiQMnlJY_003552/images/000049.jpg",
      "accident_id": 6,
      "accident_name": "pedestrian",
      "objects": [
        {
          "obj_track_id": 0,
          "bbox": [
            36.610169491525426,
            357.3849878934625,
            238.83777239709445,
            450.65375302663443
          ],
          "category": "car",
          "category ID": 3,
          "trunc": false
        },
        {
          "obj_track_id": 96,
          "bbox": [
            423.63196125907996,
            350.4116222760291,
            482.905569007264,
            493.36561743341406
          ],
          "category": "person",
          "category ID": 1,
          "trunc": false
        }
      ]
    },
    {
      "frame_id": 50,
      "image_path": "frames/h55PiQMnlJY_003552/images/000050.jpg",
      "accident_id": 6,
      "accident_name": "pedestrian",
      "objects": [
        {
          "obj_track_id": 0,
          "bbox": [
            31.380145278450364,
            369.58837772397095,
            236.22276029055692,
            455.8837772397095
          ],
          "category": "car",
          "category ID": 3,
          "trunc": false
        },
        {
          "obj_track_id": 96,
          "bbox": [
            431.47699757869253,
            346.92493946731236,
            519.5157384987893,
            491.62227602905574
          ],
          "category": "person",
          "category ID": 1,
          "trunc": false
        }
      ]
    },
    {
      "frame_id": 51,
      "image_path": "frames/h55PiQMnlJY_003552/images/000051.jpg",
      "accident_id": 6,
      "accident_name": "pedestrian",
      "objects": [
        {
          "obj_track_id": 0,
          "bbox": [
            37.481840193704606,
            369.58837772397095,
            233.60774818401939,
            461.1138014527845
          ],
          "category": "car",
          "category ID": 3,
          "trunc": false
        },
        {
          "obj_track_id": 96,
          "bbox": [
            451.52542372881356,
            348.66828087167073,
            560.4842615012107,
            496.8523002421308
          ],
          "category": "person",
          "category ID": 1,
          "trunc": false
        }
      ]
    },
    {
      "frame_id": 52,
      "image_path": "frames/h55PiQMnlJY_003552/images/000052.jpg",
      "accident_id": 6,
      "accident_name": "pedestrian",
      "objects": [
        {
          "obj_track_id": 0,
          "bbox": [
            44.455205811138015,
            370.46004842615014,
            230.99273607748182,
            460.2421307506054
          ],
          "category": "car",
          "category ID": 3,
          "trunc": false
        },
        {
          "obj_track_id": 96,
          "bbox": [
            498.5956416464891,
            354.769975786925,
            569.2009685230024,
            504.6973365617434
          ],
          "category": "person",
          "category ID": 1,
          "trunc": false
        }
      ]
    },
    {
      "frame_id": 53,
      "image_path": "frames/h55PiQMnlJY_003552/images/000053.jpg",
      "accident_id": 6,
      "accident_name": "pedestrian",
      "objects": [
        {
          "obj_track_id": 0,
          "bbox": [
            55.78692493946732,
            373.94673123486683,
            224.89104116222762,
            467.21549636803877
          ],
          "category": "car",
          "category ID": 3,
          "trunc": false
        },
        {
          "obj_track_id": 96,
          "bbox": [
            538.6924939467312,
            352.1549636803874,
            602.3244552058112,
            504.6973365617434
          ],
          "category": "person",
          "category ID": 1,
          "trunc": false
        }
      ]
    },
    {
      "frame_id": 54,
      "image_path": "frames/h55PiQMnlJY_003552/images/000054.jpg",
      "accident_id": 6,
      "accident_name": "pedestrian",
      "objects": [
        {
          "obj_track_id": 0,
          "bbox": [
            66.24697336561744,
            373.94673123486683,
            217.9176755447942,
            468.95883777239715
          ],
          "category": "car",
          "category ID": 3,
          "trunc": false
        },
        {
          "obj_track_id": 96,
          "bbox": [
            553.5108958837773,
            350.4116222760291,
            657.2397094430993,
            509.92736077481845
          ],
          "category": "person",
          "category ID": 1,
          "trunc": false
        }
      ]
    },
    {
      "frame_id": 55,
      "image_path": "frames/h55PiQMnlJY_003552/images/000055.jpg",
      "accident_id": 6,
      "accident_name": "pedestrian",
      "objects": [
        {
          "obj_track_id": 0,
          "bbox": [
            76.70702179176756,
            377.4334140435836,
            213.5593220338983,
            475.06053268765135
          ],
          "category": "car",
          "category ID": 3,
          "trunc": false
        }
      ]
    },
    {
      "frame_id": 56,
      "image_path": "frames/h55PiQMnlJY_003552/images/000056.jpg",
      "accident_id": 6,
      "accident_name": "pedestrian",
      "objects": [
        {
          "obj_track_id": 0,
          "bbox": [
            86.29539951573851,
            379.1767554479419,
            215.30266343825667,
            482.905569007264
          ],
          "category": "car",
          "category ID": 3,
          "trunc": false
        }
      ]
    },
    {
      "frame_id": 57,
      "image_path": "frames/h55PiQMnlJY_003552/images/000057.jpg",
      "accident_id": 6,
      "accident_name": "pedestrian",
      "objects": [
        {
          "obj_track_id": 0,
          "bbox": [
            89.78208232445522,
            387.02179176755453,
            223.14769975786925,
            489.0072639225182
          ],
          "category": "car",
          "category ID": 3,
          "trunc": false
        }
      ]
    },
    {
      "frame_id": 58,
      "image_path": "frames/h55PiQMnlJY_003552/images/000058.jpg",
      "accident_id": 6,
      "accident_name": "pedestrian",
      "objects": [
        {
          "obj_track_id": 0,
          "bbox": [
            89.78208232445522,
            391.3801452784504,
            230.99273607748185,
            494.23728813559325
          ],
          "category": "car",
          "category ID": 3,
          "trunc": false
        }
      ]
    },
    {
      "frame_id": 59,
      "image_path": "frames/h55PiQMnlJY_003552/images/000059.jpg",
      "accident_id": 6,
      "accident_name": "pedestrian",
      "objects": [
        {
          "obj_track_id": 0,
          "bbox": [
            89.78208232445522,
            390.5084745762712,
            239.7094430992736,
            495.9806295399516
          ],
          "category": "car",
          "category ID": 3,
          "trunc": false
        }
      ]
    },
    {
      "frame_id": 60,
      "image_path": "frames/h55PiQMnlJY_003552/images/000060.jpg",
      "accident_id": 6,
      "accident_name": "pedestrian",
      "objects": [
        {
          "obj_track_id": 0,
          "bbox": [
            89.78208232445522,
            388.76513317191285,
            249.29782082324456,
            498.5956416464891
          ],
          "category": "car",
          "category ID": 3,
          "trunc": false
        }
      ]
    },
    {
      "frame_id": 61,
      "image_path": "frames/h55PiQMnlJY_003552/images/000061.jpg",
      "accident_id": 6,
      "accident_name": "pedestrian",
      "objects": [
        {
          "obj_track_id": 0,
          "bbox": [
            88.91041162227603,
            384.40677966101697,
            261.50121065375305,
            498.5956416464891
          ],
          "category": "car",
          "category ID": 3,
          "trunc": false
        }
      ]
    },
    {
      "frame_id": 62,
      "image_path": "frames/h55PiQMnlJY_003552/images/000062.jpg",
      "accident_id": 6,
      "accident_name": "pedestrian",
      "objects": [
        {
          "obj_track_id": 0,
          "bbox": [
            93.26876513317193,
            383.5351089588378,
            271.9612590799032,
            497.72397094430994
          ],
          "category": "car",
          "category ID": 3,
          "trunc": false
        }
      ]
    },
    {
      "frame_id": 63,
      "image_path": "frames/h55PiQMnlJY_003552/images/000063.jpg",
      "accident_id": 6,
      "accident_name": "pedestrian",
      "objects": [
        {
          "obj_track_id": 0,
          "bbox": [
            96.75544794188863,
            386.15012106537534,
            286.77966101694915,
            497.72397094430994
          ],
          "category": "car",
          "category ID": 3,
          "trunc": false
        }
      ]
    },
    {
      "frame_id": 64,
      "image_path": "frames/h55PiQMnlJY_003552/images/000064.jpg",
      "accident_id": 6,
      "accident_name": "pedestrian",
      "objects": [
        {
          "obj_track_id": 0,
          "bbox": [
            100.24213075060533,
            393.12348668280873,
            301.59806295399517,
            510.79903147699764
          ],
          "category": "car",
          "category ID": 3,
          "trunc": false
        }
      ]
    },
    {
      "frame_id": 65,
      "image_path": "frames/h55PiQMnlJY_003552/images/000065.jpg",
      "accident_id": 6,
      "accident_name": "pedestrian",
      "objects": [
        {
          "obj_track_id": 0,
          "bbox": [
            102.85714285714286,
            397.4818401937046,
            314.6731234866828,
            512.542372881356
          ],
          "category": "car",
          "category ID": 3,
          "trunc": false
        }
      ]
    },
    {
      "frame_id": 66,
      "image_path": "frames/h55PiQMnlJY_003552/images/000066.jpg",
      "accident_id": 6,
      "accident_name": "pedestrian",
      "objects": [
        {
          "obj_track_id": 0,
          "bbox": [
            106.34382566585957,
            396.6101694915254,
            326.00484261501214,
            516.0290556900727
          ],
          "category": "car",
          "category ID": 3,
          "trunc": false
        }
      ]
    },
    {
      "frame_id": 67,
      "image_path": "frames/h55PiQMnlJY_003552/images/000067.jpg",
      "accident_id": 6,
      "accident_name": "pedestrian",
      "objects": [
        {
          "obj_track_id": 0,
          "bbox": [
            109.83050847457628,
            394.8668280871671,
            334.7215496368039,
            516.9007263922518
          ],
          "category": "car",
          "category ID": 3,
          "trunc": false
        }
      ]
    },
    {
      "frame_id": 68,
      "image_path": "frames/h55PiQMnlJY_003552/images/000068.jpg",
      "accident_id": 6,
      "accident_name": "pedestrian",
      "objects": [
        {
          "obj_track_id": 0,
          "bbox": [
            111.57384987893464,
            391.3801452784504,
            343.43825665859566,
            514.2857142857143
          ],
          "category": "car",
          "category ID": 3,
          "trunc": false
        }
      ]
    },
    {
      "frame_id": 69,
      "image_path": "frames/h55PiQMnlJY_003552/images/000069.jpg",
      "accident_id": 6,
      "accident_name": "pedestrian",
      "objects": [
        {
          "obj_track_id": 0,
          "bbox": [
            114.18886198547216,
            390.5084745762712,
            350.4116222760291,
            515.1573849878935
          ],
          "category": "car",
          "category ID": 3,
          "trunc": false
        }
      ]
    },
    {
      "frame_id": 70,
      "image_path": "frames/h55PiQMnlJY_003552/images/000070.jpg",
      "accident_id": 6,
      "accident_name": "pedestrian",
      "objects": [
        {
          "obj_track_id": 0,
          "bbox": [
            115.93220338983052,
            390.5084745762712,
            355.6416464891041,
            516.0290556900727
          ],
          "category": "car",
          "category ID": 3,
          "trunc": false
        }
      ]
    },
    {
      "frame_id": 71,
      "image_path": "frames/h55PiQMnlJY_003552/images/000071.jpg",
      "accident_id": 6,
      "accident_name": "pedestrian",
      "objects": [
        {
          "obj_track_id": 0,
          "bbox": [
            118.54721549636805,
            394.8668280871671,
            355.6416464891041,
            516.0290556900727
          ],
          "category": "car",
          "category ID": 3,
          "trunc": false
        }
      ]
    },
    {
      "frame_id": 72,
      "image_path": "frames/h55PiQMnlJY_003552/images/000072.jpg",
      "accident_id": 0,
      "accident_name": "normal",
      "objects": []
    },
    {
      "frame_id": 73,
      "image_path": "frames/h55PiQMnlJY_003552/images/000073.jpg",
      "accident_id": 0,
      "accident_name": "normal",
      "objects": []
    },
    {
      "frame_id": 74,
      "image_path": "frames/h55PiQMnlJY_003552/images/000074.jpg",
      "accident_id": 0,
      "accident_name": "normal",
      "objects": []
    },
    {
      "frame_id": 75,
      "image_path": "frames/h55PiQMnlJY_003552/images/000075.jpg",
      "accident_id": 0,
      "accident_name": "normal",
      "objects": []
    },
    {
      "frame_id": 76,
      "image_path": "frames/h55PiQMnlJY_003552/images/000076.jpg",
      "accident_id": 0,
      "accident_name": "normal",
      "objects": []
    },
    {
      "frame_id": 77,
      "image_path": "frames/h55PiQMnlJY_003552/images/000077.jpg",
      "accident_id": 0,
      "accident_name": "normal",
      "objects": []
    },
    {
      "frame_id": 78,
      "image_path": "frames/h55PiQMnlJY_003552/images/000078.jpg",
      "accident_id": 0,
      "accident_name": "normal",
      "objects": []
    },
    {
      "frame_id": 79,
      "image_path": "frames/h55PiQMnlJY_003552/images/000079.jpg",
      "accident_id": 0,
      "accident_name": "normal",
      "objects": []
    },
    {
      "frame_id": 80,
      "image_path": "frames/h55PiQMnlJY_003552/images/000080.jpg",
      "accident_id": 0,
      "accident_name": "normal",
      "objects": []
    },
    {
      "frame_id": 81,
      "image_path": "frames/h55PiQMnlJY_003552/images/000081.jpg",
      "accident_id": 0,
      "accident_name": "normal",
      "objects": []
    },
    {
      "frame_id": 82,
      "image_path": "frames/h55PiQMnlJY_003552/images/000082.jpg",
      "accident_id": 0,
      "accident_name": "normal",
      "objects": []
    },
    {
      "frame_id": 83,
      "image_path": "frames/h55PiQMnlJY_003552/images/000083.jpg",
      "accident_id": 0,
      "accident_name": "normal",
      "objects": []
    },
    {
      "frame_id": 84,
      "image_path": "frames/h55PiQMnlJY_003552/images/000084.jpg",
      "accident_id": 0,
      "accident_name": "normal",
      "objects": []
    },
    {
      "frame_id": 85,
      "image_path": "frames/h55PiQMnlJY_003552/images/000085.jpg",
      "accident_id": 0,
      "accident_name": "normal",
      "objects": []
    },
    {
      "frame_id": 86,
      "image_path": "frames/h55PiQMnlJY_003552/images/000086.jpg",
      "accident_id": 0,
      "accident_name": "normal",
      "objects": []
    },
    {
      "frame_id": 87,
      "image_path": "frames/h55PiQMnlJY_003552/images/000087.jpg",
      "accident_id": 0,
      "accident_name": "normal",
      "objects": []
    },
    {
      "frame_id": 88,
      "image_path": "frames/h55PiQMnlJY_003552/images/000088.jpg",
      "accident_id": 0,
      "accident_name": "normal",
      "objects": []
    },
    {
      "frame_id": 89,
      "image_path": "frames/h55PiQMnlJY_003552/images/000089.jpg",
      "accident_id": 0,
      "accident_name": "normal",
      "objects": []
    },
    {
      "frame_id": 90,
      "image_path": "frames/h55PiQMnlJY_003552/images/000090.jpg",
      "accident_id": 0,
      "accident_name": "normal",
      "objects": []
    },
    {
      "frame_id": 91,
      "image_path": "frames/h55PiQMnlJY_003552/images/000091.jpg",
      "accident_id": 0,
      "accident_name": "normal",
      "objects": []
    },
    {
      "frame_id": 92,
      "image_path": "frames/h55PiQMnlJY_003552/images/000092.jpg",
      "accident_id": 0,
      "accident_name": "normal",
      "objects": []
    },
    {
      "frame_id": 93,
      "image_path": "frames/h55PiQMnlJY_003552/images/000093.jpg",
      "accident_id": 0,
      "accident_name": "normal",
      "objects": []
    },
    {
      "frame_id": 94,
      "image_path": "frames/h55PiQMnlJY_003552/images/000094.jpg",
      "accident_id": 0,
      "accident_name": "normal",
      "objects": []
    },
    {
      "frame_id": 95,
      "image_path": "frames/h55PiQMnlJY_003552/images/000095.jpg",
      "accident_id": 0,
      "accident_name": "normal",
      "objects": []
    },
    {
      "frame_id": 96,
      "image_path": "frames/h55PiQMnlJY_003552/images/000096.jpg",
      "accident_id": 0,
      "accident_name": "normal",
      "objects": []
    },
    {
      "frame_id": 97,
      "image_path": "frames/h55PiQMnlJY_003552/images/000097.jpg",
      "accident_id": 0,
      "accident_name": "normal",
      "objects": []
    },
    {
      "frame_id": 98,
      "image_path": "frames/h55PiQMnlJY_003552/images/000098.jpg",
      "accident_id": 0,
      "accident_name": "normal",
      "objects": []
    },
    {
      "frame_id": 99,
      "image_path": "frames/h55PiQMnlJY_003552/images/000099.jpg",
      "accident_id": 0,
      "accident_name": "normal",
      "objects": []
    },
    {
      "frame_id": 100,
      "image_path": "frames/h55PiQMnlJY_003552/images/000100.jpg",
      "accident_id": 0,
      "accident_name": "normal",
      "objects": []
    },
    {
      "frame_id": 101,
      "image_path": "frames/h55PiQMnlJY_003552/images/000101.jpg",
      "accident_id": 0,
      "accident_name": "normal",
      "objects": []
    },
    {
      "frame_id": 102,
      "image_path": "frames/h55PiQMnlJY_003552/images/000102.jpg",
      "accident_id": 0,
      "accident_name": "normal",
      "objects": []
    },
    {
      "frame_id": 103,
      "image_path": "frames/h55PiQMnlJY_003552/images/000103.jpg",
      "accident_id": 0,
      "accident_name": "normal",
      "objects": []
    },
    {
      "frame_id": 104,
      "image_path": "frames/h55PiQMnlJY_003552/images/000104.jpg",
      "accident_id": 0,
      "accident_name": "normal",
      "objects": []
    },
    {
      "frame_id": 105,
      "image_path": "frames/h55PiQMnlJY_003552/images/000105.jpg",
      "accident_id": 0,
      "accident_name": "normal",
      "objects": []
    },
    {
      "frame_id": 106,
      "image_path": "frames/h55PiQMnlJY_003552/images/000106.jpg",
      "accident_id": 0,
      "accident_name": "normal",
      "objects": []
    },
    {
      "frame_id": 107,
      "image_path": "frames/h55PiQMnlJY_003552/images/000107.jpg",
      "accident_id": 0,
      "accident_name": "normal",
      "objects": []
    },
    {
      "frame_id": 108,
      "image_path": "frames/h55PiQMnlJY_003552/images/000108.jpg",
      "accident_id": 0,
      "accident_name": "normal",
      "objects": []
    },
    {
      "frame_id": 109,
      "image_path": "frames/h55PiQMnlJY_003552/images/000109.jpg",
      "accident_id": 0,
      "accident_name": "normal",
      "objects": []
    },
    {
      "frame_id": 110,
      "image_path": "frames/h55PiQMnlJY_003552/images/000110.jpg",
      "accident_id": 0,
      "accident_name": "normal",
      "objects": []
    },
    {
      "frame_id": 111,
      "image_path": "frames/h55PiQMnlJY_003552/images/000111.jpg",
      "accident_id": 0,
      "accident_name": "normal",
      "objects": []
    },
    {
      "frame_id": 112,
      "image_path": "frames/h55PiQMnlJY_003552/images/000112.jpg",
      "accident_id": 0,
      "accident_name": "normal",
      "objects": []
    },
    {
      "frame_id": 113,
      "image_path": "frames/h55PiQMnlJY_003552/images/000113.jpg",
      "accident_id": 0,
      "accident_name": "normal",
      "objects": []
    },
    {
      "frame_id": 114,
      "image_path": "frames/h55PiQMnlJY_003552/images/000114.jpg",
      "accident_id": 0,
      "accident_name": "normal",
      "objects": []
    },
    {
      "frame_id": 115,
      "image_path": "frames/h55PiQMnlJY_003552/images/000115.jpg",
      "accident_id": 0,
      "accident_name": "normal",
      "objects": []
    },
    {
      "frame_id": 116,
      "image_path": "frames/h55PiQMnlJY_003552/images/000116.jpg",
      "accident_id": 0,
      "accident_name": "normal",
      "objects": []
    },
    {
      "frame_id": 117,
      "image_path": "frames/h55PiQMnlJY_003552/images/000117.jpg",
      "accident_id": 0,
      "accident_name": "normal",
      "objects": []
    },
    {
      "frame_id": 118,
      "image_path": "frames/h55PiQMnlJY_003552/images/000118.jpg",
      "accident_id": 0,
      "accident_name": "normal",
      "objects": []
    },
    {
      "frame_id": 119,
      "image_path": "frames/h55PiQMnlJY_003552/images/000119.jpg",
      "accident_id": 0,
      "accident_name": "normal",
      "objects": []
    },
    {
      "frame_id": 120,
      "image_path": "frames/h55PiQMnlJY_003552/images/000120.jpg",
      "accident_id": 0,
      "accident_name": "normal",
      "objects": []
    },
    {
      "frame_id": 121,
      "image_path": "frames/h55PiQMnlJY_003552/images/000121.jpg",
      "accident_id": 0,
      "accident_name": "normal",
      "objects": []
    }
  ]
}