{
  "video_name": "ha-IeID24As_003628",
  "channel": "CarCrashesTime",
  "num_frames": 99,
  "ignore": false,
  "ego_involve": false,
  "night": false,
  "anomaly_start": 25,
  "anomaly_end": 58,
  "video_start": 3628,
  "video_end": 3726,
  "accident_id": "3",
  "accident_name": "lateral",
  "labels": [
    {
      "frame_id": 0,
      "image_path": "frames/ha-IeID24As_003628/images/000000.jpg",
      "accident_id": 0,
      "accident_name": "normal",
      "objects": []
    },
    {
      "frame_id": 1,
      "image_path": "frames/ha-IeID24As_003628/images/000001.jpg",
      "accident_id": 0,
      "accident_name": "normal",
      "objects": []
    },
    {
      "frame_id": 2,
      "image_path": "frames/ha-IeID24As_003628/images/000002.jpg",
      "accident_id": 0,
      "accident_name": "normal",
      "objects": []
    },
    {
      "frame_id": 3,
      "image_path": "frames/ha-IeID24As_003628/images/000003.jpg",
      "accident_id": 0,
      "accident_name": "normal",
      "objects": []
    },
    {
      "frame_id": 4,
      "image_path": "frames/ha-IeID24As_003628/images/000004.jpg",
      "accident_id": 0,
      "accident_name": "normal",
      "objects": []
    },
    {
      "frame_id": 5,
      "image_path": "frames/ha-IeID24As_003628/images/000005.jpg",
      "accident_id": 0,
      "accident_name": "normal",
      "objects": []
    },
    {
      "frame_id": 6,
      "image_path": "frames/ha-IeID24As_003628/images/000006.jpg",
      "accident_id": 0,
      "accident_name": "normal",
      "objects": []
    },
    {
      "frame_id": 7,
      "image_path": "frames/ha-IeID24As_003628/images/000007.jpg",
      "accident_id": 0,
      "accident_name": "normal",
      "objects": []
    },
    {
      "frame_id": 8,
      "image_path": "frames/ha-IeID24As_003628/images/000008.jpg",
      "accident_id": 0,
      "accident_name": "normal",
      "objects": []
    },
    {
      "frame_id": 9,
      "image_path": "frames/ha-IeID24As_003628/images/000009.jpg",
      "accident_id": 0,
      "accident_name": "normal",
      "objects": []
    },
    {
      "frame_id": 10,
      "image_path": "frames/ha-IeID24As_003628/images/000010.jpg",
      "accident_id": 0,
      "accident_name": "normal",
      "objects": []
    },
    {
      "frame_id": 11,
      "image_path": "frames/ha-IeID24As_003628/images/000011.jpg",
      "accident_id": 0,
      "accident_name": "normal",
      "objects": []
    },
    {
      "frame_id": 12,
      "image_path": "frames/ha-IeID24As_003628/images/000012.jpg",
      "accident_id": 0,
      "accident_name": "normal",
      "objects": []
    },
    {
      "frame_id": 13,
      "image_path": "frames/ha-IeID24As_003628/images/000013.jpg",
      "accident_id": 0,
      "accident_name": "normal",
      "objects": []
    },
    {
      "frame_id": 14,
      "image_path": "frames/ha-IeID24As_003628/images/000014.jpg",
      "accident_id": 0,
      "accident_name": "normal",
      "objects": []
    },
    {
      "frame_id": 15,
      "image_path": "frames/ha-IeID24As_003628/images/000015.jpg",
      "accident_id": 0,
      "accident_name": "normal",
      "objects": []
    },
    {
      "frame_id": 16,
      "image_path": "frames/ha-IeID24As_003628/images/000016.jpg",
      "accident_id": 0,
      "accident_name": "normal",
      "objects": []
    },
    {
      "frame_id": 17,
      "image_path": "frames/ha-IeID24As_003628/images/000017.jpg",
      "accident_id": 0,
      "accident_name": "normal",
      "objects": []
    },
    {
      "frame_id": 18,
      "image_path": "frames/ha-IeID24As_003628/images/000018.jpg",
      "accident_id": 0,
      "accident_name": "normal",
      "objects": []
    },
    {
      "frame_id": 19,
      "image_path": "frames/ha-IeID24As_003628/images/000019.jpg",
      "accident_id": 0,
      "accident_name": "normal",
      "objects": []
    },
    {
      "frame_id": 20,
      "image_path": "frames/ha-IeID24As_003628/images/000020.jpg",
      "accident_id": 0,
      "accident_name": "normal",
      "objects": []
    },
    {
      "frame_id": 21,
      "image_path": "frames/ha-IeID24As_003628/images/000021.jpg",
      "accident_id": 0,
      "accident_name": "normal",
      "objects": []
    },
    {
      "frame_id": 22,
      "image_path": "frames/ha-IeID24As_003628/images/000022.jpg",
      "accident_id": 0,
      "accident_name": "normal",
      "objects": []
    },
    {
      "frame_id": 23,
      "image_path": "frames/ha-IeID24As_003628/images/000023.jpg",
      "accident_id": 0,
      "accident_name": "normal",
      "objects": []
    },
    {
      "frame_id": 24,
      "image_path": "frames/ha-IeID24As_003628/images/000024.jpg",
      "accident_id": 0,
      "accident_name": "normal",
      "objects": []
    },
    {
      "frame_id": 25,
      "image_path": "frames/ha-IeID24As_003628/images/000025.jpg",
      "accident_id": 3,
      "accident_name": "lateral",
      "objects": [
        {
          "obj_track_id": 86,
          "bbox": [
            689.4915254237288,
            120.2905569007264,
            859.4673123486683,
            318.15980629539956
          ],
          "category": "truck",
          "category ID": 5,
          "trunc": false
        },
        {
          "obj_track_id": 320,
          "bbox": [
            91.52542372881356,
            251.0411622276029,
            505.5690072639226,
            509.05569007263927
          ],
          "category": "car",
          "category ID": 3,
          "trunc": false
        }
      ]
    },
    {
      "frame_id": 26,
      "image_path": "frames/ha-IeID24As_003628/images/000026.jpg",
      "accident_id": 3,
      "accident_name": "lateral",
      "objects": [
        {
          "obj_track_id": 86,
          "bbox": [
            671.1864406779662,
            125.52058111380146,
            856.8523002421308,
            323.3898305084746
          ],
          "category": "truck",
          "category ID": 5,
          "trunc": false
        },
        {
          "obj_track_id": 320,
          "bbox": [
            212.68765133171917,
            247.55447941888622,
            536.0774818401937,
            456.75544794188863
          ],
          "category": "car",
          "category ID": 3,
          "trunc": false
        }
      ]
    },
    {
      "frame_id": 27,
      "image_path": "frames/ha-IeID24As_003628/images/000027.jpg",
      "accident_id": 3,
      "accident_name": "lateral",
      "objects": [
        {
          "obj_track_id": 86,
          "bbox": [
            665.0847457627119,
            128.135593220339,
            855.1089588377724,
            328.61985472154964
          ],
          "category": "truck",
          "category ID": 5,
          "trunc": false
        },
        {
          "obj_track_id": 320,
          "bbox": [
            259.7578692493947,
            250.16949152542375,
            547.409200968523,
            441.0653753026635
          ],
          "category": "car",
          "category ID": 3,
          "trunc": false
        }
      ]
    },
    {
      "frame_id": 28,
      "image_path": "frames/ha-IeID24As_003628/images/000028.jpg",
      "accident_id": 3,
      "accident_name": "lateral",
      "objects": [
        {
          "obj_track_id": 86,
          "bbox": [
            644.1646489104116,
            129.00726392251818,
            845.5205811138015,
            333.8498789346247
          ],
          "category": "truck",
          "category ID": 5,
          "trunc": false
        },
        {
          "obj_track_id": 320,
          "bbox": [
            330.363196125908,
            250.16949152542375,
            558.7409200968524,
            413.1719128329298
          ],
          "category": "car",
          "category ID": 3,
          "trunc": false
        }
      ]
    },
    {
      "frame_id": 29,
      "image_path": "frames/ha-IeID24As_003628/images/000029.jpg",
      "accident_id": 3,
      "accident_name": "lateral",
      "objects": [
        {
          "obj_track_id": 86,
          "bbox": [
            628.4745762711865,
            122.03389830508475,
            842.905569007264,
            326.8765133171913
          ],
          "category": "truck",
          "category ID": 5,
          "trunc": false
        },
        {
          "obj_track_id": 320,
          "bbox": [
            366.10169491525426,
            244.0677966101695,
            558.7409200968524,
            389.63680387409204
          ],
          "category": "car",
          "category ID": 3,
          "trunc": false
        }
      ]
    },
    {
      "frame_id": 30,
      "image_path": "frames/ha-IeID24As_003628/images/000030.jpg",
      "accident_id": 3,
      "accident_name": "lateral",
      "objects": [
        {
          "obj_track_id": 86,
          "bbox": [
            610.1694915254237,
            116.80387409200969,
            835.0605326876514,
            324.26150121065376
          ],
          "category": "truck",
          "category ID": 5,
          "trunc": false
        },
        {
          "obj_track_id": 320,
          "bbox": [
            392.25181598062954,
            238.83777239709445,
            560.4842615012107,
            372.2033898305085
          ],
          "category": "car",
          "category ID": 3,
          "trunc": false
        }
      ]
    },
    {
      "frame_id": 31,
      "image_path": "frames/ha-IeID24As_003628/images/000031.jpg",
      "accident_id": 3,
      "accident_name": "lateral",
      "objects": [
        {
          "obj_track_id": 86,
          "bbox": [
            591.8644067796611,
            112.44552058111381,
            826.3438256658596,
            322.51815980629544
          ],
          "category": "truck",
          "category ID": 5,
          "trunc": false
        },
        {
          "obj_track_id": 320,
          "bbox": [
            414.043583535109,
            238.83777239709445,
            560.4842615012107,
            361.7433414043584
          ],
          "category": "car",
          "category ID": 3,
          "trunc": false
        }
      ]
    },
    {
      "frame_id": 32,
      "image_path": "frames/ha-IeID24As_003628/images/000032.jpg",
      "accident_id": 3,
      "accident_name": "lateral",
      "objects": [
        {
          "obj_track_id": 86,
          "bbox": [
            576.1743341404359,
            112.44552058111381,
            820.2421307506054,
            320.77481840193707
          ],
          "category": "truck",
          "category ID": 5,
          "trunc": false
        },
        {
          "obj_track_id": 320,
          "bbox": [
            425.3753026634383,
            238.83777239709445,
            556.997578692494,
            353.8983050847458
          ],
          "category": "car",
          "category ID": 3,
          "trunc": false
        }
      ]
    },
    {
      "frame_id": 33,
      "image_path": "frames/ha-IeID24As_003628/images/000033.jpg",
      "accident_id": 3,
      "accident_name": "lateral",
      "objects": [
        {
          "obj_track_id": 86,
          "bbox": [
            555.2542372881356,
            112.44552058111381,
            812.3970944309928,
            325.13317191283295
          ],
          "category": "truck",
          "category ID": 5,
          "trunc": false
        },
        {
          "obj_track_id": 320,
          "bbox": [
            433.22033898305085,
            241.452784503632,
            556.997578692494,
            349.5399515738499
          ],
          "category": "car",
          "category ID": 3,
          "trunc": false
        }
      ]
    },
    {
      "frame_id": 34,
      "image_path": "frames/ha-IeID24As_003628/images/000034.jpg",
      "accident_id": 3,
      "accident_name": "lateral",
      "objects": [
        {
          "obj_track_id": 86,
          "bbox": [
            540.4358353510896,
            115.06053268765135,
            800.1937046004844,
            331.2348668280872
          ],
          "category": "truck",
          "category ID": 5,
          "trunc": false
        },
        {
          "obj_track_id": 320,
          "bbox": [
            429.73365617433416,
            243.19612590799034,
            550.8958837772398,
            345.18159806295404
          ],
          "category": "car",
          "category ID": 3,
          "trunc": false
        }
      ]
    },
    {
      "frame_id": 35,
      "image_path": "frames/ha-IeID24As_003628/images/000035.jpg",
      "accident_id": 3,
      "accident_name": "lateral",
      "objects": [
        {
          "obj_track_id": 86,
          "bbox": [
            517.7723970944311,
            121.16222760290557,
            784.5036319612591,
            331.2348668280872
          ],
          "category": "truck",
          "category ID": 5,
          "trunc": false
        },
        {
          "obj_track_id": 320,
          "bbox": [
            427.99031476997584,
            245.81113801452787,
            538.6924939467312,
            334.7215496368039
          ],
          "category": "car",
          "category ID": 3,
          "trunc": false
        }
      ]
    },
    {
      "frame_id": 36,
      "image_path": "frames/ha-IeID24As_003628/images/000036.jpg",
      "accident_id": 3,
      "accident_name": "lateral",
      "objects": [
        {
          "obj_track_id": 86,
          "bbox": [
            517.7723970944311,
            119.41888619854723,
            756.6101694915254,
            335.5932203389831
          ],
          "category": "truck",
          "category ID": 5,
          "trunc": false
        },
        {
          "obj_track_id": 320,
          "bbox": [
            398.3535108958838,
            250.16949152542375,
            522.130750605327,
            334.7215496368039
          ],
          "category": "car",
          "category ID": 3,
          "trunc": false
        }
      ]
    },
    {
      "frame_id": 37,
      "image_path": "frames/ha-IeID24As_003628/images/000037.jpg",
      "accident_id": 3,
      "accident_name": "lateral",
      "objects": [
        {
          "obj_track_id": 86,
          "bbox": [
            485.5205811138015,
            118.54721549636805,
            744.406779661017,
            335.5932203389831
          ],
          "category": "truck",
          "category ID": 5,
          "trunc": false
        },
        {
          "obj_track_id": 320,
          "bbox": [
            379.1767554479419,
            250.16949152542375,
            494.23728813559325,
            338.2082324455206
          ],
          "category": "car",
          "category ID": 3,
          "trunc": false
        }
      ]
    },
    {
      "frame_id": 38,
      "image_path": "frames/ha-IeID24As_003628/images/000038.jpg",
      "accident_id": 3,
      "accident_name": "lateral",
      "objects": [
        {
          "obj_track_id": 86,
          "bbox": [
            474.1888619854722,
            115.93220338983052,
            727.8450363196126,
            335.5932203389831
          ],
          "category": "truck",
          "category ID": 5,
          "trunc": false
        },
        {
          "obj_track_id": 320,
          "bbox": [
            358.2566585956417,
            250.16949152542375,
            494.23728813559325,
            340.82324455205816
          ],
          "category": "car",
          "category ID": 3,
          "trunc": false
        }
      ]
    },
    {
      "frame_id": 39,
      "image_path": "frames/ha-IeID24As_003628/images/000039.jpg",
      "accident_id": 3,
      "accident_name": "lateral",
      "objects": [
        {
          "obj_track_id": 86,
          "bbox": [
            464.60048426150126,
            115.93220338983052,
            714.769975786925,
            339.95157384987897
          ],
          "category": "truck",
          "category ID": 5,
          "trunc": false
        },
        {
          "obj_track_id": 320,
          "bbox": [
            341.6949152542373,
            252.7845036319613,
            489.0072639225182,
            335.5932203389831
          ],
          "category": "car",
          "category ID": 3,
          "trunc": false
        }
      ]
    },
    {
      "frame_id": 40,
      "image_path": "frames/ha-IeID24As_003628/images/000040.jpg",
      "accident_id": 3,
      "accident_name": "lateral",
      "objects": [
        {
          "obj_track_id": 86,
          "bbox": [
            458.498789346247,
            119.41888619854723,
            699.0799031476998,
            339.95157384987897
          ],
          "category": "truck",
          "category ID": 5,
          "trunc": false
        },
        {
          "obj_track_id": 320,
          "bbox": [
            324.26150121065376,
            256.271186440678,
            481.1622276029056,
            338.2082324455206
          ],
          "category": "car",
          "category ID": 3,
          "trunc": false
        }
      ]
    },
    {
      "frame_id": 41,
      "image_path": "frames/ha-IeID24As_003628/images/000041.jpg",
      "accident_id": 3,
      "accident_name": "lateral",
      "objects": [
        {
          "obj_track_id": 86,
          "bbox": [
            455.0121065375303,
            123.77723970944311,
            687.7481840193705,
            339.95157384987897
          ],
          "category": "truck",
          "category ID": 5,
          "trunc": false
        },
        {
          "obj_track_id": 320,
          "bbox": [
            318.5956416464891,
            258.4503631961259,
            481.1622276029056,
            338.2082324455206
          ],
          "category": "car",
          "category ID": 3,
          "trunc": false
        }
      ]
    },
    {
      "frame_id": 42,
      "image_path": "frames/ha-IeID24As_003628/images/000042.jpg",
      "accident_id": 3,
      "accident_name": "lateral",
      "objects": [
        {
          "obj_track_id": 86,
          "bbox": [
            448.91041162227606,
            129.87893462469734,
            674.6731234866828,
            341.6949152542373
          ],
          "category": "truck",
          "category ID": 5,
          "trunc": false
        },
        {
          "obj_track_id": 320,
          "bbox": [
            312.9297820823245,
            260.62953995157386,
            481.1622276029056,
            338.2082324455206
          ],
          "category": "car",
          "category ID": 3,
          "trunc": false
        }
      ]
    },
    {
      "frame_id": 43,
      "image_path": "frames/ha-IeID24As_003628/images/000043.jpg",
      "accident_id": 3,
      "accident_name": "lateral",
      "objects": [
        {
          "obj_track_id": 86,
          "bbox": [
            445.42372881355936,
            134.23728813559322,
            665.0847457627119,
            346.92493946731236
          ],
          "category": "truck",
          "category ID": 5,
          "trunc": false
        },
        {
          "obj_track_id": 320,
          "bbox": [
            303.34140435835354,
            267.6029055690073,
            481.1622276029056,
            339.95157384987897
          ],
          "category": "car",
          "category ID": 3,
          "trunc": false
        }
      ]
    },
    {
      "frame_id": 44,
      "image_path": "frames/ha-IeID24As_003628/images/000044.jpg",
      "accident_id": 3,
      "accident_name": "lateral",
      "objects": [
        {
          "obj_track_id": 86,
          "bbox": [
            442.8087167070218,
            137.72397094430994,
            659.8547215496368,
            346.92493946731236
          ],
          "category": "truck",
          "category ID": 5,
          "trunc": false
        },
        {
          "obj_track_id": 320,
          "bbox": [
            321.64648910411626,
            272.8329297820823,
            481.1622276029056,
            339.95157384987897
          ],
          "category": "car",
          "category ID": 3,
          "trunc": false
        }
      ]
    },
    {
      "frame_id": 45,
      "image_path": "frames/ha-IeID24As_003628/images/000045.jpg",
      "accident_id": 3,
      "accident_name": "lateral",
      "objects": [
        {
          "obj_track_id": 86,
          "bbox": [
            438.4503631961259,
            143.82566585956417,
            647.6513317191284,
            346.92493946731236
          ],
          "category": "truck",
          "category ID": 5,
          "trunc": false
        },
        {
          "obj_track_id": 320,
          "bbox": [
            319.0314769975787,
            279.80629539951576,
            466.3438256658596,
            348.66828087167073
          ],
          "category": "car",
          "category ID": 3,
          "trunc": false
        }
      ]
    },
    {
      "frame_id": 46,
      "image_path": "frames/ha-IeID24As_003628/images/000046.jpg",
      "accident_id": 3,
      "accident_name": "lateral",
      "objects": [
        {
          "obj_track_id": 86,
          "bbox": [
            438.4503631961259,
            143.82566585956417,
            631.9612590799032,
            357.3849878934625
          ],
          "category": "truck",
          "category ID": 5,
          "trunc": false
        },
        {
          "obj_track_id": 320,
          "bbox": [
            323.3898305084746,
            284.16464891041164,
            458.498789346247,
            346.05326876513317
          ],
          "category": "car",
          "category ID": 3,
          "trunc": false
        }
      ]
    },
    {
      "frame_id": 47,
      "image_path": "frames/ha-IeID24As_003628/images/000047.jpg",
      "accident_id": 3,
      "accident_name": "lateral",
      "objects": [
        {
          "obj_track_id": 86,
          "bbox": [
            437.5786924939468,
            146.4406779661017,
            623.2445520581114,
            355.6416464891041
          ],
          "category": "truck",
          "category ID": 5,
          "trunc": false
        },
        {
          "obj_track_id": 320,
          "bbox": [
            313.8014527845037,
            278.498789346247,
            458.93462469733663,
            346.92493946731236
          ],
          "category": "car",
          "category ID": 3,
          "trunc": false
        }
      ]
    },
    {
      "frame_id": 48,
      "image_path": "frames/ha-IeID24As_003628/images/000048.jpg",
      "accident_id": 3,
      "accident_name": "lateral",
      "objects": [
        {
          "obj_track_id": 86,
          "bbox": [
            437.5786924939468,
            146.4406779661017,
            623.2445520581114,
            353.8983050847458
          ],
          "category": "truck",
          "category ID": 5,
          "trunc": false
        },
        {
          "obj_track_id": 320,
          "bbox": [
            304.21307506053273,
            272.8329297820823,
            459.3704600484262,
            347.79661016949154
          ],
          "category": "car",
          "category ID": 3,
          "trunc": false
        }
      ]
    },
    {
      "frame_id": 49,
      "image_path": "frames/ha-IeID24As_003628/images/000049.jpg",
      "accident_id": 3,
      "accident_name": "lateral",
      "objects": [
        {
          "obj_track_id": 86,
          "bbox": [
            441.93704600484267,
            144.69733656174336,
            605.8111380145278,
            353.8983050847458
          ],
          "category": "truck",
          "category ID": 5,
          "trunc": false
        },
        {
          "obj_track_id": 320,
          "bbox": [
            304.21307506053273,
            262.37288135593224,
            448.91041162227606,
            341.6949152542373
          ],
          "category": "car",
          "category ID": 3,
          "trunc": false
        }
      ]
    },
    {
      "frame_id": 50,
      "image_path": "frames/ha-IeID24As_003628/images/000050.jpg",
      "accident_id": 3,
      "accident_name": "lateral",
      "objects": [
        {
          "obj_track_id": 86,
          "bbox": [
            441.0653753026635,
            143.82566585956417,
            603.1961259079903,
            347.79661016949154
          ],
          "category": "truck",
          "category ID": 5,
          "trunc": false
        },
        {
          "obj_track_id": 320,
          "bbox": [
            304.21307506053273,
            258.88619854721554,
            447.1670702179177,
            332.1065375302664
          ],
          "category": "car",
          "category ID": 3,
          "trunc": false
        }
      ]
    },
    {
      "frame_id": 51,
      "image_path": "frames/ha-IeID24As_003628/images/000051.jpg",
      "accident_id": 3,
      "accident_name": "lateral",
      "objects": [
        {
          "obj_track_id": 86,
          "bbox": [
            441.0653753026635,
            143.82566585956417,
            603.1961259079903,
            345.18159806295404
          ],
          "category": "truck",
          "category ID": 5,
          "trunc": false
        },
        {
          "obj_track_id": 320,
          "bbox": [
            304.21307506053273,
            258.88619854721554,
            447.1670702179177,
            332.9782082324455
          ],
          "category": "car",
          "category ID": 3,
          "trunc": false
        }
      ]
    },
    {
      "frame_id": 52,
      "image_path": "frames/ha-IeID24As_003628/images/000052.jpg",
      "accident_id": 3,
      "accident_name": "lateral",
      "objects": [
        {
          "obj_track_id": 86,
          "bbox": [
            438.450363196126,
            148.18401937046005,
            597.0944309927361,
            348.66828087167073
          ],
          "category": "truck",
          "category ID": 5,
          "trunc": false
        },
        {
          "obj_track_id": 320,
          "bbox": [
            299.85472154963685,
            256.271186440678,
            448.91041162227606,
            326.8765133171913
          ],
          "category": "car",
          "category ID": 3,
          "trunc": false
        }
      ]
    },
    {
      "frame_id": 53,
      "image_path": "frames/ha-IeID24As_003628/images/000053.jpg",
      "accident_id": 3,
      "accident_name": "lateral",
      "objects": [
        {
          "obj_track_id": 86,
          "bbox": [
            438.450363196126,
            144.69733656174336,
            592.7360774818402,
            348.66828087167073
          ],
          "category": "truck",
          "category ID": 5,
          "trunc": false
        },
        {
          "obj_track_id": 320,
          "bbox": [
            292.0096852300242,
            258.01452784503635,
            444.5520581113802,
            328.61985472154964
          ],
          "category": "car",
          "category ID": 3,
          "trunc": false
        }
      ]
    },
    {
      "frame_id": 54,
      "image_path": "frames/ha-IeID24As_003628/images/000054.jpg",
      "accident_id": 3,
      "accident_name": "lateral",
      "objects": [
        {
          "obj_track_id": 86,
          "bbox": [
            435.8353510895884,
            144.69733656174336,
            592.7360774818402,
            348.66828087167073
          ],
          "category": "truck",
          "category ID": 5,
          "trunc": false
        },
        {
          "obj_track_id": 320,
          "bbox": [
            291.7917675544794,
            259.75786924939473,
            443.24455205811137,
            328.6198547215497
          ],
          "category": "car",
          "category ID": 3,
          "trunc": false
        }
      ]
    },
    {
      "frame_id": 55,
      "image_path": "frames/ha-IeID24As_003628/images/000055.jpg",
      "accident_id": 3,
      "accident_name": "lateral",
      "objects": [
        {
          "obj_track_id": 86,
          "bbox": [
            433.22033898305085,
            144.69733656174336,
            592.7360774818402,
            348.66828087167073
          ],
          "category": "truck",
          "category ID": 5,
          "trunc": false
        },
        {
          "obj_track_id": 320,
          "bbox": [
            291.57384987893465,
            261.50121065375305,
            441.93704600484267,
            328.61985472154964
          ],
          "category": "car",
          "category ID": 3,
          "trunc": false
        }
      ]
    },
    {
      "frame_id": 56,
      "image_path": "frames/ha-IeID24As_003628/images/000056.jpg",
      "accident_id": 3,
      "accident_name": "lateral",
      "objects": [
        {
          "obj_track_id": 86,
          "bbox": [
            427.99031476997584,
            144.69733656174336,
            592.7360774818402,
            348.66828087167073
          ],
          "category": "truck",
          "category ID": 5,
          "trunc": false
        },
        {
          "obj_track_id": 320,
          "bbox": [
            291.35593220338984,
            263.24455205811137,
            440.62953995157386,
            328.6198547215496
          ],
          "category": "car",
          "category ID": 3,
          "trunc": false
        }
      ]
    },
    {
      "frame_id": 57,
      "image_path": "frames/ha-IeID24As_003628/images/000057.jpg",
      "accident_id": 3,
      "accident_name": "lateral",
      "objects": [
        {
          "obj_track_id": 86,
          "bbox": [
            425.37530266343833,
            146.4406779661017,
            592.7360774818402,
            348.66828087167073
          ],
          "category": "truck",
          "category ID": 5,
          "trunc": false
        },
        {
          "obj_track_id": 320,
          "bbox": [
            291.13801452784503,
            264.98789346246974,
            439.3220338983051,
            328.61985472154964
          ],
          "category": "car",
          "category ID": 3,
          "trunc": false
        }
      ]
    },
    {
      "frame_id": 58,
      "image_path": "frames/ha-IeID24As_003628/images/000058.jpg",
      "accident_id": 0,
      "accident_name": "normal",
      "objects": []
    },
    {
      "frame_id": 59,
      "image_path": "frames/ha-IeID24As_003628/images/000059.jpg",
      "accident_id": 0,
      "accident_name": "normal",
      "objects": []
    },
    {
      "frame_id": 60,
      "image_path": "frames/ha-IeID24As_003628/images/000060.jpg",
      "accident_id": 0,
      "accident_name": "normal",
      "objects": []
    },
    {
      "frame_id": 61,
      "image_path": "frames/ha-IeID24As_003628/images/000061.jpg",
      "accident_id": 0,
      "accident_name": "normal",
      "objects": []
    },
    {
      "frame_id": 62,
      "image_path": "frames/ha-IeID24As_003628/images/000062.jpg",
      "accident_id": 0,
      "accident_name": "normal",
      "objects": []
    },
    {
      "frame_id": 63,
      "image_path": "frames/ha-IeID24As_003628/images/000063.jpg",
      "accident_id": 0,
      "accident_name": "normal",
      "objects": []
    },
    {
      "frame_id": 64,
      "image_path": "frames/ha-IeID24As_003628/images/000064.jpg",
      "accident_id": 0,
      "accident_name": "normal",
      "objects": []
    },
    {
      "frame_id": 65,
      "image_path": "frames/ha-IeID24As_003628/images/000065.jpg",
      "accident_id": 0,
      "accident_name": "normal",
      "objects": []
    },
    {
      "frame_id": 66,
      "image_path": "frames/ha-IeID24As_003628/images/000066.jpg",
      "accident_id": 0,
      "accident_name": "normal",
      "objects": []
    },
    {
      "frame_id": 67,
      "image_path": "frames/ha-IeID24As_003628/images/000067.jpg",
      "accident_id": 0,
      "accident_name": "normal",
      "objects": []
    },
    {
      "frame_id": 68,
      "image_path": "frames/ha-IeID24As_003628/images/000068.jpg",
      "accident_id": 0,
      "accident_name": "normal",
      "objects": []
    },
    {
      "frame_id": 69,
      "image_path": "frames/ha-IeID24As_003628/images/000069.jpg",
      "accident_id": 0,
      "accident_name": "normal",
      "objects": []
    },
    {
      "frame_id": 70,
      "image_path": "frames/ha-IeID24As_003628/images/000070.jpg",
      "accident_id": 0,
      "accident_name": "normal",
      "objects": []
    },
    {
      "frame_id": 71,
      "image_path": "frames/ha-IeID24As_003628/images/000071.jpg",
      "accident_id": 0,
      "accident_name": "normal",
      "objects": []
    },
    {
      "frame_id": 72,
      "image_path": "frames/ha-IeID24As_003628/images/000072.jpg",
      "accident_id": 0,
      "accident_name": "normal",
      "objects": []
    },
    {
      "frame_id": 73,
      "image_path": "frames/ha-IeID24As_003628/images/000073.jpg",
      "accident_id": 0,
      "accident_name": "normal",
      "objects": []
    },
    {
      "frame_id": 74,
      "image_path": "frames/ha-IeID24As_003628/images/000074.jpg",
      "accident_id": 0,
      "accident_name": "normal",
      "objects": []
    },
    {
      "frame_id": 75,
      "image_path": "frames/ha-IeID24As_003628/images/000075.jpg",
      "accident_id": 0,
      "accident_name": "normal",
      "objects": []
    },
    {
      "frame_id": 76,
      "image_path": "frames/ha-IeID24As_003628/images/000076.jpg",
      "accident_id": 0,
      "accident_name": "normal",
      "objects": []
    },
    {
      "frame_id": 77,
      "image_path": "frames/ha-IeID24As_003628/images/000077.jpg",
      "accident_id": 0,
      "accident_name": "normal",
      "objects": []
    },
    {
      "frame_id": 78,
      "image_path": "frames/ha-IeID24As_003628/images/000078.jpg",
      "accident_id": 0,
      "accident_name": "normal",
      "objects": []
    },
    {
      "frame_id": 79,
      "image_path": "frames/ha-IeID24As_003628/images/000079.jpg",
      "accident_id": 0,
      "accident_name": "normal",
      "objects": []
    },
    {
      "frame_id": 80,
      "image_path": "frames/ha-IeID24As_003628/images/000080.jpg",
      "accident_id": 0,
      "accident_name": "normal",
      "objects": []
    },
    {
      "frame_id": 81,
      "image_path": "frames/ha-IeID24As_003628/images/000081.jpg",
      "accident_id": 0,
      "accident_name": "normal",
      "objects": []
    },
    {
      "frame_id": 82,
      "image_path": "frames/ha-IeID24As_003628/images/000082.jpg",
      "accident_id": 0,
      "accident_name": "normal",
      "objects": []
    },
    {
      "frame_id": 83,
      "image_path": "frames/ha-IeID24As_003628/images/000083.jpg",
      "accident_id": 0,
      "accident_name": "normal",
      "objects": []
    },
    {
      "frame_id": 84,
      "image_path": "frames/ha-IeID24As_003628/images/000084.jpg",
      "accident_id": 0,
      "accident_name": "normal",
      "objects": []
    },
    {
      "frame_id": 85,
      "image_path": "frames/ha-IeID24As_003628/images/000085.jpg",
      "accident_id": 0,
      "accident_name": "normal",
      "objects": []
    },
    {
      "frame_id": 86,
      "image_path": "frames/ha-IeID24As_003628/images/000086.jpg",
      "accident_id": 0,
      "accident_name": "normal",
      "objects": []
    },
    {
      "frame_id": 87,
      "image_path": "frames/ha-IeID24As_003628/images/000087.jpg",
      "accident_id": 0,
      "accident_name": "normal",
      "objects": []
    },
    {
      "frame_id": 88,
      "image_path": "frames/ha-IeID24As_003628/images/000088.jpg",
      "accident_id": 0,
      "accident_name": "normal",
      "objects": []
    },
    {
      "frame_id": 89,
      "image_path": "frames/ha-IeID24As_003628/images/000089.jpg",
      "accident_id": 0,
      "accident_name": "normal",
      "objects": []
    },
    {
      "frame_id": 90,
      "image_path": "frames/ha-IeID24As_003628/images/000090.jpg",
      "accident_id": 0,
      "accident_name": "normal",
      "objects": []
    },
    {
      "frame_id": 91,
      "image_path": "frames/ha-IeID24As_003628/images/000091.jpg",
      "accident_id": 0,
      "accident_name": "normal",
      "objects": []
    },
    {
      "frame_id": 92,
      "image_path": "frames/ha-IeID24As_003628/images/000092.jpg",
      "accident_id": 0,
      "accident_name": "normal",
      "objects": []
    },
    {
      "frame_id": 93,
      "image_path": "frames/ha-IeID24As_003628/images/000093.jpg",
      "accident_id": 0,
      "accident_name": "normal",
      "objects": []
    },
    {
      "frame_id": 94,
      "image_path": "frames/ha-IeID24As_003628/images/000094.jpg",
      "accident_id": 0,
      "accident_name": "normal",
      "objects": []
    },
    {
      "frame_id": 95,
      "image_path": "frames/ha-IeID24As_003628/images/000095.jpg",
      "accident_id": 0,
      "accident_name": "normal",
      "objects": []
    },
    {
      "frame_id": 96,
      "image_path": "frames/ha-IeID24As_003628/images/000096.jpg",
      "accident_id": 0,
      "accident_name": "normal",
      "objects": []
    },
    {
      "frame_id": 97,
      "image_path": "frames/ha-IeID24As_003628/images/000097.jpg",
      "accident_id": 0,
      "accident_name": "normal",
      "objects": []
    },
    {
      "frame_id": 98,
      "image_path": "frames/ha-IeID24As_003628/images/000098.jpg",
      "accident_id": 0,
      "accident_name": "normal",
      "objects": []
    }
  ]
}