{
  "video_name": "Hkui6PJboFg_005547",
  "channel": "AnAn",
  "num_frames": 48,
  "ignore": false,
  "ego_involve": true,
  "night": false,
  "anomaly_start": 24,
  "anomaly_end": 47,
  "video_start": 5547,
  "video_end": 5594,
  "accident_id": "5",
  "accident_name": "turning",
  "labels": [
    {
      "frame_id": 0,
      "image_path": "frames/Hkui6PJboFg_005547/images/000000.jpg",
      "accident_id": 0,
      "accident_name": "normal",
      "objects": []
    },
    {
      "frame_id": 1,
      "image_path": "frames/Hkui6PJboFg_005547/images/000001.jpg",
      "accident_id": 0,
      "accident_name": "normal",
      "objects": []
    },
    {
      "frame_id": 2,
      "image_path": "frames/Hkui6PJboFg_005547/images/000002.jpg",
      "accident_id": 0,
      "accident_name": "normal",
      "objects": []
    },
    {
      "frame_id": 3,
      "image_path": "frames/Hkui6PJboFg_005547/images/000003.jpg",
      "accident_id": 0,
      "accident_name": "normal",
      "objects": []
    },
    {
      "frame_id": 4,
      "image_path": "frames/Hkui6PJboFg_005547/images/000004.jpg",
      "accident_id": 0,
      "accident_name": "normal",
      "objects": []
    },
    {
      "frame_id": 5,
      "image_path": "frames/Hkui6PJboFg_005547/images/000005.jpg",
      "accident_id": 0,
      "accident_name": "normal",
      "objects": []
    },
    {
      "frame_id": 6,
      "image_path": "frames/Hkui6PJboFg_005547/images/000006.jpg",
      "accident_id": 0,
      "accident_name": "normal",
      "objects": []
    },
    {
      "frame_id": 7,
      "image_path": "frames/Hkui6PJboFg_005547/images/000007.jpg",
      "accident_id": 0,
      "accident_name": "normal",
      "objects": []
    },
    {
      "frame_id": 8,
      "image_path": "frames/Hkui6PJboFg_005547/images/000008.jpg",
      "accident_id": 0,
      "accident_name": "normal",
      "objects": []
    },
    {
      "frame_id": 9,
      "image_path": "frames/Hkui6PJboFg_005547/images/000009.jpg",
      "accident_id": 0,
      "accident_name": "normal",
      "objects": []
    },
    {
      "frame_id": 10,
      "image_path": "frames/Hkui6PJboFg_005547/images/000010.jpg",
      "accident_id": 0,
      "accident_name": "normal",
      "objects": []
    },
    {
      "frame_id": 11,
      "image_path": "frames/Hkui6PJboFg_005547/images/000011.jpg",
      "accident_id": 0,
      "accident_name": "normal",
      "objects": []
    },
    {
      "frame_id": 12,
      "image_path": "frames/Hkui6PJboFg_005547/images/000012.jpg",
      "accident_id": 0,
      "accident_name": "normal",
      "objects": []
    },
    {
      "frame_id": 13,
      "image_path": "frames/Hkui6PJboFg_005547/images/000013.jpg",
      "accident_id": 0,
      "accident_name": "normal",
      "objects": []
    },
    {
      "frame_id": 14,
      "image_path": "frames/Hkui6PJboFg_005547/images/000014.jpg",
      "accident_id": 0,
      "accident_name": "normal",
      "objects": []
    },
    {
      "frame_id": 15,
      "image_path": "frames/Hkui6PJboFg_005547/images/000015.jpg",
      "accident_id": 0,
      "accident_name": "normal",
      "objects": []
    },
    {
      "frame_id": 16,
      "image_path": "frames/Hkui6PJboFg_005547/images/000016.jpg",
      "accident_id": 0,
      "accident_name": "normal",
      "objects": []
    },
    {
      "frame_id": 17,
      "image_path": "frames/Hkui6PJboFg_005547/images/000017.jpg",
      "accident_id": 0,
      "accident_name": "normal",
      "objects": []
    },
    {
      "frame_id": 18,
      "image_path": "frames/Hkui6PJboFg_005547/images/000018.jpg",
      "accident_id": 0,
      "accident_name": "normal",
      "objects": []
    },
    {
      "frame_id": 19,
      "image_path": "frames/Hkui6PJboFg_005547/images/000019.jpg",
      "accident_id": 0,
      "accident_name": "normal",
      "objects": []
    },
    {
      "frame_id": 20,
      "image_path": "frames/Hkui6PJboFg_005547/images/000020.jpg",
      "accident_id": 0,
      "accident_name": "normal",
      "objects": []
    },
    {
      "frame_id": 21,
      "image_path": "frames/Hkui6PJboFg_005547/images/000021.jpg",
      "accident_id": 0,
      "accident_name": "normal",
      "objects": []
    },
    {
      "frame_id": 22,
      "image_path": "frames/Hkui6PJboFg_005547/images/000022.jpg",
      "accident_id": 0,
      "accident_name": "normal",
      "objects": []
    },
    {
      "frame_id": 23,
      "image_path": "frames/Hkui6PJboFg_005547/images/000023.jpg",
      "accident_id": 0,
      "accident_name": "normal",
      "objects": []
    },
    {
      "frame_id": 24,
      "image_path": "frames/Hkui6PJboFg_005547/images/000024.jpg",
      "accident_id": 5,
      "accident_name": "turning",
      "objects": [
        {
          "obj_track_id": 0,
          "bbox": [
            673.7662337662338,
            400,
            704.9350649350649,
            461.2987012987013
          ],
          "category": "rider",
          "category ID": 2,
          "trunc": false
        },
        {
          "obj_track_id": 25,
          "bbox": [
            646.7532467532467,
            437.4025974025974,
            720.5194805194805,
            487.27272727272725
          ],
          "category": "motor",
          "category ID": 7,
          "trunc": false
        }
      ]
    },
    {
      "frame_id": 25,
      "image_path": "frames/Hkui6PJboFg_005547/images/000025.jpg",
      "accident_id": 5,
      "accident_name": "turning",
      "objects": [
        {
          "obj_track_id": 0,
          "bbox": [
            667.5324675324675,
            398.961038961039,
            704.9350649350649,
            461.2987012987013
          ],
          "category": "rider",
          "category ID": 2,
          "trunc": false
        },
        {
          "obj_track_id": 25,
          "bbox": [
            641.5584415584416,
            436.3636363636364,
            720.5194805194805,
            494.54545454545456
          ],
          "category": "motor",
          "category ID": 7,
          "trunc": false
        }
      ]
    },
    {
      "frame_id": 26,
      "image_path": "frames/Hkui6PJboFg_005547/images/000026.jpg",
      "accident_id": 5,
      "accident_name": "turning",
      "objects": [
        {
          "obj_track_id": 0,
          "bbox": [
            652.9870129870129,
            393.76623376623377,
            700.7792207792207,
            465.45454545454544
          ],
          "category": "rider",
          "category ID": 2,
          "trunc": false
        },
        {
          "obj_track_id": 25,
          "bbox": [
            631.1688311688312,
            439.4805194805195,
            717.4025974025974,
            500.7792207792208
          ],
          "category": "motor",
          "category ID": 7,
          "trunc": false
        }
      ]
    },
    {
      "frame_id": 27,
      "image_path": "frames/Hkui6PJboFg_005547/images/000027.jpg",
      "accident_id": 5,
      "accident_name": "turning",
      "objects": [
        {
          "obj_track_id": 0,
          "bbox": [
            645.7142857142858,
            393.76623376623377,
            698.7012987012987,
            474.8051948051948
          ],
          "category": "rider",
          "category ID": 2,
          "trunc": false
        },
        {
          "obj_track_id": 25,
          "bbox": [
            620.7792207792207,
            445.7142857142857,
            717.4025974025974,
            513.2467532467532
          ],
          "category": "motor",
          "category ID": 7,
          "trunc": false
        }
      ]
    },
    {
      "frame_id": 28,
      "image_path": "frames/Hkui6PJboFg_005547/images/000028.jpg",
      "accident_id": 5,
      "accident_name": "turning",
      "objects": [
        {
          "obj_track_id": 0,
          "bbox": [
            635.3246753246754,
            395.8441558441558,
            694.5454545454545,
            484.15584415584414
          ],
          "category": "rider",
          "category ID": 2,
          "trunc": false
        },
        {
          "obj_track_id": 25,
          "bbox": [
            610.3896103896104,
            442.5974025974026,
            714.2857142857142,
            525.7142857142857
          ],
          "category": "motor",
          "category ID": 7,
          "trunc": false
        }
      ]
    },
    {
      "frame_id": 29,
      "image_path": "frames/Hkui6PJboFg_005547/images/000029.jpg",
      "accident_id": 5,
      "accident_name": "turning",
      "objects": [
        {
          "obj_track_id": 0,
          "bbox": [
            627.012987012987,
            397.9220779220779,
            688.3116883116883,
            498.7012987012987
          ],
          "category": "rider",
          "category ID": 2,
          "trunc": false
        },
        {
          "obj_track_id": 25,
          "bbox": [
            594.8051948051948,
            449.87012987012986,
            711.1688311688312,
            541.2987012987013
          ],
          "category": "motor",
          "category ID": 7,
          "trunc": false
        }
      ]
    },
    {
      "frame_id": 30,
      "image_path": "frames/Hkui6PJboFg_005547/images/000030.jpg",
      "accident_id": 5,
      "accident_name": "turning",
      "objects": [
        {
          "obj_track_id": 0,
          "bbox": [
            608.3116883116883,
            388.57142857142856,
            682.077922077922,
            503.8961038961039
          ],
          "category": "rider",
          "category ID": 2,
          "trunc": false
        },
        {
          "obj_track_id": 25,
          "bbox": [
            577.1428571428571,
            458.1818181818182,
            708.051948051948,
            556.8831168831168
          ],
          "category": "motor",
          "category ID": 7,
          "trunc": false
        }
      ]
    },
    {
      "frame_id": 31,
      "image_path": "frames/Hkui6PJboFg_005547/images/000031.jpg",
      "accident_id": 5,
      "accident_name": "turning",
      "objects": [
        {
          "obj_track_id": 0,
          "bbox": [
            596.8831168831168,
            382.3376623376623,
            680.0,
            516.3636363636364
          ],
          "category": "rider",
          "category ID": 2,
          "trunc": false
        },
        {
          "obj_track_id": 25,
          "bbox": [
            560.5194805194805,
            465.45454545454544,
            710.1298701298701,
            580.7792207792207
          ],
          "category": "motor",
          "category ID": 7,
          "trunc": false
        }
      ]
    },
    {
      "frame_id": 32,
      "image_path": "frames/Hkui6PJboFg_005547/images/000032.jpg",
      "accident_id": 5,
      "accident_name": "turning",
      "objects": [
        {
          "obj_track_id": 0,
          "bbox": [
            574.025974025974,
            371.94805194805195,
            672.7272727272727,
            528.8311688311688
          ],
          "category": "rider",
          "category ID": 2,
          "trunc": false
        },
        {
          "obj_track_id": 25,
          "bbox": [
            536.6233766233767,
            472.7272727272727,
            714.2857142857142,
            603.6363636363636
          ],
          "category": "motor",
          "category ID": 7,
          "trunc": false
        }
      ]
    },
    {
      "frame_id": 33,
      "image_path": "frames/Hkui6PJboFg_005547/images/000033.jpg",
      "accident_id": 5,
      "accident_name": "turning",
      "objects": [
        {
          "obj_track_id": 0,
          "bbox": [
            551.1688311688312,
            354.2857142857143,
            669.6103896103896,
            571.4285714285714
          ],
          "category": "rider",
          "category ID": 2,
          "trunc": false
        },
        {
          "obj_track_id": 25,
          "bbox": [
            502.3376623376623,
            483.1168831168831,
            720.5194805194805,
            595.3246753246754
          ],
          "category": "motor",
          "category ID": 7,
          "trunc": false
        }
      ]
    },
    {
      "frame_id": 34,
      "image_path": "frames/Hkui6PJboFg_005547/images/000034.jpg",
      "accident_id": 5,
      "accident_name": "turning",
      "objects": [
        {
          "obj_track_id": 0,
          "bbox": [
            498.1818181818182,
            326.23376623376623,
            661.2987012987013,
            582.8571428571429
          ],
          "category": "rider",
          "category ID": 2,
          "trunc": false
        },
        {
          "obj_track_id": 25,
          "bbox": [
            442.07792207792204,
            463.37662337662334,
            729.8701298701299,
            607.7922077922078
          ],
          "category": "motor",
          "category ID": 7,
          "trunc": false
        }
      ]
    },
    {
      "frame_id": 35,
      "image_path": "frames/Hkui6PJboFg_005547/images/000035.jpg",
      "accident_id": 5,
      "accident_name": "turning",
      "objects": [
        {
          "obj_track_id": 0,
          "bbox": [
            402.5974025974026,
            287.79220779220776,
            661.2987012987013,
            600.5194805194805
          ],
          "category": "rider",
          "category ID": 2,
          "trunc": false
        },
        {
          "obj_track_id": 25,
          "bbox": [
            330.9090909090909,
            451.94805194805195,
            673.7662337662338,
            612.9870129870129
          ],
          "category": "motor",
          "category ID": 7,
          "trunc": false
        }
      ]
    },
    {
      "frame_id": 36,
      "image_path": "frames/Hkui6PJboFg_005547/images/000036.jpg",
      "accident_id": 5,
      "accident_name": "turning",
      "objects": [
        {
          "obj_track_id": 0,
          "bbox": [
            334.025974025974,
            227.53246753246754,
            616.6233766233767,
            598.4415584415584
          ],
          "category": "rider",
          "category ID": 2,
          "trunc": false
        }
      ]
    },
    {
      "frame_id": 37,
      "image_path": "frames/Hkui6PJboFg_005547/images/000037.jpg",
      "accident_id": 5,
      "accident_name": "turning",
      "objects": [
        {
          "obj_track_id": 0,
          "bbox": [
            46.23376623376623,
            227.53246753246754,
            515.8441558441558,
            667.7629987908102
          ],
          "category": "rider",
          "category ID": 2,
          "trunc": false
        }
      ]
    },
    {
      "frame_id": 38,
      "image_path": "frames/Hkui6PJboFg_005547/images/000038.jpg",
      "accident_id": 5,
      "accident_name": "turning",
      "objects": [
        {
          "obj_track_id": 0,
          "bbox": [
            0,
            190.1298701298701,
            466.6505441354293,
            628.5852478839179
          ],
          "category": "rider",
          "category ID": 2,
          "trunc": true
        }
      ]
    },
    {
      "frame_id": 39,
      "image_path": "frames/Hkui6PJboFg_005547/images/000039.jpg",
      "accident_id": 5,
      "accident_name": "turning",
      "objects": [
        {
          "obj_track_id": 0,
          "bbox": [
            0,
            273.24675324675326,
            429.21402660217655,
            621.6203143893591
          ],
          "category": "rider",
          "category ID": 2,
          "trunc": true
        }
      ]
    },
    {
      "frame_id": 40,
      "image_path": "frames/Hkui6PJboFg_005547/images/000040.jpg",
      "accident_id": 5,
      "accident_name": "turning",
      "objects": [
        {
          "obj_track_id": 0,
          "bbox": [
            42.077922077922075,
            326.23376623376623,
            383.07134220072555,
            620.7496977025394
          ],
          "category": "rider",
          "category ID": 2,
          "trunc": false
        }
      ]
    },
    {
      "frame_id": 41,
      "image_path": "frames/Hkui6PJboFg_005547/images/000041.jpg",
      "accident_id": 5,
      "accident_name": "turning",
      "objects": [
        {
          "obj_track_id": 0,
          "bbox": [
            78.44155844155844,
            333.5064935064935,
            376.97702539298666,
            602.4667472793229
          ],
          "category": "rider",
          "category ID": 2,
          "trunc": false
        }
      ]
    },
    {
      "frame_id": 42,
      "image_path": "frames/Hkui6PJboFg_005547/images/000042.jpg",
      "accident_id": 5,
      "accident_name": "turning",
      "objects": [
        {
          "obj_track_id": 0,
          "bbox": [
            161.55844155844156,
            335.5844155844156,
            352.72727272727263,
            576.6233766233765
          ],
          "category": "rider",
          "category ID": 2,
          "trunc": false
        }
      ]
    },
    {
      "frame_id": 43,
      "image_path": "frames/Hkui6PJboFg_005547/images/000043.jpg",
      "accident_id": 5,
      "accident_name": "turning",
      "objects": [
        {
          "obj_track_id": 0,
          "bbox": [
            244.67532467532467,
            403.1168831168831,
            364.15584415584414,
            576.6233766233765
          ],
          "category": "rider",
          "category ID": 2,
          "trunc": false
        },
        {
          "obj_track_id": 93,
          "bbox": [
            374.54545454545456,
            561.038961038961,
            611.4285714285714,
            602.5974025974026
          ],
          "category": "motor",
          "category ID": 7,
          "trunc": false
        }
      ]
    },
    {
      "frame_id": 44,
      "image_path": "frames/Hkui6PJboFg_005547/images/000044.jpg",
      "accident_id": 5,
      "accident_name": "turning",
      "objects": [
        {
          "obj_track_id": 0,
          "bbox": [
            291.42857142857144,
            469.6103896103896,
            378.7012987012987,
            590.1298701298701
          ],
          "category": "rider",
          "category ID": 2,
          "trunc": false
        },
        {
          "obj_track_id": 93,
          "bbox": [
            374.54545454545456,
            542.3376623376623,
            600.0,
            602.5974025974026
          ],
          "category": "motor",
          "category ID": 7,
          "trunc": false
        }
      ]
    },
    {
      "frame_id": 45,
      "image_path": "frames/Hkui6PJboFg_005547/images/000045.jpg",
      "accident_id": 5,
      "accident_name": "turning",
      "objects": [
        {
          "obj_track_id": 0,
          "bbox": [
            257.1428571428571,
            522.5974025974026,
            395.3246753246753,
            590.1298701298701
          ],
          "category": "rider",
          "category ID": 2,
          "trunc": false
        },
        {
          "obj_track_id": 93,
          "bbox": [
            374.54545454545456,
            524.6753246753246,
            587.5324675324675,
            602.5974025974026
          ],
          "category": "motor",
          "category ID": 7,
          "trunc": false
        }
      ]
    },
    {
      "frame_id": 46,
      "image_path": "frames/Hkui6PJboFg_005547/images/000046.jpg",
      "accident_id": 5,
      "accident_name": "turning",
      "objects": [
        {
          "obj_track_id": 0,
          "bbox": [
            302.85714285714283,
            549.6103896103896,
            395.3246753246753,
            590.1298701298701
          ],
          "category": "rider",
          "category ID": 2,
          "trunc": false
        },
        {
          "obj_track_id": 93,
          "bbox": [
            390.12987012987014,
            508.05194805194805,
            577.1428571428571,
            597.4025974025974
          ],
          "category": "motor",
          "category ID": 7,
          "trunc": false
        }
      ]
    },
    {
      "frame_id": 47,
      "image_path": "frames/Hkui6PJboFg_005547/images/000047.jpg",
      "accident_id": 0,
      "accident_name": "normal",
      "objects": []
    }
  ]
}