{
  "video_name": "HzVbo46kkBA_003594",
  "channel": "CarCrashesTime",
  "num_frames": 139,
  "ignore": false,
  "ego_involve": false,
  "night": true,
  "anomaly_start": 67,
  "anomaly_end": 106,
  "video_start": 3594,
  "video_end": 3732,
  "accident_id": "3",
  "accident_name": "lateral",
  "labels": [
    {
      "frame_id": 0,
      "image_path": "frames/HzVbo46kkBA_003594/images/000000.jpg",
      "accident_id": 0,
      "accident_name": "normal",
      "objects": []
    },
    {
      "frame_id": 1,
      "image_path": "frames/HzVbo46kkBA_003594/images/000001.jpg",
      "accident_id": 0,
      "accident_name": "normal",
      "objects": []
    },
    {
      "frame_id": 2,
      "image_path": "frames/HzVbo46kkBA_003594/images/000002.jpg",
      "accident_id": 0,
      "accident_name": "normal",
      "objects": []
    },
    {
      "frame_id": 3,
      "image_path": "frames/HzVbo46kkBA_003594/images/000003.jpg",
      "accident_id": 0,
      "accident_name": "normal",
      "objects": []
    },
    {
      "frame_id": 4,
      "image_path": "frames/HzVbo46kkBA_003594/images/000004.jpg",
      "accident_id": 0,
      "accident_name": "normal",
      "objects": []
    },
    {
      "frame_id": 5,
      "image_path": "frames/HzVbo46kkBA_003594/images/000005.jpg",
      "accident_id": 0,
      "accident_name": "normal",
      "objects": []
    },
    {
      "frame_id": 6,
      "image_path": "frames/HzVbo46kkBA_003594/images/000006.jpg",
      "accident_id": 0,
      "accident_name": "normal",
      "objects": []
    },
    {
      "frame_id": 7,
      "image_path": "frames/HzVbo46kkBA_003594/images/000007.jpg",
      "accident_id": 0,
      "accident_name": "normal",
      "objects": []
    },
    {
      "frame_id": 8,
      "image_path": "frames/HzVbo46kkBA_003594/images/000008.jpg",
      "accident_id": 0,
      "accident_name": "normal",
      "objects": []
    },
    {
      "frame_id": 9,
      "image_path": "frames/HzVbo46kkBA_003594/images/000009.jpg",
      "accident_id": 0,
      "accident_name": "normal",
      "objects": []
    },
    {
      "frame_id": 10,
      "image_path": "frames/HzVbo46kkBA_003594/images/000010.jpg",
      "accident_id": 0,
      "accident_name": "normal",
      "objects": []
    },
    {
      "frame_id": 11,
      "image_path": "frames/HzVbo46kkBA_003594/images/000011.jpg",
      "accident_id": 0,
      "accident_name": "normal",
      "objects": []
    },
    {
      "frame_id": 12,
      "image_path": "frames/HzVbo46kkBA_003594/images/000012.jpg",
      "accident_id": 0,
      "accident_name": "normal",
      "objects": []
    },
    {
      "frame_id": 13,
      "image_path": "frames/HzVbo46kkBA_003594/images/000013.jpg",
      "accident_id": 0,
      "accident_name": "normal",
      "objects": []
    },
    {
      "frame_id": 14,
      "image_path": "frames/HzVbo46kkBA_003594/images/000014.jpg",
      "accident_id": 0,
      "accident_name": "normal",
      "objects": []
    },
    {
      "frame_id": 15,
      "image_path": "frames/HzVbo46kkBA_003594/images/000015.jpg",
      "accident_id": 0,
      "accident_name": "normal",
      "objects": []
    },
    {
      "frame_id": 16,
      "image_path": "frames/HzVbo46kkBA_003594/images/000016.jpg",
      "accident_id": 0,
      "accident_name": "normal",
      "objects": []
    },
    {
      "frame_id": 17,
      "image_path": "frames/HzVbo46kkBA_003594/images/000017.jpg",
      "accident_id": 0,
      "accident_name": "normal",
      "objects": []
    },
    {
      "frame_id": 18,
      "image_path": "frames/HzVbo46kkBA_003594/images/000018.jpg",
      "accident_id": 0,
      "accident_name": "normal",
      "objects": []
    },
    {
      "frame_id": 19,
      "image_path": "frames/HzVbo46kkBA_003594/images/000019.jpg",
      "accident_id": 0,
      "accident_name": "normal",
      "objects": []
    },
    {
      "frame_id": 20,
      "image_path": "frames/HzVbo46kkBA_003594/images/000020.jpg",
      "accident_id": 0,
      "accident_name": "normal",
      "objects": []
    },
    {
      "frame_id": 21,
      "image_path": "frames/HzVbo46kkBA_003594/images/000021.jpg",
      "accident_id": 0,
      "accident_name": "normal",
      "objects": []
    },
    {
      "frame_id": 22,
      "image_path": "frames/HzVbo46kkBA_003594/images/000022.jpg",
      "accident_id": 0,
      "accident_name": "normal",
      "objects": []
    },
    {
      "frame_id": 23,
      "image_path": "frames/HzVbo46kkBA_003594/images/000023.jpg",
      "accident_id": 0,
      "accident_name": "normal",
      "objects": []
    },
    {
      "frame_id": 24,
      "image_path": "frames/HzVbo46kkBA_003594/images/000024.jpg",
      "accident_id": 0,
      "accident_name": "normal",
      "objects": []
    },
    {
      "frame_id": 25,
      "image_path": "frames/HzVbo46kkBA_003594/images/000025.jpg",
      "accident_id": 0,
      "accident_name": "normal",
      "objects": []
    },
    {
      "frame_id": 26,
      "image_path": "frames/HzVbo46kkBA_003594/images/000026.jpg",
      "accident_id": 0,
      "accident_name": "normal",
      "objects": []
    },
    {
      "frame_id": 27,
      "image_path": "frames/HzVbo46kkBA_003594/images/000027.jpg",
      "accident_id": 0,
      "accident_name": "normal",
      "objects": []
    },
    {
      "frame_id": 28,
      "image_path": "frames/HzVbo46kkBA_003594/images/000028.jpg",
      "accident_id": 0,
      "accident_name": "normal",
      "objects": []
    },
    {
      "frame_id": 29,
      "image_path": "frames/HzVbo46kkBA_003594/images/000029.jpg",
      "accident_id": 0,
      "accident_name": "normal",
      "objects": []
    },
    {
      "frame_id": 30,
      "image_path": "frames/HzVbo46kkBA_003594/images/000030.jpg",
      "accident_id": 0,
      "accident_name": "normal",
      "objects": []
    },
    {
      "frame_id": 31,
      "image_path": "frames/HzVbo46kkBA_003594/images/000031.jpg",
      "accident_id": 0,
      "accident_name": "normal",
      "objects": []
    },
    {
      "frame_id": 32,
      "image_path": "frames/HzVbo46kkBA_003594/images/000032.jpg",
      "accident_id": 0,
      "accident_name": "normal",
      "objects": []
    },
    {
      "frame_id": 33,
      "image_path": "frames/HzVbo46kkBA_003594/images/000033.jpg",
      "accident_id": 0,
      "accident_name": "normal",
      "objects": []
    },
    {
      "frame_id": 34,
      "image_path": "frames/HzVbo46kkBA_003594/images/000034.jpg",
      "accident_id": 0,
      "accident_name": "normal",
      "objects": []
    },
    {
      "frame_id": 35,
      "image_path": "frames/HzVbo46kkBA_003594/images/000035.jpg",
      "accident_id": 0,
      "accident_name": "normal",
      "objects": []
    },
    {
      "frame_id": 36,
      "image_path": "frames/HzVbo46kkBA_003594/images/000036.jpg",
      "accident_id": 0,
      "accident_name": "normal",
      "objects": []
    },
    {
      "frame_id": 37,
      "image_path": "frames/HzVbo46kkBA_003594/images/000037.jpg",
      "accident_id": 0,
      "accident_name": "normal",
      "objects": []
    },
    {
      "frame_id": 38,
      "image_path": "frames/HzVbo46kkBA_003594/images/000038.jpg",
      "accident_id": 0,
      "accident_name": "normal",
      "objects": []
    },
    {
      "frame_id": 39,
      "image_path": "frames/HzVbo46kkBA_003594/images/000039.jpg",
      "accident_id": 0,
      "accident_name": "normal",
      "objects": []
    },
    {
      "frame_id": 40,
      "image_path": "frames/HzVbo46kkBA_003594/images/000040.jpg",
      "accident_id": 0,
      "accident_name": "normal",
      "objects": []
    },
    {
      "frame_id": 41,
      "image_path": "frames/HzVbo46kkBA_003594/images/000041.jpg",
      "accident_id": 0,
      "accident_name": "normal",
      "objects": []
    },
    {
      "frame_id": 42,
      "image_path": "frames/HzVbo46kkBA_003594/images/000042.jpg",
      "accident_id": 0,
      "accident_name": "normal",
      "objects": []
    },
    {
      "frame_id": 43,
      "image_path": "frames/HzVbo46kkBA_003594/images/000043.jpg",
      "accident_id": 0,
      "accident_name": "normal",
      "objects": []
    },
    {
      "frame_id": 44,
      "image_path": "frames/HzVbo46kkBA_003594/images/000044.jpg",
      "accident_id": 0,
      "accident_name": "normal",
      "objects": []
    },
    {
      "frame_id": 45,
      "image_path": "frames/HzVbo46kkBA_003594/images/000045.jpg",
      "accident_id": 0,
      "accident_name": "normal",
      "objects": []
    },
    {
      "frame_id": 46,
      "image_path": "frames/HzVbo46kkBA_003594/images/000046.jpg",
      "accident_id": 0,
      "accident_name": "normal",
      "objects": []
    },
    {
      "frame_id": 47,
      "image_path": "frames/HzVbo46kkBA_003594/images/000047.jpg",
      "accident_id": 0,
      "accident_name": "normal",
      "objects": []
    },
    {
      "frame_id": 48,
      "image_path": "frames/HzVbo46kkBA_003594/images/000048.jpg",
      "accident_id": 0,
      "accident_name": "normal",
      "objects": []
    },
    {
      "frame_id": 49,
      "image_path": "frames/HzVbo46kkBA_003594/images/000049.jpg",
      "accident_id": 0,
      "accident_name": "normal",
      "objects": []
    },
    {
      "frame_id": 50,
      "image_path": "frames/HzVbo46kkBA_003594/images/000050.jpg",
      "accident_id": 0,
      "accident_name": "normal",
      "objects": []
    },
    {
      "frame_id": 51,
      "image_path": "frames/HzVbo46kkBA_003594/images/000051.jpg",
      "accident_id": 0,
      "accident_name": "normal",
      "objects": []
    },
    {
      "frame_id": 52,
      "image_path": "frames/HzVbo46kkBA_003594/images/000052.jpg",
      "accident_id": 0,
      "accident_name": "normal",
      "objects": []
    },
    {
      "frame_id": 53,
      "image_path": "frames/HzVbo46kkBA_003594/images/000053.jpg",
      "accident_id": 0,
      "accident_name": "normal",
      "objects": []
    },
    {
      "frame_id": 54,
      "image_path": "frames/HzVbo46kkBA_003594/images/000054.jpg",
      "accident_id": 0,
      "accident_name": "normal",
      "objects": []
    },
    {
      "frame_id": 55,
      "image_path": "frames/HzVbo46kkBA_003594/images/000055.jpg",
      "accident_id": 0,
      "accident_name": "normal",
      "objects": []
    },
    {
      "frame_id": 56,
      "image_path": "frames/HzVbo46kkBA_003594/images/000056.jpg",
      "accident_id": 0,
      "accident_name": "normal",
      "objects": []
    },
    {
      "frame_id": 57,
      "image_path": "frames/HzVbo46kkBA_003594/images/000057.jpg",
      "accident_id": 0,
      "accident_name": "normal",
      "objects": []
    },
    {
      "frame_id": 58,
      "image_path": "frames/HzVbo46kkBA_003594/images/000058.jpg",
      "accident_id": 0,
      "accident_name": "normal",
      "objects": []
    },
    {
      "frame_id": 59,
      "image_path": "frames/HzVbo46kkBA_003594/images/000059.jpg",
      "accident_id": 0,
      "accident_name": "normal",
      "objects": []
    },
    {
      "frame_id": 60,
      "image_path": "frames/HzVbo46kkBA_003594/images/000060.jpg",
      "accident_id": 0,
      "accident_name": "normal",
      "objects": []
    },
    {
      "frame_id": 61,
      "image_path": "frames/HzVbo46kkBA_003594/images/000061.jpg",
      "accident_id": 0,
      "accident_name": "normal",
      "objects": []
    },
    {
      "frame_id": 62,
      "image_path": "frames/HzVbo46kkBA_003594/images/000062.jpg",
      "accident_id": 0,
      "accident_name": "normal",
      "objects": []
    },
    {
      "frame_id": 63,
      "image_path": "frames/HzVbo46kkBA_003594/images/000063.jpg",
      "accident_id": 0,
      "accident_name": "normal",
      "objects": []
    },
    {
      "frame_id": 64,
      "image_path": "frames/HzVbo46kkBA_003594/images/000064.jpg",
      "accident_id": 0,
      "accident_name": "normal",
      "objects": []
    },
    {
      "frame_id": 65,
      "image_path": "frames/HzVbo46kkBA_003594/images/000065.jpg",
      "accident_id": 0,
      "accident_name": "normal",
      "objects": []
    },
    {
      "frame_id": 66,
      "image_path": "frames/HzVbo46kkBA_003594/images/000066.jpg",
      "accident_id": 0,
      "accident_name": "normal",
      "objects": []
    },
    {
      "frame_id": 67,
      "image_path": "frames/HzVbo46kkBA_003594/images/000067.jpg",
      "accident_id": 3,
      "accident_name": "lateral",
      "objects": [
        {
          "obj_track_id": 140,
          "bbox": [
            573.7369033760186,
            326.0535506402794,
            826.0302677532014,
            434.1792782305006
          ],
          "category": "car",
          "category ID": 3,
          "trunc": false
        }
      ]
    },
    {
      "frame_id": 68,
      "image_path": "frames/HzVbo46kkBA_003594/images/000068.jpg",
      "accident_id": 3,
      "accident_name": "lateral",
      "objects": [
        {
          "obj_track_id": 140,
          "bbox": [
            551.105937136205,
            326.0535506402794,
            800.046565774156,
            434.1792782305006
          ],
          "category": "car",
          "category ID": 3,
          "trunc": false
        }
      ]
    },
    {
      "frame_id": 69,
      "image_path": "frames/HzVbo46kkBA_003594/images/000069.jpg",
      "accident_id": 3,
      "accident_name": "lateral",
      "objects": [
        {
          "obj_track_id": 140,
          "bbox": [
            527.6367869615832,
            327.72991850989524,
            777.4155995343423,
            434.1792782305006
          ],
          "category": "car",
          "category ID": 3,
          "trunc": false
        }
      ]
    },
    {
      "frame_id": 70,
      "image_path": "frames/HzVbo46kkBA_003594/images/000070.jpg",
      "accident_id": 3,
      "accident_name": "lateral",
      "objects": [
        {
          "obj_track_id": 140,
          "bbox": [
            504.16763678696157,
            329.4062863795111,
            751.4318975552968,
            432.50291036088475
          ],
          "category": "car",
          "category ID": 3,
          "trunc": false
        }
      ]
    },
    {
      "frame_id": 71,
      "image_path": "frames/HzVbo46kkBA_003594/images/000071.jpg",
      "accident_id": 3,
      "accident_name": "lateral",
      "objects": [
        {
          "obj_track_id": 140,
          "bbox": [
            483.2130384167637,
            329.4062863795111,
            722.9336437718277,
            432.50291036088475
          ],
          "category": "car",
          "category ID": 3,
          "trunc": false
        }
      ]
    },
    {
      "frame_id": 72,
      "image_path": "frames/HzVbo46kkBA_003594/images/000072.jpg",
      "accident_id": 3,
      "accident_name": "lateral",
      "objects": [
        {
          "obj_track_id": 140,
          "bbox": [
            462.2584400465658,
            328.56810244470313,
            697.7881257275902,
            431.66472642607687
          ],
          "category": "car",
          "category ID": 3,
          "trunc": false
        }
      ]
    },
    {
      "frame_id": 73,
      "image_path": "frames/HzVbo46kkBA_003594/images/000073.jpg",
      "accident_id": 3,
      "accident_name": "lateral",
      "objects": [
        {
          "obj_track_id": 140,
          "bbox": [
            441.3038416763679,
            329.4062863795111,
            667.6135040745053,
            433.3410942956927
          ],
          "category": "car",
          "category ID": 3,
          "trunc": false
        }
      ]
    },
    {
      "frame_id": 74,
      "image_path": "frames/HzVbo46kkBA_003594/images/000074.jpg",
      "accident_id": 3,
      "accident_name": "lateral",
      "objects": [
        {
          "obj_track_id": 140,
          "bbox": [
            420.34924330616997,
            331.0826542491269,
            644.9825378346915,
            433.3410942956927
          ],
          "category": "car",
          "category ID": 3,
          "trunc": false
        }
      ]
    },
    {
      "frame_id": 75,
      "image_path": "frames/HzVbo46kkBA_003594/images/000075.jpg",
      "accident_id": 3,
      "accident_name": "lateral",
      "objects": [
        {
          "obj_track_id": 140,
          "bbox": [
            400.23282887078,
            331.9208381839348,
            620.6752037252619,
            431.66472642607687
          ],
          "category": "car",
          "category ID": 3,
          "trunc": false
        }
      ]
    },
    {
      "frame_id": 76,
      "image_path": "frames/HzVbo46kkBA_003594/images/000076.jpg",
      "accident_id": 3,
      "accident_name": "lateral",
      "objects": [
        {
          "obj_track_id": 140,
          "bbox": [
            382.63096623981374,
            331.9208381839348,
            596.3678696158323,
            430.8265424912689
          ],
          "category": "car",
          "category ID": 3,
          "trunc": false
        }
      ]
    },
    {
      "frame_id": 77,
      "image_path": "frames/HzVbo46kkBA_003594/images/000077.jpg",
      "accident_id": 3,
      "accident_name": "lateral",
      "objects": [
        {
          "obj_track_id": 140,
          "bbox": [
            365.0291036088475,
            333.5972060535506,
            574.5750873108266,
            431.66472642607687
          ],
          "category": "car",
          "category ID": 3,
          "trunc": false
        }
      ]
    },
    {
      "frame_id": 78,
      "image_path": "frames/HzVbo46kkBA_003594/images/000078.jpg",
      "accident_id": 3,
      "accident_name": "lateral",
      "objects": [
        {
          "obj_track_id": 140,
          "bbox": [
            349.941792782305,
            334.43538998835857,
            553.6204889406287,
            432.50291036088475
          ],
          "category": "car",
          "category ID": 3,
          "trunc": false
        }
      ]
    },
    {
      "frame_id": 79,
      "image_path": "frames/HzVbo46kkBA_003594/images/000079.jpg",
      "accident_id": 3,
      "accident_name": "lateral",
      "objects": [
        {
          "obj_track_id": 140,
          "bbox": [
            337.36903376018626,
            336.1117578579744,
            536.8568102444704,
            433.3410942956927
          ],
          "category": "car",
          "category ID": 3,
          "trunc": false
        }
      ]
    },
    {
      "frame_id": 80,
      "image_path": "frames/HzVbo46kkBA_003594/images/000080.jpg",
      "accident_id": 3,
      "accident_name": "lateral",
      "objects": [
        {
          "obj_track_id": 140,
          "bbox": [
            325.63445867287544,
            338.62630966239817,
            518.4167636786962,
            431.66472642607687
          ],
          "category": "car",
          "category ID": 3,
          "trunc": false
        },
        {
          "obj_track_id": 316,
          "bbox": [
            448.84749708963915,
            350.360884749709,
            535.1804423748545,
            408.1955762514552
          ],
          "category": "car",
          "category ID": 3,
          "trunc": false
        },
        {
          "obj_track_id": 376,
          "bbox": [
            308.87077997671713,
            356.22817229336437,
            402.7473806752037,
            419.0919674039581
          ],
          "category": "car",
          "category ID": 3,
          "trunc": false
        }
      ]
    },
    {
      "frame_id": 81,
      "image_path": "frames/HzVbo46kkBA_003594/images/000081.jpg",
      "accident_id": 3,
      "accident_name": "lateral",
      "objects": [
        {
          "obj_track_id": 140,
          "bbox": [
            317.2526193247963,
            341.97904540162983,
            500.8149010477299,
            431.66472642607687
          ],
          "category": "car",
          "category ID": 3,
          "trunc": false
        },
        {
          "obj_track_id": 316,
          "bbox": [
            442.14202561117577,
            352.0372526193248,
            530.151338766007,
            408.1955762514552
          ],
          "category": "car",
          "category ID": 3,
          "trunc": false
        },
        {
          "obj_track_id": 376,
          "bbox": [
            285.40162980209544,
            356.22817229336437,
            396.0419091967404,
            419.0919674039581
          ],
          "category": "car",
          "category ID": 3,
          "trunc": false
        }
      ]
    },
    {
      "frame_id": 82,
      "image_path": "frames/HzVbo46kkBA_003594/images/000082.jpg",
      "accident_id": 3,
      "accident_name": "lateral",
      "objects": [
        {
          "obj_track_id": 140,
          "bbox": [
            301.32712456344586,
            336.1117578579744,
            494.1094295692666,
            430.8265424912689
          ],
          "category": "car",
          "category ID": 3,
          "trunc": false
        },
        {
          "obj_track_id": 316,
          "bbox": [
            432.9220023282887,
            352.0372526193248,
            530.151338766007,
            411.54831199068684
          ],
          "category": "car",
          "category ID": 3,
          "trunc": false
        },
        {
          "obj_track_id": 376,
          "bbox": [
            256.9033760186263,
            357.0663562281723,
            385.9837019790454,
            419.930151338766
          ],
          "category": "car",
          "category ID": 3,
          "trunc": false
        }
      ]
    },
    {
      "frame_id": 83,
      "image_path": "frames/HzVbo46kkBA_003594/images/000083.jpg",
      "accident_id": 3,
      "accident_name": "lateral",
      "objects": [
        {
          "obj_track_id": 140,
          "bbox": [
            279.53434225844006,
            331.0826542491269,
            473.9930151338766,
            430.8265424912689
          ],
          "category": "car",
          "category ID": 3,
          "trunc": false
        },
        {
          "obj_track_id": 316,
          "bbox": [
            428.7310826542491,
            348.68451688009316,
            532.6658905704307,
            414.9010477299185
          ],
          "category": "car",
          "category ID": 3,
          "trunc": false
        },
        {
          "obj_track_id": 376,
          "bbox": [
            228.40512223515717,
            356.22817229336437,
            351.61816065192085,
            424.1210710128056
          ],
          "category": "car",
          "category ID": 3,
          "trunc": false
        }
      ]
    },
    {
      "frame_id": 84,
      "image_path": "frames/HzVbo46kkBA_003594/images/000084.jpg",
      "accident_id": 3,
      "accident_name": "lateral",
      "objects": [
        {
          "obj_track_id": 140,
          "bbox": [
            260.256111757858,
            326.0535506402794,
            466.44935972060534,
            435.8556461001164
          ],
          "category": "car",
          "category ID": 3,
          "trunc": false
        },
        {
          "obj_track_id": 316,
          "bbox": [
            417.83469150174625,
            347.8463329452852,
            533.5040745052387,
            422.44470314318977
          ],
          "category": "car",
          "category ID": 3,
          "trunc": false
        },
        {
          "obj_track_id": 376,
          "bbox": [
            194.87776484284052,
            356.22817229336437,
            329.82537834691504,
            429.1501746216531
          ],
          "category": "car",
          "category ID": 3,
          "trunc": false
        }
      ]
    },
    {
      "frame_id": 85,
      "image_path": "frames/HzVbo46kkBA_003594/images/000085.jpg",
      "accident_id": 3,
      "accident_name": "lateral",
      "objects": [
        {
          "obj_track_id": 140,
          "bbox": [
            239.30151338766007,
            330.24447031431896,
            444.65657741559954,
            437.53201396973225
          ],
          "category": "car",
          "category ID": 3,
          "trunc": false
        },
        {
          "obj_track_id": 316,
          "bbox": [
            413.64377182770664,
            347.8463329452852,
            533.5040745052387,
            425.79743888242143
          ],
          "category": "car",
          "category ID": 3,
          "trunc": false
        },
        {
          "obj_track_id": 376,
          "bbox": [
            163.0267753201397,
            359.580908032596,
            304.6798603026775,
            438.3701979045402
          ],
          "category": "car",
          "category ID": 3,
          "trunc": false
        }
      ]
    },
    {
      "frame_id": 86,
      "image_path": "frames/HzVbo46kkBA_003594/images/000086.jpg",
      "accident_id": 3,
      "accident_name": "lateral",
      "objects": [
        {
          "obj_track_id": 140,
          "bbox": [
            204.9359720605355,
            336.9499417927823,
            408.61466821885915,
            445.0756693830035
          ],
          "category": "car",
          "category ID": 3,
          "trunc": false
        },
        {
          "obj_track_id": 316,
          "bbox": [
            396.0419091967404,
            352.0372526193248,
            531.8277066356228,
            431.66472642607687
          ],
          "category": "car",
          "category ID": 3,
          "trunc": false
        },
        {
          "obj_track_id": 376,
          "bbox": [
            124.47031431897555,
            362.9336437718277,
            266.1233993015134,
            445.0756693830035
          ],
          "category": "car",
          "category ID": 3,
          "trunc": false
        }
      ]
    },
    {
      "frame_id": 87,
      "image_path": "frames/HzVbo46kkBA_003594/images/000087.jpg",
      "accident_id": 3,
      "accident_name": "lateral",
      "objects": [
        {
          "obj_track_id": 140,
          "bbox": [
            167.21769499417928,
            347.0081490104773,
            388.4982537834692,
            445.0756693830035
          ],
          "category": "car",
          "category ID": 3,
          "trunc": false
        },
        {
          "obj_track_id": 316,
          "bbox": [
            381.7927823050058,
            352.0372526193248,
            527.6367869615832,
            435.01746216530853
          ],
          "category": "car",
          "category ID": 3,
          "trunc": false
        },
        {
          "obj_track_id": 376,
          "bbox": [
            76.69383003492433,
            366.28637951105935,
            246.84516880093133,
            455.9720605355064
          ],
          "category": "car",
          "category ID": 3,
          "trunc": false
        }
      ]
    },
    {
      "frame_id": 88,
      "image_path": "frames/HzVbo46kkBA_003594/images/000088.jpg",
      "accident_id": 3,
      "accident_name": "lateral",
      "objects": [
        {
          "obj_track_id": 140,
          "bbox": [
            174.76135040745052,
            347.0081490104773,
            373.41094295692665,
            445.9138533178114
          ],
          "category": "car",
          "category ID": 3,
          "trunc": false
        },
        {
          "obj_track_id": 316,
          "bbox": [
            369.2200232828871,
            352.0372526193248,
            521.7694994179278,
            435.8556461001164
          ],
          "category": "car",
          "category ID": 3,
          "trunc": false
        },
        {
          "obj_track_id": 376,
          "bbox": [
            27.240977881257276,
            367.9627473806752,
            195.71594877764844,
            461.8393480791618
          ],
          "category": "car",
          "category ID": 3,
          "trunc": false
        }
      ]
    },
    {
      "frame_id": 89,
      "image_path": "frames/HzVbo46kkBA_003594/images/000089.jpg",
      "accident_id": 3,
      "accident_name": "lateral",
      "objects": [
        {
          "obj_track_id": 140,
          "bbox": [
            156.32130384167638,
            339.46449359720606,
            380.11641443538997,
            449.26658905704306
          ],
          "category": "car",
          "category ID": 3,
          "trunc": false
        },
        {
          "obj_track_id": 316,
          "bbox": [
            369.2200232828871,
            352.0372526193248,
            519.2549476135041,
            440.046565774156
          ],
          "category": "car",
          "category ID": 3,
          "trunc": false
        },
        {
          "obj_track_id": 376,
          "bbox": [
            0,
            364.6100116414435,
            146.26309662398137,
            476.0884749708964
          ],
          "category": "car",
          "category ID": 3,
          "trunc": true
        }
      ]
    },
    {
      "frame_id": 90,
      "image_path": "frames/HzVbo46kkBA_003594/images/000090.jpg",
      "accident_id": 3,
      "accident_name": "lateral",
      "objects": [
        {
          "obj_track_id": 140,
          "bbox": [
            138.71944121071013,
            339.46449359720606,
            380.11641443538997,
            450.9429569266589
          ],
          "category": "car",
          "category ID": 3,
          "trunc": false
        },
        {
          "obj_track_id": 316,
          "bbox": [
            360.83818393480794,
            352.0372526193248,
            514.2258440046566,
            440.046565774156
          ],
          "category": "car",
          "category ID": 3,
          "trunc": false
        },
        {
          "obj_track_id": 376,
          "bbox": [
            0,
            364.6100116414435,
            92.61932479627474,
            481.1175785797439
          ],
          "category": "car",
          "category ID": 3,
          "trunc": true
        }
      ]
    },
    {
      "frame_id": 91,
      "image_path": "frames/HzVbo46kkBA_003594/images/000091.jpg",
      "accident_id": 3,
      "accident_name": "lateral",
      "objects": [
        {
          "obj_track_id": 140,
          "bbox": [
            125.30849825378347,
            339.46449359720606,
            380.11641443538997,
            450.9429569266589
          ],
          "category": "car",
          "category ID": 3,
          "trunc": false
        },
        {
          "obj_track_id": 316,
          "bbox": [
            358.32363213038417,
            352.0372526193248,
            509.1967403958091,
            440.046565774156
          ],
          "category": "car",
          "category ID": 3,
          "trunc": false
        }
      ]
    },
    {
      "frame_id": 92,
      "image_path": "frames/HzVbo46kkBA_003594/images/000092.jpg",
      "accident_id": 3,
      "accident_name": "lateral",
      "objects": [
        {
          "obj_track_id": 140,
          "bbox": [
            106.0302677532014,
            339.46449359720606,
            377.60186263096625,
            455.1338766006985
          ],
          "category": "car",
          "category ID": 3,
          "trunc": false
        },
        {
          "obj_track_id": 316,
          "bbox": [
            350.7799767171129,
            350.360884749709,
            505.0058207217695,
            441.72293364377185
          ],
          "category": "car",
          "category ID": 3,
          "trunc": false
        }
      ]
    },
    {
      "frame_id": 93,
      "image_path": "frames/HzVbo46kkBA_003594/images/000093.jpg",
      "accident_id": 3,
      "accident_name": "lateral",
      "objects": [
        {
          "obj_track_id": 140,
          "bbox": [
            101.83934807916182,
            347.0081490104773,
            327.31082654249127,
            454.29569266589056
          ],
          "category": "car",
          "category ID": 3,
          "trunc": false
        },
        {
          "obj_track_id": 316,
          "bbox": [
            344.9126891734575,
            352.0372526193248,
            503.3294528521537,
            448.4284051222352
          ],
          "category": "car",
          "category ID": 3,
          "trunc": false
        }
      ]
    },
    {
      "frame_id": 94,
      "image_path": "frames/HzVbo46kkBA_003594/images/000094.jpg",
      "accident_id": 3,
      "accident_name": "lateral",
      "objects": [
        {
          "obj_track_id": 140,
          "bbox": [
            84.23748544819557,
            351.1990686845169,
            315.57625145518045,
            463.51571594877765
          ],
          "category": "car",
          "category ID": 3,
          "trunc": false
        },
        {
          "obj_track_id": 316,
          "bbox": [
            339.0454016298021,
            355.3899883585565,
            499.976717112922,
            452.6193247962747
          ],
          "category": "car",
          "category ID": 3,
          "trunc": false
        }
      ]
    },
    {
      "frame_id": 95,
      "image_path": "frames/HzVbo46kkBA_003594/images/000095.jpg",
      "accident_id": 3,
      "accident_name": "lateral",
      "objects": [
        {
          "obj_track_id": 140,
          "bbox": [
            74.17927823050059,
            348.68451688009316,
            304.6798603026775,
            461.8393480791618
          ],
          "category": "car",
          "category ID": 3,
          "trunc": false
        },
        {
          "obj_track_id": 316,
          "bbox": [
            329.82537834691504,
            357.9045401629802,
            497.46216530849824,
            455.1338766006985
          ],
          "category": "car",
          "category ID": 3,
          "trunc": false
        }
      ]
    },
    {
      "frame_id": 96,
      "image_path": "frames/HzVbo46kkBA_003594/images/000096.jpg",
      "accident_id": 3,
      "accident_name": "lateral",
      "objects": [
        {
          "obj_track_id": 140,
          "bbox": [
            59.93015133876601,
            348.68451688009316,
            293.78346915017465,
            463.51571594877765
          ],
          "category": "car",
          "category ID": 3,
          "trunc": false
        },
        {
          "obj_track_id": 316,
          "bbox": [
            324.79627473806755,
            357.9045401629802,
            492.43306169965075,
            455.9720605355064
          ],
          "category": "car",
          "category ID": 3,
          "trunc": false
        }
      ]
    },
    {
      "frame_id": 97,
      "image_path": "frames/HzVbo46kkBA_003594/images/000097.jpg",
      "accident_id": 3,
      "accident_name": "lateral",
      "objects": [
        {
          "obj_track_id": 140,
          "bbox": [
            49.033760186263095,
            352.0372526193248,
            285.40162980209544,
            463.51571594877765
          ],
          "category": "car",
          "category ID": 3,
          "trunc": false
        },
        {
          "obj_track_id": 316,
          "bbox": [
            316.41443538998834,
            357.9045401629802,
            489.91850989522703,
            459.32479627473805
          ],
          "category": "car",
          "category ID": 3,
          "trunc": false
        }
      ]
    },
    {
      "frame_id": 98,
      "image_path": "frames/HzVbo46kkBA_003594/images/000098.jpg",
      "accident_id": 3,
      "accident_name": "lateral",
      "objects": [
        {
          "obj_track_id": 140,
          "bbox": [
            44.84284051222352,
            352.0372526193248,
            277.85797438882423,
            464.3538998835856
          ],
          "category": "car",
          "category ID": 3,
          "trunc": false
        },
        {
          "obj_track_id": 316,
          "bbox": [
            313.0616996507567,
            354.55180442374854,
            489.91850989522703,
            459.32479627473805
          ],
          "category": "car",
          "category ID": 3,
          "trunc": false
        }
      ]
    },
    {
      "frame_id": 99,
      "image_path": "frames/HzVbo46kkBA_003594/images/000099.jpg",
      "accident_id": 3,
      "accident_name": "lateral",
      "objects": [
        {
          "obj_track_id": 140,
          "bbox": [
            38.13736903376019,
            352.0372526193248,
            261.09429569266587,
            465.1920838183935
          ],
          "category": "car",
          "category ID": 3,
          "trunc": false
        },
        {
          "obj_track_id": 316,
          "bbox": [
            309.708963911525,
            354.55180442374854,
            488.2421420256112,
            461.0011641443539
          ],
          "category": "car",
          "category ID": 3,
          "trunc": false
        }
      ]
    },
    {
      "frame_id": 100,
      "image_path": "frames/HzVbo46kkBA_003594/images/000100.jpg",
      "accident_id": 3,
      "accident_name": "lateral",
      "objects": [
        {
          "obj_track_id": 140,
          "bbox": [
            27.240977881257276,
            352.0372526193248,
            250.197904540163,
            465.1920838183935
          ],
          "category": "car",
          "category ID": 3,
          "trunc": false
        },
        {
          "obj_track_id": 316,
          "bbox": [
            307.1944121071013,
            354.55180442374854,
            487.40395809080326,
            464.3538998835856
          ],
          "category": "car",
          "category ID": 3,
          "trunc": false
        }
      ]
    },
    {
      "frame_id": 101,
      "image_path": "frames/HzVbo46kkBA_003594/images/000101.jpg",
      "accident_id": 3,
      "accident_name": "lateral",
      "objects": [
        {
          "obj_track_id": 140,
          "bbox": [
            17.18277066356228,
            352.0372526193248,
            245.16880093131547,
            467.70663562281726
          ],
          "category": "car",
          "category ID": 3,
          "trunc": false
        },
        {
          "obj_track_id": 316,
          "bbox": [
            307.1944121071013,
            354.55180442374854,
            487.40395809080326,
            466.03026775320143
          ],
          "category": "car",
          "category ID": 3,
          "trunc": false
        }
      ]
    },
    {
      "frame_id": 102,
      "image_path": "frames/HzVbo46kkBA_003594/images/000102.jpg",
      "accident_id": 3,
      "accident_name": "lateral",
      "objects": [
        {
          "obj_track_id": 140,
          "bbox": [
            7.124563445867287,
            352.0372526193248,
            234.27240977881257,
            467.70663562281726
          ],
          "category": "car",
          "category ID": 3,
          "trunc": false
        },
        {
          "obj_track_id": 316,
          "bbox": [
            304.6798603026775,
            354.55180442374854,
            487.40395809080326,
            464.77299185098957
          ],
          "category": "car",
          "category ID": 3,
          "trunc": false
        }
      ]
    },
    {
      "frame_id": 103,
      "image_path": "frames/HzVbo46kkBA_003594/images/000103.jpg",
      "accident_id": 3,
      "accident_name": "lateral",
      "objects": [
        {
          "obj_track_id": 316,
          "bbox": [
            302.1653084982538,
            354.55180442374854,
            487.40395809080326,
            463.51571594877765
          ],
          "category": "car",
          "category ID": 3,
          "trunc": false
        }
      ]
    },
    {
      "frame_id": 104,
      "image_path": "frames/HzVbo46kkBA_003594/images/000104.jpg",
      "accident_id": 3,
      "accident_name": "lateral",
      "objects": [
        {
          "obj_track_id": 316,
          "bbox": [
            297.9743888242142,
            354.55180442374854,
            484.0512223515716,
            466.03026775320143
          ],
          "category": "car",
          "category ID": 3,
          "trunc": false
        }
      ]
    },
    {
      "frame_id": 105,
      "image_path": "frames/HzVbo46kkBA_003594/images/000105.jpg",
      "accident_id": 3,
      "accident_name": "lateral",
      "objects": [
        {
          "obj_track_id": 316,
          "bbox": [
            297.9743888242142,
            354.55180442374854,
            484.0512223515716,
            466.03026775320143
          ],
          "category": "car",
          "category ID": 3,
          "trunc": false
        }
      ]
    },
    {
      "frame_id": 106,
      "image_path": "frames/HzVbo46kkBA_003594/images/000106.jpg",
      "accident_id": 0,
      "accident_name": "normal",
      "objects": []
    },
    {
      "frame_id": 107,
      "image_path": "frames/HzVbo46kkBA_003594/images/000107.jpg",
      "accident_id": 0,
      "accident_name": "normal",
      "objects": []
    },
    {
      "frame_id": 108,
      "image_path": "frames/HzVbo46kkBA_003594/images/000108.jpg",
      "accident_id": 0,
      "accident_name": "normal",
      "objects": []
    },
    {
      "frame_id": 109,
      "image_path": "frames/HzVbo46kkBA_003594/images/000109.jpg",
      "accident_id": 0,
      "accident_name": "normal",
      "objects": []
    },
    {
      "frame_id": 110,
      "image_path": "frames/HzVbo46kkBA_003594/images/000110.jpg",
      "accident_id": 0,
      "accident_name": "normal",
      "objects": []
    },
    {
      "frame_id": 111,
      "image_path": "frames/HzVbo46kkBA_003594/images/000111.jpg",
      "accident_id": 0,
      "accident_name": "normal",
      "objects": []
    },
    {
      "frame_id": 112,
      "image_path": "frames/HzVbo46kkBA_003594/images/000112.jpg",
      "accident_id": 0,
      "accident_name": "normal",
      "objects": []
    },
    {
      "frame_id": 113,
      "image_path": "frames/HzVbo46kkBA_003594/images/000113.jpg",
      "accident_id": 0,
      "accident_name": "normal",
      "objects": []
    },
    {
      "frame_id": 114,
      "image_path": "frames/HzVbo46kkBA_003594/images/000114.jpg",
      "accident_id": 0,
      "accident_name": "normal",
      "objects": []
    },
    {
      "frame_id": 115,
      "image_path": "frames/HzVbo46kkBA_003594/images/000115.jpg",
      "accident_id": 0,
      "accident_name": "normal",
      "objects": []
    },
    {
      "frame_id": 116,
      "image_path": "frames/HzVbo46kkBA_003594/images/000116.jpg",
      "accident_id": 0,
      "accident_name": "normal",
      "objects": []
    },
    {
      "frame_id": 117,
      "image_path": "frames/HzVbo46kkBA_003594/images/000117.jpg",
      "accident_id": 0,
      "accident_name": "normal",
      "objects": []
    },
    {
      "frame_id": 118,
      "image_path": "frames/HzVbo46kkBA_003594/images/000118.jpg",
      "accident_id": 0,
      "accident_name": "normal",
      "objects": []
    },
    {
      "frame_id": 119,
      "image_path": "frames/HzVbo46kkBA_003594/images/000119.jpg",
      "accident_id": 0,
      "accident_name": "normal",
      "objects": []
    },
    {
      "frame_id": 120,
      "image_path": "frames/HzVbo46kkBA_003594/images/000120.jpg",
      "accident_id": 0,
      "accident_name": "normal",
      "objects": []
    },
    {
      "frame_id": 121,
      "image_path": "frames/HzVbo46kkBA_003594/images/000121.jpg",
      "accident_id": 0,
      "accident_name": "normal",
      "objects": []
    },
    {
      "frame_id": 122,
      "image_path": "frames/HzVbo46kkBA_003594/images/000122.jpg",
      "accident_id": 0,
      "accident_name": "normal",
      "objects": []
    },
    {
      "frame_id": 123,
      "image_path": "frames/HzVbo46kkBA_003594/images/000123.jpg",
      "accident_id": 0,
      "accident_name": "normal",
      "objects": []
    },
    {
      "frame_id": 124,
      "image_path": "frames/HzVbo46kkBA_003594/images/000124.jpg",
      "accident_id": 0,
      "accident_name": "normal",
      "objects": []
    },
    {
      "frame_id": 125,
      "image_path": "frames/HzVbo46kkBA_003594/images/000125.jpg",
      "accident_id": 0,
      "accident_name": "normal",
      "objects": []
    },
    {
      "frame_id": 126,
      "image_path": "frames/HzVbo46kkBA_003594/images/000126.jpg",
      "accident_id": 0,
      "accident_name": "normal",
      "objects": []
    },
    {
      "frame_id": 127,
      "image_path": "frames/HzVbo46kkBA_003594/images/000127.jpg",
      "accident_id": 0,
      "accident_name": "normal",
      "objects": []
    },
    {
      "frame_id": 128,
      "image_path": "frames/HzVbo46kkBA_003594/images/000128.jpg",
      "accident_id": 0,
      "accident_name": "normal",
      "objects": []
    },
    {
      "frame_id": 129,
      "image_path": "frames/HzVbo46kkBA_003594/images/000129.jpg",
      "accident_id": 0,
      "accident_name": "normal",
      "objects": []
    },
    {
      "frame_id": 130,
      "image_path": "frames/HzVbo46kkBA_003594/images/000130.jpg",
      "accident_id": 0,
      "accident_name": "normal",
      "objects": []
    },
    {
      "frame_id": 131,
      "image_path": "frames/HzVbo46kkBA_003594/images/000131.jpg",
      "accident_id": 0,
      "accident_name": "normal",
      "objects": []
    },
    {
      "frame_id": 132,
      "image_path": "frames/HzVbo46kkBA_003594/images/000132.jpg",
      "accident_id": 0,
      "accident_name": "normal",
      "objects": []
    },
    {
      "frame_id": 133,
      "image_path": "frames/HzVbo46kkBA_003594/images/000133.jpg",
      "accident_id": 0,
      "accident_name": "normal",
      "objects": []
    },
    {
      "frame_id": 134,
      "image_path": "frames/HzVbo46kkBA_003594/images/000134.jpg",
      "accident_id": 0,
      "accident_name": "normal",
      "objects": []
    },
    {
      "frame_id": 135,
      "image_path": "frames/HzVbo46kkBA_003594/images/000135.jpg",
      "accident_id": 0,
      "accident_name": "normal",
      "objects": []
    },
    {
      "frame_id": 136,
      "image_path": "frames/HzVbo46kkBA_003594/images/000136.jpg",
      "accident_id": 0,
      "accident_name": "normal",
      "objects": []
    },
    {
      "frame_id": 137,
      "image_path": "frames/HzVbo46kkBA_003594/images/000137.jpg",
      "accident_id": 0,
      "accident_name": "normal",
      "objects": []
    },
    {
      "frame_id": 138,
      "image_path": "frames/HzVbo46kkBA_003594/images/000138.jpg",
      "accident_id": 0,
      "accident_name": "normal",
      "objects": []
    }
  ]
}