{
  "video_name": "J-j5eIHg8I0_003855",
  "channel": "CarCrashesTime",
  "num_frames": 123,
  "ignore": false,
  "ego_involve": false,
  "night": false,
  "anomaly_start": 25,
  "anomaly_end": 89,
  "video_start": 3855,
  "video_end": 3977,
  "accident_id": "3",
  "accident_name": "lateral",
  "labels": [
    {
      "frame_id": 0,
      "image_path": "frames/J-j5eIHg8I0_003855/images/000000.jpg",
      "accident_id": 0,
      "accident_name": "normal",
      "objects": []
    },
    {
      "frame_id": 1,
      "image_path": "frames/J-j5eIHg8I0_003855/images/000001.jpg",
      "accident_id": 0,
      "accident_name": "normal",
      "objects": []
    },
    {
      "frame_id": 2,
      "image_path": "frames/J-j5eIHg8I0_003855/images/000002.jpg",
      "accident_id": 0,
      "accident_name": "normal",
      "objects": []
    },
    {
      "frame_id": 3,
      "image_path": "frames/J-j5eIHg8I0_003855/images/000003.jpg",
      "accident_id": 0,
      "accident_name": "normal",
      "objects": []
    },
    {
      "frame_id": 4,
      "image_path": "frames/J-j5eIHg8I0_003855/images/000004.jpg",
      "accident_id": 0,
      "accident_name": "normal",
      "objects": []
    },
    {
      "frame_id": 5,
      "image_path": "frames/J-j5eIHg8I0_003855/images/000005.jpg",
      "accident_id": 0,
      "accident_name": "normal",
      "objects": []
    },
    {
      "frame_id": 6,
      "image_path": "frames/J-j5eIHg8I0_003855/images/000006.jpg",
      "accident_id": 0,
      "accident_name": "normal",
      "objects": []
    },
    {
      "frame_id": 7,
      "image_path": "frames/J-j5eIHg8I0_003855/images/000007.jpg",
      "accident_id": 0,
      "accident_name": "normal",
      "objects": []
    },
    {
      "frame_id": 8,
      "image_path": "frames/J-j5eIHg8I0_003855/images/000008.jpg",
      "accident_id": 0,
      "accident_name": "normal",
      "objects": []
    },
    {
      "frame_id": 9,
      "image_path": "frames/J-j5eIHg8I0_003855/images/000009.jpg",
      "accident_id": 0,
      "accident_name": "normal",
      "objects": []
    },
    {
      "frame_id": 10,
      "image_path": "frames/J-j5eIHg8I0_003855/images/000010.jpg",
      "accident_id": 0,
      "accident_name": "normal",
      "objects": []
    },
    {
      "frame_id": 11,
      "image_path": "frames/J-j5eIHg8I0_003855/images/000011.jpg",
      "accident_id": 0,
      "accident_name": "normal",
      "objects": []
    },
    {
      "frame_id": 12,
      "image_path": "frames/J-j5eIHg8I0_003855/images/000012.jpg",
      "accident_id": 0,
      "accident_name": "normal",
      "objects": []
    },
    {
      "frame_id": 13,
      "image_path": "frames/J-j5eIHg8I0_003855/images/000013.jpg",
      "accident_id": 0,
      "accident_name": "normal",
      "objects": []
    },
    {
      "frame_id": 14,
      "image_path": "frames/J-j5eIHg8I0_003855/images/000014.jpg",
      "accident_id": 0,
      "accident_name": "normal",
      "objects": []
    },
    {
      "frame_id": 15,
      "image_path": "frames/J-j5eIHg8I0_003855/images/000015.jpg",
      "accident_id": 0,
      "accident_name": "normal",
      "objects": []
    },
    {
      "frame_id": 16,
      "image_path": "frames/J-j5eIHg8I0_003855/images/000016.jpg",
      "accident_id": 0,
      "accident_name": "normal",
      "objects": []
    },
    {
      "frame_id": 17,
      "image_path": "frames/J-j5eIHg8I0_003855/images/000017.jpg",
      "accident_id": 0,
      "accident_name": "normal",
      "objects": []
    },
    {
      "frame_id": 18,
      "image_path": "frames/J-j5eIHg8I0_003855/images/000018.jpg",
      "accident_id": 0,
      "accident_name": "normal",
      "objects": []
    },
    {
      "frame_id": 19,
      "image_path": "frames/J-j5eIHg8I0_003855/images/000019.jpg",
      "accident_id": 0,
      "accident_name": "normal",
      "objects": []
    },
    {
      "frame_id": 20,
      "image_path": "frames/J-j5eIHg8I0_003855/images/000020.jpg",
      "accident_id": 0,
      "accident_name": "normal",
      "objects": []
    },
    {
      "frame_id": 21,
      "image_path": "frames/J-j5eIHg8I0_003855/images/000021.jpg",
      "accident_id": 0,
      "accident_name": "normal",
      "objects": []
    },
    {
      "frame_id": 22,
      "image_path": "frames/J-j5eIHg8I0_003855/images/000022.jpg",
      "accident_id": 0,
      "accident_name": "normal",
      "objects": []
    },
    {
      "frame_id": 23,
      "image_path": "frames/J-j5eIHg8I0_003855/images/000023.jpg",
      "accident_id": 0,
      "accident_name": "normal",
      "objects": []
    },
    {
      "frame_id": 24,
      "image_path": "frames/J-j5eIHg8I0_003855/images/000024.jpg",
      "accident_id": 0,
      "accident_name": "normal",
      "objects": []
    },
    {
      "frame_id": 25,
      "image_path": "frames/J-j5eIHg8I0_003855/images/000025.jpg",
      "accident_id": 3,
      "accident_name": "lateral",
      "objects": [
        {
          "obj_track_id": 0,
          "bbox": [
            218.595825426945,
            539.6584440227705,
            269.14611005692603,
            573.8140417457306
          ],
          "category": "car",
          "category ID": 3,
          "trunc": false
        },
        {
          "obj_track_id": 487,
          "bbox": [
            271.8785578747628,
            535.5597722960152,
            293.7381404174573,
            564.2504743833017
          ],
          "category": "rider",
          "category ID": 2,
          "trunc": false
        },
        {
          "obj_track_id": 198,
          "bbox": [
            265.0474383301708,
            554.6869070208729,
            310.13282732447817,
            577.9127134724858
          ],
          "category": "motor",
          "category ID": 7,
          "trunc": false
        }
      ]
    },
    {
      "frame_id": 26,
      "image_path": "frames/J-j5eIHg8I0_003855/images/000026.jpg",
      "accident_id": 3,
      "accident_name": "lateral",
      "objects": [
        {
          "obj_track_id": 0,
          "bbox": [
            234.99051233396585,
            539.6584440227705,
            285.5407969639469,
            573.8140417457306
          ],
          "category": "car",
          "category ID": 3,
          "trunc": false
        },
        {
          "obj_track_id": 487,
          "bbox": [
            289.63946869070213,
            532.8273244781784,
            312.865275142315,
            566.9829222011385
          ],
          "category": "rider",
          "category ID": 2,
          "trunc": false
        },
        {
          "obj_track_id": 198,
          "bbox": [
            282.80834914611006,
            547.8557874762809,
            330.62618595825427,
            580.6451612903226
          ],
          "category": "motor",
          "category ID": 7,
          "trunc": false
        }
      ]
    },
    {
      "frame_id": 27,
      "image_path": "frames/J-j5eIHg8I0_003855/images/000027.jpg",
      "accident_id": 3,
      "accident_name": "lateral",
      "objects": [
        {
          "obj_track_id": 0,
          "bbox": [
            255.48387096774195,
            539.6584440227705,
            314.23149905123347,
            573.8140417457306
          ],
          "category": "car",
          "category ID": 3,
          "trunc": false
        },
        {
          "obj_track_id": 487,
          "bbox": [
            304.6679316888046,
            532.8273244781784,
            327.8937381404175,
            566.9829222011385
          ],
          "category": "rider",
          "category ID": 2,
          "trunc": false
        },
        {
          "obj_track_id": 198,
          "bbox": [
            297.8368121442125,
            546.4895635673623,
            345.6546489563567,
            579.278937381404
          ],
          "category": "motor",
          "category ID": 7,
          "trunc": false
        }
      ]
    },
    {
      "frame_id": 28,
      "image_path": "frames/J-j5eIHg8I0_003855/images/000028.jpg",
      "accident_id": 3,
      "accident_name": "lateral",
      "objects": [
        {
          "obj_track_id": 0,
          "bbox": [
            271.8785578747628,
            541.0246679316889,
            330.6261859582543,
            575.180265654649
          ],
          "category": "car",
          "category ID": 3,
          "trunc": false
        },
        {
          "obj_track_id": 487,
          "bbox": [
            322.42884250474384,
            532.8273244781784,
            345.65464895635677,
            566.9829222011385
          ],
          "category": "rider",
          "category ID": 2,
          "trunc": false
        },
        {
          "obj_track_id": 198,
          "bbox": [
            311.4990512333966,
            553.3206831119543,
            364.78178368121445,
            582.011385199241
          ],
          "category": "motor",
          "category ID": 7,
          "trunc": false
        }
      ]
    },
    {
      "frame_id": 29,
      "image_path": "frames/J-j5eIHg8I0_003855/images/000029.jpg",
      "accident_id": 3,
      "accident_name": "lateral",
      "objects": [
        {
          "obj_track_id": 0,
          "bbox": [
            300.56925996204933,
            538.2922201138521,
            378.4440227703985,
            579.2789373814043
          ],
          "category": "car",
          "category ID": 3,
          "trunc": false
        },
        {
          "obj_track_id": 487,
          "bbox": [
            331.9924098671727,
            532.8273244781784,
            362.0493358633776,
            566.9829222011385
          ],
          "category": "rider",
          "category ID": 2,
          "trunc": false
        },
        {
          "obj_track_id": 198,
          "bbox": [
            327.8937381404175,
            553.3206831119542,
            381.17647058823536,
            582.0113851992409
          ],
          "category": "motor",
          "category ID": 7,
          "trunc": false
        }
      ]
    },
    {
      "frame_id": 30,
      "image_path": "frames/J-j5eIHg8I0_003855/images/000030.jpg",
      "accident_id": 3,
      "accident_name": "lateral",
      "objects": [
        {
          "obj_track_id": 0,
          "bbox": [
            322.4288425047438,
            539.6584440227705,
            418.0645161290323,
            577.9127134724858
          ],
          "category": "car",
          "category ID": 3,
          "trunc": false
        },
        {
          "obj_track_id": 487,
          "bbox": [
            356.584440227704,
            532.8273244781784,
            379.8102466793169,
            566.9829222011385
          ],
          "category": "rider",
          "category ID": 2,
          "trunc": false
        },
        {
          "obj_track_id": 198,
          "bbox": [
            348.38709677419354,
            553.3206831119542,
            401.6698292220114,
            582.0113851992409
          ],
          "category": "motor",
          "category ID": 7,
          "trunc": false
        }
      ]
    },
    {
      "frame_id": 31,
      "image_path": "frames/J-j5eIHg8I0_003855/images/000031.jpg",
      "accident_id": 3,
      "accident_name": "lateral",
      "objects": [
        {
          "obj_track_id": 0,
          "bbox": [
            348.3870967741936,
            539.6584440227705,
            452.22011385199244,
            577.9127134724858
          ],
          "category": "car",
          "category ID": 3,
          "trunc": false
        },
        {
          "obj_track_id": 487,
          "bbox": [
            370.24667931688805,
            532.8273244781784,
            398.9373814041746,
            566.9829222011385
          ],
          "category": "rider",
          "category ID": 2,
          "trunc": false
        },
        {
          "obj_track_id": 198,
          "bbox": [
            360.6831119544592,
            554.6869070208729,
            411.23339658444024,
            579.278937381404
          ],
          "category": "motor",
          "category ID": 7,
          "trunc": false
        }
      ]
    },
    {
      "frame_id": 32,
      "image_path": "frames/J-j5eIHg8I0_003855/images/000032.jpg",
      "accident_id": 3,
      "accident_name": "lateral",
      "objects": [
        {
          "obj_track_id": 0,
          "bbox": [
            385.27514231499055,
            534.1935483870968,
            485.0094876660342,
            579.2789373814043
          ],
          "category": "car",
          "category ID": 3,
          "trunc": false
        },
        {
          "obj_track_id": 487,
          "bbox": [
            388.0075901328274,
            532.8273244781784,
            423.5294117647059,
            566.9829222011385
          ],
          "category": "rider",
          "category ID": 2,
          "trunc": false
        },
        {
          "obj_track_id": 198,
          "bbox": [
            372.9791271347249,
            545.123339658444,
            422.16318785578744,
            576.5464895635672
          ],
          "category": "motor",
          "category ID": 7,
          "trunc": false
        }
      ]
    },
    {
      "frame_id": 33,
      "image_path": "frames/J-j5eIHg8I0_003855/images/000033.jpg",
      "accident_id": 3,
      "accident_name": "lateral",
      "objects": [
        {
          "obj_track_id": 0,
          "bbox": [
            420.7969639468691,
            534.1935483870968,
            527.3624288425048,
            579.2789373814043
          ],
          "category": "car",
          "category ID": 3,
          "trunc": false
        },
        {
          "obj_track_id": 487,
          "bbox": [
            408.5009487666034,
            532.8273244781784,
            437.19165085389,
            566.9829222011385
          ],
          "category": "rider",
          "category ID": 2,
          "trunc": false
        },
        {
          "obj_track_id": 198,
          "bbox": [
            389.3738140417458,
            543.7571157495255,
            437.19165085389,
            580.6451612903226
          ],
          "category": "motor",
          "category ID": 7,
          "trunc": false
        }
      ]
    },
    {
      "frame_id": 34,
      "image_path": "frames/J-j5eIHg8I0_003855/images/000034.jpg",
      "accident_id": 3,
      "accident_name": "lateral",
      "objects": [
        {
          "obj_track_id": 0,
          "bbox": [
            459.05123339658445,
            534.1935483870968,
            573.8140417457306,
            577.9127134724858
          ],
          "category": "car",
          "category ID": 3,
          "trunc": false
        },
        {
          "obj_track_id": 487,
          "bbox": [
            408.5009487666034,
            532.8273244781784,
            461.7836812144213,
            564.2504743833017
          ],
          "category": "rider",
          "category ID": 2,
          "trunc": false
        },
        {
          "obj_track_id": 198,
          "bbox": [
            401.66982922201146,
            542.3908918406071,
            444.022770398482,
            582.011385199241
          ],
          "category": "motor",
          "category ID": 7,
          "trunc": false
        }
      ]
    },
    {
      "frame_id": 35,
      "image_path": "frames/J-j5eIHg8I0_003855/images/000035.jpg",
      "accident_id": 3,
      "accident_name": "lateral",
      "objects": [
        {
          "obj_track_id": 0,
          "bbox": [
            486.3757115749526,
            527.3624288425048,
            612.068311195446,
            577.9127134724858
          ],
          "category": "car",
          "category ID": 3,
          "trunc": false
        },
        {
          "obj_track_id": 487,
          "bbox": [
            445.3889943074004,
            538.2922201138521,
            490.47438330170786,
            575.180265654649
          ],
          "category": "rider",
          "category ID": 2,
          "trunc": false
        },
        {
          "obj_track_id": 198,
          "bbox": [
            405.7685009487667,
            539.6584440227704,
            439.92409867172677,
            584.7438330170778
          ],
          "category": "motor",
          "category ID": 7,
          "trunc": false
        }
      ]
    },
    {
      "frame_id": 36,
      "image_path": "frames/J-j5eIHg8I0_003855/images/000036.jpg",
      "accident_id": 3,
      "accident_name": "lateral",
      "objects": [
        {
          "obj_track_id": 0,
          "bbox": [
            521.8975332068312,
            527.3624288425048,
            651.6888045540798,
            577.9127134724858
          ],
          "category": "car",
          "category ID": 3,
          "trunc": false
        },
        {
          "obj_track_id": 487,
          "bbox": [
            468.6148007590133,
            554.6869070208729,
            517.798861480076,
            584.7438330170778
          ],
          "category": "rider",
          "category ID": 2,
          "trunc": false
        },
        {
          "obj_track_id": 198,
          "bbox": [
            405.7685009487667,
            545.123339658444,
            448.1214421252372,
            584.7438330170778
          ],
          "category": "motor",
          "category ID": 7,
          "trunc": false
        }
      ]
    },
    {
      "frame_id": 37,
      "image_path": "frames/J-j5eIHg8I0_003855/images/000037.jpg",
      "accident_id": 3,
      "accident_name": "lateral",
      "objects": [
        {
          "obj_track_id": 0,
          "bbox": [
            556.0531309297913,
            525.9962049335863,
            685.8444022770399,
            576.5464895635674
          ],
          "category": "car",
          "category ID": 3,
          "trunc": false
        },
        {
          "obj_track_id": 487,
          "bbox": [
            487.7419354838709,
            561.5180265654649,
            547.8557874762809,
            583.3776091081594
          ],
          "category": "rider",
          "category ID": 2,
          "trunc": false
        },
        {
          "obj_track_id": 198,
          "bbox": [
            422.1631878557875,
            545.123339658444,
            461.7836812144213,
            584.7438330170778
          ],
          "category": "motor",
          "category ID": 7,
          "trunc": false
        }
      ]
    },
    {
      "frame_id": 38,
      "image_path": "frames/J-j5eIHg8I0_003855/images/000038.jpg",
      "accident_id": 3,
      "accident_name": "lateral",
      "objects": [
        {
          "obj_track_id": 0,
          "bbox": [
            592.9411764705883,
            525.9962049335863,
            728.1973434535105,
            576.5464895635674
          ],
          "category": "car",
          "category ID": 3,
          "trunc": false
        },
        {
          "obj_track_id": 487,
          "bbox": [
            506.8690702087286,
            562.8842504743833,
            572.4478178368122,
            583.3776091081594
          ],
          "category": "rider",
          "category ID": 2,
          "trunc": false
        },
        {
          "obj_track_id": 198,
          "bbox": [
            422.1631878557875,
            545.123339658444,
            472.71347248576853,
            583.3776091081594
          ],
          "category": "motor",
          "category ID": 7,
          "trunc": false
        }
      ]
    },
    {
      "frame_id": 39,
      "image_path": "frames/J-j5eIHg8I0_003855/images/000039.jpg",
      "accident_id": 3,
      "accident_name": "lateral",
      "objects": [
        {
          "obj_track_id": 0,
          "bbox": [
            621.6318785578748,
            525.9962049335863,
            762.3529411764706,
            576.5464895635674
          ],
          "category": "car",
          "category ID": 3,
          "trunc": false
        },
        {
          "obj_track_id": 487,
          "bbox": [
            531.46110056926,
            561.5180265654649,
            607.9696394686907,
            583.3776091081594
          ],
          "category": "rider",
          "category ID": 2,
          "trunc": false
        },
        {
          "obj_track_id": 198,
          "bbox": [
            437.19165085389,
            543.7571157495256,
            494.57305502846305,
            584.7438330170778
          ],
          "category": "motor",
          "category ID": 7,
          "trunc": false
        }
      ]
    },
    {
      "frame_id": 40,
      "image_path": "frames/J-j5eIHg8I0_003855/images/000040.jpg",
      "accident_id": 3,
      "accident_name": "lateral",
      "objects": [
        {
          "obj_track_id": 0,
          "bbox": [
            655.7874762808349,
            524.6299810246679,
            796.5085388994307,
            575.180265654649
          ],
          "category": "car",
          "category ID": 3,
          "trunc": false
        },
        {
          "obj_track_id": 487,
          "bbox": [
            551.9544592030361,
            561.5180265654649,
            632.5616698292221,
            582.011385199241
          ],
          "category": "rider",
          "category ID": 2,
          "trunc": false
        },
        {
          "obj_track_id": 198,
          "bbox": [
            450.853889943074,
            543.7571157495256,
            510.9677419354839,
            584.7438330170778
          ],
          "category": "motor",
          "category ID": 7,
          "trunc": false
        }
      ]
    },
    {
      "frame_id": 41,
      "image_path": "frames/J-j5eIHg8I0_003855/images/000041.jpg",
      "accident_id": 3,
      "accident_name": "lateral",
      "objects": [
        {
          "obj_track_id": 0,
          "bbox": [
            685.8444022770398,
            523.2637571157495,
            826.5654648956356,
            573.8140417457306
          ],
          "category": "car",
          "category ID": 3,
          "trunc": false
        },
        {
          "obj_track_id": 487,
          "bbox": [
            575.180265654649,
            562.8842504743833,
            658.5199240986718,
            582.011385199241
          ],
          "category": "rider",
          "category ID": 2,
          "trunc": false
        },
        {
          "obj_track_id": 198,
          "bbox": [
            461.7836812144212,
            534.1935483870968,
            532.8273244781784,
            584.7438330170778
          ],
          "category": "motor",
          "category ID": 7,
          "trunc": false
        }
      ]
    },
    {
      "frame_id": 42,
      "image_path": "frames/J-j5eIHg8I0_003855/images/000042.jpg",
      "accident_id": 3,
      "accident_name": "lateral",
      "objects": [
        {
          "obj_track_id": 0,
          "bbox": [
            717.2675521821631,
            520.5313092979128,
            857.9886148007589,
            575.180265654649
          ],
          "category": "car",
          "category ID": 3,
          "trunc": false
        },
        {
          "obj_track_id": 487,
          "bbox": [
            594.3074003795067,
            564.2504743833016,
            677.6470588235295,
            583.3776091081593
          ],
          "category": "rider",
          "category ID": 2,
          "trunc": false
        },
        {
          "obj_track_id": 198,
          "bbox": [
            478.1783681214421,
            538.2922201138521,
            551.9544592030361,
            583.3776091081594
          ],
          "category": "motor",
          "category ID": 7,
          "trunc": false
        }
      ]
    },
    {
      "frame_id": 43,
      "image_path": "frames/J-j5eIHg8I0_003855/images/000043.jpg",
      "accident_id": 3,
      "accident_name": "lateral",
      "objects": [
        {
          "obj_track_id": 0,
          "bbox": [
            743.2258064516128,
            519.1650853889945,
            888.045540796964,
            572.4478178368122
          ],
          "category": "car",
          "category ID": 3,
          "trunc": false
        },
        {
          "obj_track_id": 487,
          "bbox": [
            612.068311195446,
            564.2504743833016,
            689.9430740037951,
            583.3776091081593
          ],
          "category": "rider",
          "category ID": 2,
          "trunc": false
        },
        {
          "obj_track_id": 198,
          "bbox": [
            489.1081593927893,
            541.0246679316889,
            575.180265654649,
            584.7438330170778
          ],
          "category": "motor",
          "category ID": 7,
          "trunc": false
        }
      ]
    },
    {
      "frame_id": 44,
      "image_path": "frames/J-j5eIHg8I0_003855/images/000044.jpg",
      "accident_id": 3,
      "accident_name": "lateral",
      "objects": [
        {
          "obj_track_id": 0,
          "bbox": [
            765.0853889943074,
            519.1650853889945,
            919.4686907020873,
            572.4478178368122
          ],
          "category": "car",
          "category ID": 3,
          "trunc": false
        },
        {
          "obj_track_id": 487,
          "bbox": [
            631.1954459203037,
            564.2504743833016,
            709.0702087286528,
            583.3776091081593
          ],
          "category": "rider",
          "category ID": 2,
          "trunc": false
        },
        {
          "obj_track_id": 198,
          "bbox": [
            505.50284629981013,
            543.7571157495257,
            591.5749525616699,
            587.4762808349146
          ],
          "category": "motor",
          "category ID": 7,
          "trunc": false
        }
      ]
    },
    {
      "frame_id": 45,
      "image_path": "frames/J-j5eIHg8I0_003855/images/000045.jpg",
      "accident_id": 3,
      "accident_name": "lateral",
      "objects": [
        {
          "obj_track_id": 0,
          "bbox": [
            793.7760910815939,
            517.7988614800761,
            941.3282732447818,
            571.0815939278938
          ],
          "category": "car",
          "category ID": 3,
          "trunc": false
        },
        {
          "obj_track_id": 487,
          "bbox": [
            643.4914611005693,
            562.8842504743832,
            721.3662239089184,
            582.0113851992409
          ],
          "category": "rider",
          "category ID": 2,
          "trunc": false
        },
        {
          "obj_track_id": 198,
          "bbox": [
            519.1650853889942,
            542.3908918406074,
            609.3358633776091,
            587.4762808349146
          ],
          "category": "motor",
          "category ID": 7,
          "trunc": false
        }
      ]
    },
    {
      "frame_id": 46,
      "image_path": "frames/J-j5eIHg8I0_003855/images/000046.jpg",
      "accident_id": 3,
      "accident_name": "lateral",
      "objects": [
        {
          "obj_track_id": 0,
          "bbox": [
            814.26944971537,
            515.0664136622393,
            961.8216318785579,
            568.349146110057
          ],
          "category": "car",
          "category ID": 3,
          "trunc": false
        },
        {
          "obj_track_id": 487,
          "bbox": [
            670.8159392789374,
            562.8842504743832,
            735.0284629981026,
            582.011385199241
          ],
          "category": "rider",
          "category ID": 2,
          "trunc": false
        },
        {
          "obj_track_id": 198,
          "bbox": [
            538.2922201138518,
            550.5882352941178,
            627.0967741935484,
            587.4762808349146
          ],
          "category": "motor",
          "category ID": 7,
          "trunc": false
        }
      ]
    },
    {
      "frame_id": 47,
      "image_path": "frames/J-j5eIHg8I0_003855/images/000047.jpg",
      "accident_id": 3,
      "accident_name": "lateral",
      "objects": [
        {
          "obj_track_id": 0,
          "bbox": [
            833.3965844402277,
            515.0664136622393,
            983.6812144212524,
            572.4478178368122
          ],
          "category": "car",
          "category ID": 3,
          "trunc": false
        },
        {
          "obj_track_id": 487,
          "bbox": [
            700.8728652751423,
            562.8842504743833,
            748.6907020872866,
            583.3776091081594
          ],
          "category": "rider",
          "category ID": 2,
          "trunc": false
        },
        {
          "obj_track_id": 198,
          "bbox": [
            549.2220113851993,
            556.0531309297913,
            644.8576850094878,
            590.2087286527515
          ],
          "category": "motor",
          "category ID": 7,
          "trunc": false
        }
      ]
    },
    {
      "frame_id": 48,
      "image_path": "frames/J-j5eIHg8I0_003855/images/000048.jpg",
      "accident_id": 3,
      "accident_name": "lateral",
      "objects": [
        {
          "obj_track_id": 0,
          "bbox": [
            849.7912713472485,
            512.3339658444023,
            1004.1745730550285,
            572.4478178368122
          ],
          "category": "car",
          "category ID": 3,
          "trunc": false
        },
        {
          "obj_track_id": 487,
          "bbox": [
            715.9013282732449,
            562.8842504743833,
            756.888045540797,
            583.3776091081594
          ],
          "category": "rider",
          "category ID": 2,
          "trunc": false
        },
        {
          "obj_track_id": 198,
          "bbox": [
            571.0815939278938,
            556.0531309297913,
            666.7172675521823,
            590.2087286527515
          ],
          "category": "motor",
          "category ID": 7,
          "trunc": false
        }
      ]
    },
    {
      "frame_id": 49,
      "image_path": "frames/J-j5eIHg8I0_003855/images/000049.jpg",
      "accident_id": 3,
      "accident_name": "lateral",
      "objects": [
        {
          "obj_track_id": 0,
          "bbox": [
            863.4535104364327,
            510.9677419354839,
            1017.8368121442127,
            571.0815939278938
          ],
          "category": "car",
          "category ID": 3,
          "trunc": false
        },
        {
          "obj_track_id": 487,
          "bbox": [
            729.5635673624289,
            562.8842504743833,
            765.0853889943074,
            583.3776091081594
          ],
          "category": "rider",
          "category ID": 2,
          "trunc": false
        },
        {
          "obj_track_id": 198,
          "bbox": [
            586.1100569259963,
            557.4193548387098,
            673.5483870967743,
            591.5749525616699
          ],
          "category": "motor",
          "category ID": 7,
          "trunc": false
        }
      ]
    },
    {
      "frame_id": 50,
      "image_path": "frames/J-j5eIHg8I0_003855/images/000050.jpg",
      "accident_id": 3,
      "accident_name": "lateral",
      "objects": [
        {
          "obj_track_id": 0,
          "bbox": [
            877.1157495256167,
            509.6015180265655,
            1031.4990512333966,
            569.7153700189754
          ],
          "category": "car",
          "category ID": 3,
          "trunc": false
        },
        {
          "obj_track_id": 487,
          "bbox": [
            739.1271347248577,
            556.0531309297913,
            778.7476280834915,
            583.3776091081594
          ],
          "category": "rider",
          "category ID": 2,
          "trunc": false
        },
        {
          "obj_track_id": 198,
          "bbox": [
            606.6034155597724,
            557.4193548387098,
            694.0417457305504,
            591.5749525616699
          ],
          "category": "motor",
          "category ID": 7,
          "trunc": false
        }
      ]
    },
    {
      "frame_id": 51,
      "image_path": "frames/J-j5eIHg8I0_003855/images/000051.jpg",
      "accident_id": 3,
      "accident_name": "lateral",
      "objects": [
        {
          "obj_track_id": 0,
          "bbox": [
            888.0455407969639,
            509.6015180265655,
            1042.428842504744,
            569.7153700189754
          ],
          "category": "car",
          "category ID": 3,
          "trunc": false
        },
        {
          "obj_track_id": 487,
          "bbox": [
            748.6907020872865,
            556.0531309297913,
            788.3111954459202,
            583.3776091081594
          ],
          "category": "rider",
          "category ID": 2,
          "trunc": false
        },
        {
          "obj_track_id": 198,
          "bbox": [
            618.899430740038,
            560.1518026565466,
            706.337760910816,
            591.5749525616699
          ],
          "category": "motor",
          "category ID": 7,
          "trunc": false
        }
      ]
    },
    {
      "frame_id": 52,
      "image_path": "frames/J-j5eIHg8I0_003855/images/000052.jpg",
      "accident_id": 3,
      "accident_name": "lateral",
      "objects": [
        {
          "obj_track_id": 0,
          "bbox": [
            898.9753320683112,
            508.2352941176471,
            1053.3586337760912,
            568.349146110057
          ],
          "category": "car",
          "category ID": 3,
          "trunc": false
        },
        {
          "obj_track_id": 487,
          "bbox": [
            754.1555977229602,
            556.0531309297913,
            792.4098671726756,
            583.3776091081594
          ],
          "category": "rider",
          "category ID": 2,
          "trunc": false
        },
        {
          "obj_track_id": 198,
          "bbox": [
            636.6603415559773,
            560.1518026565466,
            724.0986717267552,
            591.5749525616699
          ],
          "category": "motor",
          "category ID": 7,
          "trunc": false
        }
      ]
    },
    {
      "frame_id": 53,
      "image_path": "frames/J-j5eIHg8I0_003855/images/000053.jpg",
      "accident_id": 3,
      "accident_name": "lateral",
      "objects": [
        {
          "obj_track_id": 0,
          "bbox": [
            905.8064516129032,
            508.2352941176471,
            1060.1897533206832,
            568.349146110057
          ],
          "category": "car",
          "category ID": 3,
          "trunc": false
        },
        {
          "obj_track_id": 487,
          "bbox": [
            758.2542694497155,
            556.0531309297913,
            796.5085388994308,
            583.3776091081594
          ],
          "category": "rider",
          "category ID": 2,
          "trunc": false
        },
        {
          "obj_track_id": 198,
          "bbox": [
            654.4212523719166,
            561.518026565465,
            741.8595825426945,
            592.9411764705883
          ],
          "category": "motor",
          "category ID": 7,
          "trunc": false
        }
      ]
    },
    {
      "frame_id": 54,
      "image_path": "frames/J-j5eIHg8I0_003855/images/000054.jpg",
      "accident_id": 3,
      "accident_name": "lateral",
      "objects": [
        {
          "obj_track_id": 0,
          "bbox": [
            911.2713472485768,
            508.2352941176471,
            1065.6546489563568,
            568.349146110057
          ],
          "category": "car",
          "category ID": 3,
          "trunc": false
        },
        {
          "obj_track_id": 487,
          "bbox": [
            758.2542694497155,
            556.0531309297913,
            807.438330170778,
            584.7438330170778
          ],
          "category": "rider",
          "category ID": 2,
          "trunc": false
        },
        {
          "obj_track_id": 198,
          "bbox": [
            672.1821631878558,
            561.518026565465,
            754.1555977229602,
            592.9411764705883
          ],
          "category": "motor",
          "category ID": 7,
          "trunc": false
        }
      ]
    },
    {
      "frame_id": 55,
      "image_path": "frames/J-j5eIHg8I0_003855/images/000055.jpg",
      "accident_id": 3,
      "accident_name": "lateral",
      "objects": [
        {
          "obj_track_id": 0,
          "bbox": [
            918.1024667931689,
            508.2352941176471,
            1072.4857685009488,
            568.349146110057
          ],
          "category": "car",
          "category ID": 3,
          "trunc": false
        },
        {
          "obj_track_id": 487,
          "bbox": [
            756.8880455407971,
            553.3206831119545,
            811.5370018975333,
            582.011385199241
          ],
          "category": "rider",
          "category ID": 2,
          "trunc": false
        },
        {
          "obj_track_id": 198,
          "bbox": [
            689.9430740037951,
            560.1518026565467,
            771.9165085388995,
            591.57495256167
          ],
          "category": "motor",
          "category ID": 7,
          "trunc": false
        }
      ]
    },
    {
      "frame_id": 56,
      "image_path": "frames/J-j5eIHg8I0_003855/images/000056.jpg",
      "accident_id": 3,
      "accident_name": "lateral",
      "objects": [
        {
          "obj_track_id": 0,
          "bbox": [
            924.9335863377609,
            508.2352941176471,
            1079.3168880455407,
            568.349146110057
          ],
          "category": "car",
          "category ID": 3,
          "trunc": false
        },
        {
          "obj_track_id": 487,
          "bbox": [
            762.3529411764707,
            554.6869070208729,
            817.0018975332069,
            583.3776091081594
          ],
          "category": "rider",
          "category ID": 2,
          "trunc": false
        },
        {
          "obj_track_id": 198,
          "bbox": [
            706.337760910816,
            560.1518026565467,
            788.3111954459204,
            591.57495256167
          ],
          "category": "motor",
          "category ID": 7,
          "trunc": false
        }
      ]
    },
    {
      "frame_id": 57,
      "image_path": "frames/J-j5eIHg8I0_003855/images/000057.jpg",
      "accident_id": 3,
      "accident_name": "lateral",
      "objects": [
        {
          "obj_track_id": 0,
          "bbox": [
            930.3984819734345,
            509.60151802656543,
            1084.7817836812144,
            569.7153700189754
          ],
          "category": "car",
          "category ID": 3,
          "trunc": false
        },
        {
          "obj_track_id": 487,
          "bbox": [
            762.3529411764707,
            556.0531309297913,
            810.1707779886149,
            583.3776091081594
          ],
          "category": "rider",
          "category ID": 2,
          "trunc": false
        },
        {
          "obj_track_id": 198,
          "bbox": [
            720,
            560.1518026565467,
            801.9734345351044,
            591.57495256167
          ],
          "category": "motor",
          "category ID": 7,
          "trunc": false
        }
      ]
    },
    {
      "frame_id": 58,
      "image_path": "frames/J-j5eIHg8I0_003855/images/000058.jpg",
      "accident_id": 3,
      "accident_name": "lateral",
      "objects": [
        {
          "obj_track_id": 0,
          "bbox": [
            934.4971537001898,
            508.2352941176471,
            1088.8804554079697,
            568.349146110057
          ],
          "category": "car",
          "category ID": 3,
          "trunc": false
        },
        {
          "obj_track_id": 198,
          "bbox": [
            728.1973434535105,
            558.7855787476283,
            810.1707779886149,
            590.2087286527516
          ],
          "category": "motor",
          "category ID": 7,
          "trunc": false
        }
      ]
    },
    {
      "frame_id": 59,
      "image_path": "frames/J-j5eIHg8I0_003855/images/000059.jpg",
      "accident_id": 3,
      "accident_name": "lateral",
      "objects": [
        {
          "obj_track_id": 0,
          "bbox": [
            938.595825426945,
            506.86907020872866,
            1092.9791271347249,
            566.9829222011385
          ],
          "category": "car",
          "category ID": 3,
          "trunc": false
        },
        {
          "obj_track_id": 198,
          "bbox": [
            750.056925996205,
            558.7855787476284,
            823.8330170777989,
            590.2087286527517
          ],
          "category": "motor",
          "category ID": 7,
          "trunc": false
        }
      ]
    },
    {
      "frame_id": 60,
      "image_path": "frames/J-j5eIHg8I0_003855/images/000060.jpg",
      "accident_id": 3,
      "accident_name": "lateral",
      "objects": [
        {
          "obj_track_id": 0,
          "bbox": [
            939.9620493358634,
            505.50284629981024,
            1094.3453510436434,
            565.6166982922201
          ],
          "category": "car",
          "category ID": 3,
          "trunc": false
        },
        {
          "obj_track_id": 198,
          "bbox": [
            756.2049335863378,
            557.41935483871,
            832.7134724857685,
            590.8918406072107
          ],
          "category": "motor",
          "category ID": 7,
          "trunc": false
        }
      ]
    },
    {
      "frame_id": 61,
      "image_path": "frames/J-j5eIHg8I0_003855/images/000061.jpg",
      "accident_id": 3,
      "accident_name": "lateral",
      "objects": [
        {
          "obj_track_id": 0,
          "bbox": [
            941.3282732447818,
            504.13662239089183,
            1095.7115749525617,
            564.2504743833017
          ],
          "category": "car",
          "category ID": 3,
          "trunc": false
        },
        {
          "obj_track_id": 198,
          "bbox": [
            762.3529411764707,
            556.0531309297916,
            841.5939278937382,
            591.5749525616699
          ],
          "category": "motor",
          "category ID": 7,
          "trunc": false
        }
      ]
    },
    {
      "frame_id": 62,
      "image_path": "frames/J-j5eIHg8I0_003855/images/000062.jpg",
      "accident_id": 3,
      "accident_name": "lateral",
      "objects": [
        {
          "obj_track_id": 198,
          "bbox": [
            776.698292220114,
            554.0037950664139,
            852.5237191650854,
            590.8918406072106
          ],
          "category": "motor",
          "category ID": 7,
          "trunc": false
        },
        {
          "obj_track_id": 487,
          "bbox": [
            762.3529411764706,
            557.4193548387098,
            808.8045540796965,
            577.9127134724858
          ],
          "category": "rider",
          "category ID": 2,
          "trunc": false
        }
      ]
    },
    {
      "frame_id": 63,
      "image_path": "frames/J-j5eIHg8I0_003855/images/000063.jpg",
      "accident_id": 3,
      "accident_name": "lateral",
      "objects": [
        {
          "obj_track_id": 198,
          "bbox": [
            791.0436432637573,
            551.9544592030363,
            863.4535104364327,
            590.2087286527515
          ],
          "category": "motor",
          "category ID": 7,
          "trunc": false
        },
        {
          "obj_track_id": 487,
          "bbox": [
            762.3529411764706,
            557.4193548387098,
            809.4876660341556,
            579.2789373814043
          ],
          "category": "rider",
          "category ID": 2,
          "trunc": false
        }
      ]
    },
    {
      "frame_id": 64,
      "image_path": "frames/J-j5eIHg8I0_003855/images/000064.jpg",
      "accident_id": 3,
      "accident_name": "lateral",
      "objects": [
        {
          "obj_track_id": 198,
          "bbox": [
            808.8045540796966,
            554.6869070208732,
            875.7495256166983,
            590.2087286527515
          ],
          "category": "motor",
          "category ID": 7,
          "trunc": false
        },
        {
          "obj_track_id": 487,
          "bbox": [
            762.3529411764706,
            557.4193548387098,
            810.1707779886149,
            580.6451612903227
          ],
          "category": "rider",
          "category ID": 2,
          "trunc": false
        }
      ]
    },
    {
      "frame_id": 65,
      "image_path": "frames/J-j5eIHg8I0_003855/images/000065.jpg",
      "accident_id": 3,
      "accident_name": "lateral",
      "objects": [
        {
          "obj_track_id": 198,
          "bbox": [
            817.0018975332069,
            554.6869070208732,
            887.3624288425048,
            590.2087286527515
          ],
          "category": "motor",
          "category ID": 7,
          "trunc": false
        },
        {
          "obj_track_id": 487,
          "bbox": [
            762.3529411764706,
            557.4193548387098,
            810.8538899430741,
            582.011385199241
          ],
          "category": "rider",
          "category ID": 2,
          "trunc": false
        }
      ]
    },
    {
      "frame_id": 66,
      "image_path": "frames/J-j5eIHg8I0_003855/images/000066.jpg",
      "accident_id": 3,
      "accident_name": "lateral",
      "objects": [
        {
          "obj_track_id": 198,
          "bbox": [
            825.1992409867173,
            554.6869070208732,
            898.9753320683112,
            590.2087286527515
          ],
          "category": "motor",
          "category ID": 7,
          "trunc": false
        },
        {
          "obj_track_id": 487,
          "bbox": [
            762.3529411764706,
            557.4193548387098,
            811.5370018975333,
            583.3776091081594
          ],
          "category": "rider",
          "category ID": 2,
          "trunc": false
        }
      ]
    },
    {
      "frame_id": 67,
      "image_path": "frames/J-j5eIHg8I0_003855/images/000067.jpg",
      "accident_id": 3,
      "accident_name": "lateral",
      "objects": [
        {
          "obj_track_id": 198,
          "bbox": [
            832.0303605313093,
            554.6869070208732,
            908.53889943074,
            590.8918406072107
          ],
          "category": "motor",
          "category ID": 7,
          "trunc": false
        },
        {
          "obj_track_id": 487,
          "bbox": [
            762.3529411764706,
            556.4434806180537,
            812.5128761181893,
            583.3776091081594
          ],
          "category": "rider",
          "category ID": 2,
          "trunc": false
        }
      ]
    },
    {
      "frame_id": 68,
      "image_path": "frames/J-j5eIHg8I0_003855/images/000068.jpg",
      "accident_id": 3,
      "accident_name": "lateral",
      "objects": [
        {
          "obj_track_id": 198,
          "bbox": [
            838.8614800759013,
            554.6869070208732,
            918.1024667931689,
            591.5749525616699
          ],
          "category": "motor",
          "category ID": 7,
          "trunc": false
        },
        {
          "obj_track_id": 487,
          "bbox": [
            762.3529411764706,
            555.4676063973977,
            813.4887503388453,
            583.3776091081594
          ],
          "category": "rider",
          "category ID": 2,
          "trunc": false
        }
      ]
    },
    {
      "frame_id": 69,
      "image_path": "frames/J-j5eIHg8I0_003855/images/000069.jpg",
      "accident_id": 3,
      "accident_name": "lateral",
      "objects": [
        {
          "obj_track_id": 198,
          "bbox": [
            844.326375711575,
            554.6869070208732,
            923.5673624288426,
            591.5749525616699
          ],
          "category": "motor",
          "category ID": 7,
          "trunc": false
        },
        {
          "obj_track_id": 487,
          "bbox": [
            762.3529411764706,
            554.4917321767417,
            814.4646245595013,
            583.3776091081594
          ],
          "category": "rider",
          "category ID": 2,
          "trunc": false
        }
      ]
    },
    {
      "frame_id": 70,
      "image_path": "frames/J-j5eIHg8I0_003855/images/000070.jpg",
      "accident_id": 3,
      "accident_name": "lateral",
      "objects": [
        {
          "obj_track_id": 198,
          "bbox": [
            849.7912713472487,
            554.6869070208732,
            929.0322580645162,
            591.5749525616699
          ],
          "category": "motor",
          "category ID": 7,
          "trunc": false
        },
        {
          "obj_track_id": 487,
          "bbox": [
            762.3529411764706,
            553.5158579560857,
            815.4404987801572,
            583.3776091081594
          ],
          "category": "rider",
          "category ID": 2,
          "trunc": false
        }
      ]
    },
    {
      "frame_id": 71,
      "image_path": "frames/J-j5eIHg8I0_003855/images/000071.jpg",
      "accident_id": 3,
      "accident_name": "lateral",
      "objects": [
        {
          "obj_track_id": 198,
          "bbox": [
            851.1574952561671,
            554.5502846299813,
            930.5351043643265,
            591.5749525616699
          ],
          "category": "motor",
          "category ID": 7,
          "trunc": false
        },
        {
          "obj_track_id": 487,
          "bbox": [
            762.3529411764706,
            552.5399837354297,
            816.4163730008132,
            583.3776091081594
          ],
          "category": "rider",
          "category ID": 2,
          "trunc": false
        }
      ]
    },
    {
      "frame_id": 72,
      "image_path": "frames/J-j5eIHg8I0_003855/images/000072.jpg",
      "accident_id": 3,
      "accident_name": "lateral",
      "objects": [
        {
          "obj_track_id": 198,
          "bbox": [
            852.5237191650855,
            554.4136622390895,
            932.0379506641367,
            591.5749525616699
          ],
          "category": "motor",
          "category ID": 7,
          "trunc": false
        },
        {
          "obj_track_id": 487,
          "bbox": [
            762.3529411764706,
            551.5641095147737,
            817.3922472214692,
            583.3776091081594
          ],
          "category": "rider",
          "category ID": 2,
          "trunc": false
        }
      ]
    },
    {
      "frame_id": 73,
      "image_path": "frames/J-j5eIHg8I0_003855/images/000073.jpg",
      "accident_id": 3,
      "accident_name": "lateral",
      "objects": [
        {
          "obj_track_id": 198,
          "bbox": [
            853.8899430740039,
            554.2770398481977,
            933.540796963947,
            591.5749525616699
          ],
          "category": "motor",
          "category ID": 7,
          "trunc": false
        },
        {
          "obj_track_id": 487,
          "bbox": [
            762.3529411764706,
            550.5882352941177,
            818.3681214421252,
            583.3776091081594
          ],
          "category": "rider",
          "category ID": 2,
          "trunc": false
        }
      ]
    },
    {
      "frame_id": 74,
      "image_path": "frames/J-j5eIHg8I0_003855/images/000074.jpg",
      "accident_id": 3,
      "accident_name": "lateral",
      "objects": [
        {
          "obj_track_id": 198,
          "bbox": [
            855.2561669829223,
            554.1404174573058,
            935.0436432637572,
            591.5749525616699
          ],
          "category": "motor",
          "category ID": 7,
          "trunc": false
        },
        {
          "obj_track_id": 487,
          "bbox": [
            762.5351043643263,
            550.7703984819734,
            819.0056925996205,
            583.4686907020872
          ],
          "category": "rider",
          "category ID": 2,
          "trunc": false
        }
      ]
    },
    {
      "frame_id": 75,
      "image_path": "frames/J-j5eIHg8I0_003855/images/000075.jpg",
      "accident_id": 3,
      "accident_name": "lateral",
      "objects": [
        {
          "obj_track_id": 198,
          "bbox": [
            856.6223908918407,
            554.0037950664139,
            936.5464895635675,
            591.5749525616698
          ],
          "category": "motor",
          "category ID": 7,
          "trunc": false
        },
        {
          "obj_track_id": 487,
          "bbox": [
            762.7172675521822,
            550.9525616698293,
            819.6432637571157,
            583.5597722960152
          ],
          "category": "rider",
          "category ID": 2,
          "trunc": false
        }
      ]
    },
    {
      "frame_id": 76,
      "image_path": "frames/J-j5eIHg8I0_003855/images/000076.jpg",
      "accident_id": 3,
      "accident_name": "lateral",
      "objects": [
        {
          "obj_track_id": 198,
          "bbox": [
            857.988614800759,
            553.867172675522,
            938.0493358633777,
            591.5749525616699
          ],
          "category": "motor",
          "category ID": 7,
          "trunc": false
        },
        {
          "obj_track_id": 487,
          "bbox": [
            762.8994307400379,
            551.134724857685,
            820.280834914611,
            583.650853889943
          ],
          "category": "rider",
          "category ID": 2,
          "trunc": false
        }
      ]
    },
    {
      "frame_id": 77,
      "image_path": "frames/J-j5eIHg8I0_003855/images/000077.jpg",
      "accident_id": 3,
      "accident_name": "lateral",
      "objects": [
        {
          "obj_track_id": 198,
          "bbox": [
            859.3548387096774,
            553.7305502846302,
            939.5521821631879,
            591.5749525616699
          ],
          "category": "motor",
          "category ID": 7,
          "trunc": false
        },
        {
          "obj_track_id": 487,
          "bbox": [
            763.0815939278938,
            551.3168880455408,
            820.9184060721063,
            583.741935483871
          ],
          "category": "rider",
          "category ID": 2,
          "trunc": false
        }
      ]
    },
    {
      "frame_id": 78,
      "image_path": "frames/J-j5eIHg8I0_003855/images/000078.jpg",
      "accident_id": 3,
      "accident_name": "lateral",
      "objects": [
        {
          "obj_track_id": 198,
          "bbox": [
            860.7210626185959,
            553.5939278937384,
            941.0550284629982,
            591.5749525616699
          ],
          "category": "motor",
          "category ID": 7,
          "trunc": false
        },
        {
          "obj_track_id": 487,
          "bbox": [
            763.2637571157495,
            551.4990512333966,
            821.5559772296015,
            583.8330170777988
          ],
          "category": "rider",
          "category ID": 2,
          "trunc": false
        }
      ]
    },
    {
      "frame_id": 79,
      "image_path": "frames/J-j5eIHg8I0_003855/images/000079.jpg",
      "accident_id": 3,
      "accident_name": "lateral",
      "objects": [
        {
          "obj_track_id": 198,
          "bbox": [
            862.0872865275143,
            553.4573055028466,
            942.5578747628084,
            591.5749525616699
          ],
          "category": "motor",
          "category ID": 7,
          "trunc": false
        },
        {
          "obj_track_id": 487,
          "bbox": [
            763.4459203036054,
            551.6812144212524,
            822.1935483870968,
            583.9240986717268
          ],
          "category": "rider",
          "category ID": 2,
          "trunc": false
        }
      ]
    },
    {
      "frame_id": 80,
      "image_path": "frames/J-j5eIHg8I0_003855/images/000080.jpg",
      "accident_id": 3,
      "accident_name": "lateral",
      "objects": [
        {
          "obj_track_id": 487,
          "bbox": [
            763.6280834914611,
            551.8633776091082,
            822.8311195445921,
            584.0151802656546
          ],
          "category": "rider",
          "category ID": 2,
          "trunc": false
        }
      ]
    },
    {
      "frame_id": 81,
      "image_path": "frames/J-j5eIHg8I0_003855/images/000081.jpg",
      "accident_id": 3,
      "accident_name": "lateral",
      "objects": [
        {
          "obj_track_id": 487,
          "bbox": [
            763.810246679317,
            552.045540796964,
            823.4686907020873,
            584.1062618595826
          ],
          "category": "rider",
          "category ID": 2,
          "trunc": false
        }
      ]
    },
    {
      "frame_id": 82,
      "image_path": "frames/J-j5eIHg8I0_003855/images/000082.jpg",
      "accident_id": 3,
      "accident_name": "lateral",
      "objects": [
        {
          "obj_track_id": 487,
          "bbox": [
            763.9924098671727,
            552.2277039848198,
            824.1062618595826,
            584.1973434535104
          ],
          "category": "rider",
          "category ID": 2,
          "trunc": false
        }
      ]
    },
    {
      "frame_id": 83,
      "image_path": "frames/J-j5eIHg8I0_003855/images/000083.jpg",
      "accident_id": 3,
      "accident_name": "lateral",
      "objects": [
        {
          "obj_track_id": 487,
          "bbox": [
            764.1745730550285,
            552.4098671726756,
            824.7438330170779,
            584.2884250474384
          ],
          "category": "rider",
          "category ID": 2,
          "trunc": false
        }
      ]
    },
    {
      "frame_id": 84,
      "image_path": "frames/J-j5eIHg8I0_003855/images/000084.jpg",
      "accident_id": 3,
      "accident_name": "lateral",
      "objects": [
        {
          "obj_track_id": 487,
          "bbox": [
            764.3567362428843,
            552.5920303605313,
            825.381404174573,
            584.3795066413662
          ],
          "category": "rider",
          "category ID": 2,
          "trunc": false
        }
      ]
    },
    {
      "frame_id": 85,
      "image_path": "frames/J-j5eIHg8I0_003855/images/000085.jpg",
      "accident_id": 3,
      "accident_name": "lateral",
      "objects": [
        {
          "obj_track_id": 487,
          "bbox": [
            764.5388994307401,
            552.7741935483872,
            826.0189753320684,
            584.4705882352941
          ],
          "category": "rider",
          "category ID": 2,
          "trunc": false
        }
      ]
    },
    {
      "frame_id": 86,
      "image_path": "frames/J-j5eIHg8I0_003855/images/000086.jpg",
      "accident_id": 3,
      "accident_name": "lateral",
      "objects": [
        {
          "obj_track_id": 487,
          "bbox": [
            764.7210626185959,
            552.9563567362429,
            826.6565464895637,
            584.561669829222
          ],
          "category": "rider",
          "category ID": 2,
          "trunc": false
        }
      ]
    },
    {
      "frame_id": 87,
      "image_path": "frames/J-j5eIHg8I0_003855/images/000087.jpg",
      "accident_id": 3,
      "accident_name": "lateral",
      "objects": [
        {
          "obj_track_id": 487,
          "bbox": [
            764.9032258064517,
            553.1385199240988,
            827.2941176470589,
            584.65275142315
          ],
          "category": "rider",
          "category ID": 2,
          "trunc": false
        }
      ]
    },
    {
      "frame_id": 88,
      "image_path": "frames/J-j5eIHg8I0_003855/images/000088.jpg",
      "accident_id": 3,
      "accident_name": "lateral",
      "objects": [
        {
          "obj_track_id": 487,
          "bbox": [
            765.0853889943074,
            553.3206831119545,
            827.9316888045541,
            584.7438330170778
          ],
          "category": "rider",
          "category ID": 2,
          "trunc": false
        }
      ]
    },
    {
      "frame_id": 89,
      "image_path": "frames/J-j5eIHg8I0_003855/images/000089.jpg",
      "accident_id": 0,
      "accident_name": "normal",
      "objects": []
    },
    {
      "frame_id": 90,
      "image_path": "frames/J-j5eIHg8I0_003855/images/000090.jpg",
      "accident_id": 0,
      "accident_name": "normal",
      "objects": []
    },
    {
      "frame_id": 91,
      "image_path": "frames/J-j5eIHg8I0_003855/images/000091.jpg",
      "accident_id": 0,
      "accident_name": "normal",
      "objects": []
    },
    {
      "frame_id": 92,
      "image_path": "frames/J-j5eIHg8I0_003855/images/000092.jpg",
      "accident_id": 0,
      "accident_name": "normal",
      "objects": []
    },
    {
      "frame_id": 93,
      "image_path": "frames/J-j5eIHg8I0_003855/images/000093.jpg",
      "accident_id": 0,
      "accident_name": "normal",
      "objects": []
    },
    {
      "frame_id": 94,
      "image_path": "frames/J-j5eIHg8I0_003855/images/000094.jpg",
      "accident_id": 0,
      "accident_name": "normal",
      "objects": []
    },
    {
      "frame_id": 95,
      "image_path": "frames/J-j5eIHg8I0_003855/images/000095.jpg",
      "accident_id": 0,
      "accident_name": "normal",
      "objects": []
    },
    {
      "frame_id": 96,
      "image_path": "frames/J-j5eIHg8I0_003855/images/000096.jpg",
      "accident_id": 0,
      "accident_name": "normal",
      "objects": []
    },
    {
      "frame_id": 97,
      "image_path": "frames/J-j5eIHg8I0_003855/images/000097.jpg",
      "accident_id": 0,
      "accident_name": "normal",
      "objects": []
    },
    {
      "frame_id": 98,
      "image_path": "frames/J-j5eIHg8I0_003855/images/000098.jpg",
      "accident_id": 0,
      "accident_name": "normal",
      "objects": []
    },
    {
      "frame_id": 99,
      "image_path": "frames/J-j5eIHg8I0_003855/images/000099.jpg",
      "accident_id": 0,
      "accident_name": "normal",
      "objects": []
    },
    {
      "frame_id": 100,
      "image_path": "frames/J-j5eIHg8I0_003855/images/000100.jpg",
      "accident_id": 0,
      "accident_name": "normal",
      "objects": []
    },
    {
      "frame_id": 101,
      "image_path": "frames/J-j5eIHg8I0_003855/images/000101.jpg",
      "accident_id": 0,
      "accident_name": "normal",
      "objects": []
    },
    {
      "frame_id": 102,
      "image_path": "frames/J-j5eIHg8I0_003855/images/000102.jpg",
      "accident_id": 0,
      "accident_name": "normal",
      "objects": []
    },
    {
      "frame_id": 103,
      "image_path": "frames/J-j5eIHg8I0_003855/images/000103.jpg",
      "accident_id": 0,
      "accident_name": "normal",
      "objects": []
    },
    {
      "frame_id": 104,
      "image_path": "frames/J-j5eIHg8I0_003855/images/000104.jpg",
      "accident_id": 0,
      "accident_name": "normal",
      "objects": []
    },
    {
      "frame_id": 105,
      "image_path": "frames/J-j5eIHg8I0_003855/images/000105.jpg",
      "accident_id": 0,
      "accident_name": "normal",
      "objects": []
    },
    {
      "frame_id": 106,
      "image_path": "frames/J-j5eIHg8I0_003855/images/000106.jpg",
      "accident_id": 0,
      "accident_name": "normal",
      "objects": []
    },
    {
      "frame_id": 107,
      "image_path": "frames/J-j5eIHg8I0_003855/images/000107.jpg",
      "accident_id": 0,
      "accident_name": "normal",
      "objects": []
    },
    {
      "frame_id": 108,
      "image_path": "frames/J-j5eIHg8I0_003855/images/000108.jpg",
      "accident_id": 0,
      "accident_name": "normal",
      "objects": []
    },
    {
      "frame_id": 109,
      "image_path": "frames/J-j5eIHg8I0_003855/images/000109.jpg",
      "accident_id": 0,
      "accident_name": "normal",
      "objects": []
    },
    {
      "frame_id": 110,
      "image_path": "frames/J-j5eIHg8I0_003855/images/000110.jpg",
      "accident_id": 0,
      "accident_name": "normal",
      "objects": []
    },
    {
      "frame_id": 111,
      "image_path": "frames/J-j5eIHg8I0_003855/images/000111.jpg",
      "accident_id": 0,
      "accident_name": "normal",
      "objects": []
    },
    {
      "frame_id": 112,
      "image_path": "frames/J-j5eIHg8I0_003855/images/000112.jpg",
      "accident_id": 0,
      "accident_name": "normal",
      "objects": []
    },
    {
      "frame_id": 113,
      "image_path": "frames/J-j5eIHg8I0_003855/images/000113.jpg",
      "accident_id": 0,
      "accident_name": "normal",
      "objects": []
    },
    {
      "frame_id": 114,
      "image_path": "frames/J-j5eIHg8I0_003855/images/000114.jpg",
      "accident_id": 0,
      "accident_name": "normal",
      "objects": []
    },
    {
      "frame_id": 115,
      "image_path": "frames/J-j5eIHg8I0_003855/images/000115.jpg",
      "accident_id": 0,
      "accident_name": "normal",
      "objects": []
    },
    {
      "frame_id": 116,
      "image_path": "frames/J-j5eIHg8I0_003855/images/000116.jpg",
      "accident_id": 0,
      "accident_name": "normal",
      "objects": []
    },
    {
      "frame_id": 117,
      "image_path": "frames/J-j5eIHg8I0_003855/images/000117.jpg",
      "accident_id": 0,
      "accident_name": "normal",
      "objects": []
    },
    {
      "frame_id": 118,
      "image_path": "frames/J-j5eIHg8I0_003855/images/000118.jpg",
      "accident_id": 0,
      "accident_name": "normal",
      "objects": []
    },
    {
      "frame_id": 119,
      "image_path": "frames/J-j5eIHg8I0_003855/images/000119.jpg",
      "accident_id": 0,
      "accident_name": "normal",
      "objects": []
    },
    {
      "frame_id": 120,
      "image_path": "frames/J-j5eIHg8I0_003855/images/000120.jpg",
      "accident_id": 0,
      "accident_name": "normal",
      "objects": []
    },
    {
      "frame_id": 121,
      "image_path": "frames/J-j5eIHg8I0_003855/images/000121.jpg",
      "accident_id": 0,
      "accident_name": "normal",
      "objects": []
    },
    {
      "frame_id": 122,
      "image_path": "frames/J-j5eIHg8I0_003855/images/000122.jpg",
      "accident_id": 0,
      "accident_name": "normal",
      "objects": []
    }
  ]
}