{
  "video_name": "J-j5eIHg8I0_004326",
  "channel": "CarCrashesTime",
  "num_frames": 89,
  "ignore": false,
  "ego_involve": false,
  "night": false,
  "anomaly_start": 33,
  "anomaly_end": 62,
  "video_start": 4326,
  "video_end": 4414,
  "accident_id": "5",
  "accident_name": "turning",
  "labels": [
    {
      "frame_id": 0,
      "image_path": "frames/J-j5eIHg8I0_004326/images/000000.jpg",
      "accident_id": 0,
      "accident_name": "normal",
      "objects": []
    },
    {
      "frame_id": 1,
      "image_path": "frames/J-j5eIHg8I0_004326/images/000001.jpg",
      "accident_id": 0,
      "accident_name": "normal",
      "objects": []
    },
    {
      "frame_id": 2,
      "image_path": "frames/J-j5eIHg8I0_004326/images/000002.jpg",
      "accident_id": 0,
      "accident_name": "normal",
      "objects": []
    },
    {
      "frame_id": 3,
      "image_path": "frames/J-j5eIHg8I0_004326/images/000003.jpg",
      "accident_id": 0,
      "accident_name": "normal",
      "objects": []
    },
    {
      "frame_id": 4,
      "image_path": "frames/J-j5eIHg8I0_004326/images/000004.jpg",
      "accident_id": 0,
      "accident_name": "normal",
      "objects": []
    },
    {
      "frame_id": 5,
      "image_path": "frames/J-j5eIHg8I0_004326/images/000005.jpg",
      "accident_id": 0,
      "accident_name": "normal",
      "objects": []
    },
    {
      "frame_id": 6,
      "image_path": "frames/J-j5eIHg8I0_004326/images/000006.jpg",
      "accident_id": 0,
      "accident_name": "normal",
      "objects": []
    },
    {
      "frame_id": 7,
      "image_path": "frames/J-j5eIHg8I0_004326/images/000007.jpg",
      "accident_id": 0,
      "accident_name": "normal",
      "objects": []
    },
    {
      "frame_id": 8,
      "image_path": "frames/J-j5eIHg8I0_004326/images/000008.jpg",
      "accident_id": 0,
      "accident_name": "normal",
      "objects": []
    },
    {
      "frame_id": 9,
      "image_path": "frames/J-j5eIHg8I0_004326/images/000009.jpg",
      "accident_id": 0,
      "accident_name": "normal",
      "objects": []
    },
    {
      "frame_id": 10,
      "image_path": "frames/J-j5eIHg8I0_004326/images/000010.jpg",
      "accident_id": 0,
      "accident_name": "normal",
      "objects": []
    },
    {
      "frame_id": 11,
      "image_path": "frames/J-j5eIHg8I0_004326/images/000011.jpg",
      "accident_id": 0,
      "accident_name": "normal",
      "objects": []
    },
    {
      "frame_id": 12,
      "image_path": "frames/J-j5eIHg8I0_004326/images/000012.jpg",
      "accident_id": 0,
      "accident_name": "normal",
      "objects": []
    },
    {
      "frame_id": 13,
      "image_path": "frames/J-j5eIHg8I0_004326/images/000013.jpg",
      "accident_id": 0,
      "accident_name": "normal",
      "objects": []
    },
    {
      "frame_id": 14,
      "image_path": "frames/J-j5eIHg8I0_004326/images/000014.jpg",
      "accident_id": 0,
      "accident_name": "normal",
      "objects": []
    },
    {
      "frame_id": 15,
      "image_path": "frames/J-j5eIHg8I0_004326/images/000015.jpg",
      "accident_id": 0,
      "accident_name": "normal",
      "objects": []
    },
    {
      "frame_id": 16,
      "image_path": "frames/J-j5eIHg8I0_004326/images/000016.jpg",
      "accident_id": 0,
      "accident_name": "normal",
      "objects": []
    },
    {
      "frame_id": 17,
      "image_path": "frames/J-j5eIHg8I0_004326/images/000017.jpg",
      "accident_id": 0,
      "accident_name": "normal",
      "objects": []
    },
    {
      "frame_id": 18,
      "image_path": "frames/J-j5eIHg8I0_004326/images/000018.jpg",
      "accident_id": 0,
      "accident_name": "normal",
      "objects": []
    },
    {
      "frame_id": 19,
      "image_path": "frames/J-j5eIHg8I0_004326/images/000019.jpg",
      "accident_id": 0,
      "accident_name": "normal",
      "objects": []
    },
    {
      "frame_id": 20,
      "image_path": "frames/J-j5eIHg8I0_004326/images/000020.jpg",
      "accident_id": 0,
      "accident_name": "normal",
      "objects": []
    },
    {
      "frame_id": 21,
      "image_path": "frames/J-j5eIHg8I0_004326/images/000021.jpg",
      "accident_id": 0,
      "accident_name": "normal",
      "objects": []
    },
    {
      "frame_id": 22,
      "image_path": "frames/J-j5eIHg8I0_004326/images/000022.jpg",
      "accident_id": 0,
      "accident_name": "normal",
      "objects": []
    },
    {
      "frame_id": 23,
      "image_path": "frames/J-j5eIHg8I0_004326/images/000023.jpg",
      "accident_id": 0,
      "accident_name": "normal",
      "objects": []
    },
    {
      "frame_id": 24,
      "image_path": "frames/J-j5eIHg8I0_004326/images/000024.jpg",
      "accident_id": 0,
      "accident_name": "normal",
      "objects": []
    },
    {
      "frame_id": 25,
      "image_path": "frames/J-j5eIHg8I0_004326/images/000025.jpg",
      "accident_id": 0,
      "accident_name": "normal",
      "objects": []
    },
    {
      "frame_id": 26,
      "image_path": "frames/J-j5eIHg8I0_004326/images/000026.jpg",
      "accident_id": 0,
      "accident_name": "normal",
      "objects": []
    },
    {
      "frame_id": 27,
      "image_path": "frames/J-j5eIHg8I0_004326/images/000027.jpg",
      "accident_id": 0,
      "accident_name": "normal",
      "objects": []
    },
    {
      "frame_id": 28,
      "image_path": "frames/J-j5eIHg8I0_004326/images/000028.jpg",
      "accident_id": 0,
      "accident_name": "normal",
      "objects": []
    },
    {
      "frame_id": 29,
      "image_path": "frames/J-j5eIHg8I0_004326/images/000029.jpg",
      "accident_id": 0,
      "accident_name": "normal",
      "objects": []
    },
    {
      "frame_id": 30,
      "image_path": "frames/J-j5eIHg8I0_004326/images/000030.jpg",
      "accident_id": 0,
      "accident_name": "normal",
      "objects": []
    },
    {
      "frame_id": 31,
      "image_path": "frames/J-j5eIHg8I0_004326/images/000031.jpg",
      "accident_id": 0,
      "accident_name": "normal",
      "objects": []
    },
    {
      "frame_id": 32,
      "image_path": "frames/J-j5eIHg8I0_004326/images/000032.jpg",
      "accident_id": 0,
      "accident_name": "normal",
      "objects": []
    },
    {
      "frame_id": 33,
      "image_path": "frames/J-j5eIHg8I0_004326/images/000033.jpg",
      "accident_id": 5,
      "accident_name": "turning",
      "objects": [
        {
          "obj_track_id": 247,
          "bbox": [
            480.5741626794258,
            306.6028708133971,
            547.7511961722488,
            359.99999999999994
          ],
          "category": "car",
          "category ID": 3,
          "trunc": false
        },
        {
          "obj_track_id": 57,
          "bbox": [
            578.755980861244,
            300.9080325960419,
            668.4516880093132,
            339.33014354066984
          ],
          "category": "car",
          "category ID": 3,
          "trunc": false
        }
      ]
    },
    {
      "frame_id": 34,
      "image_path": "frames/J-j5eIHg8I0_004326/images/000034.jpg",
      "accident_id": 5,
      "accident_name": "turning",
      "objects": [
        {
          "obj_track_id": 247,
          "bbox": [
            480.5741626794258,
            305.74162679425837,
            547.7511961722488,
            359.1387559808612
          ],
          "category": "car",
          "category ID": 3,
          "trunc": false
        },
        {
          "obj_track_id": 57,
          "bbox": [
            564.9760765550238,
            296.71711292200234,
            665.0989522700816,
            344.49760765550235
          ],
          "category": "car",
          "category ID": 3,
          "trunc": false
        }
      ]
    },
    {
      "frame_id": 35,
      "image_path": "frames/J-j5eIHg8I0_004326/images/000035.jpg",
      "accident_id": 5,
      "accident_name": "turning",
      "objects": [
        {
          "obj_track_id": 247,
          "bbox": [
            481.4354066985646,
            304.8803827751196,
            545.1674641148325,
            359.1387559808612
          ],
          "category": "car",
          "category ID": 3,
          "trunc": false
        },
        {
          "obj_track_id": 57,
          "bbox": [
            551.1961722488038,
            303.42258440046567,
            652.5261932479627,
            343.6363636363636
          ],
          "category": "car",
          "category ID": 3,
          "trunc": false
        }
      ]
    },
    {
      "frame_id": 36,
      "image_path": "frames/J-j5eIHg8I0_004326/images/000036.jpg",
      "accident_id": 5,
      "accident_name": "turning",
      "objects": [
        {
          "obj_track_id": 247,
          "bbox": [
            481.4354066985646,
            305.311004784689,
            542.5837320574162,
            358.70813397129183
          ],
          "category": "car",
          "category ID": 3,
          "trunc": false
        },
        {
          "obj_track_id": 57,
          "bbox": [
            540.8612440191387,
            305.74162679425837,
            633.2479627473807,
            346.22009569377985
          ],
          "category": "car",
          "category ID": 3,
          "trunc": false
        }
      ]
    },
    {
      "frame_id": 37,
      "image_path": "frames/J-j5eIHg8I0_004326/images/000037.jpg",
      "accident_id": 5,
      "accident_name": "turning",
      "objects": [
        {
          "obj_track_id": 247,
          "bbox": [
            481.4354066985646,
            305.74162679425837,
            540.0,
            358.27751196172244
          ],
          "category": "car",
          "category ID": 3,
          "trunc": false
        },
        {
          "obj_track_id": 57,
          "bbox": [
            536.5550239234449,
            308.3253588516746,
            624.0279394644936,
            349.6650717703349
          ],
          "category": "car",
          "category ID": 3,
          "trunc": false
        }
      ]
    },
    {
      "frame_id": 38,
      "image_path": "frames/J-j5eIHg8I0_004326/images/000038.jpg",
      "accident_id": 5,
      "accident_name": "turning",
      "objects": [
        {
          "obj_track_id": 247,
          "bbox": [
            477.9904306220095,
            307.46411483253587,
            536.5550239234449,
            359.99999999999994
          ],
          "category": "car",
          "category ID": 3,
          "trunc": false
        },
        {
          "obj_track_id": 57,
          "bbox": [
            533.1100478468899,
            308.45168800931316,
            619.8370197904541,
            353.1100478468899
          ],
          "category": "car",
          "category ID": 3,
          "trunc": false
        }
      ]
    },
    {
      "frame_id": 39,
      "image_path": "frames/J-j5eIHg8I0_004326/images/000039.jpg",
      "accident_id": 5,
      "accident_name": "turning",
      "objects": [
        {
          "obj_track_id": 247,
          "bbox": [
            468.5167464114832,
            306.6028708133971,
            527.0813397129186,
            358.27751196172244
          ],
          "category": "car",
          "category ID": 3,
          "trunc": false
        },
        {
          "obj_track_id": 57,
          "bbox": [
            521.9138755980861,
            307.46411483253587,
            628.2188591385332,
            353.9712918660287
          ],
          "category": "car",
          "category ID": 3,
          "trunc": false
        }
      ]
    },
    {
      "frame_id": 40,
      "image_path": "frames/J-j5eIHg8I0_004326/images/000040.jpg",
      "accident_id": 5,
      "accident_name": "turning",
      "objects": [
        {
          "obj_track_id": 247,
          "bbox": [
            456.4593301435406,
            305.74162679425837,
            517.6076555023923,
            357.4162679425837
          ],
          "category": "car",
          "category ID": 3,
          "trunc": false
        },
        {
          "obj_track_id": 57,
          "bbox": [
            515.8851674641148,
            307.46411483253587,
            625.7043073341094,
            353.1100478468899
          ],
          "category": "car",
          "category ID": 3,
          "trunc": false
        }
      ]
    },
    {
      "frame_id": 41,
      "image_path": "frames/J-j5eIHg8I0_004326/images/000041.jpg",
      "accident_id": 5,
      "accident_name": "turning",
      "objects": [
        {
          "obj_track_id": 247,
          "bbox": [
            445.2631578947368,
            304.8803827751196,
            508.99521531100476,
            358.27751196172244
          ],
          "category": "car",
          "category ID": 3,
          "trunc": false
        },
        {
          "obj_track_id": 57,
          "bbox": [
            508.133971291866,
            304.8803827751196,
            616.4842840512224,
            352.24880382775115
          ],
          "category": "car",
          "category ID": 3,
          "trunc": false
        }
      ]
    },
    {
      "frame_id": 42,
      "image_path": "frames/J-j5eIHg8I0_004326/images/000042.jpg",
      "accident_id": 5,
      "accident_name": "turning",
      "objects": [
        {
          "obj_track_id": 247,
          "bbox": [
            434.92822966507174,
            305.74162679425837,
            502.96650717703346,
            359.1387559808612
          ],
          "category": "car",
          "category ID": 3,
          "trunc": false
        },
        {
          "obj_track_id": 57,
          "bbox": [
            501.24401913875596,
            304.8803827751196,
            613.9697322467986,
            352.24880382775115
          ],
          "category": "car",
          "category ID": 3,
          "trunc": false
        }
      ]
    },
    {
      "frame_id": 43,
      "image_path": "frames/J-j5eIHg8I0_004326/images/000043.jpg",
      "accident_id": 5,
      "accident_name": "turning",
      "objects": [
        {
          "obj_track_id": 247,
          "bbox": [
            427.17703349282294,
            305.74162679425837,
            497.7990430622009,
            359.99999999999994
          ],
          "category": "car",
          "category ID": 3,
          "trunc": false
        },
        {
          "obj_track_id": 57,
          "bbox": [
            497.7990430622009,
            304.8803827751196,
            607.1770334928229,
            353.1100478468899
          ],
          "category": "car",
          "category ID": 3,
          "trunc": false
        }
      ]
    },
    {
      "frame_id": 44,
      "image_path": "frames/J-j5eIHg8I0_004326/images/000044.jpg",
      "accident_id": 5,
      "accident_name": "turning",
      "objects": [
        {
          "obj_track_id": 247,
          "bbox": [
            420.28708133971287,
            310.04784688995215,
            492.6315789473684,
            362.5837320574162
          ],
          "category": "car",
          "category ID": 3,
          "trunc": false
        },
        {
          "obj_track_id": 57,
          "bbox": [
            493.49282296650716,
            307.46411483253587,
            606.3157894736842,
            354.83253588516743
          ],
          "category": "car",
          "category ID": 3,
          "trunc": false
        }
      ]
    },
    {
      "frame_id": 45,
      "image_path": "frames/J-j5eIHg8I0_004326/images/000045.jpg",
      "accident_id": 5,
      "accident_name": "turning",
      "objects": [
        {
          "obj_track_id": 247,
          "bbox": [
            418.56459330143537,
            309.1866028708134,
            486.6028708133971,
            363.444976076555
          ],
          "category": "car",
          "category ID": 3,
          "trunc": false
        }
      ]
    },
    {
      "frame_id": 46,
      "image_path": "frames/J-j5eIHg8I0_004326/images/000046.jpg",
      "accident_id": 5,
      "accident_name": "turning",
      "objects": [
        {
          "obj_track_id": 247,
          "bbox": [
            410.81339712918657,
            304.8803827751196,
            483.1578947368421,
            360.8612440191387
          ],
          "category": "car",
          "category ID": 3,
          "trunc": false
        }
      ]
    },
    {
      "frame_id": 47,
      "image_path": "frames/J-j5eIHg8I0_004326/images/000047.jpg",
      "accident_id": 5,
      "accident_name": "turning",
      "objects": [
        {
          "obj_track_id": 247,
          "bbox": [
            401.33971291866027,
            304.01913875598086,
            478.8516746411483,
            363.444976076555
          ],
          "category": "car",
          "category ID": 3,
          "trunc": false
        }
      ]
    },
    {
      "frame_id": 48,
      "image_path": "frames/J-j5eIHg8I0_004326/images/000048.jpg",
      "accident_id": 5,
      "accident_name": "turning",
      "objects": [
        {
          "obj_track_id": 247,
          "bbox": [
            392.7272727272727,
            304.01913875598086,
            471.1004784688995,
            364.30622009569373
          ],
          "category": "car",
          "category ID": 3,
          "trunc": false
        },
        {
          "obj_track_id": 205,
          "bbox": [
            460.7655502392344,
            263.5406698564593,
            614.9282296650717,
            328.99521531100476
          ],
          "category": "truck",
          "category ID": 5,
          "trunc": false
        }
      ]
    },
    {
      "frame_id": 49,
      "image_path": "frames/J-j5eIHg8I0_004326/images/000049.jpg",
      "accident_id": 5,
      "accident_name": "turning",
      "objects": [
        {
          "obj_track_id": 247,
          "bbox": [
            384.9760765550239,
            306.6028708133971,
            465.9330143540669,
            365.1674641148325
          ],
          "category": "car",
          "category ID": 3,
          "trunc": false
        },
        {
          "obj_track_id": 205,
          "bbox": [
            453.0143540669856,
            263.5406698564593,
            609.7607655502392,
            330.71770334928226
          ],
          "category": "truck",
          "category ID": 5,
          "trunc": false
        }
      ]
    },
    {
      "frame_id": 50,
      "image_path": "frames/J-j5eIHg8I0_004326/images/000050.jpg",
      "accident_id": 5,
      "accident_name": "turning",
      "objects": [
        {
          "obj_track_id": 247,
          "bbox": [
            376.3636363636363,
            305.74162679425837,
            456.4593301435406,
            364.30622009569373
          ],
          "category": "car",
          "category ID": 3,
          "trunc": false
        },
        {
          "obj_track_id": 205,
          "bbox": [
            441.81818181818176,
            263.5406698564593,
            604.5933014354066,
            328.133971291866
          ],
          "category": "truck",
          "category ID": 5,
          "trunc": false
        }
      ]
    },
    {
      "frame_id": 51,
      "image_path": "frames/J-j5eIHg8I0_004326/images/000051.jpg",
      "accident_id": 5,
      "accident_name": "turning",
      "objects": [
        {
          "obj_track_id": 205,
          "bbox": [
            437.51196172248797,
            261.3875598086124,
            602.0095693779904,
            329.42583732057415
          ],
          "category": "truck",
          "category ID": 5,
          "trunc": false
        },
        {
          "obj_track_id": 247,
          "bbox": [
            370.334928229665,
            305.74162679425837,
            450.43062200956933,
            365.1674641148325
          ],
          "category": "car",
          "category ID": 3,
          "trunc": false
        }
      ]
    },
    {
      "frame_id": 52,
      "image_path": "frames/J-j5eIHg8I0_004326/images/000052.jpg",
      "accident_id": 5,
      "accident_name": "turning",
      "objects": [
        {
          "obj_track_id": 205,
          "bbox": [
            433.20574162679424,
            259.23444976076553,
            599.4258373205741,
            330.71770334928226
          ],
          "category": "truck",
          "category ID": 5,
          "trunc": false
        },
        {
          "obj_track_id": 247,
          "bbox": [
            363.444976076555,
            306.6028708133971,
            443.5406698564593,
            367.7511961722488
          ],
          "category": "car",
          "category ID": 3,
          "trunc": false
        }
      ]
    },
    {
      "frame_id": 53,
      "image_path": "frames/J-j5eIHg8I0_004326/images/000053.jpg",
      "accident_id": 5,
      "accident_name": "turning",
      "objects": [
        {
          "obj_track_id": 205,
          "bbox": [
            427.17703349282294,
            260.0956937799043,
            597.7033492822966,
            334.16267942583727
          ],
          "category": "truck",
          "category ID": 5,
          "trunc": false
        },
        {
          "obj_track_id": 247,
          "bbox": [
            356.55502392344494,
            309.1866028708134,
            436.65071770334924,
            371.1961722488038
          ],
          "category": "car",
          "category ID": 3,
          "trunc": false
        }
      ]
    },
    {
      "frame_id": 54,
      "image_path": "frames/J-j5eIHg8I0_004326/images/000054.jpg",
      "accident_id": 5,
      "accident_name": "turning",
      "objects": [
        {
          "obj_track_id": 205,
          "bbox": [
            420.28708133971287,
            261.8181818181818,
            599.4258373205741,
            329.85645933014354
          ],
          "category": "truck",
          "category ID": 5,
          "trunc": false
        },
        {
          "obj_track_id": 247,
          "bbox": [
            349.6650717703349,
            307.46411483253587,
            434.06698564593296,
            370.334928229665
          ],
          "category": "car",
          "category ID": 3,
          "trunc": false
        }
      ]
    },
    {
      "frame_id": 55,
      "image_path": "frames/J-j5eIHg8I0_004326/images/000055.jpg",
      "accident_id": 5,
      "accident_name": "turning",
      "objects": [
        {
          "obj_track_id": 205,
          "bbox": [
            415.9808612440191,
            256.65071770334924,
            597.7033492822966,
            333.30143540669854
          ],
          "category": "truck",
          "category ID": 5,
          "trunc": false
        },
        {
          "obj_track_id": 247,
          "bbox": [
            341.9138755980861,
            306.6028708133971,
            429.7607655502392,
            371.1961722488038
          ],
          "category": "car",
          "category ID": 3,
          "trunc": false
        }
      ]
    },
    {
      "frame_id": 56,
      "image_path": "frames/J-j5eIHg8I0_004326/images/000056.jpg",
      "accident_id": 5,
      "accident_name": "turning",
      "objects": [
        {
          "obj_track_id": 205,
          "bbox": [
            408.2296650717703,
            254.066985645933,
            595.9808612440191,
            336.74641148325355
          ],
          "category": "truck",
          "category ID": 5,
          "trunc": false
        },
        {
          "obj_track_id": 247,
          "bbox": [
            329.85645933014354,
            305.74162679425837,
            423.73205741626793,
            370.334928229665
          ],
          "category": "car",
          "category ID": 3,
          "trunc": false
        }
      ]
    },
    {
      "frame_id": 57,
      "image_path": "frames/J-j5eIHg8I0_004326/images/000057.jpg",
      "accident_id": 5,
      "accident_name": "turning",
      "objects": [
        {
          "obj_track_id": 205,
          "bbox": [
            404.68619246861925,
            254.05857740585773,
            596.4853556485356,
            341.4225941422594
          ],
          "category": "truck",
          "category ID": 5,
          "trunc": false
        },
        {
          "obj_track_id": 247,
          "bbox": [
            322.3430962343096,
            306.27615062761504,
            415.73221757322176,
            369.5397489539749
          ],
          "category": "car",
          "category ID": 3,
          "trunc": false
        }
      ]
    },
    {
      "frame_id": 58,
      "image_path": "frames/J-j5eIHg8I0_004326/images/000058.jpg",
      "accident_id": 5,
      "accident_name": "turning",
      "objects": [
        {
          "obj_track_id": 205,
          "bbox": [
            397.65690376569034,
            253.05439330543933,
            594.4769874476988,
            349.45606694560666
          ],
          "category": "truck",
          "category ID": 5,
          "trunc": false
        },
        {
          "obj_track_id": 247,
          "bbox": [
            313.30543933054395,
            307.2803347280335,
            406.69456066945605,
            370.5439330543933
          ],
          "category": "car",
          "category ID": 3,
          "trunc": false
        }
      ]
    },
    {
      "frame_id": 59,
      "image_path": "frames/J-j5eIHg8I0_004326/images/000059.jpg",
      "accident_id": 5,
      "accident_name": "turning",
      "objects": [
        {
          "obj_track_id": 205,
          "bbox": [
            393.64016736401675,
            253.05439330543933,
            594.4769874476988,
            345.43933054393307
          ],
          "category": "truck",
          "category ID": 5,
          "trunc": false
        },
        {
          "obj_track_id": 247,
          "bbox": [
            305.27196652719664,
            308.2845188284519,
            401.673640167364,
            371.54811715481173
          ],
          "category": "car",
          "category ID": 3,
          "trunc": false
        }
      ]
    },
    {
      "frame_id": 60,
      "image_path": "frames/J-j5eIHg8I0_004326/images/000060.jpg",
      "accident_id": 5,
      "accident_name": "turning",
      "objects": [
        {
          "obj_track_id": 205,
          "bbox": [
            388.6192468619247,
            251.0460251046025,
            593.4728033472803,
            344.4351464435146
          ],
          "category": "truck",
          "category ID": 5,
          "trunc": false
        },
        {
          "obj_track_id": 247,
          "bbox": [
            295.23012552301253,
            307.2803347280335,
            397.65690376569034,
            374.56066945606693
          ],
          "category": "car",
          "category ID": 3,
          "trunc": false
        }
      ]
    },
    {
      "frame_id": 61,
      "image_path": "frames/J-j5eIHg8I0_004326/images/000061.jpg",
      "accident_id": 5,
      "accident_name": "turning",
      "objects": [
        {
          "obj_track_id": 205,
          "bbox": [
            381.5899581589958,
            247.02928870292888,
            592.4686192468619,
            341.4225941422594
          ],
          "category": "truck",
          "category ID": 5,
          "trunc": false
        },
        {
          "obj_track_id": 247,
          "bbox": [
            290.2092050209205,
            307.2803347280335,
            390.6276150627615,
            376.5690376569038
          ],
          "category": "car",
          "category ID": 3,
          "trunc": false
        }
      ]
    },
    {
      "frame_id": 62,
      "image_path": "frames/J-j5eIHg8I0_004326/images/000062.jpg",
      "accident_id": 0,
      "accident_name": "normal",
      "objects": []
    },
    {
      "frame_id": 63,
      "image_path": "frames/J-j5eIHg8I0_004326/images/000063.jpg",
      "accident_id": 0,
      "accident_name": "normal",
      "objects": []
    },
    {
      "frame_id": 64,
      "image_path": "frames/J-j5eIHg8I0_004326/images/000064.jpg",
      "accident_id": 0,
      "accident_name": "normal",
      "objects": []
    },
    {
      "frame_id": 65,
      "image_path": "frames/J-j5eIHg8I0_004326/images/000065.jpg",
      "accident_id": 0,
      "accident_name": "normal",
      "objects": []
    },
    {
      "frame_id": 66,
      "image_path": "frames/J-j5eIHg8I0_004326/images/000066.jpg",
      "accident_id": 0,
      "accident_name": "normal",
      "objects": []
    },
    {
      "frame_id": 67,
      "image_path": "frames/J-j5eIHg8I0_004326/images/000067.jpg",
      "accident_id": 0,
      "accident_name": "normal",
      "objects": []
    },
    {
      "frame_id": 68,
      "image_path": "frames/J-j5eIHg8I0_004326/images/000068.jpg",
      "accident_id": 0,
      "accident_name": "normal",
      "objects": []
    },
    {
      "frame_id": 69,
      "image_path": "frames/J-j5eIHg8I0_004326/images/000069.jpg",
      "accident_id": 0,
      "accident_name": "normal",
      "objects": []
    },
    {
      "frame_id": 70,
      "image_path": "frames/J-j5eIHg8I0_004326/images/000070.jpg",
      "accident_id": 0,
      "accident_name": "normal",
      "objects": []
    },
    {
      "frame_id": 71,
      "image_path": "frames/J-j5eIHg8I0_004326/images/000071.jpg",
      "accident_id": 0,
      "accident_name": "normal",
      "objects": []
    },
    {
      "frame_id": 72,
      "image_path": "frames/J-j5eIHg8I0_004326/images/000072.jpg",
      "accident_id": 0,
      "accident_name": "normal",
      "objects": []
    },
    {
      "frame_id": 73,
      "image_path": "frames/J-j5eIHg8I0_004326/images/000073.jpg",
      "accident_id": 0,
      "accident_name": "normal",
      "objects": []
    },
    {
      "frame_id": 74,
      "image_path": "frames/J-j5eIHg8I0_004326/images/000074.jpg",
      "accident_id": 0,
      "accident_name": "normal",
      "objects": []
    },
    {
      "frame_id": 75,
      "image_path": "frames/J-j5eIHg8I0_004326/images/000075.jpg",
      "accident_id": 0,
      "accident_name": "normal",
      "objects": []
    },
    {
      "frame_id": 76,
      "image_path": "frames/J-j5eIHg8I0_004326/images/000076.jpg",
      "accident_id": 0,
      "accident_name": "normal",
      "objects": []
    },
    {
      "frame_id": 77,
      "image_path": "frames/J-j5eIHg8I0_004326/images/000077.jpg",
      "accident_id": 0,
      "accident_name": "normal",
      "objects": []
    },
    {
      "frame_id": 78,
      "image_path": "frames/J-j5eIHg8I0_004326/images/000078.jpg",
      "accident_id": 0,
      "accident_name": "normal",
      "objects": []
    },
    {
      "frame_id": 79,
      "image_path": "frames/J-j5eIHg8I0_004326/images/000079.jpg",
      "accident_id": 0,
      "accident_name": "normal",
      "objects": []
    },
    {
      "frame_id": 80,
      "image_path": "frames/J-j5eIHg8I0_004326/images/000080.jpg",
      "accident_id": 0,
      "accident_name": "normal",
      "objects": []
    },
    {
      "frame_id": 81,
      "image_path": "frames/J-j5eIHg8I0_004326/images/000081.jpg",
      "accident_id": 0,
      "accident_name": "normal",
      "objects": []
    },
    {
      "frame_id": 82,
      "image_path": "frames/J-j5eIHg8I0_004326/images/000082.jpg",
      "accident_id": 0,
      "accident_name": "normal",
      "objects": []
    },
    {
      "frame_id": 83,
      "image_path": "frames/J-j5eIHg8I0_004326/images/000083.jpg",
      "accident_id": 0,
      "accident_name": "normal",
      "objects": []
    },
    {
      "frame_id": 84,
      "image_path": "frames/J-j5eIHg8I0_004326/images/000084.jpg",
      "accident_id": 0,
      "accident_name": "normal",
      "objects": []
    },
    {
      "frame_id": 85,
      "image_path": "frames/J-j5eIHg8I0_004326/images/000085.jpg",
      "accident_id": 0,
      "accident_name": "normal",
      "objects": []
    },
    {
      "frame_id": 86,
      "image_path": "frames/J-j5eIHg8I0_004326/images/000086.jpg",
      "accident_id": 0,
      "accident_name": "normal",
      "objects": []
    },
    {
      "frame_id": 87,
      "image_path": "frames/J-j5eIHg8I0_004326/images/000087.jpg",
      "accident_id": 0,
      "accident_name": "normal",
      "objects": []
    },
    {
      "frame_id": 88,
      "image_path": "frames/J-j5eIHg8I0_004326/images/000088.jpg",
      "accident_id": 0,
      "accident_name": "normal",
      "objects": []
    }
  ]
}