{
  "video_name": "kVhgFPPG-wo_004796",
  "channel": "AnAn",
  "num_frames": 111,
  "ignore": false,
  "ego_involve": true,
  "night": false,
  "anomaly_start": 54,
  "anomaly_end": 101,
  "video_start": 4796,
  "video_end": 4906,
  "accident_id": "3",
  "accident_name": "lateral",
  "labels": [
    {
      "frame_id": 0,
      "image_path": "frames/kVhgFPPG-wo_004796/images/000000.jpg",
      "accident_id": 0,
      "accident_name": "normal",
      "objects": []
    },
    {
      "frame_id": 1,
      "image_path": "frames/kVhgFPPG-wo_004796/images/000001.jpg",
      "accident_id": 0,
      "accident_name": "normal",
      "objects": []
    },
    {
      "frame_id": 2,
      "image_path": "frames/kVhgFPPG-wo_004796/images/000002.jpg",
      "accident_id": 0,
      "accident_name": "normal",
      "objects": []
    },
    {
      "frame_id": 3,
      "image_path": "frames/kVhgFPPG-wo_004796/images/000003.jpg",
      "accident_id": 0,
      "accident_name": "normal",
      "objects": []
    },
    {
      "frame_id": 4,
      "image_path": "frames/kVhgFPPG-wo_004796/images/000004.jpg",
      "accident_id": 0,
      "accident_name": "normal",
      "objects": []
    },
    {
      "frame_id": 5,
      "image_path": "frames/kVhgFPPG-wo_004796/images/000005.jpg",
      "accident_id": 0,
      "accident_name": "normal",
      "objects": []
    },
    {
      "frame_id": 6,
      "image_path": "frames/kVhgFPPG-wo_004796/images/000006.jpg",
      "accident_id": 0,
      "accident_name": "normal",
      "objects": []
    },
    {
      "frame_id": 7,
      "image_path": "frames/kVhgFPPG-wo_004796/images/000007.jpg",
      "accident_id": 0,
      "accident_name": "normal",
      "objects": []
    },
    {
      "frame_id": 8,
      "image_path": "frames/kVhgFPPG-wo_004796/images/000008.jpg",
      "accident_id": 0,
      "accident_name": "normal",
      "objects": []
    },
    {
      "frame_id": 9,
      "image_path": "frames/kVhgFPPG-wo_004796/images/000009.jpg",
      "accident_id": 0,
      "accident_name": "normal",
      "objects": []
    },
    {
      "frame_id": 10,
      "image_path": "frames/kVhgFPPG-wo_004796/images/000010.jpg",
      "accident_id": 0,
      "accident_name": "normal",
      "objects": []
    },
    {
      "frame_id": 11,
      "image_path": "frames/kVhgFPPG-wo_004796/images/000011.jpg",
      "accident_id": 0,
      "accident_name": "normal",
      "objects": []
    },
    {
      "frame_id": 12,
      "image_path": "frames/kVhgFPPG-wo_004796/images/000012.jpg",
      "accident_id": 0,
      "accident_name": "normal",
      "objects": []
    },
    {
      "frame_id": 13,
      "image_path": "frames/kVhgFPPG-wo_004796/images/000013.jpg",
      "accident_id": 0,
      "accident_name": "normal",
      "objects": []
    },
    {
      "frame_id": 14,
      "image_path": "frames/kVhgFPPG-wo_004796/images/000014.jpg",
      "accident_id": 0,
      "accident_name": "normal",
      "objects": []
    },
    {
      "frame_id": 15,
      "image_path": "frames/kVhgFPPG-wo_004796/images/000015.jpg",
      "accident_id": 0,
      "accident_name": "normal",
      "objects": []
    },
    {
      "frame_id": 16,
      "image_path": "frames/kVhgFPPG-wo_004796/images/000016.jpg",
      "accident_id": 0,
      "accident_name": "normal",
      "objects": []
    },
    {
      "frame_id": 17,
      "image_path": "frames/kVhgFPPG-wo_004796/images/000017.jpg",
      "accident_id": 0,
      "accident_name": "normal",
      "objects": []
    },
    {
      "frame_id": 18,
      "image_path": "frames/kVhgFPPG-wo_004796/images/000018.jpg",
      "accident_id": 0,
      "accident_name": "normal",
      "objects": []
    },
    {
      "frame_id": 19,
      "image_path": "frames/kVhgFPPG-wo_004796/images/000019.jpg",
      "accident_id": 0,
      "accident_name": "normal",
      "objects": []
    },
    {
      "frame_id": 20,
      "image_path": "frames/kVhgFPPG-wo_004796/images/000020.jpg",
      "accident_id": 0,
      "accident_name": "normal",
      "objects": []
    },
    {
      "frame_id": 21,
      "image_path": "frames/kVhgFPPG-wo_004796/images/000021.jpg",
      "accident_id": 0,
      "accident_name": "normal",
      "objects": []
    },
    {
      "frame_id": 22,
      "image_path": "frames/kVhgFPPG-wo_004796/images/000022.jpg",
      "accident_id": 0,
      "accident_name": "normal",
      "objects": []
    },
    {
      "frame_id": 23,
      "image_path": "frames/kVhgFPPG-wo_004796/images/000023.jpg",
      "accident_id": 0,
      "accident_name": "normal",
      "objects": []
    },
    {
      "frame_id": 24,
      "image_path": "frames/kVhgFPPG-wo_004796/images/000024.jpg",
      "accident_id": 0,
      "accident_name": "normal",
      "objects": []
    },
    {
      "frame_id": 25,
      "image_path": "frames/kVhgFPPG-wo_004796/images/000025.jpg",
      "accident_id": 0,
      "accident_name": "normal",
      "objects": []
    },
    {
      "frame_id": 26,
      "image_path": "frames/kVhgFPPG-wo_004796/images/000026.jpg",
      "accident_id": 0,
      "accident_name": "normal",
      "objects": []
    },
    {
      "frame_id": 27,
      "image_path": "frames/kVhgFPPG-wo_004796/images/000027.jpg",
      "accident_id": 0,
      "accident_name": "normal",
      "objects": []
    },
    {
      "frame_id": 28,
      "image_path": "frames/kVhgFPPG-wo_004796/images/000028.jpg",
      "accident_id": 0,
      "accident_name": "normal",
      "objects": []
    },
    {
      "frame_id": 29,
      "image_path": "frames/kVhgFPPG-wo_004796/images/000029.jpg",
      "accident_id": 0,
      "accident_name": "normal",
      "objects": []
    },
    {
      "frame_id": 30,
      "image_path": "frames/kVhgFPPG-wo_004796/images/000030.jpg",
      "accident_id": 0,
      "accident_name": "normal",
      "objects": []
    },
    {
      "frame_id": 31,
      "image_path": "frames/kVhgFPPG-wo_004796/images/000031.jpg",
      "accident_id": 0,
      "accident_name": "normal",
      "objects": []
    },
    {
      "frame_id": 32,
      "image_path": "frames/kVhgFPPG-wo_004796/images/000032.jpg",
      "accident_id": 0,
      "accident_name": "normal",
      "objects": []
    },
    {
      "frame_id": 33,
      "image_path": "frames/kVhgFPPG-wo_004796/images/000033.jpg",
      "accident_id": 0,
      "accident_name": "normal",
      "objects": []
    },
    {
      "frame_id": 34,
      "image_path": "frames/kVhgFPPG-wo_004796/images/000034.jpg",
      "accident_id": 0,
      "accident_name": "normal",
      "objects": []
    },
    {
      "frame_id": 35,
      "image_path": "frames/kVhgFPPG-wo_004796/images/000035.jpg",
      "accident_id": 0,
      "accident_name": "normal",
      "objects": []
    },
    {
      "frame_id": 36,
      "image_path": "frames/kVhgFPPG-wo_004796/images/000036.jpg",
      "accident_id": 0,
      "accident_name": "normal",
      "objects": []
    },
    {
      "frame_id": 37,
      "image_path": "frames/kVhgFPPG-wo_004796/images/000037.jpg",
      "accident_id": 0,
      "accident_name": "normal",
      "objects": []
    },
    {
      "frame_id": 38,
      "image_path": "frames/kVhgFPPG-wo_004796/images/000038.jpg",
      "accident_id": 0,
      "accident_name": "normal",
      "objects": []
    },
    {
      "frame_id": 39,
      "image_path": "frames/kVhgFPPG-wo_004796/images/000039.jpg",
      "accident_id": 0,
      "accident_name": "normal",
      "objects": []
    },
    {
      "frame_id": 40,
      "image_path": "frames/kVhgFPPG-wo_004796/images/000040.jpg",
      "accident_id": 0,
      "accident_name": "normal",
      "objects": []
    },
    {
      "frame_id": 41,
      "image_path": "frames/kVhgFPPG-wo_004796/images/000041.jpg",
      "accident_id": 0,
      "accident_name": "normal",
      "objects": []
    },
    {
      "frame_id": 42,
      "image_path": "frames/kVhgFPPG-wo_004796/images/000042.jpg",
      "accident_id": 0,
      "accident_name": "normal",
      "objects": []
    },
    {
      "frame_id": 43,
      "image_path": "frames/kVhgFPPG-wo_004796/images/000043.jpg",
      "accident_id": 0,
      "accident_name": "normal",
      "objects": []
    },
    {
      "frame_id": 44,
      "image_path": "frames/kVhgFPPG-wo_004796/images/000044.jpg",
      "accident_id": 0,
      "accident_name": "normal",
      "objects": []
    },
    {
      "frame_id": 45,
      "image_path": "frames/kVhgFPPG-wo_004796/images/000045.jpg",
      "accident_id": 0,
      "accident_name": "normal",
      "objects": []
    },
    {
      "frame_id": 46,
      "image_path": "frames/kVhgFPPG-wo_004796/images/000046.jpg",
      "accident_id": 0,
      "accident_name": "normal",
      "objects": []
    },
    {
      "frame_id": 47,
      "image_path": "frames/kVhgFPPG-wo_004796/images/000047.jpg",
      "accident_id": 0,
      "accident_name": "normal",
      "objects": []
    },
    {
      "frame_id": 48,
      "image_path": "frames/kVhgFPPG-wo_004796/images/000048.jpg",
      "accident_id": 0,
      "accident_name": "normal",
      "objects": []
    },
    {
      "frame_id": 49,
      "image_path": "frames/kVhgFPPG-wo_004796/images/000049.jpg",
      "accident_id": 0,
      "accident_name": "normal",
      "objects": []
    },
    {
      "frame_id": 50,
      "image_path": "frames/kVhgFPPG-wo_004796/images/000050.jpg",
      "accident_id": 0,
      "accident_name": "normal",
      "objects": []
    },
    {
      "frame_id": 51,
      "image_path": "frames/kVhgFPPG-wo_004796/images/000051.jpg",
      "accident_id": 0,
      "accident_name": "normal",
      "objects": []
    },
    {
      "frame_id": 52,
      "image_path": "frames/kVhgFPPG-wo_004796/images/000052.jpg",
      "accident_id": 0,
      "accident_name": "normal",
      "objects": []
    },
    {
      "frame_id": 53,
      "image_path": "frames/kVhgFPPG-wo_004796/images/000053.jpg",
      "accident_id": 0,
      "accident_name": "normal",
      "objects": []
    },
    {
      "frame_id": 54,
      "image_path": "frames/kVhgFPPG-wo_004796/images/000054.jpg",
      "accident_id": 3,
      "accident_name": "lateral",
      "objects": [
        {
          "obj_track_id": 0,
          "bbox": [
            0,
            448.99951318331,
            178.1818181818182,
            605.8826300664268
          ],
          "category": "car",
          "category ID": 3,
          "trunc": true
        }
      ]
    },
    {
      "frame_id": 55,
      "image_path": "frames/kVhgFPPG-wo_004796/images/000055.jpg",
      "accident_id": 3,
      "accident_name": "lateral",
      "objects": [
        {
          "obj_track_id": 0,
          "bbox": [
            0,
            412.987012987013,
            216.1038961038961,
            606.7532467532467
          ],
          "category": "car",
          "category ID": 3,
          "trunc": true
        }
      ]
    },
    {
      "frame_id": 56,
      "image_path": "frames/kVhgFPPG-wo_004796/images/000056.jpg",
      "accident_id": 3,
      "accident_name": "lateral",
      "objects": [
        {
          "obj_track_id": 0,
          "bbox": [
            0,
            376.1038961038961,
            254.02597402597402,
            606.7532467532467
          ],
          "category": "car",
          "category ID": 3,
          "trunc": true
        }
      ]
    },
    {
      "frame_id": 57,
      "image_path": "frames/kVhgFPPG-wo_004796/images/000057.jpg",
      "accident_id": 3,
      "accident_name": "lateral",
      "objects": [
        {
          "obj_track_id": 0,
          "bbox": [
            0,
            374.025974025974,
            285.1948051948052,
            606.7532467532467
          ],
          "category": "car",
          "category ID": 3,
          "trunc": true
        }
      ]
    },
    {
      "frame_id": 58,
      "image_path": "frames/kVhgFPPG-wo_004796/images/000058.jpg",
      "accident_id": 3,
      "accident_name": "lateral",
      "objects": [
        {
          "obj_track_id": 0,
          "bbox": [
            0,
            358.4415584415584,
            323.6363636363636,
            606.7532467532467
          ],
          "category": "car",
          "category ID": 3,
          "trunc": true
        }
      ]
    },
    {
      "frame_id": 59,
      "image_path": "frames/kVhgFPPG-wo_004796/images/000059.jpg",
      "accident_id": 3,
      "accident_name": "lateral",
      "objects": [
        {
          "obj_track_id": 0,
          "bbox": [
            0,
            356.3636363636364,
            367.27272727272725,
            606.7532467532467
          ],
          "category": "car",
          "category ID": 3,
          "trunc": true
        }
      ]
    },
    {
      "frame_id": 60,
      "image_path": "frames/kVhgFPPG-wo_004796/images/000060.jpg",
      "accident_id": 3,
      "accident_name": "lateral",
      "objects": [
        {
          "obj_track_id": 0,
          "bbox": [
            0,
            369.87012987012986,
            400.5194805194805,
            606.7532467532467
          ],
          "category": "car",
          "category ID": 3,
          "trunc": true
        }
      ]
    },
    {
      "frame_id": 61,
      "image_path": "frames/kVhgFPPG-wo_004796/images/000061.jpg",
      "accident_id": 3,
      "accident_name": "lateral",
      "objects": [
        {
          "obj_track_id": 0,
          "bbox": [
            0,
            370.9090909090909,
            432.7272727272727,
            606.7532467532467
          ],
          "category": "car",
          "category ID": 3,
          "trunc": true
        }
      ]
    },
    {
      "frame_id": 62,
      "image_path": "frames/kVhgFPPG-wo_004796/images/000062.jpg",
      "accident_id": 3,
      "accident_name": "lateral",
      "objects": [
        {
          "obj_track_id": 0,
          "bbox": [
            0,
            380.2597402597402,
            460.7792207792208,
            606.7532467532467
          ],
          "category": "car",
          "category ID": 3,
          "trunc": true
        }
      ]
    },
    {
      "frame_id": 63,
      "image_path": "frames/kVhgFPPG-wo_004796/images/000063.jpg",
      "accident_id": 3,
      "accident_name": "lateral",
      "objects": [
        {
          "obj_track_id": 0,
          "bbox": [
            0,
            382.3376623376623,
            467.012987012987,
            606.7532467532467
          ],
          "category": "car",
          "category ID": 3,
          "trunc": true
        }
      ]
    },
    {
      "frame_id": 64,
      "image_path": "frames/kVhgFPPG-wo_004796/images/000064.jpg",
      "accident_id": 3,
      "accident_name": "lateral",
      "objects": [
        {
          "obj_track_id": 0,
          "bbox": [
            0,
            382.3376623376623,
            461.8181818181818,
            606.7532467532467
          ],
          "category": "car",
          "category ID": 3,
          "trunc": true
        }
      ]
    },
    {
      "frame_id": 65,
      "image_path": "frames/kVhgFPPG-wo_004796/images/000065.jpg",
      "accident_id": 3,
      "accident_name": "lateral",
      "objects": [
        {
          "obj_track_id": 0,
          "bbox": [
            28.57142857142857,
            382.3376623376623,
            456.20314389359135,
            637.2914147521161
          ],
          "category": "car",
          "category ID": 3,
          "trunc": false
        }
      ]
    },
    {
      "frame_id": 66,
      "image_path": "frames/kVhgFPPG-wo_004796/images/000066.jpg",
      "accident_id": 3,
      "accident_name": "lateral",
      "objects": [
        {
          "obj_track_id": 0,
          "bbox": [
            60.77922077922078,
            383.37662337662334,
            437.9201934703749,
            624.2321644498187
          ],
          "category": "car",
          "category ID": 3,
          "trunc": false
        }
      ]
    },
    {
      "frame_id": 67,
      "image_path": "frames/kVhgFPPG-wo_004796/images/000067.jpg",
      "accident_id": 3,
      "accident_name": "lateral",
      "objects": [
        {
          "obj_track_id": 0,
          "bbox": [
            97.14285714285714,
            390.64935064935065,
            426.4935064935064,
            607.7922077922077
          ],
          "category": "car",
          "category ID": 3,
          "trunc": false
        }
      ]
    },
    {
      "frame_id": 68,
      "image_path": "frames/kVhgFPPG-wo_004796/images/000068.jpg",
      "accident_id": 3,
      "accident_name": "lateral",
      "objects": [
        {
          "obj_track_id": 0,
          "bbox": [
            143.89610389610388,
            397.9220779220779,
            436.8831168831168,
            593.2467532467532
          ],
          "category": "car",
          "category ID": 3,
          "trunc": false
        }
      ]
    },
    {
      "frame_id": 69,
      "image_path": "frames/kVhgFPPG-wo_004796/images/000069.jpg",
      "accident_id": 3,
      "accident_name": "lateral",
      "objects": [
        {
          "obj_track_id": 0,
          "bbox": [
            198.96103896103895,
            408.31168831168833,
            465.97402597402595,
            581.8181818181818
          ],
          "category": "car",
          "category ID": 3,
          "trunc": false
        }
      ]
    },
    {
      "frame_id": 70,
      "image_path": "frames/kVhgFPPG-wo_004796/images/000070.jpg",
      "accident_id": 3,
      "accident_name": "lateral",
      "objects": [
        {
          "obj_track_id": 0,
          "bbox": [
            261.2987012987013,
            408.31168831168833,
            499.2207792207792,
            576.6233766233767
          ],
          "category": "car",
          "category ID": 3,
          "trunc": false
        }
      ]
    },
    {
      "frame_id": 71,
      "image_path": "frames/kVhgFPPG-wo_004796/images/000071.jpg",
      "accident_id": 3,
      "accident_name": "lateral",
      "objects": [
        {
          "obj_track_id": 0,
          "bbox": [
            325.7142857142857,
            406.23376623376623,
            538.7012987012987,
            558.961038961039
          ],
          "category": "car",
          "category ID": 3,
          "trunc": false
        }
      ]
    },
    {
      "frame_id": 72,
      "image_path": "frames/kVhgFPPG-wo_004796/images/000072.jpg",
      "accident_id": 3,
      "accident_name": "lateral",
      "objects": [
        {
          "obj_track_id": 0,
          "bbox": [
            397.4025974025974,
            403.1168831168831,
            585.4545454545455,
            534.025974025974
          ],
          "category": "car",
          "category ID": 3,
          "trunc": false
        }
      ]
    },
    {
      "frame_id": 73,
      "image_path": "frames/kVhgFPPG-wo_004796/images/000073.jpg",
      "accident_id": 3,
      "accident_name": "lateral",
      "objects": [
        {
          "obj_track_id": 0,
          "bbox": [
            465.97402597402595,
            400,
            633.7662337662338,
            522.5974025974026
          ],
          "category": "car",
          "category ID": 3,
          "trunc": false
        }
      ]
    },
    {
      "frame_id": 74,
      "image_path": "frames/kVhgFPPG-wo_004796/images/000074.jpg",
      "accident_id": 3,
      "accident_name": "lateral",
      "objects": [
        {
          "obj_track_id": 0,
          "bbox": [
            534.5454545454545,
            396.8831168831169,
            682.077922077922,
            511.16883116883116
          ],
          "category": "car",
          "category ID": 3,
          "trunc": false
        }
      ]
    },
    {
      "frame_id": 75,
      "image_path": "frames/kVhgFPPG-wo_004796/images/000075.jpg",
      "accident_id": 3,
      "accident_name": "lateral",
      "objects": [
        {
          "obj_track_id": 0,
          "bbox": [
            598.961038961039,
            389.6103896103896,
            729.8701298701299,
            498.7012987012987
          ],
          "category": "car",
          "category ID": 3,
          "trunc": false
        }
      ]
    },
    {
      "frame_id": 76,
      "image_path": "frames/kVhgFPPG-wo_004796/images/000076.jpg",
      "accident_id": 3,
      "accident_name": "lateral",
      "objects": [
        {
          "obj_track_id": 0,
          "bbox": [
            644.6753246753246,
            396.8831168831169,
            763.1168831168831,
            497.6623376623377
          ],
          "category": "car",
          "category ID": 3,
          "trunc": false
        }
      ]
    },
    {
      "frame_id": 77,
      "image_path": "frames/kVhgFPPG-wo_004796/images/000077.jpg",
      "accident_id": 3,
      "accident_name": "lateral",
      "objects": [
        {
          "obj_track_id": 0,
          "bbox": [
            663.3766233766233,
            397.9220779220779,
            771.4285714285714,
            491.42857142857144
          ],
          "category": "car",
          "category ID": 3,
          "trunc": false
        }
      ]
    },
    {
      "frame_id": 78,
      "image_path": "frames/kVhgFPPG-wo_004796/images/000078.jpg",
      "accident_id": 3,
      "accident_name": "lateral",
      "objects": [
        {
          "obj_track_id": 0,
          "bbox": [
            652.9870129870129,
            401.038961038961,
            755.8441558441558,
            487.27272727272725
          ],
          "category": "car",
          "category ID": 3,
          "trunc": false
        }
      ]
    },
    {
      "frame_id": 79,
      "image_path": "frames/kVhgFPPG-wo_004796/images/000079.jpg",
      "accident_id": 3,
      "accident_name": "lateral",
      "objects": [
        {
          "obj_track_id": 0,
          "bbox": [
            629.0909090909091,
            407.27272727272725,
            722.5974025974026,
            489.35064935064935
          ],
          "category": "car",
          "category ID": 3,
          "trunc": false
        }
      ]
    },
    {
      "frame_id": 80,
      "image_path": "frames/kVhgFPPG-wo_004796/images/000080.jpg",
      "accident_id": 3,
      "accident_name": "lateral",
      "objects": [
        {
          "obj_track_id": 0,
          "bbox": [
            600,
            406.23376623376623,
            690.3896103896104,
            484.15584415584414
          ],
          "category": "car",
          "category ID": 3,
          "trunc": false
        }
      ]
    },
    {
      "frame_id": 81,
      "image_path": "frames/kVhgFPPG-wo_004796/images/000081.jpg",
      "accident_id": 3,
      "accident_name": "lateral",
      "objects": [
        {
          "obj_track_id": 0,
          "bbox": [
            569.8701298701299,
            400,
            652.9870129870129,
            472.7272727272727
          ],
          "category": "car",
          "category ID": 3,
          "trunc": false
        }
      ]
    },
    {
      "frame_id": 82,
      "image_path": "frames/kVhgFPPG-wo_004796/images/000082.jpg",
      "accident_id": 3,
      "accident_name": "lateral",
      "objects": [
        {
          "obj_track_id": 0,
          "bbox": [
            538.7012987012987,
            402.0779220779221,
            623.8961038961039,
            465.45454545454544
          ],
          "category": "car",
          "category ID": 3,
          "trunc": false
        }
      ]
    },
    {
      "frame_id": 83,
      "image_path": "frames/kVhgFPPG-wo_004796/images/000083.jpg",
      "accident_id": 3,
      "accident_name": "lateral",
      "objects": [
        {
          "obj_track_id": 0,
          "bbox": [
            522.077922077922,
            402.0779220779221,
            600.0,
            462.3376623376623
          ],
          "category": "car",
          "category ID": 3,
          "trunc": false
        }
      ]
    },
    {
      "frame_id": 84,
      "image_path": "frames/kVhgFPPG-wo_004796/images/000084.jpg",
      "accident_id": 3,
      "accident_name": "lateral",
      "objects": []
    },
    {
      "frame_id": 85,
      "image_path": "frames/kVhgFPPG-wo_004796/images/000085.jpg",
      "accident_id": 3,
      "accident_name": "lateral",
      "objects": []
    },
    {
      "frame_id": 86,
      "image_path": "frames/kVhgFPPG-wo_004796/images/000086.jpg",
      "accident_id": 3,
      "accident_name": "lateral",
      "objects": []
    },
    {
      "frame_id": 87,
      "image_path": "frames/kVhgFPPG-wo_004796/images/000087.jpg",
      "accident_id": 3,
      "accident_name": "lateral",
      "objects": []
    },
    {
      "frame_id": 88,
      "image_path": "frames/kVhgFPPG-wo_004796/images/000088.jpg",
      "accident_id": 3,
      "accident_name": "lateral",
      "objects": []
    },
    {
      "frame_id": 89,
      "image_path": "frames/kVhgFPPG-wo_004796/images/000089.jpg",
      "accident_id": 3,
      "accident_name": "lateral",
      "objects": []
    },
    {
      "frame_id": 90,
      "image_path": "frames/kVhgFPPG-wo_004796/images/000090.jpg",
      "accident_id": 3,
      "accident_name": "lateral",
      "objects": []
    },
    {
      "frame_id": 91,
      "image_path": "frames/kVhgFPPG-wo_004796/images/000091.jpg",
      "accident_id": 3,
      "accident_name": "lateral",
      "objects": []
    },
    {
      "frame_id": 92,
      "image_path": "frames/kVhgFPPG-wo_004796/images/000092.jpg",
      "accident_id": 3,
      "accident_name": "lateral",
      "objects": []
    },
    {
      "frame_id": 93,
      "image_path": "frames/kVhgFPPG-wo_004796/images/000093.jpg",
      "accident_id": 3,
      "accident_name": "lateral",
      "objects": []
    },
    {
      "frame_id": 94,
      "image_path": "frames/kVhgFPPG-wo_004796/images/000094.jpg",
      "accident_id": 3,
      "accident_name": "lateral",
      "objects": []
    },
    {
      "frame_id": 95,
      "image_path": "frames/kVhgFPPG-wo_004796/images/000095.jpg",
      "accident_id": 3,
      "accident_name": "lateral",
      "objects": []
    },
    {
      "frame_id": 96,
      "image_path": "frames/kVhgFPPG-wo_004796/images/000096.jpg",
      "accident_id": 3,
      "accident_name": "lateral",
      "objects": []
    },
    {
      "frame_id": 97,
      "image_path": "frames/kVhgFPPG-wo_004796/images/000097.jpg",
      "accident_id": 3,
      "accident_name": "lateral",
      "objects": []
    },
    {
      "frame_id": 98,
      "image_path": "frames/kVhgFPPG-wo_004796/images/000098.jpg",
      "accident_id": 3,
      "accident_name": "lateral",
      "objects": []
    },
    {
      "frame_id": 99,
      "image_path": "frames/kVhgFPPG-wo_004796/images/000099.jpg",
      "accident_id": 3,
      "accident_name": "lateral",
      "objects": []
    },
    {
      "frame_id": 100,
      "image_path": "frames/kVhgFPPG-wo_004796/images/000100.jpg",
      "accident_id": 3,
      "accident_name": "lateral",
      "objects": []
    },
    {
      "frame_id": 101,
      "image_path": "frames/kVhgFPPG-wo_004796/images/000101.jpg",
      "accident_id": 0,
      "accident_name": "normal",
      "objects": []
    },
    {
      "frame_id": 102,
      "image_path": "frames/kVhgFPPG-wo_004796/images/000102.jpg",
      "accident_id": 0,
      "accident_name": "normal",
      "objects": []
    },
    {
      "frame_id": 103,
      "image_path": "frames/kVhgFPPG-wo_004796/images/000103.jpg",
      "accident_id": 0,
      "accident_name": "normal",
      "objects": []
    },
    {
      "frame_id": 104,
      "image_path": "frames/kVhgFPPG-wo_004796/images/000104.jpg",
      "accident_id": 0,
      "accident_name": "normal",
      "objects": []
    },
    {
      "frame_id": 105,
      "image_path": "frames/kVhgFPPG-wo_004796/images/000105.jpg",
      "accident_id": 0,
      "accident_name": "normal",
      "objects": []
    },
    {
      "frame_id": 106,
      "image_path": "frames/kVhgFPPG-wo_004796/images/000106.jpg",
      "accident_id": 0,
      "accident_name": "normal",
      "objects": []
    },
    {
      "frame_id": 107,
      "image_path": "frames/kVhgFPPG-wo_004796/images/000107.jpg",
      "accident_id": 0,
      "accident_name": "normal",
      "objects": []
    },
    {
      "frame_id": 108,
      "image_path": "frames/kVhgFPPG-wo_004796/images/000108.jpg",
      "accident_id": 0,
      "accident_name": "normal",
      "objects": []
    },
    {
      "frame_id": 109,
      "image_path": "frames/kVhgFPPG-wo_004796/images/000109.jpg",
      "accident_id": 0,
      "accident_name": "normal",
      "objects": []
    },
    {
      "frame_id": 110,
      "image_path": "frames/kVhgFPPG-wo_004796/images/000110.jpg",
      "accident_id": 0,
      "accident_name": "normal",
      "objects": []
    }
  ]
}