{
  "video_name": "LfKfK4I5RPE_001562",
  "channel": "CarCrashesTime",
  "num_frames": 126,
  "ignore": false,
  "ego_involve": false,
  "night": false,
  "anomaly_start": 35,
  "anomaly_end": 91,
  "video_start": 1562,
  "video_end": 1687,
  "accident_id": "8",
  "accident_name": "leave_to_right",
  "labels": [
    {
      "frame_id": 0,
      "image_path": "frames/LfKfK4I5RPE_001562/images/000000.jpg",
      "accident_id": 0,
      "accident_name": "normal",
      "objects": []
    },
    {
      "frame_id": 1,
      "image_path": "frames/LfKfK4I5RPE_001562/images/000001.jpg",
      "accident_id": 0,
      "accident_name": "normal",
      "objects": []
    },
    {
      "frame_id": 2,
      "image_path": "frames/LfKfK4I5RPE_001562/images/000002.jpg",
      "accident_id": 0,
      "accident_name": "normal",
      "objects": []
    },
    {
      "frame_id": 3,
      "image_path": "frames/LfKfK4I5RPE_001562/images/000003.jpg",
      "accident_id": 0,
      "accident_name": "normal",
      "objects": []
    },
    {
      "frame_id": 4,
      "image_path": "frames/LfKfK4I5RPE_001562/images/000004.jpg",
      "accident_id": 0,
      "accident_name": "normal",
      "objects": []
    },
    {
      "frame_id": 5,
      "image_path": "frames/LfKfK4I5RPE_001562/images/000005.jpg",
      "accident_id": 0,
      "accident_name": "normal",
      "objects": []
    },
    {
      "frame_id": 6,
      "image_path": "frames/LfKfK4I5RPE_001562/images/000006.jpg",
      "accident_id": 0,
      "accident_name": "normal",
      "objects": []
    },
    {
      "frame_id": 7,
      "image_path": "frames/LfKfK4I5RPE_001562/images/000007.jpg",
      "accident_id": 0,
      "accident_name": "normal",
      "objects": []
    },
    {
      "frame_id": 8,
      "image_path": "frames/LfKfK4I5RPE_001562/images/000008.jpg",
      "accident_id": 0,
      "accident_name": "normal",
      "objects": []
    },
    {
      "frame_id": 9,
      "image_path": "frames/LfKfK4I5RPE_001562/images/000009.jpg",
      "accident_id": 0,
      "accident_name": "normal",
      "objects": []
    },
    {
      "frame_id": 10,
      "image_path": "frames/LfKfK4I5RPE_001562/images/000010.jpg",
      "accident_id": 0,
      "accident_name": "normal",
      "objects": []
    },
    {
      "frame_id": 11,
      "image_path": "frames/LfKfK4I5RPE_001562/images/000011.jpg",
      "accident_id": 0,
      "accident_name": "normal",
      "objects": []
    },
    {
      "frame_id": 12,
      "image_path": "frames/LfKfK4I5RPE_001562/images/000012.jpg",
      "accident_id": 0,
      "accident_name": "normal",
      "objects": []
    },
    {
      "frame_id": 13,
      "image_path": "frames/LfKfK4I5RPE_001562/images/000013.jpg",
      "accident_id": 0,
      "accident_name": "normal",
      "objects": []
    },
    {
      "frame_id": 14,
      "image_path": "frames/LfKfK4I5RPE_001562/images/000014.jpg",
      "accident_id": 0,
      "accident_name": "normal",
      "objects": []
    },
    {
      "frame_id": 15,
      "image_path": "frames/LfKfK4I5RPE_001562/images/000015.jpg",
      "accident_id": 0,
      "accident_name": "normal",
      "objects": []
    },
    {
      "frame_id": 16,
      "image_path": "frames/LfKfK4I5RPE_001562/images/000016.jpg",
      "accident_id": 0,
      "accident_name": "normal",
      "objects": []
    },
    {
      "frame_id": 17,
      "image_path": "frames/LfKfK4I5RPE_001562/images/000017.jpg",
      "accident_id": 0,
      "accident_name": "normal",
      "objects": []
    },
    {
      "frame_id": 18,
      "image_path": "frames/LfKfK4I5RPE_001562/images/000018.jpg",
      "accident_id": 0,
      "accident_name": "normal",
      "objects": []
    },
    {
      "frame_id": 19,
      "image_path": "frames/LfKfK4I5RPE_001562/images/000019.jpg",
      "accident_id": 0,
      "accident_name": "normal",
      "objects": []
    },
    {
      "frame_id": 20,
      "image_path": "frames/LfKfK4I5RPE_001562/images/000020.jpg",
      "accident_id": 0,
      "accident_name": "normal",
      "objects": []
    },
    {
      "frame_id": 21,
      "image_path": "frames/LfKfK4I5RPE_001562/images/000021.jpg",
      "accident_id": 0,
      "accident_name": "normal",
      "objects": []
    },
    {
      "frame_id": 22,
      "image_path": "frames/LfKfK4I5RPE_001562/images/000022.jpg",
      "accident_id": 0,
      "accident_name": "normal",
      "objects": []
    },
    {
      "frame_id": 23,
      "image_path": "frames/LfKfK4I5RPE_001562/images/000023.jpg",
      "accident_id": 0,
      "accident_name": "normal",
      "objects": []
    },
    {
      "frame_id": 24,
      "image_path": "frames/LfKfK4I5RPE_001562/images/000024.jpg",
      "accident_id": 0,
      "accident_name": "normal",
      "objects": []
    },
    {
      "frame_id": 25,
      "image_path": "frames/LfKfK4I5RPE_001562/images/000025.jpg",
      "accident_id": 0,
      "accident_name": "normal",
      "objects": []
    },
    {
      "frame_id": 26,
      "image_path": "frames/LfKfK4I5RPE_001562/images/000026.jpg",
      "accident_id": 0,
      "accident_name": "normal",
      "objects": []
    },
    {
      "frame_id": 27,
      "image_path": "frames/LfKfK4I5RPE_001562/images/000027.jpg",
      "accident_id": 0,
      "accident_name": "normal",
      "objects": []
    },
    {
      "frame_id": 28,
      "image_path": "frames/LfKfK4I5RPE_001562/images/000028.jpg",
      "accident_id": 0,
      "accident_name": "normal",
      "objects": []
    },
    {
      "frame_id": 29,
      "image_path": "frames/LfKfK4I5RPE_001562/images/000029.jpg",
      "accident_id": 0,
      "accident_name": "normal",
      "objects": []
    },
    {
      "frame_id": 30,
      "image_path": "frames/LfKfK4I5RPE_001562/images/000030.jpg",
      "accident_id": 0,
      "accident_name": "normal",
      "objects": []
    },
    {
      "frame_id": 31,
      "image_path": "frames/LfKfK4I5RPE_001562/images/000031.jpg",
      "accident_id": 0,
      "accident_name": "normal",
      "objects": []
    },
    {
      "frame_id": 32,
      "image_path": "frames/LfKfK4I5RPE_001562/images/000032.jpg",
      "accident_id": 0,
      "accident_name": "normal",
      "objects": []
    },
    {
      "frame_id": 33,
      "image_path": "frames/LfKfK4I5RPE_001562/images/000033.jpg",
      "accident_id": 0,
      "accident_name": "normal",
      "objects": []
    },
    {
      "frame_id": 34,
      "image_path": "frames/LfKfK4I5RPE_001562/images/000034.jpg",
      "accident_id": 0,
      "accident_name": "normal",
      "objects": []
    },
    {
      "frame_id": 35,
      "image_path": "frames/LfKfK4I5RPE_001562/images/000035.jpg",
      "accident_id": 8,
      "accident_name": "leave_to_right",
      "objects": [
        {
          "obj_track_id": 0,
          "bbox": [
            541.0246679316889,
            404.40227703984823,
            583.3776091081594,
            430.3605313092979
          ],
          "category": "car",
          "category ID": 3,
          "trunc": false
        }
      ]
    },
    {
      "frame_id": 36,
      "image_path": "frames/LfKfK4I5RPE_001562/images/000036.jpg",
      "accident_id": 8,
      "accident_name": "leave_to_right",
      "objects": [
        {
          "obj_track_id": 0,
          "bbox": [
            540.3415559772297,
            403.719165085389,
            584.0607210626187,
            428.31119544592036
          ],
          "category": "car",
          "category ID": 3,
          "trunc": false
        }
      ]
    },
    {
      "frame_id": 37,
      "image_path": "frames/LfKfK4I5RPE_001562/images/000037.jpg",
      "accident_id": 8,
      "accident_name": "leave_to_right",
      "objects": [
        {
          "obj_track_id": 0,
          "bbox": [
            539.6584440227705,
            403.0360531309298,
            584.7438330170778,
            426.26185958254274
          ],
          "category": "car",
          "category ID": 3,
          "trunc": false
        }
      ]
    },
    {
      "frame_id": 38,
      "image_path": "frames/LfKfK4I5RPE_001562/images/000038.jpg",
      "accident_id": 8,
      "accident_name": "leave_to_right",
      "objects": [
        {
          "obj_track_id": 0,
          "bbox": [
            538.9753320683112,
            400.9867172675522,
            589.5256166982922,
            426.94497153700195
          ],
          "category": "car",
          "category ID": 3,
          "trunc": false
        }
      ]
    },
    {
      "frame_id": 39,
      "image_path": "frames/LfKfK4I5RPE_001562/images/000039.jpg",
      "accident_id": 8,
      "accident_name": "leave_to_right",
      "objects": [
        {
          "obj_track_id": 0,
          "bbox": [
            538.2922201138521,
            398.9373814041746,
            594.3074003795067,
            427.62808349146115
          ],
          "category": "car",
          "category ID": 3,
          "trunc": false
        }
      ]
    },
    {
      "frame_id": 40,
      "image_path": "frames/LfKfK4I5RPE_001562/images/000040.jpg",
      "accident_id": 8,
      "accident_name": "leave_to_right",
      "objects": [
        {
          "obj_track_id": 0,
          "bbox": [
            542.3908918406073,
            399.6204933586338,
            598.406072106262,
            428.31119544592036
          ],
          "category": "car",
          "category ID": 3,
          "trunc": false
        }
      ]
    },
    {
      "frame_id": 41,
      "image_path": "frames/LfKfK4I5RPE_001562/images/000041.jpg",
      "accident_id": 8,
      "accident_name": "leave_to_right",
      "objects": [
        {
          "obj_track_id": 0,
          "bbox": [
            546.4895635673624,
            400.303605313093,
            602.5047438330171,
            428.99430740037957
          ],
          "category": "car",
          "category ID": 3,
          "trunc": false
        }
      ]
    },
    {
      "frame_id": 42,
      "image_path": "frames/LfKfK4I5RPE_001562/images/000042.jpg",
      "accident_id": 8,
      "accident_name": "leave_to_right",
      "objects": [
        {
          "obj_track_id": 0,
          "bbox": [
            551.2713472485768,
            400.303605313093,
            607.2865275142315,
            428.99430740037957
          ],
          "category": "car",
          "category ID": 3,
          "trunc": false
        }
      ]
    },
    {
      "frame_id": 43,
      "image_path": "frames/LfKfK4I5RPE_001562/images/000043.jpg",
      "accident_id": 8,
      "accident_name": "leave_to_right",
      "objects": [
        {
          "obj_track_id": 0,
          "bbox": [
            556.0531309297913,
            400.303605313093,
            612.068311195446,
            428.99430740037957
          ],
          "category": "car",
          "category ID": 3,
          "trunc": false
        }
      ]
    },
    {
      "frame_id": 44,
      "image_path": "frames/LfKfK4I5RPE_001562/images/000044.jpg",
      "accident_id": 8,
      "accident_name": "leave_to_right",
      "objects": [
        {
          "obj_track_id": 0,
          "bbox": [
            562.8842504743834,
            399.6204933586338,
            622.9981024667932,
            428.31119544592036
          ],
          "category": "car",
          "category ID": 3,
          "trunc": false
        }
      ]
    },
    {
      "frame_id": 45,
      "image_path": "frames/LfKfK4I5RPE_001562/images/000045.jpg",
      "accident_id": 8,
      "accident_name": "leave_to_right",
      "objects": [
        {
          "obj_track_id": 0,
          "bbox": [
            569.7153700189755,
            398.9373814041746,
            633.9278937381405,
            427.62808349146115
          ],
          "category": "car",
          "category ID": 3,
          "trunc": false
        }
      ]
    },
    {
      "frame_id": 46,
      "image_path": "frames/LfKfK4I5RPE_001562/images/000046.jpg",
      "accident_id": 8,
      "accident_name": "leave_to_right",
      "objects": [
        {
          "obj_track_id": 0,
          "bbox": [
            575.8633776091083,
            397.57115749525616,
            640.0759013282733,
            426.26185958254274
          ],
          "category": "car",
          "category ID": 3,
          "trunc": false
        }
      ]
    },
    {
      "frame_id": 47,
      "image_path": "frames/LfKfK4I5RPE_001562/images/000047.jpg",
      "accident_id": 8,
      "accident_name": "leave_to_right",
      "objects": [
        {
          "obj_track_id": 0,
          "bbox": [
            582.0113851992411,
            396.20493358633775,
            646.2239089184061,
            424.8956356736243
          ],
          "category": "car",
          "category ID": 3,
          "trunc": false
        }
      ]
    },
    {
      "frame_id": 48,
      "image_path": "frames/LfKfK4I5RPE_001562/images/000048.jpg",
      "accident_id": 8,
      "accident_name": "leave_to_right",
      "objects": [
        {
          "obj_track_id": 0,
          "bbox": [
            577.9127134724858,
            396.20493358633775,
            642.1252371916509,
            424.8956356736243
          ],
          "category": "car",
          "category ID": 3,
          "trunc": false
        }
      ]
    },
    {
      "frame_id": 49,
      "image_path": "frames/LfKfK4I5RPE_001562/images/000049.jpg",
      "accident_id": 8,
      "accident_name": "leave_to_right",
      "objects": [
        {
          "obj_track_id": 0,
          "bbox": [
            574.4971537001898,
            396.20493358633775,
            638.7096774193548,
            424.8956356736243
          ],
          "category": "car",
          "category ID": 3,
          "trunc": false
        }
      ]
    },
    {
      "frame_id": 50,
      "image_path": "frames/LfKfK4I5RPE_001562/images/000050.jpg",
      "accident_id": 8,
      "accident_name": "leave_to_right",
      "objects": [
        {
          "obj_track_id": 0,
          "bbox": [
            571.0815939278938,
            396.20493358633775,
            635.2941176470588,
            424.8956356736243
          ],
          "category": "car",
          "category ID": 3,
          "trunc": false
        }
      ]
    },
    {
      "frame_id": 51,
      "image_path": "frames/LfKfK4I5RPE_001562/images/000051.jpg",
      "accident_id": 8,
      "accident_name": "leave_to_right",
      "objects": [
        {
          "obj_track_id": 0,
          "bbox": [
            568.3491461100571,
            395.52182163187854,
            634.6110056925997,
            424.2125237191651
          ],
          "category": "car",
          "category ID": 3,
          "trunc": false
        }
      ]
    },
    {
      "frame_id": 52,
      "image_path": "frames/LfKfK4I5RPE_001562/images/000052.jpg",
      "accident_id": 8,
      "accident_name": "leave_to_right",
      "objects": [
        {
          "obj_track_id": 0,
          "bbox": [
            565.6166982922202,
            394.83870967741933,
            633.9278937381405,
            423.5294117647059
          ],
          "category": "car",
          "category ID": 3,
          "trunc": false
        }
      ]
    },
    {
      "frame_id": 53,
      "image_path": "frames/LfKfK4I5RPE_001562/images/000053.jpg",
      "accident_id": 8,
      "accident_name": "leave_to_right",
      "objects": [
        {
          "obj_track_id": 0,
          "bbox": [
            563.5673624288427,
            395.52182163187854,
            627.0967741935484,
            424.2125237191651
          ],
          "category": "car",
          "category ID": 3,
          "trunc": false
        }
      ]
    },
    {
      "frame_id": 54,
      "image_path": "frames/LfKfK4I5RPE_001562/images/000054.jpg",
      "accident_id": 8,
      "accident_name": "leave_to_right",
      "objects": [
        {
          "obj_track_id": 0,
          "bbox": [
            561.5180265654651,
            396.20493358633775,
            620.2656546489563,
            424.8956356736243
          ],
          "category": "car",
          "category ID": 3,
          "trunc": false
        }
      ]
    },
    {
      "frame_id": 55,
      "image_path": "frames/LfKfK4I5RPE_001562/images/000055.jpg",
      "accident_id": 8,
      "accident_name": "leave_to_right",
      "objects": [
        {
          "obj_track_id": 0,
          "bbox": [
            560.1518026565467,
            396.20493358633775,
            612.7514231499051,
            424.8956356736243
          ],
          "category": "car",
          "category ID": 3,
          "trunc": false
        }
      ]
    },
    {
      "frame_id": 56,
      "image_path": "frames/LfKfK4I5RPE_001562/images/000056.jpg",
      "accident_id": 8,
      "accident_name": "leave_to_right",
      "objects": [
        {
          "obj_track_id": 0,
          "bbox": [
            558.7855787476283,
            396.20493358633775,
            605.2371916508539,
            424.8956356736243
          ],
          "category": "car",
          "category ID": 3,
          "trunc": false
        }
      ]
    },
    {
      "frame_id": 57,
      "image_path": "frames/LfKfK4I5RPE_001562/images/000057.jpg",
      "accident_id": 8,
      "accident_name": "leave_to_right",
      "objects": [
        {
          "obj_track_id": 0,
          "bbox": [
            554.0037950664139,
            397.57115749525616,
            600.4554079696395,
            426.94497153700195
          ],
          "category": "car",
          "category ID": 3,
          "trunc": false
        }
      ]
    },
    {
      "frame_id": 58,
      "image_path": "frames/LfKfK4I5RPE_001562/images/000058.jpg",
      "accident_id": 8,
      "accident_name": "leave_to_right",
      "objects": [
        {
          "obj_track_id": 0,
          "bbox": [
            549.2220113851994,
            398.9373814041746,
            595.673624288425,
            428.9943074003795
          ],
          "category": "car",
          "category ID": 3,
          "trunc": false
        }
      ]
    },
    {
      "frame_id": 59,
      "image_path": "frames/LfKfK4I5RPE_001562/images/000059.jpg",
      "accident_id": 8,
      "accident_name": "leave_to_right",
      "objects": [
        {
          "obj_track_id": 0,
          "bbox": [
            543.7571157495258,
            399.6204933586338,
            590.2087286527515,
            429.6774193548387
          ],
          "category": "car",
          "category ID": 3,
          "trunc": false
        }
      ]
    },
    {
      "frame_id": 60,
      "image_path": "frames/LfKfK4I5RPE_001562/images/000060.jpg",
      "accident_id": 8,
      "accident_name": "leave_to_right",
      "objects": [
        {
          "obj_track_id": 0,
          "bbox": [
            538.2922201138522,
            400.30360531309293,
            584.7438330170778,
            430.36053130929787
          ],
          "category": "car",
          "category ID": 3,
          "trunc": false
        }
      ]
    },
    {
      "frame_id": 61,
      "image_path": "frames/LfKfK4I5RPE_001562/images/000061.jpg",
      "accident_id": 8,
      "accident_name": "leave_to_right",
      "objects": [
        {
          "obj_track_id": 0,
          "bbox": [
            534.1935483870968,
            400.30360531309293,
            588.8425047438329,
            430.3605313092979
          ],
          "category": "car",
          "category ID": 3,
          "trunc": false
        }
      ]
    },
    {
      "frame_id": 62,
      "image_path": "frames/LfKfK4I5RPE_001562/images/000062.jpg",
      "accident_id": 8,
      "accident_name": "leave_to_right",
      "objects": [
        {
          "obj_track_id": 0,
          "bbox": [
            530.0948766603416,
            400.30360531309293,
            592.9411764705883,
            430.3605313092979
          ],
          "category": "car",
          "category ID": 3,
          "trunc": false
        }
      ]
    },
    {
      "frame_id": 63,
      "image_path": "frames/LfKfK4I5RPE_001562/images/000063.jpg",
      "accident_id": 8,
      "accident_name": "leave_to_right",
      "objects": [
        {
          "obj_track_id": 0,
          "bbox": [
            523.9468690702088,
            401.66982922201134,
            592.2580645161291,
            430.3605313092979
          ],
          "category": "car",
          "category ID": 3,
          "trunc": false
        }
      ]
    },
    {
      "frame_id": 64,
      "image_path": "frames/LfKfK4I5RPE_001562/images/000064.jpg",
      "accident_id": 8,
      "accident_name": "leave_to_right",
      "objects": [
        {
          "obj_track_id": 0,
          "bbox": [
            517.7988614800759,
            403.0360531309297,
            591.5749525616699,
            430.3605313092979
          ],
          "category": "car",
          "category ID": 3,
          "trunc": false
        }
      ]
    },
    {
      "frame_id": 65,
      "image_path": "frames/LfKfK4I5RPE_001562/images/000065.jpg",
      "accident_id": 8,
      "accident_name": "leave_to_right",
      "objects": [
        {
          "obj_track_id": 0,
          "bbox": [
            512.3339658444022,
            403.7191650853889,
            590.8918406072107,
            431.72675521821634
          ],
          "category": "car",
          "category ID": 3,
          "trunc": false
        }
      ]
    },
    {
      "frame_id": 66,
      "image_path": "frames/LfKfK4I5RPE_001562/images/000066.jpg",
      "accident_id": 8,
      "accident_name": "leave_to_right",
      "objects": [
        {
          "obj_track_id": 0,
          "bbox": [
            506.86907020872854,
            404.4022770398481,
            590.2087286527515,
            433.09297912713475
          ],
          "category": "car",
          "category ID": 3,
          "trunc": false
        }
      ]
    },
    {
      "frame_id": 67,
      "image_path": "frames/LfKfK4I5RPE_001562/images/000067.jpg",
      "accident_id": 8,
      "accident_name": "leave_to_right",
      "objects": [
        {
          "obj_track_id": 0,
          "bbox": [
            504.8197343453509,
            405.76850094876653,
            588.1593927893739,
            434.45920303605317
          ],
          "category": "car",
          "category ID": 3,
          "trunc": false
        }
      ]
    },
    {
      "frame_id": 68,
      "image_path": "frames/LfKfK4I5RPE_001562/images/000068.jpg",
      "accident_id": 8,
      "accident_name": "leave_to_right",
      "objects": [
        {
          "obj_track_id": 0,
          "bbox": [
            502.7703984819733,
            407.13472485768494,
            586.1100569259962,
            435.8254269449716
          ],
          "category": "car",
          "category ID": 3,
          "trunc": false
        }
      ]
    },
    {
      "frame_id": 69,
      "image_path": "frames/LfKfK4I5RPE_001562/images/000069.jpg",
      "accident_id": 8,
      "accident_name": "leave_to_right",
      "objects": [
        {
          "obj_track_id": 0,
          "bbox": [
            500.7210626185957,
            401.66982922201134,
            586.1100569259962,
            431.7267552182164
          ],
          "category": "car",
          "category ID": 3,
          "trunc": false
        }
      ]
    },
    {
      "frame_id": 70,
      "image_path": "frames/LfKfK4I5RPE_001562/images/000070.jpg",
      "accident_id": 8,
      "accident_name": "leave_to_right",
      "objects": [
        {
          "obj_track_id": 0,
          "bbox": [
            498.67172675521806,
            396.2049335863377,
            586.1100569259962,
            427.62808349146115
          ],
          "category": "car",
          "category ID": 3,
          "trunc": false
        }
      ]
    },
    {
      "frame_id": 71,
      "image_path": "frames/LfKfK4I5RPE_001562/images/000071.jpg",
      "accident_id": 8,
      "accident_name": "leave_to_right",
      "objects": [
        {
          "obj_track_id": 0,
          "bbox": [
            500.0379506641366,
            396.2049335863377,
            580.6451612903227,
            428.31119544592036
          ],
          "category": "car",
          "category ID": 3,
          "trunc": false
        }
      ]
    },
    {
      "frame_id": 72,
      "image_path": "frames/LfKfK4I5RPE_001562/images/000072.jpg",
      "accident_id": 8,
      "accident_name": "leave_to_right",
      "objects": [
        {
          "obj_track_id": 0,
          "bbox": [
            501.40417457305506,
            396.2049335863377,
            575.180265654649,
            428.9943074003795
          ],
          "category": "car",
          "category ID": 3,
          "trunc": false
        }
      ]
    },
    {
      "frame_id": 73,
      "image_path": "frames/LfKfK4I5RPE_001562/images/000073.jpg",
      "accident_id": 8,
      "accident_name": "leave_to_right",
      "objects": [
        {
          "obj_track_id": 0,
          "bbox": [
            504.13662239089183,
            396.2049335863377,
            567.6660341555978,
            431.04364326375713
          ],
          "category": "car",
          "category ID": 3,
          "trunc": false
        }
      ]
    },
    {
      "frame_id": 74,
      "image_path": "frames/LfKfK4I5RPE_001562/images/000074.jpg",
      "accident_id": 8,
      "accident_name": "leave_to_right",
      "objects": [
        {
          "obj_track_id": 0,
          "bbox": [
            506.86907020872866,
            396.2049335863377,
            560.1518026565466,
            433.09297912713475
          ],
          "category": "car",
          "category ID": 3,
          "trunc": false
        }
      ]
    },
    {
      "frame_id": 75,
      "image_path": "frames/LfKfK4I5RPE_001562/images/000075.jpg",
      "accident_id": 8,
      "accident_name": "leave_to_right",
      "objects": [
        {
          "obj_track_id": 0,
          "bbox": [
            506.86907020872866,
            396.2049335863377,
            550.5882352941177,
            433.09297912713475
          ],
          "category": "car",
          "category ID": 3,
          "trunc": false
        }
      ]
    },
    {
      "frame_id": 76,
      "image_path": "frames/LfKfK4I5RPE_001562/images/000076.jpg",
      "accident_id": 8,
      "accident_name": "leave_to_right",
      "objects": [
        {
          "obj_track_id": 0,
          "bbox": [
            505.5028462998103,
            396.2049335863377,
            558.7855787476282,
            433.09297912713475
          ],
          "category": "car",
          "category ID": 3,
          "trunc": false
        }
      ]
    },
    {
      "frame_id": 77,
      "image_path": "frames/LfKfK4I5RPE_001562/images/000077.jpg",
      "accident_id": 8,
      "accident_name": "leave_to_right",
      "objects": [
        {
          "obj_track_id": 0,
          "bbox": [
            497.988614800759,
            396.2049335863377,
            562.2011385199241,
            434.45920303605317
          ],
          "category": "car",
          "category ID": 3,
          "trunc": false
        }
      ]
    },
    {
      "frame_id": 78,
      "image_path": "frames/LfKfK4I5RPE_001562/images/000078.jpg",
      "accident_id": 8,
      "accident_name": "leave_to_right",
      "objects": [
        {
          "obj_track_id": 0,
          "bbox": [
            490.4743833017078,
            396.2049335863377,
            565.6166982922201,
            435.8254269449716
          ],
          "category": "car",
          "category ID": 3,
          "trunc": false
        }
      ]
    },
    {
      "frame_id": 79,
      "image_path": "frames/LfKfK4I5RPE_001562/images/000079.jpg",
      "accident_id": 8,
      "accident_name": "leave_to_right",
      "objects": [
        {
          "obj_track_id": 0,
          "bbox": [
            485.00948766603415,
            396.2049335863377,
            569.7153700189754,
            436.5085388994308
          ],
          "category": "car",
          "category ID": 3,
          "trunc": false
        }
      ]
    },
    {
      "frame_id": 80,
      "image_path": "frames/LfKfK4I5RPE_001562/images/000080.jpg",
      "accident_id": 8,
      "accident_name": "leave_to_right",
      "objects": [
        {
          "obj_track_id": 0,
          "bbox": [
            479.54459203036055,
            396.2049335863377,
            573.8140417457306,
            437.19165085389
          ],
          "category": "car",
          "category ID": 3,
          "trunc": false
        }
      ]
    },
    {
      "frame_id": 81,
      "image_path": "frames/LfKfK4I5RPE_001562/images/000081.jpg",
      "accident_id": 8,
      "accident_name": "leave_to_right",
      "objects": [
        {
          "obj_track_id": 0,
          "bbox": [
            479.54459203036055,
            396.2049335863377,
            577.2296015180266,
            437.19165085389
          ],
          "category": "car",
          "category ID": 3,
          "trunc": false
        }
      ]
    },
    {
      "frame_id": 82,
      "image_path": "frames/LfKfK4I5RPE_001562/images/000082.jpg",
      "accident_id": 8,
      "accident_name": "leave_to_right",
      "objects": [
        {
          "obj_track_id": 0,
          "bbox": [
            479.54459203036055,
            396.2049335863377,
            580.6451612903226,
            437.19165085389
          ],
          "category": "car",
          "category ID": 3,
          "trunc": false
        }
      ]
    },
    {
      "frame_id": 83,
      "image_path": "frames/LfKfK4I5RPE_001562/images/000083.jpg",
      "accident_id": 8,
      "accident_name": "leave_to_right",
      "objects": [
        {
          "obj_track_id": 0,
          "bbox": [
            478.86148007590134,
            396.2049335863377,
            584.0607210626185,
            438.5578747628084
          ],
          "category": "car",
          "category ID": 3,
          "trunc": false
        }
      ]
    },
    {
      "frame_id": 84,
      "image_path": "frames/LfKfK4I5RPE_001562/images/000084.jpg",
      "accident_id": 8,
      "accident_name": "leave_to_right",
      "objects": [
        {
          "obj_track_id": 0,
          "bbox": [
            478.17836812144213,
            396.2049335863377,
            587.4762808349146,
            439.92409867172677
          ],
          "category": "car",
          "category ID": 3,
          "trunc": false
        }
      ]
    },
    {
      "frame_id": 85,
      "image_path": "frames/LfKfK4I5RPE_001562/images/000085.jpg",
      "accident_id": 8,
      "accident_name": "leave_to_right",
      "objects": [
        {
          "obj_track_id": 0,
          "bbox": [
            474.07969639468695,
            396.2049335863377,
            587.4762808349146,
            439.92409867172677
          ],
          "category": "car",
          "category ID": 3,
          "trunc": false
        }
      ]
    },
    {
      "frame_id": 86,
      "image_path": "frames/LfKfK4I5RPE_001562/images/000086.jpg",
      "accident_id": 8,
      "accident_name": "leave_to_right",
      "objects": [
        {
          "obj_track_id": 0,
          "bbox": [
            469.9810246679317,
            396.2049335863377,
            587.4762808349146,
            439.92409867172677
          ],
          "category": "car",
          "category ID": 3,
          "trunc": false
        }
      ]
    },
    {
      "frame_id": 87,
      "image_path": "frames/LfKfK4I5RPE_001562/images/000087.jpg",
      "accident_id": 8,
      "accident_name": "leave_to_right",
      "objects": [
        {
          "obj_track_id": 0,
          "bbox": [
            465.88235294117646,
            396.2049335863377,
            588.842504743833,
            439.92409867172677
          ],
          "category": "car",
          "category ID": 3,
          "trunc": false
        }
      ]
    },
    {
      "frame_id": 88,
      "image_path": "frames/LfKfK4I5RPE_001562/images/000088.jpg",
      "accident_id": 8,
      "accident_name": "leave_to_right",
      "objects": [
        {
          "obj_track_id": 0,
          "bbox": [
            461.7836812144213,
            396.2049335863377,
            590.2087286527515,
            439.92409867172677
          ],
          "category": "car",
          "category ID": 3,
          "trunc": false
        }
      ]
    },
    {
      "frame_id": 89,
      "image_path": "frames/LfKfK4I5RPE_001562/images/000089.jpg",
      "accident_id": 8,
      "accident_name": "leave_to_right",
      "objects": [
        {
          "obj_track_id": 0,
          "bbox": [
            459.0512333965845,
            396.2049335863377,
            589.5256166982923,
            439.92409867172677
          ],
          "category": "car",
          "category ID": 3,
          "trunc": false
        }
      ]
    },
    {
      "frame_id": 90,
      "image_path": "frames/LfKfK4I5RPE_001562/images/000090.jpg",
      "accident_id": 8,
      "accident_name": "leave_to_right",
      "objects": [
        {
          "obj_track_id": 0,
          "bbox": [
            456.3187855787477,
            396.2049335863377,
            588.842504743833,
            439.92409867172677
          ],
          "category": "car",
          "category ID": 3,
          "trunc": false
        }
      ]
    },
    {
      "frame_id": 91,
      "image_path": "frames/LfKfK4I5RPE_001562/images/000091.jpg",
      "accident_id": 0,
      "accident_name": "normal",
      "objects": []
    },
    {
      "frame_id": 92,
      "image_path": "frames/LfKfK4I5RPE_001562/images/000092.jpg",
      "accident_id": 0,
      "accident_name": "normal",
      "objects": []
    },
    {
      "frame_id": 93,
      "image_path": "frames/LfKfK4I5RPE_001562/images/000093.jpg",
      "accident_id": 0,
      "accident_name": "normal",
      "objects": []
    },
    {
      "frame_id": 94,
      "image_path": "frames/LfKfK4I5RPE_001562/images/000094.jpg",
      "accident_id": 0,
      "accident_name": "normal",
      "objects": []
    },
    {
      "frame_id": 95,
      "image_path": "frames/LfKfK4I5RPE_001562/images/000095.jpg",
      "accident_id": 0,
      "accident_name": "normal",
      "objects": []
    },
    {
      "frame_id": 96,
      "image_path": "frames/LfKfK4I5RPE_001562/images/000096.jpg",
      "accident_id": 0,
      "accident_name": "normal",
      "objects": []
    },
    {
      "frame_id": 97,
      "image_path": "frames/LfKfK4I5RPE_001562/images/000097.jpg",
      "accident_id": 0,
      "accident_name": "normal",
      "objects": []
    },
    {
      "frame_id": 98,
      "image_path": "frames/LfKfK4I5RPE_001562/images/000098.jpg",
      "accident_id": 0,
      "accident_name": "normal",
      "objects": []
    },
    {
      "frame_id": 99,
      "image_path": "frames/LfKfK4I5RPE_001562/images/000099.jpg",
      "accident_id": 0,
      "accident_name": "normal",
      "objects": []
    },
    {
      "frame_id": 100,
      "image_path": "frames/LfKfK4I5RPE_001562/images/000100.jpg",
      "accident_id": 0,
      "accident_name": "normal",
      "objects": []
    },
    {
      "frame_id": 101,
      "image_path": "frames/LfKfK4I5RPE_001562/images/000101.jpg",
      "accident_id": 0,
      "accident_name": "normal",
      "objects": []
    },
    {
      "frame_id": 102,
      "image_path": "frames/LfKfK4I5RPE_001562/images/000102.jpg",
      "accident_id": 0,
      "accident_name": "normal",
      "objects": []
    },
    {
      "frame_id": 103,
      "image_path": "frames/LfKfK4I5RPE_001562/images/000103.jpg",
      "accident_id": 0,
      "accident_name": "normal",
      "objects": []
    },
    {
      "frame_id": 104,
      "image_path": "frames/LfKfK4I5RPE_001562/images/000104.jpg",
      "accident_id": 0,
      "accident_name": "normal",
      "objects": []
    },
    {
      "frame_id": 105,
      "image_path": "frames/LfKfK4I5RPE_001562/images/000105.jpg",
      "accident_id": 0,
      "accident_name": "normal",
      "objects": []
    },
    {
      "frame_id": 106,
      "image_path": "frames/LfKfK4I5RPE_001562/images/000106.jpg",
      "accident_id": 0,
      "accident_name": "normal",
      "objects": []
    },
    {
      "frame_id": 107,
      "image_path": "frames/LfKfK4I5RPE_001562/images/000107.jpg",
      "accident_id": 0,
      "accident_name": "normal",
      "objects": []
    },
    {
      "frame_id": 108,
      "image_path": "frames/LfKfK4I5RPE_001562/images/000108.jpg",
      "accident_id": 0,
      "accident_name": "normal",
      "objects": []
    },
    {
      "frame_id": 109,
      "image_path": "frames/LfKfK4I5RPE_001562/images/000109.jpg",
      "accident_id": 0,
      "accident_name": "normal",
      "objects": []
    },
    {
      "frame_id": 110,
      "image_path": "frames/LfKfK4I5RPE_001562/images/000110.jpg",
      "accident_id": 0,
      "accident_name": "normal",
      "objects": []
    },
    {
      "frame_id": 111,
      "image_path": "frames/LfKfK4I5RPE_001562/images/000111.jpg",
      "accident_id": 0,
      "accident_name": "normal",
      "objects": []
    },
    {
      "frame_id": 112,
      "image_path": "frames/LfKfK4I5RPE_001562/images/000112.jpg",
      "accident_id": 0,
      "accident_name": "normal",
      "objects": []
    },
    {
      "frame_id": 113,
      "image_path": "frames/LfKfK4I5RPE_001562/images/000113.jpg",
      "accident_id": 0,
      "accident_name": "normal",
      "objects": []
    },
    {
      "frame_id": 114,
      "image_path": "frames/LfKfK4I5RPE_001562/images/000114.jpg",
      "accident_id": 0,
      "accident_name": "normal",
      "objects": []
    },
    {
      "frame_id": 115,
      "image_path": "frames/LfKfK4I5RPE_001562/images/000115.jpg",
      "accident_id": 0,
      "accident_name": "normal",
      "objects": []
    },
    {
      "frame_id": 116,
      "image_path": "frames/LfKfK4I5RPE_001562/images/000116.jpg",
      "accident_id": 0,
      "accident_name": "normal",
      "objects": []
    },
    {
      "frame_id": 117,
      "image_path": "frames/LfKfK4I5RPE_001562/images/000117.jpg",
      "accident_id": 0,
      "accident_name": "normal",
      "objects": []
    },
    {
      "frame_id": 118,
      "image_path": "frames/LfKfK4I5RPE_001562/images/000118.jpg",
      "accident_id": 0,
      "accident_name": "normal",
      "objects": []
    },
    {
      "frame_id": 119,
      "image_path": "frames/LfKfK4I5RPE_001562/images/000119.jpg",
      "accident_id": 0,
      "accident_name": "normal",
      "objects": []
    },
    {
      "frame_id": 120,
      "image_path": "frames/LfKfK4I5RPE_001562/images/000120.jpg",
      "accident_id": 0,
      "accident_name": "normal",
      "objects": []
    },
    {
      "frame_id": 121,
      "image_path": "frames/LfKfK4I5RPE_001562/images/000121.jpg",
      "accident_id": 0,
      "accident_name": "normal",
      "objects": []
    },
    {
      "frame_id": 122,
      "image_path": "frames/LfKfK4I5RPE_001562/images/000122.jpg",
      "accident_id": 0,
      "accident_name": "normal",
      "objects": []
    },
    {
      "frame_id": 123,
      "image_path": "frames/LfKfK4I5RPE_001562/images/000123.jpg",
      "accident_id": 0,
      "accident_name": "normal",
      "objects": []
    },
    {
      "frame_id": 124,
      "image_path": "frames/LfKfK4I5RPE_001562/images/000124.jpg",
      "accident_id": 0,
      "accident_name": "normal",
      "objects": []
    },
    {
      "frame_id": 125,
      "image_path": "frames/LfKfK4I5RPE_001562/images/000125.jpg",
      "accident_id": 0,
      "accident_name": "normal",
      "objects": []
    }
  ]
}