{
  "video_name": "O9uvBFovKj8_001801",
  "channel": "CarCrashesTime",
  "num_frames": 110,
  "ignore": false,
  "ego_involve": false,
  "night": false,
  "anomaly_start": 31,
  "anomaly_end": 75,
  "video_start": 1801,
  "video_end": 1910,
  "accident_id": "5",
  "accident_name": "turning",
  "labels": [
    {
      "frame_id": 0,
      "image_path": "frames/O9uvBFovKj8_001801/images/000000.jpg",
      "accident_id": 0,
      "accident_name": "normal",
      "objects": []
    },
    {
      "frame_id": 1,
      "image_path": "frames/O9uvBFovKj8_001801/images/000001.jpg",
      "accident_id": 0,
      "accident_name": "normal",
      "objects": []
    },
    {
      "frame_id": 2,
      "image_path": "frames/O9uvBFovKj8_001801/images/000002.jpg",
      "accident_id": 0,
      "accident_name": "normal",
      "objects": []
    },
    {
      "frame_id": 3,
      "image_path": "frames/O9uvBFovKj8_001801/images/000003.jpg",
      "accident_id": 0,
      "accident_name": "normal",
      "objects": []
    },
    {
      "frame_id": 4,
      "image_path": "frames/O9uvBFovKj8_001801/images/000004.jpg",
      "accident_id": 0,
      "accident_name": "normal",
      "objects": []
    },
    {
      "frame_id": 5,
      "image_path": "frames/O9uvBFovKj8_001801/images/000005.jpg",
      "accident_id": 0,
      "accident_name": "normal",
      "objects": []
    },
    {
      "frame_id": 6,
      "image_path": "frames/O9uvBFovKj8_001801/images/000006.jpg",
      "accident_id": 0,
      "accident_name": "normal",
      "objects": []
    },
    {
      "frame_id": 7,
      "image_path": "frames/O9uvBFovKj8_001801/images/000007.jpg",
      "accident_id": 0,
      "accident_name": "normal",
      "objects": []
    },
    {
      "frame_id": 8,
      "image_path": "frames/O9uvBFovKj8_001801/images/000008.jpg",
      "accident_id": 0,
      "accident_name": "normal",
      "objects": []
    },
    {
      "frame_id": 9,
      "image_path": "frames/O9uvBFovKj8_001801/images/000009.jpg",
      "accident_id": 0,
      "accident_name": "normal",
      "objects": []
    },
    {
      "frame_id": 10,
      "image_path": "frames/O9uvBFovKj8_001801/images/000010.jpg",
      "accident_id": 0,
      "accident_name": "normal",
      "objects": []
    },
    {
      "frame_id": 11,
      "image_path": "frames/O9uvBFovKj8_001801/images/000011.jpg",
      "accident_id": 0,
      "accident_name": "normal",
      "objects": []
    },
    {
      "frame_id": 12,
      "image_path": "frames/O9uvBFovKj8_001801/images/000012.jpg",
      "accident_id": 0,
      "accident_name": "normal",
      "objects": []
    },
    {
      "frame_id": 13,
      "image_path": "frames/O9uvBFovKj8_001801/images/000013.jpg",
      "accident_id": 0,
      "accident_name": "normal",
      "objects": []
    },
    {
      "frame_id": 14,
      "image_path": "frames/O9uvBFovKj8_001801/images/000014.jpg",
      "accident_id": 0,
      "accident_name": "normal",
      "objects": []
    },
    {
      "frame_id": 15,
      "image_path": "frames/O9uvBFovKj8_001801/images/000015.jpg",
      "accident_id": 0,
      "accident_name": "normal",
      "objects": []
    },
    {
      "frame_id": 16,
      "image_path": "frames/O9uvBFovKj8_001801/images/000016.jpg",
      "accident_id": 0,
      "accident_name": "normal",
      "objects": []
    },
    {
      "frame_id": 17,
      "image_path": "frames/O9uvBFovKj8_001801/images/000017.jpg",
      "accident_id": 0,
      "accident_name": "normal",
      "objects": []
    },
    {
      "frame_id": 18,
      "image_path": "frames/O9uvBFovKj8_001801/images/000018.jpg",
      "accident_id": 0,
      "accident_name": "normal",
      "objects": []
    },
    {
      "frame_id": 19,
      "image_path": "frames/O9uvBFovKj8_001801/images/000019.jpg",
      "accident_id": 0,
      "accident_name": "normal",
      "objects": []
    },
    {
      "frame_id": 20,
      "image_path": "frames/O9uvBFovKj8_001801/images/000020.jpg",
      "accident_id": 0,
      "accident_name": "normal",
      "objects": []
    },
    {
      "frame_id": 21,
      "image_path": "frames/O9uvBFovKj8_001801/images/000021.jpg",
      "accident_id": 0,
      "accident_name": "normal",
      "objects": []
    },
    {
      "frame_id": 22,
      "image_path": "frames/O9uvBFovKj8_001801/images/000022.jpg",
      "accident_id": 0,
      "accident_name": "normal",
      "objects": []
    },
    {
      "frame_id": 23,
      "image_path": "frames/O9uvBFovKj8_001801/images/000023.jpg",
      "accident_id": 0,
      "accident_name": "normal",
      "objects": []
    },
    {
      "frame_id": 24,
      "image_path": "frames/O9uvBFovKj8_001801/images/000024.jpg",
      "accident_id": 0,
      "accident_name": "normal",
      "objects": []
    },
    {
      "frame_id": 25,
      "image_path": "frames/O9uvBFovKj8_001801/images/000025.jpg",
      "accident_id": 0,
      "accident_name": "normal",
      "objects": []
    },
    {
      "frame_id": 26,
      "image_path": "frames/O9uvBFovKj8_001801/images/000026.jpg",
      "accident_id": 0,
      "accident_name": "normal",
      "objects": []
    },
    {
      "frame_id": 27,
      "image_path": "frames/O9uvBFovKj8_001801/images/000027.jpg",
      "accident_id": 0,
      "accident_name": "normal",
      "objects": []
    },
    {
      "frame_id": 28,
      "image_path": "frames/O9uvBFovKj8_001801/images/000028.jpg",
      "accident_id": 0,
      "accident_name": "normal",
      "objects": []
    },
    {
      "frame_id": 29,
      "image_path": "frames/O9uvBFovKj8_001801/images/000029.jpg",
      "accident_id": 0,
      "accident_name": "normal",
      "objects": []
    },
    {
      "frame_id": 30,
      "image_path": "frames/O9uvBFovKj8_001801/images/000030.jpg",
      "accident_id": 0,
      "accident_name": "normal",
      "objects": []
    },
    {
      "frame_id": 31,
      "image_path": "frames/O9uvBFovKj8_001801/images/000031.jpg",
      "accident_id": 5,
      "accident_name": "turning",
      "objects": [
        {
          "obj_track_id": 111,
          "bbox": [
            368.7167070217918,
            447.1670702179177,
            767.9418886198548,
            604.0677966101696
          ],
          "category": "car",
          "category ID": 3,
          "trunc": false
        },
        {
          "obj_track_id": 442,
          "bbox": [
            0,
            495.10895883777243,
            166.48910411622276,
            598.8377723970945
          ],
          "category": "motor",
          "category ID": 7,
          "trunc": false
        },
        {
          "obj_track_id": 850,
          "bbox": [
            27.89346246973366,
            439.3220338983051,
            92.39709443099274,
            579.6610169491526
          ],
          "category": "rider",
          "category ID": 2,
          "trunc": false
        }
      ]
    },
    {
      "frame_id": 32,
      "image_path": "frames/O9uvBFovKj8_001801/images/000032.jpg",
      "accident_id": 5,
      "accident_name": "turning",
      "objects": [
        {
          "obj_track_id": 111,
          "bbox": [
            356.5133171912833,
            447.1670702179177,
            753.1234866828088,
            604.0677966101696
          ],
          "category": "car",
          "category ID": 3,
          "trunc": false
        },
        {
          "obj_track_id": 442,
          "bbox": [
            65.37530266343826,
            495.10895883777243,
            241.45278450363202,
            604.0677966101696
          ],
          "category": "motor",
          "category ID": 7,
          "trunc": false
        },
        {
          "obj_track_id": 850,
          "bbox": [
            89.78208232445522,
            438.4503631961259,
            135.1089588377724,
            579.6610169491526
          ],
          "category": "rider",
          "category ID": 2,
          "trunc": false
        }
      ]
    },
    {
      "frame_id": 33,
      "image_path": "frames/O9uvBFovKj8_001801/images/000033.jpg",
      "accident_id": 5,
      "accident_name": "turning",
      "objects": [
        {
          "obj_track_id": 111,
          "bbox": [
            341.6949152542373,
            447.1670702179177,
            740.0484261501211,
            604.0677966101696
          ],
          "category": "car",
          "category ID": 3,
          "trunc": false
        },
        {
          "obj_track_id": 442,
          "bbox": [
            120.2905569007264,
            486.39225181598067,
            322.51815980629544,
            611.9128329297821
          ],
          "category": "motor",
          "category ID": 7,
          "trunc": false
        },
        {
          "obj_track_id": 850,
          "bbox": [
            142.953995157385,
            450.65375302663443,
            240.5811138014528,
            585.7627118644068
          ],
          "category": "rider",
          "category ID": 2,
          "trunc": false
        }
      ]
    },
    {
      "frame_id": 34,
      "image_path": "frames/O9uvBFovKj8_001801/images/000034.jpg",
      "accident_id": 5,
      "accident_name": "turning",
      "objects": [
        {
          "obj_track_id": 111,
          "bbox": [
            341.6949152542373,
            447.1670702179177,
            727.8450363196126,
            600.5811138014528
          ],
          "category": "car",
          "category ID": 3,
          "trunc": false
        },
        {
          "obj_track_id": 442,
          "bbox": [
            195.2542372881356,
            502.0823244552058,
            405.32687651331725,
            619.7578692493947
          ],
          "category": "motor",
          "category ID": 7,
          "trunc": false
        },
        {
          "obj_track_id": 850,
          "bbox": [
            195.2542372881356,
            454.1404358353511,
            285.03631961259083,
            608.4261501210655
          ],
          "category": "rider",
          "category ID": 2,
          "trunc": false
        }
      ]
    },
    {
      "frame_id": 35,
      "image_path": "frames/O9uvBFovKj8_001801/images/000035.jpg",
      "accident_id": 5,
      "accident_name": "turning",
      "objects": [
        {
          "obj_track_id": 111,
          "bbox": [
            341.6949152542373,
            447.1670702179177,
            720.8716707021792,
            600.5811138014528
          ],
          "category": "car",
          "category ID": 3,
          "trunc": false
        },
        {
          "obj_track_id": 442,
          "bbox": [
            240.5811138014528,
            504.6973365617434,
            457.6271186440679,
            624.1162227602906
          ],
          "category": "motor",
          "category ID": 7,
          "trunc": false
        },
        {
          "obj_track_id": 850,
          "bbox": [
            249.29782082324456,
            447.1670702179177,
            339.95157384987897,
            606.6828087167071
          ],
          "category": "rider",
          "category ID": 2,
          "trunc": false
        }
      ]
    },
    {
      "frame_id": 36,
      "image_path": "frames/O9uvBFovKj8_001801/images/000036.jpg",
      "accident_id": 5,
      "accident_name": "turning",
      "objects": [
        {
          "obj_track_id": 111,
          "bbox": [
            308.5714285714286,
            447.1670702179177,
            720.8716707021792,
            600.5811138014528
          ],
          "category": "car",
          "category ID": 3,
          "trunc": false
        },
        {
          "obj_track_id": 442,
          "bbox": [
            321.64648910411626,
            509.05569007263927,
            558.7409200968524,
            634.5762711864407
          ],
          "category": "motor",
          "category ID": 7,
          "trunc": false
        },
        {
          "obj_track_id": 850,
          "bbox": [
            346.05326876513317,
            446.29539951573855,
            426.24697336561746,
            618.0145278450364
          ],
          "category": "rider",
          "category ID": 2,
          "trunc": false
        }
      ]
    },
    {
      "frame_id": 37,
      "image_path": "frames/O9uvBFovKj8_001801/images/000037.jpg",
      "accident_id": 5,
      "accident_name": "turning",
      "objects": [
        {
          "obj_track_id": 111,
          "bbox": [
            293.7530266343826,
            447.1670702179177,
            694.721549636804,
            600.5811138014528
          ],
          "category": "car",
          "category ID": 3,
          "trunc": false
        },
        {
          "obj_track_id": 442,
          "bbox": [
            396.6101694915254,
            509.05569007263927,
            653.7530266343826,
            658.1113801452785
          ],
          "category": "motor",
          "category ID": 7,
          "trunc": false
        },
        {
          "obj_track_id": 850,
          "bbox": [
            436.7070217917676,
            446.29539951573855,
            550.0242130750605,
            654.6246973365618
          ],
          "category": "rider",
          "category ID": 2,
          "trunc": false
        },
        {
          "obj_track_id": 3557,
          "bbox": [
            972.7845036319613,
            324.26150121065376,
            1276.997578692494,
            719.1283292978209
          ],
          "category": "car",
          "category ID": 3,
          "trunc": true
        }
      ]
    },
    {
      "frame_id": 38,
      "image_path": "frames/O9uvBFovKj8_001801/images/000038.jpg",
      "accident_id": 5,
      "accident_name": "turning",
      "objects": [
        {
          "obj_track_id": 111,
          "bbox": [
            281.54963680387414,
            447.1670702179177,
            677.2881355932204,
            597.9661016949153
          ],
          "category": "car",
          "category ID": 3,
          "trunc": false
        },
        {
          "obj_track_id": 442,
          "bbox": [
            492.4939467312349,
            509.05569007263927,
            758.3535108958838,
            663.3414043583535
          ],
          "category": "motor",
          "category ID": 7,
          "trunc": false
        },
        {
          "obj_track_id": 850,
          "bbox": [
            535.2058111380146,
            438.45036319612603,
            620.6295399515739,
            646.7796610169493
          ],
          "category": "rider",
          "category ID": 2,
          "trunc": false
        },
        {
          "obj_track_id": 3557,
          "bbox": [
            973.9467312348669,
            324.26150121065376,
            1276.997578692494,
            719.1283292978209
          ],
          "category": "car",
          "category ID": 3,
          "trunc": true
        }
      ]
    },
    {
      "frame_id": 39,
      "image_path": "frames/O9uvBFovKj8_001801/images/000039.jpg",
      "accident_id": 5,
      "accident_name": "turning",
      "objects": [
        {
          "obj_track_id": 442,
          "bbox": [
            592.7360774818402,
            506.4406779661017,
            870.7990314769976,
            674.6731234866828
          ],
          "category": "motor",
          "category ID": 7,
          "trunc": false
        },
        {
          "obj_track_id": 850,
          "bbox": [
            634.5762711864407,
            424.5036319612591,
            745.2784503631962,
            663.3414043583535
          ],
          "category": "rider",
          "category ID": 2,
          "trunc": false
        },
        {
          "obj_track_id": 3557,
          "bbox": [
            975.1089588377724,
            324.26150121065376,
            1276.997578692494,
            719.1283292978209
          ],
          "category": "car",
          "category ID": 3,
          "trunc": true
        }
      ]
    },
    {
      "frame_id": 40,
      "image_path": "frames/O9uvBFovKj8_001801/images/000040.jpg",
      "accident_id": 5,
      "accident_name": "turning",
      "objects": [
        {
          "obj_track_id": 442,
          "bbox": [
            686.0048426150122,
            514.2857142857143,
            979.7578692493947,
            681.6464891041163
          ],
          "category": "motor",
          "category ID": 7,
          "trunc": false
        },
        {
          "obj_track_id": 850,
          "bbox": [
            748.7651331719129,
            415.7869249394673,
            870.7990314769976,
            656.3680387409202
          ],
          "category": "rider",
          "category ID": 2,
          "trunc": false
        },
        {
          "obj_track_id": 3557,
          "bbox": [
            976.271186440678,
            324.26150121065376,
            1276.997578692494,
            719.1283292978209
          ],
          "category": "car",
          "category ID": 3,
          "trunc": true
        }
      ]
    },
    {
      "frame_id": 41,
      "image_path": "frames/O9uvBFovKj8_001801/images/000041.jpg",
      "accident_id": 5,
      "accident_name": "turning",
      "objects": [
        {
          "obj_track_id": 442,
          "bbox": [
            753.1234866828088,
            507.3123486682809,
            1045.133171912833,
            691.2348668280872
          ],
          "category": "motor",
          "category ID": 7,
          "trunc": false
        },
        {
          "obj_track_id": 850,
          "bbox": [
            856.8523002421308,
            415.7869249394673,
            955.3510895883778,
            663.3414043583535
          ],
          "category": "rider",
          "category ID": 2,
          "trunc": false
        },
        {
          "obj_track_id": 3557,
          "bbox": [
            976.7692839847804,
            324.26150121065376,
            1276.997578692494,
            719.1283292978209
          ],
          "category": "car",
          "category ID": 3,
          "trunc": true
        }
      ]
    },
    {
      "frame_id": 42,
      "image_path": "frames/O9uvBFovKj8_001801/images/000042.jpg",
      "accident_id": 5,
      "accident_name": "turning",
      "objects": [
        {
          "obj_track_id": 442,
          "bbox": [
            759.225181598063,
            461.1138014527845,
            1045.133171912833,
            694.721549636804
          ],
          "category": "motor",
          "category ID": 7,
          "trunc": false
        },
        {
          "obj_track_id": 850,
          "bbox": [
            873.4140435835352,
            406.1985472154964,
            1038.1598062953997,
            663.3414043583535
          ],
          "category": "rider",
          "category ID": 2,
          "trunc": false
        },
        {
          "obj_track_id": 3557,
          "bbox": [
            977.2673815288828,
            324.26150121065376,
            1276.997578692494,
            719.1283292978209
          ],
          "category": "car",
          "category ID": 3,
          "trunc": true
        }
      ]
    },
    {
      "frame_id": 43,
      "image_path": "frames/O9uvBFovKj8_001801/images/000043.jpg",
      "accident_id": 5,
      "accident_name": "turning",
      "objects": [
        {
          "obj_track_id": 442,
          "bbox": [
            755.7384987893463,
            469.8305084745763,
            1057.3365617433415,
            692.1065375302663
          ],
          "category": "motor",
          "category ID": 7,
          "trunc": false
        },
        {
          "obj_track_id": 850,
          "bbox": [
            820.2421307506054,
            398.3535108958838,
            1068.6682808716707,
            545.6658595641646
          ],
          "category": "rider",
          "category ID": 2,
          "trunc": false
        },
        {
          "obj_track_id": 3557,
          "bbox": [
            977.7654790729852,
            324.26150121065376,
            1276.997578692494,
            719.1283292978209
          ],
          "category": "car",
          "category ID": 3,
          "trunc": true
        }
      ]
    },
    {
      "frame_id": 44,
      "image_path": "frames/O9uvBFovKj8_001801/images/000044.jpg",
      "accident_id": 5,
      "accident_name": "turning",
      "objects": [
        {
          "obj_track_id": 442,
          "bbox": [
            750.5084745762713,
            468.95883777239715,
            1057.3365617433415,
            692.1065375302663
          ],
          "category": "motor",
          "category ID": 7,
          "trunc": false
        },
        {
          "obj_track_id": 850,
          "bbox": [
            815.0121065375304,
            387.89346246973366,
            1073.8983050847457,
            514.2857142857143
          ],
          "category": "rider",
          "category ID": 2,
          "trunc": false
        },
        {
          "obj_track_id": 3557,
          "bbox": [
            978.2635766170876,
            324.26150121065376,
            1276.997578692494,
            719.1283292978209
          ],
          "category": "car",
          "category ID": 3,
          "trunc": true
        }
      ]
    },
    {
      "frame_id": 45,
      "image_path": "frames/O9uvBFovKj8_001801/images/000045.jpg",
      "accident_id": 5,
      "accident_name": "turning",
      "objects": [
        {
          "obj_track_id": 442,
          "bbox": [
            733.9467312348669,
            506.4406779661017,
            1055.5932203389832,
            692.1065375302663
          ],
          "category": "motor",
          "category ID": 7,
          "trunc": false
        },
        {
          "obj_track_id": 850,
          "bbox": [
            815.0121065375304,
            393.9951573849879,
            1066.9249394673125,
            535.2058111380146
          ],
          "category": "rider",
          "category ID": 2,
          "trunc": false
        },
        {
          "obj_track_id": 3557,
          "bbox": [
            978.76167416119,
            324.26150121065376,
            1276.997578692494,
            719.1283292978209
          ],
          "category": "car",
          "category ID": 3,
          "trunc": true
        }
      ]
    },
    {
      "frame_id": 46,
      "image_path": "frames/O9uvBFovKj8_001801/images/000046.jpg",
      "accident_id": 5,
      "accident_name": "turning",
      "objects": [
        {
          "obj_track_id": 442,
          "bbox": [
            718.2566585956417,
            537.8208232445521,
            1055.5932203389832,
            692.1065375302663
          ],
          "category": "motor",
          "category ID": 7,
          "trunc": false
        },
        {
          "obj_track_id": 850,
          "bbox": [
            817.6271186440679,
            404.45520581113806,
            1061.6949152542375,
            571.81598062954
          ],
          "category": "rider",
          "category ID": 2,
          "trunc": false
        },
        {
          "obj_track_id": 3557,
          "bbox": [
            979.2597717052923,
            324.26150121065376,
            1276.997578692494,
            719.1283292978209
          ],
          "category": "car",
          "category ID": 3,
          "trunc": true
        }
      ]
    },
    {
      "frame_id": 47,
      "image_path": "frames/O9uvBFovKj8_001801/images/000047.jpg",
      "accident_id": 5,
      "accident_name": "turning",
      "objects": [
        {
          "obj_track_id": 442,
          "bbox": [
            699.0799031476998,
            560.4842615012107,
            985.859564164649,
            692.1065375302663
          ],
          "category": "motor",
          "category ID": 7,
          "trunc": false
        },
        {
          "obj_track_id": 850,
          "bbox": [
            821.1138014527845,
            404.45520581113806,
            1061.6949152542375,
            608.4261501210655
          ],
          "category": "rider",
          "category ID": 2,
          "trunc": false
        },
        {
          "obj_track_id": 3557,
          "bbox": [
            979.7578692493947,
            324.26150121065376,
            1276.997578692494,
            719.1283292978209
          ],
          "category": "car",
          "category ID": 3,
          "trunc": true
        }
      ]
    },
    {
      "frame_id": 48,
      "image_path": "frames/O9uvBFovKj8_001801/images/000048.jpg",
      "accident_id": 5,
      "accident_name": "turning",
      "objects": [
        {
          "obj_track_id": 442,
          "bbox": [
            689.4915254237288,
            609.2978208232446,
            993.7046004842616,
            702.5665859564165
          ],
          "category": "motor",
          "category ID": 7,
          "trunc": false
        },
        {
          "obj_track_id": 850,
          "bbox": [
            845.5205811138015,
            414.91525423728814,
            1044.261501210654,
            669.4430992736078
          ],
          "category": "rider",
          "category ID": 2,
          "trunc": false
        },
        {
          "obj_track_id": 3557,
          "bbox": [
            979.7578692493947,
            324.26150121065376,
            1276.997578692494,
            719.1283292978209
          ],
          "category": "car",
          "category ID": 3,
          "trunc": true
        }
      ]
    },
    {
      "frame_id": 49,
      "image_path": "frames/O9uvBFovKj8_001801/images/000049.jpg",
      "accident_id": 5,
      "accident_name": "turning",
      "objects": [
        {
          "obj_track_id": 442,
          "bbox": [
            689.4915254237288,
            611.9128329297821,
            993.7046004842616,
            702.5665859564165
          ],
          "category": "motor",
          "category ID": 7,
          "trunc": false
        },
        {
          "obj_track_id": 850,
          "bbox": [
            831.5738498789347,
            439.3220338983051,
            1025.084745762712,
            701.6949152542373
          ],
          "category": "rider",
          "category ID": 2,
          "trunc": false
        },
        {
          "obj_track_id": 3557,
          "bbox": [
            979.7578692493947,
            324.26150121065376,
            1276.997578692494,
            719.1283292978209
          ],
          "category": "car",
          "category ID": 3,
          "trunc": true
        }
      ]
    },
    {
      "frame_id": 50,
      "image_path": "frames/O9uvBFovKj8_001801/images/000050.jpg",
      "accident_id": 5,
      "accident_name": "turning",
      "objects": [
        {
          "obj_track_id": 442,
          "bbox": [
            685.133171912833,
            613.6561743341405,
            993.7046004842616,
            702.5665859564165
          ],
          "category": "motor",
          "category ID": 7,
          "trunc": false
        },
        {
          "obj_track_id": 850,
          "bbox": [
            832.4455205811139,
            482.0338983050848,
            1025.084745762712,
            701.6949152542373
          ],
          "category": "rider",
          "category ID": 2,
          "trunc": false
        }
      ]
    },
    {
      "frame_id": 51,
      "image_path": "frames/O9uvBFovKj8_001801/images/000051.jpg",
      "accident_id": 5,
      "accident_name": "turning",
      "objects": [
        {
          "obj_track_id": 850,
          "bbox": [
            832.4455205811139,
            530.8474576271187,
            1046.0048426150122,
            701.6949152542373
          ],
          "category": "rider",
          "category ID": 2,
          "trunc": false
        }
      ]
    },
    {
      "frame_id": 52,
      "image_path": "frames/O9uvBFovKj8_001801/images/000052.jpg",
      "accident_id": 5,
      "accident_name": "turning",
      "objects": [
        {
          "obj_track_id": 850,
          "bbox": [
            805.4237288135594,
            554.3825665859565,
            1056.4648910411622,
            701.6949152542373
          ],
          "category": "rider",
          "category ID": 2,
          "trunc": false
        }
      ]
    },
    {
      "frame_id": 53,
      "image_path": "frames/O9uvBFovKj8_001801/images/000053.jpg",
      "accident_id": 5,
      "accident_name": "turning",
      "objects": [
        {
          "obj_track_id": 850,
          "bbox": [
            799.3220338983051,
            552.6392251815981,
            1069.53995157385,
            701.6949152542373
          ],
          "category": "rider",
          "category ID": 2,
          "trunc": false
        }
      ]
    },
    {
      "frame_id": 54,
      "image_path": "frames/O9uvBFovKj8_001801/images/000054.jpg",
      "accident_id": 5,
      "accident_name": "turning",
      "objects": [
        {
          "obj_track_id": 850,
          "bbox": [
            801.9370460048426,
            546.5375302663439,
            1068.6682808716707,
            701.6949152542373
          ],
          "category": "rider",
          "category ID": 2,
          "trunc": false
        }
      ]
    },
    {
      "frame_id": 55,
      "image_path": "frames/O9uvBFovKj8_001801/images/000055.jpg",
      "accident_id": 5,
      "accident_name": "turning",
      "objects": [
        {
          "obj_track_id": 850,
          "bbox": [
            810.6537530266345,
            546.5375302663439,
            1068.6682808716707,
            701.6949152542373
          ],
          "category": "rider",
          "category ID": 2,
          "trunc": false
        }
      ]
    },
    {
      "frame_id": 56,
      "image_path": "frames/O9uvBFovKj8_001801/images/000056.jpg",
      "accident_id": 5,
      "accident_name": "turning",
      "objects": [
        {
          "obj_track_id": 850,
          "bbox": [
            810.6537530266345,
            546.5375302663439,
            1064.309927360775,
            701.6949152542373
          ],
          "category": "rider",
          "category ID": 2,
          "trunc": false
        }
      ]
    },
    {
      "frame_id": 57,
      "image_path": "frames/O9uvBFovKj8_001801/images/000057.jpg",
      "accident_id": 5,
      "accident_name": "turning",
      "objects": [
        {
          "obj_track_id": 850,
          "bbox": [
            805.4237288135594,
            550.0242130750605,
            1055.5932203389832,
            701.6949152542373
          ],
          "category": "rider",
          "category ID": 2,
          "trunc": false
        }
      ]
    },
    {
      "frame_id": 58,
      "image_path": "frames/O9uvBFovKj8_001801/images/000058.jpg",
      "accident_id": 5,
      "accident_name": "turning",
      "objects": [
        {
          "obj_track_id": 850,
          "bbox": [
            816.7554479418886,
            550.0242130750605,
            1044.261501210654,
            701.6949152542373
          ],
          "category": "rider",
          "category ID": 2,
          "trunc": false
        }
      ]
    },
    {
      "frame_id": 59,
      "image_path": "frames/O9uvBFovKj8_001801/images/000059.jpg",
      "accident_id": 5,
      "accident_name": "turning",
      "objects": [
        {
          "obj_track_id": 850,
          "bbox": [
            833.317191283293,
            553.5108958837773,
            1032.0581113801454,
            701.6949152542373
          ],
          "category": "rider",
          "category ID": 2,
          "trunc": false
        }
      ]
    },
    {
      "frame_id": 60,
      "image_path": "frames/O9uvBFovKj8_001801/images/000060.jpg",
      "accident_id": 5,
      "accident_name": "turning",
      "objects": [
        {
          "obj_track_id": 850,
          "bbox": [
            836.8038740920098,
            558.7409200968524,
            1024.2130750605327,
            701.6949152542373
          ],
          "category": "rider",
          "category ID": 2,
          "trunc": false
        }
      ]
    },
    {
      "frame_id": 61,
      "image_path": "frames/O9uvBFovKj8_001801/images/000061.jpg",
      "accident_id": 5,
      "accident_name": "turning",
      "objects": [
        {
          "obj_track_id": 850,
          "bbox": [
            842.905569007264,
            545.6658595641646,
            1013.7530266343826,
            701.6949152542373
          ],
          "category": "rider",
          "category ID": 2,
          "trunc": false
        }
      ]
    },
    {
      "frame_id": 62,
      "image_path": "frames/O9uvBFovKj8_001801/images/000062.jpg",
      "accident_id": 5,
      "accident_name": "turning",
      "objects": [
        {
          "obj_track_id": 850,
          "bbox": [
            842.905569007264,
            530.8474576271187,
            1006.7796610169493,
            701.6949152542373
          ],
          "category": "rider",
          "category ID": 2,
          "trunc": false
        }
      ]
    },
    {
      "frame_id": 63,
      "image_path": "frames/O9uvBFovKj8_001801/images/000063.jpg",
      "accident_id": 5,
      "accident_name": "turning",
      "objects": [
        {
          "obj_track_id": 850,
          "bbox": [
            842.905569007264,
            510.79903147699764,
            1000.677966101695,
            701.6949152542373
          ],
          "category": "rider",
          "category ID": 2,
          "trunc": false
        }
      ]
    },
    {
      "frame_id": 64,
      "image_path": "frames/O9uvBFovKj8_001801/images/000064.jpg",
      "accident_id": 5,
      "accident_name": "turning",
      "objects": [
        {
          "obj_track_id": 850,
          "bbox": [
            842.905569007264,
            494.23728813559325,
            992.8329297820824,
            701.6949152542373
          ],
          "category": "rider",
          "category ID": 2,
          "trunc": false
        }
      ]
    },
    {
      "frame_id": 65,
      "image_path": "frames/O9uvBFovKj8_001801/images/000065.jpg",
      "accident_id": 5,
      "accident_name": "turning",
      "objects": [
        {
          "obj_track_id": 850,
          "bbox": [
            842.905569007264,
            475.93220338983053,
            979.7578692493947,
            701.6949152542373
          ],
          "category": "rider",
          "category ID": 2,
          "trunc": false
        }
      ]
    },
    {
      "frame_id": 66,
      "image_path": "frames/O9uvBFovKj8_001801/images/000066.jpg",
      "accident_id": 5,
      "accident_name": "turning",
      "objects": [
        {
          "obj_track_id": 850,
          "bbox": [
            842.905569007264,
            457.6271186440678,
            964.0677966101696,
            703.4382566585957
          ],
          "category": "rider",
          "category ID": 2,
          "trunc": false
        }
      ]
    },
    {
      "frame_id": 67,
      "image_path": "frames/O9uvBFovKj8_001801/images/000067.jpg",
      "accident_id": 5,
      "accident_name": "turning",
      "objects": [
        {
          "obj_track_id": 850,
          "bbox": [
            843.7772397094432,
            445.42372881355936,
            947.5060532687652,
            703.4382566585957
          ],
          "category": "rider",
          "category ID": 2,
          "trunc": false
        }
      ]
    },
    {
      "frame_id": 68,
      "image_path": "frames/O9uvBFovKj8_001801/images/000068.jpg",
      "accident_id": 5,
      "accident_name": "turning",
      "objects": [
        {
          "obj_track_id": 850,
          "bbox": [
            832.4455205811139,
            435.8353510895884,
            933.5593220338984,
            703.4382566585957
          ],
          "category": "rider",
          "category ID": 2,
          "trunc": false
        }
      ]
    },
    {
      "frame_id": 69,
      "image_path": "frames/O9uvBFovKj8_001801/images/000069.jpg",
      "accident_id": 5,
      "accident_name": "turning",
      "objects": [
        {
          "obj_track_id": 850,
          "bbox": [
            832.4455205811139,
            421.0169491525424,
            956.222760290557,
            703.4382566585957
          ],
          "category": "rider",
          "category ID": 2,
          "trunc": false
        }
      ]
    },
    {
      "frame_id": 70,
      "image_path": "frames/O9uvBFovKj8_001801/images/000070.jpg",
      "accident_id": 5,
      "accident_name": "turning",
      "objects": [
        {
          "obj_track_id": 850,
          "bbox": [
            820.2421307506054,
            408.81355932203394,
            968.4261501210655,
            703.4382566585957
          ],
          "category": "rider",
          "category ID": 2,
          "trunc": false
        }
      ]
    },
    {
      "frame_id": 71,
      "image_path": "frames/O9uvBFovKj8_001801/images/000071.jpg",
      "accident_id": 5,
      "accident_name": "turning",
      "objects": [
        {
          "obj_track_id": 850,
          "bbox": [
            819.3704600484263,
            392.25181598062954,
            975.3995157384988,
            703.4382566585957
          ],
          "category": "rider",
          "category ID": 2,
          "trunc": false
        }
      ]
    },
    {
      "frame_id": 72,
      "image_path": "frames/O9uvBFovKj8_001801/images/000072.jpg",
      "accident_id": 5,
      "accident_name": "turning",
      "objects": [
        {
          "obj_track_id": 850,
          "bbox": [
            819.3704600484263,
            383.5351089588378,
            1030.314769975787,
            703.4382566585957
          ],
          "category": "rider",
          "category ID": 2,
          "trunc": false
        }
      ]
    },
    {
      "frame_id": 73,
      "image_path": "frames/O9uvBFovKj8_001801/images/000073.jpg",
      "accident_id": 5,
      "accident_name": "turning",
      "objects": [
        {
          "obj_track_id": 850,
          "bbox": [
            819.3704600484263,
            375.6900726392252,
            1029.443099273608,
            703.4382566585957
          ],
          "category": "rider",
          "category ID": 2,
          "trunc": false
        }
      ]
    },
    {
      "frame_id": 74,
      "image_path": "frames/O9uvBFovKj8_001801/images/000074.jpg",
      "accident_id": 5,
      "accident_name": "turning",
      "objects": [
        {
          "obj_track_id": 850,
          "bbox": [
            825.4721549636804,
            370.46004842615014,
            1002.4213075060534,
            719.1283292978209
          ],
          "category": "rider",
          "category ID": 2,
          "trunc": false
        }
      ]
    },
    {
      "frame_id": 75,
      "image_path": "frames/O9uvBFovKj8_001801/images/000075.jpg",
      "accident_id": 0,
      "accident_name": "normal",
      "objects": []
    },
    {
      "frame_id": 76,
      "image_path": "frames/O9uvBFovKj8_001801/images/000076.jpg",
      "accident_id": 0,
      "accident_name": "normal",
      "objects": []
    },
    {
      "frame_id": 77,
      "image_path": "frames/O9uvBFovKj8_001801/images/000077.jpg",
      "accident_id": 0,
      "accident_name": "normal",
      "objects": []
    },
    {
      "frame_id": 78,
      "image_path": "frames/O9uvBFovKj8_001801/images/000078.jpg",
      "accident_id": 0,
      "accident_name": "normal",
      "objects": []
    },
    {
      "frame_id": 79,
      "image_path": "frames/O9uvBFovKj8_001801/images/000079.jpg",
      "accident_id": 0,
      "accident_name": "normal",
      "objects": []
    },
    {
      "frame_id": 80,
      "image_path": "frames/O9uvBFovKj8_001801/images/000080.jpg",
      "accident_id": 0,
      "accident_name": "normal",
      "objects": []
    },
    {
      "frame_id": 81,
      "image_path": "frames/O9uvBFovKj8_001801/images/000081.jpg",
      "accident_id": 0,
      "accident_name": "normal",
      "objects": []
    },
    {
      "frame_id": 82,
      "image_path": "frames/O9uvBFovKj8_001801/images/000082.jpg",
      "accident_id": 0,
      "accident_name": "normal",
      "objects": []
    },
    {
      "frame_id": 83,
      "image_path": "frames/O9uvBFovKj8_001801/images/000083.jpg",
      "accident_id": 0,
      "accident_name": "normal",
      "objects": []
    },
    {
      "frame_id": 84,
      "image_path": "frames/O9uvBFovKj8_001801/images/000084.jpg",
      "accident_id": 0,
      "accident_name": "normal",
      "objects": []
    },
    {
      "frame_id": 85,
      "image_path": "frames/O9uvBFovKj8_001801/images/000085.jpg",
      "accident_id": 0,
      "accident_name": "normal",
      "objects": []
    },
    {
      "frame_id": 86,
      "image_path": "frames/O9uvBFovKj8_001801/images/000086.jpg",
      "accident_id": 0,
      "accident_name": "normal",
      "objects": []
    },
    {
      "frame_id": 87,
      "image_path": "frames/O9uvBFovKj8_001801/images/000087.jpg",
      "accident_id": 0,
      "accident_name": "normal",
      "objects": []
    },
    {
      "frame_id": 88,
      "image_path": "frames/O9uvBFovKj8_001801/images/000088.jpg",
      "accident_id": 0,
      "accident_name": "normal",
      "objects": []
    },
    {
      "frame_id": 89,
      "image_path": "frames/O9uvBFovKj8_001801/images/000089.jpg",
      "accident_id": 0,
      "accident_name": "normal",
      "objects": []
    },
    {
      "frame_id": 90,
      "image_path": "frames/O9uvBFovKj8_001801/images/000090.jpg",
      "accident_id": 0,
      "accident_name": "normal",
      "objects": []
    },
    {
      "frame_id": 91,
      "image_path": "frames/O9uvBFovKj8_001801/images/000091.jpg",
      "accident_id": 0,
      "accident_name": "normal",
      "objects": []
    },
    {
      "frame_id": 92,
      "image_path": "frames/O9uvBFovKj8_001801/images/000092.jpg",
      "accident_id": 0,
      "accident_name": "normal",
      "objects": []
    },
    {
      "frame_id": 93,
      "image_path": "frames/O9uvBFovKj8_001801/images/000093.jpg",
      "accident_id": 0,
      "accident_name": "normal",
      "objects": []
    },
    {
      "frame_id": 94,
      "image_path": "frames/O9uvBFovKj8_001801/images/000094.jpg",
      "accident_id": 0,
      "accident_name": "normal",
      "objects": []
    },
    {
      "frame_id": 95,
      "image_path": "frames/O9uvBFovKj8_001801/images/000095.jpg",
      "accident_id": 0,
      "accident_name": "normal",
      "objects": []
    },
    {
      "frame_id": 96,
      "image_path": "frames/O9uvBFovKj8_001801/images/000096.jpg",
      "accident_id": 0,
      "accident_name": "normal",
      "objects": []
    },
    {
      "frame_id": 97,
      "image_path": "frames/O9uvBFovKj8_001801/images/000097.jpg",
      "accident_id": 0,
      "accident_name": "normal",
      "objects": []
    },
    {
      "frame_id": 98,
      "image_path": "frames/O9uvBFovKj8_001801/images/000098.jpg",
      "accident_id": 0,
      "accident_name": "normal",
      "objects": []
    },
    {
      "frame_id": 99,
      "image_path": "frames/O9uvBFovKj8_001801/images/000099.jpg",
      "accident_id": 0,
      "accident_name": "normal",
      "objects": []
    },
    {
      "frame_id": 100,
      "image_path": "frames/O9uvBFovKj8_001801/images/000100.jpg",
      "accident_id": 0,
      "accident_name": "normal",
      "objects": []
    },
    {
      "frame_id": 101,
      "image_path": "frames/O9uvBFovKj8_001801/images/000101.jpg",
      "accident_id": 0,
      "accident_name": "normal",
      "objects": []
    },
    {
      "frame_id": 102,
      "image_path": "frames/O9uvBFovKj8_001801/images/000102.jpg",
      "accident_id": 0,
      "accident_name": "normal",
      "objects": []
    },
    {
      "frame_id": 103,
      "image_path": "frames/O9uvBFovKj8_001801/images/000103.jpg",
      "accident_id": 0,
      "accident_name": "normal",
      "objects": []
    },
    {
      "frame_id": 104,
      "image_path": "frames/O9uvBFovKj8_001801/images/000104.jpg",
      "accident_id": 0,
      "accident_name": "normal",
      "objects": []
    },
    {
      "frame_id": 105,
      "image_path": "frames/O9uvBFovKj8_001801/images/000105.jpg",
      "accident_id": 0,
      "accident_name": "normal",
      "objects": []
    },
    {
      "frame_id": 106,
      "image_path": "frames/O9uvBFovKj8_001801/images/000106.jpg",
      "accident_id": 0,
      "accident_name": "normal",
      "objects": []
    },
    {
      "frame_id": 107,
      "image_path": "frames/O9uvBFovKj8_001801/images/000107.jpg",
      "accident_id": 0,
      "accident_name": "normal",
      "objects": []
    },
    {
      "frame_id": 108,
      "image_path": "frames/O9uvBFovKj8_001801/images/000108.jpg",
      "accident_id": 0,
      "accident_name": "normal",
      "objects": []
    },
    {
      "frame_id": 109,
      "image_path": "frames/O9uvBFovKj8_001801/images/000109.jpg",
      "accident_id": 0,
      "accident_name": "normal",
      "objects": []
    }
  ]
}