{
  "video_name": "O9uvBFovKj8_000319",
  "channel": "CarCrashesTime",
  "num_frames": 102,
  "ignore": false,
  "ego_involve": false,
  "night": false,
  "anomaly_start": 29,
  "anomaly_end": 50,
  "video_start": 319,
  "video_end": 420,
  "accident_id": "5",
  "accident_name": "turning",
  "labels": [
    {
      "frame_id": 0,
      "image_path": "frames/O9uvBFovKj8_000319/images/000000.jpg",
      "accident_id": 0,
      "accident_name": "normal",
      "objects": []
    },
    {
      "frame_id": 1,
      "image_path": "frames/O9uvBFovKj8_000319/images/000001.jpg",
      "accident_id": 0,
      "accident_name": "normal",
      "objects": []
    },
    {
      "frame_id": 2,
      "image_path": "frames/O9uvBFovKj8_000319/images/000002.jpg",
      "accident_id": 0,
      "accident_name": "normal",
      "objects": []
    },
    {
      "frame_id": 3,
      "image_path": "frames/O9uvBFovKj8_000319/images/000003.jpg",
      "accident_id": 0,
      "accident_name": "normal",
      "objects": []
    },
    {
      "frame_id": 4,
      "image_path": "frames/O9uvBFovKj8_000319/images/000004.jpg",
      "accident_id": 0,
      "accident_name": "normal",
      "objects": []
    },
    {
      "frame_id": 5,
      "image_path": "frames/O9uvBFovKj8_000319/images/000005.jpg",
      "accident_id": 0,
      "accident_name": "normal",
      "objects": []
    },
    {
      "frame_id": 6,
      "image_path": "frames/O9uvBFovKj8_000319/images/000006.jpg",
      "accident_id": 0,
      "accident_name": "normal",
      "objects": []
    },
    {
      "frame_id": 7,
      "image_path": "frames/O9uvBFovKj8_000319/images/000007.jpg",
      "accident_id": 0,
      "accident_name": "normal",
      "objects": []
    },
    {
      "frame_id": 8,
      "image_path": "frames/O9uvBFovKj8_000319/images/000008.jpg",
      "accident_id": 0,
      "accident_name": "normal",
      "objects": []
    },
    {
      "frame_id": 9,
      "image_path": "frames/O9uvBFovKj8_000319/images/000009.jpg",
      "accident_id": 0,
      "accident_name": "normal",
      "objects": []
    },
    {
      "frame_id": 10,
      "image_path": "frames/O9uvBFovKj8_000319/images/000010.jpg",
      "accident_id": 0,
      "accident_name": "normal",
      "objects": []
    },
    {
      "frame_id": 11,
      "image_path": "frames/O9uvBFovKj8_000319/images/000011.jpg",
      "accident_id": 0,
      "accident_name": "normal",
      "objects": []
    },
    {
      "frame_id": 12,
      "image_path": "frames/O9uvBFovKj8_000319/images/000012.jpg",
      "accident_id": 0,
      "accident_name": "normal",
      "objects": []
    },
    {
      "frame_id": 13,
      "image_path": "frames/O9uvBFovKj8_000319/images/000013.jpg",
      "accident_id": 0,
      "accident_name": "normal",
      "objects": []
    },
    {
      "frame_id": 14,
      "image_path": "frames/O9uvBFovKj8_000319/images/000014.jpg",
      "accident_id": 0,
      "accident_name": "normal",
      "objects": []
    },
    {
      "frame_id": 15,
      "image_path": "frames/O9uvBFovKj8_000319/images/000015.jpg",
      "accident_id": 0,
      "accident_name": "normal",
      "objects": []
    },
    {
      "frame_id": 16,
      "image_path": "frames/O9uvBFovKj8_000319/images/000016.jpg",
      "accident_id": 0,
      "accident_name": "normal",
      "objects": []
    },
    {
      "frame_id": 17,
      "image_path": "frames/O9uvBFovKj8_000319/images/000017.jpg",
      "accident_id": 0,
      "accident_name": "normal",
      "objects": []
    },
    {
      "frame_id": 18,
      "image_path": "frames/O9uvBFovKj8_000319/images/000018.jpg",
      "accident_id": 0,
      "accident_name": "normal",
      "objects": []
    },
    {
      "frame_id": 19,
      "image_path": "frames/O9uvBFovKj8_000319/images/000019.jpg",
      "accident_id": 0,
      "accident_name": "normal",
      "objects": []
    },
    {
      "frame_id": 20,
      "image_path": "frames/O9uvBFovKj8_000319/images/000020.jpg",
      "accident_id": 0,
      "accident_name": "normal",
      "objects": []
    },
    {
      "frame_id": 21,
      "image_path": "frames/O9uvBFovKj8_000319/images/000021.jpg",
      "accident_id": 0,
      "accident_name": "normal",
      "objects": []
    },
    {
      "frame_id": 22,
      "image_path": "frames/O9uvBFovKj8_000319/images/000022.jpg",
      "accident_id": 0,
      "accident_name": "normal",
      "objects": []
    },
    {
      "frame_id": 23,
      "image_path": "frames/O9uvBFovKj8_000319/images/000023.jpg",
      "accident_id": 0,
      "accident_name": "normal",
      "objects": []
    },
    {
      "frame_id": 24,
      "image_path": "frames/O9uvBFovKj8_000319/images/000024.jpg",
      "accident_id": 0,
      "accident_name": "normal",
      "objects": []
    },
    {
      "frame_id": 25,
      "image_path": "frames/O9uvBFovKj8_000319/images/000025.jpg",
      "accident_id": 0,
      "accident_name": "normal",
      "objects": []
    },
    {
      "frame_id": 26,
      "image_path": "frames/O9uvBFovKj8_000319/images/000026.jpg",
      "accident_id": 0,
      "accident_name": "normal",
      "objects": []
    },
    {
      "frame_id": 27,
      "image_path": "frames/O9uvBFovKj8_000319/images/000027.jpg",
      "accident_id": 0,
      "accident_name": "normal",
      "objects": []
    },
    {
      "frame_id": 28,
      "image_path": "frames/O9uvBFovKj8_000319/images/000028.jpg",
      "accident_id": 0,
      "accident_name": "normal",
      "objects": []
    },
    {
      "frame_id": 29,
      "image_path": "frames/O9uvBFovKj8_000319/images/000029.jpg",
      "accident_id": 5,
      "accident_name": "turning",
      "objects": [
        {
          "obj_track_id": 103,
          "bbox": [
            197.62998790810158,
            273.37363966142686,
            574.6070133010883,
            491.8984280532044
          ],
          "category": "car",
          "category ID": 3,
          "trunc": false
        }
      ]
    },
    {
      "frame_id": 30,
      "image_path": "frames/O9uvBFovKj8_000319/images/000030.jpg",
      "accident_id": 5,
      "accident_name": "turning",
      "objects": [
        {
          "obj_track_id": 103,
          "bbox": [
            176.73518742442565,
            273.37363966142686,
            562.4183796856107,
            498.863361547763
          ],
          "category": "car",
          "category ID": 3,
          "trunc": false
        }
      ]
    },
    {
      "frame_id": 31,
      "image_path": "frames/O9uvBFovKj8_000319/images/000031.jpg",
      "accident_id": 5,
      "accident_name": "turning",
      "objects": [
        {
          "obj_track_id": 103,
          "bbox": [
            162.80532043530835,
            273.37363966142686,
            553.7122128174124,
            506.6989117291415
          ],
          "category": "car",
          "category ID": 3,
          "trunc": false
        }
      ]
    },
    {
      "frame_id": 32,
      "image_path": "frames/O9uvBFovKj8_000319/images/000032.jpg",
      "accident_id": 5,
      "accident_name": "turning",
      "objects": [
        {
          "obj_track_id": 103,
          "bbox": [
            152.3579201934704,
            273.37363966142686,
            552.8415961305925,
            511.9226118500605
          ],
          "category": "car",
          "category ID": 3,
          "trunc": false
        }
      ]
    },
    {
      "frame_id": 33,
      "image_path": "frames/O9uvBFovKj8_000319/images/000033.jpg",
      "accident_id": 5,
      "accident_name": "turning",
      "objects": [
        {
          "obj_track_id": 103,
          "bbox": [
            163.67593712212818,
            273.37363966142686,
            553.2769044740024,
            511.0519951632407
          ],
          "category": "car",
          "category ID": 3,
          "trunc": false
        },
        {
          "obj_track_id": 248,
          "bbox": [
            0.8706166868198307,
            355.21160822249095,
            65.29625151148731,
            526.7230955259976
          ],
          "category": "car",
          "category ID": 3,
          "trunc": true
        }
      ]
    },
    {
      "frame_id": 34,
      "image_path": "frames/O9uvBFovKj8_000319/images/000034.jpg",
      "accident_id": 5,
      "accident_name": "turning",
      "objects": [
        {
          "obj_track_id": 103,
          "bbox": [
            174.993954050786,
            273.37363966142686,
            553.7122128174124,
            510.18137847642083
          ],
          "category": "car",
          "category ID": 3,
          "trunc": false
        },
        {
          "obj_track_id": 248,
          "bbox": [
            0.8706166868198307,
            311.6807738814994,
            208.07738814993957,
            528.4643288996373
          ],
          "category": "car",
          "category ID": 3,
          "trunc": true
        }
      ]
    },
    {
      "frame_id": 35,
      "image_path": "frames/O9uvBFovKj8_000319/images/000035.jpg",
      "accident_id": 5,
      "accident_name": "turning",
      "objects": [
        {
          "obj_track_id": 103,
          "bbox": [
            261.18500604594925,
            273.37363966142686,
            577.2188633615478,
            499.7339782345829
          ],
          "category": "car",
          "category ID": 3,
          "trunc": false
        },
        {
          "obj_track_id": 248,
          "bbox": [
            0.8706166868198307,
            279.4679564691657,
            292.5272067714631,
            523.2406287787182
          ],
          "category": "car",
          "category ID": 3,
          "trunc": true
        }
      ]
    },
    {
      "frame_id": 36,
      "image_path": "frames/O9uvBFovKj8_000319/images/000036.jpg",
      "accident_id": 5,
      "accident_name": "turning",
      "objects": [
        {
          "obj_track_id": 103,
          "bbox": [
            348.2466747279323,
            272.503022974607,
            605.9492140266022,
            484.0628778718259
          ],
          "category": "car",
          "category ID": 3,
          "trunc": false
        },
        {
          "obj_track_id": 248,
          "bbox": [
            0.8706166868198307,
            275.1148730350665,
            367.40024183796857,
            520.6287787182588
          ],
          "category": "car",
          "category ID": 3,
          "trunc": true
        }
      ]
    },
    {
      "frame_id": 37,
      "image_path": "frames/O9uvBFovKj8_000319/images/000037.jpg",
      "accident_id": 5,
      "accident_name": "turning",
      "objects": [
        {
          "obj_track_id": 103,
          "bbox": [
            465.77992744860944,
            276.8561064087062,
            672.9866989117291,
            471.0036275695285
          ],
          "category": "car",
          "category ID": 3,
          "trunc": false
        },
        {
          "obj_track_id": 248,
          "bbox": [
            0.8706166868198307,
            213.30108827085854,
            504.95767835550186,
            504.95767835550186
          ],
          "category": "car",
          "category ID": 3,
          "trunc": true
        }
      ]
    },
    {
      "frame_id": 38,
      "image_path": "frames/O9uvBFovKj8_000319/images/000038.jpg",
      "accident_id": 5,
      "accident_name": "turning",
      "objects": [
        {
          "obj_track_id": 103,
          "bbox": [
            487.5453446191052,
            276.8561064087062,
            721.7412333736397,
            464.0386940749698
          ],
          "category": "car",
          "category ID": 3,
          "trunc": false
        },
        {
          "obj_track_id": 248,
          "bbox": [
            0.8706166868198307,
            206.3361547762999,
            563.2889963724305,
            519.7581620314389
          ],
          "category": "car",
          "category ID": 3,
          "trunc": true
        }
      ]
    },
    {
      "frame_id": 39,
      "image_path": "frames/O9uvBFovKj8_000319/images/000039.jpg",
      "accident_id": 5,
      "accident_name": "turning",
      "objects": [
        {
          "obj_track_id": 103,
          "bbox": [
            500.6045949214027,
            274.2442563482467,
            792.261185006046,
            453.59129383313183
          ],
          "category": "car",
          "category ID": 3,
          "trunc": false
        },
        {
          "obj_track_id": 248,
          "bbox": [
            0.8706166868198307,
            210.68923821039905,
            656.4449818621524,
            515.4050785973399
          ],
          "category": "car",
          "category ID": 3,
          "trunc": true
        }
      ]
    },
    {
      "frame_id": 40,
      "image_path": "frames/O9uvBFovKj8_000319/images/000040.jpg",
      "accident_id": 5,
      "accident_name": "turning",
      "objects": [
        {
          "obj_track_id": 103,
          "bbox": [
            517.1463119709795,
            274.2442563482467,
            819.2503022974607,
            442.273276904474
          ],
          "category": "car",
          "category ID": 3,
          "trunc": false
        },
        {
          "obj_track_id": 248,
          "bbox": [
            19.153567110036278,
            215.91293833131803,
            659.0568319226119,
            520.6287787182588
          ],
          "category": "car",
          "category ID": 3,
          "trunc": true
        }
      ]
    },
    {
      "frame_id": 41,
      "image_path": "frames/O9uvBFovKj8_000319/images/000041.jpg",
      "accident_id": 5,
      "accident_name": "turning",
      "objects": [
        {
          "obj_track_id": 103,
          "bbox": [
            568.5126964933495,
            274.2442563482467,
            847.1100362756954,
            437.04957678355504
          ],
          "category": "car",
          "category ID": 3,
          "trunc": false
        },
        {
          "obj_track_id": 248,
          "bbox": [
            101.8621523579202,
            226.360338573156,
            713.0350665054414,
            512.7932285368803
          ],
          "category": "car",
          "category ID": 3,
          "trunc": true
        }
      ]
    },
    {
      "frame_id": 42,
      "image_path": "frames/O9uvBFovKj8_000319/images/000042.jpg",
      "accident_id": 5,
      "accident_name": "turning",
      "objects": [
        {
          "obj_track_id": 103,
          "bbox": [
            544.1354292623943,
            277.72672309552604,
            857.5574365175333,
            439.66142684401456
          ],
          "category": "car",
          "category ID": 3,
          "trunc": false
        },
        {
          "obj_track_id": 248,
          "bbox": [
            145.39298669891173,
            235.93712212817414,
            740.894800483676,
            511.92261185006043
          ],
          "category": "car",
          "category ID": 3,
          "trunc": true
        }
      ]
    },
    {
      "frame_id": 43,
      "image_path": "frames/O9uvBFovKj8_000319/images/000043.jpg",
      "accident_id": 5,
      "accident_name": "turning",
      "objects": [
        {
          "obj_track_id": 103,
          "bbox": [
            556.3240628778718,
            274.2442563482467,
            873.2285368802902,
            438.7908101571947
          ],
          "category": "car",
          "category ID": 3,
          "trunc": false
        },
        {
          "obj_track_id": 248,
          "bbox": [
            210.68923821039905,
            271.6324062877872,
            800.9673518742443,
            504.9576783555018
          ],
          "category": "car",
          "category ID": 3,
          "trunc": true
        }
      ]
    },
    {
      "frame_id": 44,
      "image_path": "frames/O9uvBFovKj8_000319/images/000044.jpg",
      "accident_id": 5,
      "accident_name": "turning",
      "objects": [
        {
          "obj_track_id": 103,
          "bbox": [
            570.2857142857143,
            275.1148730350665,
            876.7110036275695,
            438.7908101571947
          ],
          "category": "car",
          "category ID": 3,
          "trunc": false
        },
        {
          "obj_track_id": 248,
          "bbox": [
            237.6783555018138,
            278.59733978234584,
            815.7678355501814,
            502.34582829504234
          ],
          "category": "car",
          "category ID": 3,
          "trunc": true
        }
      ]
    },
    {
      "frame_id": 45,
      "image_path": "frames/O9uvBFovKj8_000319/images/000045.jpg",
      "accident_id": 5,
      "accident_name": "turning",
      "objects": [
        {
          "obj_track_id": 103,
          "bbox": [
            597.7142857142857,
            275.1148730350665,
            887.1584038694076,
            447.496977025393
          ],
          "category": "car",
          "category ID": 3,
          "trunc": false
        },
        {
          "obj_track_id": 248,
          "bbox": [
            279.4679564691657,
            278.59733978234584,
            843.6275695284162,
            500.6045949214027
          ],
          "category": "car",
          "category ID": 3,
          "trunc": true
        }
      ]
    },
    {
      "frame_id": 46,
      "image_path": "frames/O9uvBFovKj8_000319/images/000046.jpg",
      "accident_id": 5,
      "accident_name": "turning",
      "objects": [
        {
          "obj_track_id": 103,
          "bbox": [
            614.8571428571429,
            275.1148730350665,
            895.8645707376058,
            438.7908101571947
          ],
          "category": "car",
          "category ID": 3,
          "trunc": false
        },
        {
          "obj_track_id": 248,
          "bbox": [
            294.26844014510283,
            278.59733978234584,
            854.074969770254,
            497.12212817412336
          ],
          "category": "car",
          "category ID": 3,
          "trunc": true
        }
      ]
    },
    {
      "frame_id": 47,
      "image_path": "frames/O9uvBFovKj8_000319/images/000047.jpg",
      "accident_id": 5,
      "accident_name": "turning",
      "objects": [
        {
          "obj_track_id": 103,
          "bbox": [
            625.1428571428571,
            275.1148730350665,
            905.441354292624,
            434.4377267230956
          ],
          "category": "car",
          "category ID": 3,
          "trunc": false
        },
        {
          "obj_track_id": 248,
          "bbox": [
            312.5513905683192,
            278.59733978234584,
            866.2636033857316,
            494.5102781136639
          ],
          "category": "car",
          "category ID": 3,
          "trunc": true
        }
      ]
    },
    {
      "frame_id": 48,
      "image_path": "frames/O9uvBFovKj8_000319/images/000048.jpg",
      "accident_id": 5,
      "accident_name": "turning",
      "objects": [
        {
          "obj_track_id": 103,
          "bbox": [
            633.1428571428571,
            275.1148730350665,
            913.2769044740024,
            423.99032648125757
          ],
          "category": "car",
          "category ID": 3,
          "trunc": false
        },
        {
          "obj_track_id": 248,
          "bbox": [
            315.16324062877874,
            278.59733978234584,
            868.8754534461912,
            494.5102781136639
          ],
          "category": "car",
          "category ID": 3,
          "trunc": true
        }
      ]
    },
    {
      "frame_id": 49,
      "image_path": "frames/O9uvBFovKj8_000319/images/000049.jpg",
      "accident_id": 5,
      "accident_name": "turning",
      "objects": [
        {
          "obj_track_id": 103,
          "bbox": [
            636.5714285714286,
            275.1148730350665,
            922.8536880290206,
            423.99032648125757
          ],
          "category": "car",
          "category ID": 3,
          "trunc": false
        },
        {
          "obj_track_id": 248,
          "bbox": [
            312.27915011228197,
            277.72672309552604,
            870.3444463637936,
            496.25151148730356
          ],
          "category": "car",
          "category ID": 3,
          "trunc": true
        }
      ]
    },
    {
      "frame_id": 50,
      "image_path": "frames/O9uvBFovKj8_000319/images/000050.jpg",
      "accident_id": 0,
      "accident_name": "normal",
      "objects": []
    },
    {
      "frame_id": 51,
      "image_path": "frames/O9uvBFovKj8_000319/images/000051.jpg",
      "accident_id": 0,
      "accident_name": "normal",
      "objects": []
    },
    {
      "frame_id": 52,
      "image_path": "frames/O9uvBFovKj8_000319/images/000052.jpg",
      "accident_id": 0,
      "accident_name": "normal",
      "objects": []
    },
    {
      "frame_id": 53,
      "image_path": "frames/O9uvBFovKj8_000319/images/000053.jpg",
      "accident_id": 0,
      "accident_name": "normal",
      "objects": []
    },
    {
      "frame_id": 54,
      "image_path": "frames/O9uvBFovKj8_000319/images/000054.jpg",
      "accident_id": 0,
      "accident_name": "normal",
      "objects": []
    },
    {
      "frame_id": 55,
      "image_path": "frames/O9uvBFovKj8_000319/images/000055.jpg",
      "accident_id": 0,
      "accident_name": "normal",
      "objects": []
    },
    {
      "frame_id": 56,
      "image_path": "frames/O9uvBFovKj8_000319/images/000056.jpg",
      "accident_id": 0,
      "accident_name": "normal",
      "objects": []
    },
    {
      "frame_id": 57,
      "image_path": "frames/O9uvBFovKj8_000319/images/000057.jpg",
      "accident_id": 0,
      "accident_name": "normal",
      "objects": []
    },
    {
      "frame_id": 58,
      "image_path": "frames/O9uvBFovKj8_000319/images/000058.jpg",
      "accident_id": 0,
      "accident_name": "normal",
      "objects": []
    },
    {
      "frame_id": 59,
      "image_path": "frames/O9uvBFovKj8_000319/images/000059.jpg",
      "accident_id": 0,
      "accident_name": "normal",
      "objects": []
    },
    {
      "frame_id": 60,
      "image_path": "frames/O9uvBFovKj8_000319/images/000060.jpg",
      "accident_id": 0,
      "accident_name": "normal",
      "objects": []
    },
    {
      "frame_id": 61,
      "image_path": "frames/O9uvBFovKj8_000319/images/000061.jpg",
      "accident_id": 0,
      "accident_name": "normal",
      "objects": []
    },
    {
      "frame_id": 62,
      "image_path": "frames/O9uvBFovKj8_000319/images/000062.jpg",
      "accident_id": 0,
      "accident_name": "normal",
      "objects": []
    },
    {
      "frame_id": 63,
      "image_path": "frames/O9uvBFovKj8_000319/images/000063.jpg",
      "accident_id": 0,
      "accident_name": "normal",
      "objects": []
    },
    {
      "frame_id": 64,
      "image_path": "frames/O9uvBFovKj8_000319/images/000064.jpg",
      "accident_id": 0,
      "accident_name": "normal",
      "objects": []
    },
    {
      "frame_id": 65,
      "image_path": "frames/O9uvBFovKj8_000319/images/000065.jpg",
      "accident_id": 0,
      "accident_name": "normal",
      "objects": []
    },
    {
      "frame_id": 66,
      "image_path": "frames/O9uvBFovKj8_000319/images/000066.jpg",
      "accident_id": 0,
      "accident_name": "normal",
      "objects": []
    },
    {
      "frame_id": 67,
      "image_path": "frames/O9uvBFovKj8_000319/images/000067.jpg",
      "accident_id": 0,
      "accident_name": "normal",
      "objects": []
    },
    {
      "frame_id": 68,
      "image_path": "frames/O9uvBFovKj8_000319/images/000068.jpg",
      "accident_id": 0,
      "accident_name": "normal",
      "objects": []
    },
    {
      "frame_id": 69,
      "image_path": "frames/O9uvBFovKj8_000319/images/000069.jpg",
      "accident_id": 0,
      "accident_name": "normal",
      "objects": []
    },
    {
      "frame_id": 70,
      "image_path": "frames/O9uvBFovKj8_000319/images/000070.jpg",
      "accident_id": 0,
      "accident_name": "normal",
      "objects": []
    },
    {
      "frame_id": 71,
      "image_path": "frames/O9uvBFovKj8_000319/images/000071.jpg",
      "accident_id": 0,
      "accident_name": "normal",
      "objects": []
    },
    {
      "frame_id": 72,
      "image_path": "frames/O9uvBFovKj8_000319/images/000072.jpg",
      "accident_id": 0,
      "accident_name": "normal",
      "objects": []
    },
    {
      "frame_id": 73,
      "image_path": "frames/O9uvBFovKj8_000319/images/000073.jpg",
      "accident_id": 0,
      "accident_name": "normal",
      "objects": []
    },
    {
      "frame_id": 74,
      "image_path": "frames/O9uvBFovKj8_000319/images/000074.jpg",
      "accident_id": 0,
      "accident_name": "normal",
      "objects": []
    },
    {
      "frame_id": 75,
      "image_path": "frames/O9uvBFovKj8_000319/images/000075.jpg",
      "accident_id": 0,
      "accident_name": "normal",
      "objects": []
    },
    {
      "frame_id": 76,
      "image_path": "frames/O9uvBFovKj8_000319/images/000076.jpg",
      "accident_id": 0,
      "accident_name": "normal",
      "objects": []
    },
    {
      "frame_id": 77,
      "image_path": "frames/O9uvBFovKj8_000319/images/000077.jpg",
      "accident_id": 0,
      "accident_name": "normal",
      "objects": []
    },
    {
      "frame_id": 78,
      "image_path": "frames/O9uvBFovKj8_000319/images/000078.jpg",
      "accident_id": 0,
      "accident_name": "normal",
      "objects": []
    },
    {
      "frame_id": 79,
      "image_path": "frames/O9uvBFovKj8_000319/images/000079.jpg",
      "accident_id": 0,
      "accident_name": "normal",
      "objects": []
    },
    {
      "frame_id": 80,
      "image_path": "frames/O9uvBFovKj8_000319/images/000080.jpg",
      "accident_id": 0,
      "accident_name": "normal",
      "objects": []
    },
    {
      "frame_id": 81,
      "image_path": "frames/O9uvBFovKj8_000319/images/000081.jpg",
      "accident_id": 0,
      "accident_name": "normal",
      "objects": []
    },
    {
      "frame_id": 82,
      "image_path": "frames/O9uvBFovKj8_000319/images/000082.jpg",
      "accident_id": 0,
      "accident_name": "normal",
      "objects": []
    },
    {
      "frame_id": 83,
      "image_path": "frames/O9uvBFovKj8_000319/images/000083.jpg",
      "accident_id": 0,
      "accident_name": "normal",
      "objects": []
    },
    {
      "frame_id": 84,
      "image_path": "frames/O9uvBFovKj8_000319/images/000084.jpg",
      "accident_id": 0,
      "accident_name": "normal",
      "objects": []
    },
    {
      "frame_id": 85,
      "image_path": "frames/O9uvBFovKj8_000319/images/000085.jpg",
      "accident_id": 0,
      "accident_name": "normal",
      "objects": []
    },
    {
      "frame_id": 86,
      "image_path": "frames/O9uvBFovKj8_000319/images/000086.jpg",
      "accident_id": 0,
      "accident_name": "normal",
      "objects": []
    },
    {
      "frame_id": 87,
      "image_path": "frames/O9uvBFovKj8_000319/images/000087.jpg",
      "accident_id": 0,
      "accident_name": "normal",
      "objects": []
    },
    {
      "frame_id": 88,
      "image_path": "frames/O9uvBFovKj8_000319/images/000088.jpg",
      "accident_id": 0,
      "accident_name": "normal",
      "objects": []
    },
    {
      "frame_id": 89,
      "image_path": "frames/O9uvBFovKj8_000319/images/000089.jpg",
      "accident_id": 0,
      "accident_name": "normal",
      "objects": []
    },
    {
      "frame_id": 90,
      "image_path": "frames/O9uvBFovKj8_000319/images/000090.jpg",
      "accident_id": 0,
      "accident_name": "normal",
      "objects": []
    },
    {
      "frame_id": 91,
      "image_path": "frames/O9uvBFovKj8_000319/images/000091.jpg",
      "accident_id": 0,
      "accident_name": "normal",
      "objects": []
    },
    {
      "frame_id": 92,
      "image_path": "frames/O9uvBFovKj8_000319/images/000092.jpg",
      "accident_id": 0,
      "accident_name": "normal",
      "objects": []
    },
    {
      "frame_id": 93,
      "image_path": "frames/O9uvBFovKj8_000319/images/000093.jpg",
      "accident_id": 0,
      "accident_name": "normal",
      "objects": []
    },
    {
      "frame_id": 94,
      "image_path": "frames/O9uvBFovKj8_000319/images/000094.jpg",
      "accident_id": 0,
      "accident_name": "normal",
      "objects": []
    },
    {
      "frame_id": 95,
      "image_path": "frames/O9uvBFovKj8_000319/images/000095.jpg",
      "accident_id": 0,
      "accident_name": "normal",
      "objects": []
    },
    {
      "frame_id": 96,
      "image_path": "frames/O9uvBFovKj8_000319/images/000096.jpg",
      "accident_id": 0,
      "accident_name": "normal",
      "objects": []
    },
    {
      "frame_id": 97,
      "image_path": "frames/O9uvBFovKj8_000319/images/000097.jpg",
      "accident_id": 0,
      "accident_name": "normal",
      "objects": []
    },
    {
      "frame_id": 98,
      "image_path": "frames/O9uvBFovKj8_000319/images/000098.jpg",
      "accident_id": 0,
      "accident_name": "normal",
      "objects": []
    },
    {
      "frame_id": 99,
      "image_path": "frames/O9uvBFovKj8_000319/images/000099.jpg",
      "accident_id": 0,
      "accident_name": "normal",
      "objects": []
    },
    {
      "frame_id": 100,
      "image_path": "frames/O9uvBFovKj8_000319/images/000100.jpg",
      "accident_id": 0,
      "accident_name": "normal",
      "objects": []
    },
    {
      "frame_id": 101,
      "image_path": "frames/O9uvBFovKj8_000319/images/000101.jpg",
      "accident_id": 0,
      "accident_name": "normal",
      "objects": []
    }
  ]
}