{
  "video_name": "O9uvBFovKj8_002330",
  "channel": "CarCrashesTime",
  "num_frames": 100,
  "ignore": false,
  "ego_involve": false,
  "night": false,
  "anomaly_start": 11,
  "anomaly_end": 53,
  "video_start": 2330,
  "video_end": 2429,
  "accident_id": "5",
  "accident_name": "turning",
  "labels": [
    {
      "frame_id": 0,
      "image_path": "frames/O9uvBFovKj8_002330/images/000000.jpg",
      "accident_id": 0,
      "accident_name": "normal",
      "objects": []
    },
    {
      "frame_id": 1,
      "image_path": "frames/O9uvBFovKj8_002330/images/000001.jpg",
      "accident_id": 0,
      "accident_name": "normal",
      "objects": []
    },
    {
      "frame_id": 2,
      "image_path": "frames/O9uvBFovKj8_002330/images/000002.jpg",
      "accident_id": 0,
      "accident_name": "normal",
      "objects": []
    },
    {
      "frame_id": 3,
      "image_path": "frames/O9uvBFovKj8_002330/images/000003.jpg",
      "accident_id": 0,
      "accident_name": "normal",
      "objects": []
    },
    {
      "frame_id": 4,
      "image_path": "frames/O9uvBFovKj8_002330/images/000004.jpg",
      "accident_id": 0,
      "accident_name": "normal",
      "objects": []
    },
    {
      "frame_id": 5,
      "image_path": "frames/O9uvBFovKj8_002330/images/000005.jpg",
      "accident_id": 0,
      "accident_name": "normal",
      "objects": []
    },
    {
      "frame_id": 6,
      "image_path": "frames/O9uvBFovKj8_002330/images/000006.jpg",
      "accident_id": 0,
      "accident_name": "normal",
      "objects": []
    },
    {
      "frame_id": 7,
      "image_path": "frames/O9uvBFovKj8_002330/images/000007.jpg",
      "accident_id": 0,
      "accident_name": "normal",
      "objects": []
    },
    {
      "frame_id": 8,
      "image_path": "frames/O9uvBFovKj8_002330/images/000008.jpg",
      "accident_id": 0,
      "accident_name": "normal",
      "objects": []
    },
    {
      "frame_id": 9,
      "image_path": "frames/O9uvBFovKj8_002330/images/000009.jpg",
      "accident_id": 0,
      "accident_name": "normal",
      "objects": []
    },
    {
      "frame_id": 10,
      "image_path": "frames/O9uvBFovKj8_002330/images/000010.jpg",
      "accident_id": 0,
      "accident_name": "normal",
      "objects": []
    },
    {
      "frame_id": 11,
      "image_path": "frames/O9uvBFovKj8_002330/images/000011.jpg",
      "accident_id": 5,
      "accident_name": "turning",
      "objects": [
        {
          "obj_track_id": 0,
          "bbox": [
            970.4736721989581,
            401.6453099140653,
            1120.881974977457,
            474.9599097608713
          ],
          "category": "car",
          "category ID": 3,
          "trunc": false
        },
        {
          "obj_track_id": 94,
          "bbox": [
            906.2289197558806,
            444.4225227827004,
            987.1017257724604,
            530.5860731181219
          ],
          "category": "motor",
          "category ID": 7,
          "trunc": false
        },
        {
          "obj_track_id": 282,
          "bbox": [
            909.0582846348076,
            400.5849269980123,
            965.1829278801164,
            509.42309584275523
          ],
          "category": "rider",
          "category ID": 2,
          "trunc": false
        },
        {
          "obj_track_id": 376,
          "bbox": [
            918.2453314729563,
            400.5849269980123,
            973.4969546668675,
            513.9580195446196
          ],
          "category": "rider",
          "category ID": 2,
          "trunc": false
        }
      ]
    },
    {
      "frame_id": 12,
      "image_path": "frames/O9uvBFovKj8_002330/images/000012.jpg",
      "accident_id": 5,
      "accident_name": "turning",
      "objects": [
        {
          "obj_track_id": 0,
          "bbox": [
            975.7754800590842,
            399.6378154514614,
            1134.4557341847935,
            475.3914327917282
          ],
          "category": "car",
          "category ID": 3,
          "trunc": false
        },
        {
          "obj_track_id": 94,
          "bbox": [
            911.5394795982929,
            444.7582139701748,
            995.3345054187606,
            529.627534993469
          ],
          "category": "motor",
          "category ID": 7,
          "trunc": false
        },
        {
          "obj_track_id": 282,
          "bbox": [
            914.7623652067725,
            400.1749630528746,
            971.7000109565774,
            509.2159261397653
          ],
          "category": "rider",
          "category ID": 2,
          "trunc": false
        },
        {
          "obj_track_id": 376,
          "bbox": [
            925.5949689434751,
            399.1006678500481,
            978.1457821735365,
            512.9759593496581
          ],
          "category": "rider",
          "category ID": 2,
          "trunc": false
        }
      ]
    },
    {
      "frame_id": 13,
      "image_path": "frames/O9uvBFovKj8_002330/images/000013.jpg",
      "accident_id": 5,
      "accident_name": "turning",
      "objects": [
        {
          "obj_track_id": 0,
          "bbox": [
            974.711964549483,
            400.2315414811661,
            1139.3214353746082,
            478.5819793205318
          ],
          "category": "car",
          "category ID": 3,
          "trunc": false
        },
        {
          "obj_track_id": 94,
          "bbox": [
            912.1100545663769,
            443.97626134941754,
            1004.8227444364023,
            534.0773261526817
          ],
          "category": "motor",
          "category ID": 7,
          "trunc": false
        },
        {
          "obj_track_id": 282,
          "bbox": [
            915.3745858998285,
            399.5786352144758,
            974.7890561686477,
            507.30816921837857
          ],
          "category": "rider",
          "category ID": 2,
          "trunc": false
        },
        {
          "obj_track_id": 376,
          "bbox": [
            927.0189612033882,
            402.8431665479274,
            981.9710251022411,
            512.5314193519011
          ],
          "category": "rider",
          "category ID": 2,
          "trunc": false
        }
      ]
    },
    {
      "frame_id": 14,
      "image_path": "frames/O9uvBFovKj8_002330/images/000014.jpg",
      "accident_id": 5,
      "accident_name": "turning",
      "objects": [
        {
          "obj_track_id": 0,
          "bbox": [
            970.4579025110783,
            400.2315414811661,
            1142.896874454103,
            481.7725258493353
          ],
          "category": "car",
          "category ID": 3,
          "trunc": false
        },
        {
          "obj_track_id": 94,
          "bbox": [
            899.7670170484695,
            443.35444585733154,
            1006.0974661951788,
            541.6012936069226
          ],
          "category": "motor",
          "category ID": 7,
          "trunc": false
        },
        {
          "obj_track_id": 282,
          "bbox": [
            917.2400323760866,
            401.44408169073387,
            976.6545026449057,
            509.1736156946366
          ],
          "category": "rider",
          "category ID": 2,
          "trunc": false
        },
        {
          "obj_track_id": 376,
          "bbox": [
            928.9923451765123,
            401.5995355637554,
            983.8364715784992,
            520.4595668759979
          ],
          "category": "rider",
          "category ID": 2,
          "trunc": false
        }
      ]
    },
    {
      "frame_id": 15,
      "image_path": "frames/O9uvBFovKj8_002330/images/000015.jpg",
      "accident_id": 5,
      "accident_name": "turning",
      "objects": [
        {
          "obj_track_id": 0,
          "bbox": [
            963.01329394387,
            399.88183161004434,
            1147.249582898705,
            484.3942683350088
          ],
          "category": "car",
          "category ID": 3,
          "trunc": false
        },
        {
          "obj_track_id": 94,
          "bbox": [
            904.1197254930717,
            443.97626134941754,
            1006.0974661951788,
            541.6012936069226
          ],
          "category": "motor",
          "category ID": 7,
          "trunc": false
        },
        {
          "obj_track_id": 282,
          "bbox": [
            915.6544028712672,
            401.44408169073387,
            975.5196893718487,
            510.46388284071514
          ],
          "category": "rider",
          "category ID": 2,
          "trunc": false
        },
        {
          "obj_track_id": 376,
          "bbox": [
            928.9923451765123,
            401.5995355637554,
            983.8364715784992,
            512.3759654788796
          ],
          "category": "rider",
          "category ID": 2,
          "trunc": false
        }
      ]
    },
    {
      "frame_id": 16,
      "image_path": "frames/O9uvBFovKj8_002330/images/000016.jpg",
      "accident_id": 5,
      "accident_name": "turning",
      "objects": [
        {
          "obj_track_id": 0,
          "bbox": [
            948.1240768094535,
            400.2315414811661,
            1144.762320930361,
            490.612423255869
          ],
          "category": "car",
          "category ID": 3,
          "trunc": false
        },
        {
          "obj_track_id": 94,
          "bbox": [
            907.2288029535017,
            441.4889993810735,
            1006.7192816872648,
            539.1140316385785
          ],
          "category": "motor",
          "category ID": 7,
          "trunc": false
        },
        {
          "obj_track_id": 282,
          "bbox": [
            914.0687733664479,
            401.44408169073387,
            974.3848760987918,
            511.75414998679366
          ],
          "category": "rider",
          "category ID": 2,
          "trunc": false
        },
        {
          "obj_track_id": 376,
          "bbox": [
            923.3960057477382,
            401.5995355637554,
            984.2836041358937,
            521.7031978601699
          ],
          "category": "rider",
          "category ID": 2,
          "trunc": false
        }
      ]
    },
    {
      "frame_id": 17,
      "image_path": "frames/O9uvBFovKj8_002330/images/000017.jpg",
      "accident_id": 5,
      "accident_name": "turning",
      "objects": [
        {
          "obj_track_id": 0,
          "bbox": [
            942.8106376175859,
            398.3930472087779,
            1141.2135495741486,
            490.612423255869
          ],
          "category": "car",
          "category ID": 3,
          "trunc": false
        },
        {
          "obj_track_id": 94,
          "bbox": [
            895.7891474838805,
            445.81134316639634,
            992.4510461891178,
            533.3070273392404
          ],
          "category": "motor",
          "category ID": 7,
          "trunc": false
        },
        {
          "obj_track_id": 282,
          "bbox": [
            906.6219464767088,
            399.1469782742128,
            966.6189870523733,
            511.75414998679366
          ],
          "category": "rider",
          "category ID": 2,
          "trunc": false
        },
        {
          "obj_track_id": 376,
          "bbox": [
            917.4547454695371,
            401.5995355637554,
            975.7852015847666,
            521.6409361161946
          ],
          "category": "rider",
          "category ID": 2,
          "trunc": false
        }
      ]
    },
    {
      "frame_id": 18,
      "image_path": "frames/O9uvBFovKj8_002330/images/000018.jpg",
      "accident_id": 5,
      "accident_name": "turning",
      "objects": [
        {
          "obj_track_id": 0,
          "bbox": [
            934.4777153154101,
            395.0598782879076,
            1132.8806272719728,
            496.6421692096677
          ],
          "category": "car",
          "category ID": 3,
          "trunc": false
        },
        {
          "obj_track_id": 94,
          "bbox": [
            884.1230562608346,
            439.9782975548734,
            983.2848316567246,
            533.3070273392404
          ],
          "category": "motor",
          "category ID": 7,
          "trunc": false
        },
        {
          "obj_track_id": 282,
          "bbox": [
            896.622439714098,
            395.81380935334255,
            956.6194802897626,
            511.75414998679366
          ],
          "category": "rider",
          "category ID": 2,
          "trunc": false
        },
        {
          "obj_track_id": 376,
          "bbox": [
            907.4552387069264,
            401.5995355637554,
            969.118863743026,
            520.8076438859771
          ],
          "category": "rider",
          "category ID": 2,
          "trunc": false
        }
      ]
    },
    {
      "frame_id": 19,
      "image_path": "frames/O9uvBFovKj8_002330/images/000019.jpg",
      "accident_id": 5,
      "accident_name": "turning",
      "objects": [
        {
          "obj_track_id": 0,
          "bbox": [
            934.4777153154101,
            392.2840884043938,
            1127.0441835529386,
            496.6265660430046
          ],
          "category": "car",
          "category ID": 3,
          "trunc": false
        },
        {
          "obj_track_id": 94,
          "bbox": [
            872.5503356538879,
            435.1844799073766,
            976.529250652643,
            527.5293904307464
          ],
          "category": "motor",
          "category ID": 7,
          "trunc": false
        },
        {
          "obj_track_id": 282,
          "bbox": [
            884.1843401292731,
            408.2808445580484,
            946.7171141844684,
            508.6241331582455
          ],
          "category": "rider",
          "category ID": 2,
          "trunc": false
        },
        {
          "obj_track_id": 376,
          "bbox": [
            892.909843485812,
            404.6452181594905,
            961.2596197786999,
            519.8945749937749
          ],
          "category": "rider",
          "category ID": 2,
          "trunc": false
        }
      ]
    },
    {
      "frame_id": 20,
      "image_path": "frames/O9uvBFovKj8_002330/images/000020.jpg",
      "accident_id": 5,
      "accident_name": "turning",
      "objects": [
        {
          "obj_track_id": 0,
          "bbox": [
            889.2742170872541,
            394.10190160367273,
            1111.7745526789956,
            496.6265660430046
          ],
          "category": "car",
          "category ID": 3,
          "trunc": false
        },
        {
          "obj_track_id": 94,
          "bbox": [
            849.6458893429734,
            434.09379198780925,
            969.9851231352388,
            512.986884836515
          ],
          "category": "motor",
          "category ID": 7,
          "trunc": false
        },
        {
          "obj_track_id": 282,
          "bbox": [
            873.2774609335995,
            405.7359060790579,
            931.8110459503812,
            517.3496365147844
          ],
          "category": "rider",
          "category ID": 2,
          "trunc": false
        },
        {
          "obj_track_id": 376,
          "bbox": [
            880.5487137307152,
            405.0087807993463,
            943.4450504257663,
            519.8945749937749
          ],
          "category": "rider",
          "category ID": 2,
          "trunc": false
        }
      ]
    },
    {
      "frame_id": 21,
      "image_path": "frames/O9uvBFovKj8_002330/images/000021.jpg",
      "accident_id": 5,
      "accident_name": "turning",
      "objects": [
        {
          "obj_track_id": 0,
          "bbox": [
            805.6548099204232,
            385.73996088698965,
            1092.5057327666389,
            502.80713092055294
          ],
          "category": "car",
          "category ID": 3,
          "trunc": false
        },
        {
          "obj_track_id": 94,
          "bbox": [
            841.6475112661461,
            434.45735462766504,
            946.7171141844684,
            510.80550899738023
          ],
          "category": "motor",
          "category ID": 7,
          "trunc": false
        },
        {
          "obj_track_id": 282,
          "bbox": [
            842.0110739060019,
            399.19177856165373,
            911.815100758313,
            513.7140101162265
          ],
          "category": "rider",
          "category ID": 2,
          "trunc": false
        },
        {
          "obj_track_id": 376,
          "bbox": [
            865.2790828567722,
            405.0087807993463,
            932.174608590237,
            519.8945749937749
          ],
          "category": "rider",
          "category ID": 2,
          "trunc": false
        }
      ]
    },
    {
      "frame_id": 22,
      "image_path": "frames/O9uvBFovKj8_002330/images/000022.jpg",
      "accident_id": 5,
      "accident_name": "turning",
      "objects": [
        {
          "obj_track_id": 0,
          "bbox": [
            763.8632844690004,
            386.7034018826074,
            1071.1646058071042,
            504.2795596119688
          ],
          "category": "car",
          "category ID": 3,
          "trunc": false
        },
        {
          "obj_track_id": 94,
          "bbox": [
            830.2861787706527,
            439.0018876258623,
            907.0160739122165,
            514.968301223729
          ],
          "category": "motor",
          "category ID": 7,
          "trunc": false
        },
        {
          "obj_track_id": 282,
          "bbox": [
            842.0110739060019,
            399.19177856165373,
            894.0368876693649,
            513.7140101162265
          ],
          "category": "rider",
          "category ID": 2,
          "trunc": false
        },
        {
          "obj_track_id": 376,
          "bbox": [
            844.41058732905,
            403.49999584394476,
            921.1404824706137,
            485.9560025632372
          ],
          "category": "rider",
          "category ID": 2,
          "trunc": false
        }
      ]
    },
    {
      "frame_id": 23,
      "image_path": "frames/O9uvBFovKj8_002330/images/000023.jpg",
      "accident_id": 5,
      "accident_name": "turning",
      "objects": [
        {
          "obj_track_id": 0,
          "bbox": [
            713.2735496317503,
            386.7034018826074,
            1040.1905932129691,
            518.3900661258076
          ],
          "category": "car",
          "category ID": 3,
          "trunc": false
        },
        {
          "obj_track_id": 94,
          "bbox": [
            716.6840105931043,
            444.3343423935493,
            852.1280316297344,
            530.570283844929
          ],
          "category": "motor",
          "category ID": 7,
          "trunc": false
        },
        {
          "obj_track_id": 282,
          "bbox": [
            794.1501952867164,
            396.7557350178294,
            859.9233709699721,
            487.6959174736216
          ],
          "category": "rider",
          "category ID": 2,
          "trunc": false
        },
        {
          "obj_track_id": 376,
          "bbox": [
            837.9989790755536,
            406.81927181865535,
            921.1404824706137,
            487.20870876485674
          ],
          "category": "rider",
          "category ID": 2,
          "trunc": false
        }
      ]
    },
    {
      "frame_id": 24,
      "image_path": "frames/O9uvBFovKj8_002330/images/000024.jpg",
      "accident_id": 5,
      "accident_name": "turning",
      "objects": [
        {
          "obj_track_id": 0,
          "bbox": [
            658.9010577335922,
            381.11901243130916,
            1010.3490598011216,
            512.5922824915057
          ],
          "category": "car",
          "category ID": 3,
          "trunc": false
        },
        {
          "obj_track_id": 94,
          "bbox": [
            668.6208714734511,
            469.10890523424223,
            794.9784500916167,
            542.7748619994886
          ],
          "category": "motor",
          "category ID": 7,
          "trunc": false
        },
        {
          "obj_track_id": 282,
          "bbox": [
            730.009168777823,
            400.55863991102694,
            838.9733964930832,
            472.17832009946085
          ],
          "category": "rider",
          "category ID": 2,
          "trunc": false
        },
        {
          "obj_track_id": 376,
          "bbox": [
            811.8602318503189,
            408.7437462182765,
            909.569938393111,
            485.9906869929445
          ],
          "category": "rider",
          "category ID": 2,
          "trunc": false
        }
      ]
    },
    {
      "frame_id": 25,
      "image_path": "frames/O9uvBFovKj8_002330/images/000025.jpg",
      "accident_id": 5,
      "accident_name": "turning",
      "objects": [
        {
          "obj_track_id": 0,
          "bbox": [
            590.9347148215955,
            376.7781418145444,
            967.3311158642914,
            519.9309312577604
          ],
          "category": "car",
          "category ID": 3,
          "trunc": false
        },
        {
          "obj_track_id": 94,
          "bbox": [
            630.2540143219989,
            477.1759648107199,
            773.0250629933663,
            548.5614891464036
          ],
          "category": "motor",
          "category ID": 7,
          "trunc": false
        },
        {
          "obj_track_id": 282,
          "bbox": [
            692.4777601333168,
            385.93992033891027,
            819.215696387044,
            478.32118712626567
          ],
          "category": "rider",
          "category ID": 2,
          "trunc": false
        },
        {
          "obj_track_id": 376,
          "bbox": [
            819.215696387044,
            396.6286619506704,
            908.5430369996108,
            516.4952643111233
          ],
          "category": "rider",
          "category ID": 2,
          "trunc": false
        }
      ]
    },
    {
      "frame_id": 26,
      "image_path": "frames/O9uvBFovKj8_002330/images/000026.jpg",
      "accident_id": 5,
      "accident_name": "turning",
      "objects": [
        {
          "obj_track_id": 0,
          "bbox": [
            525.434090812686,
            376.7781418145444,
            918.4214818110501,
            522.946828844342
          ],
          "category": "car",
          "category ID": 3,
          "trunc": false
        },
        {
          "obj_track_id": 94,
          "bbox": [
            538.4922161464924,
            470.7143275091164,
            684.6188567867069,
            559.012127385331
          ],
          "category": "motor",
          "category ID": 7,
          "trunc": false
        },
        {
          "obj_track_id": 282,
          "bbox": [
            657.8807906270081,
            385.93992033891027,
            766.0766862499754,
            511.75414998679366
          ],
          "category": "rider",
          "category ID": 2,
          "trunc": false
        },
        {
          "obj_track_id": 376,
          "bbox": [
            764.8330552658034,
            436.51447544438537,
            909.7160649218458,
            566.4739132903633
          ],
          "category": "rider",
          "category ID": 2,
          "trunc": false
        }
      ]
    },
    {
      "frame_id": 27,
      "image_path": "frames/O9uvBFovKj8_002330/images/000027.jpg",
      "accident_id": 5,
      "accident_name": "turning",
      "objects": [
        {
          "obj_track_id": 0,
          "bbox": [
            449.59254238289407,
            376.54046859069143,
            859.9733098626206,
            546.8162582386931
          ],
          "category": "car",
          "category ID": 3,
          "trunc": false
        },
        {
          "obj_track_id": 94,
          "bbox": [
            466.73401738229154,
            478.7108423274144,
            635.0239576631583,
            568.2223355533213
          ],
          "category": "motor",
          "category ID": 7,
          "trunc": false
        },
        {
          "obj_track_id": 282,
          "bbox": [
            612.2232445068814,
            418.16877642370554,
            705.2748006556033,
            543.0562250288003
          ],
          "category": "rider",
          "category ID": 2,
          "trunc": false
        },
        {
          "obj_track_id": 376,
          "bbox": [
            740.726542348878,
            458.7240516069194,
            849.2303578343555,
            544.1305202316269
          ],
          "category": "rider",
          "category ID": 2,
          "trunc": false
        }
      ]
    },
    {
      "frame_id": 28,
      "image_path": "frames/O9uvBFovKj8_002330/images/000028.jpg",
      "accident_id": 5,
      "accident_name": "turning",
      "objects": [
        {
          "obj_track_id": 0,
          "bbox": [
            375.41532725904517,
            377.51967326386045,
            804.2810430403983,
            543.3421384433042
          ],
          "category": "car",
          "category ID": 3,
          "trunc": false
        },
        {
          "obj_track_id": 94,
          "bbox": [
            394.97581861809067,
            486.7073571457125,
            585.4290585396096,
            577.4325437213116
          ],
          "category": "motor",
          "category ID": 7,
          "trunc": false
        },
        {
          "obj_track_id": 282,
          "bbox": [
            508.2685518690068,
            449.31309729497156,
            659.5020379091073,
            556.8099528741219
          ],
          "category": "rider",
          "category ID": 2,
          "trunc": false
        },
        {
          "obj_track_id": 376,
          "bbox": [
            706.6393884169695,
            485.26218871040254,
            815.2236422654378,
            555.5473452712328
          ],
          "category": "rider",
          "category ID": 2,
          "trunc": false
        }
      ]
    },
    {
      "frame_id": 29,
      "image_path": "frames/O9uvBFovKj8_002330/images/000029.jpg",
      "accident_id": 5,
      "accident_name": "turning",
      "objects": [
        {
          "obj_track_id": 0,
          "bbox": [
            303.360502512438,
            377.51967326386045,
            735.6364293640571,
            543.3421384433042
          ],
          "category": "car",
          "category ID": 3,
          "trunc": false
        },
        {
          "obj_track_id": 94,
          "bbox": [
            280.33989102329855,
            495.71050073280344,
            469.10890523424223,
            563.2376277676126
          ],
          "category": "motor",
          "category ID": 7,
          "trunc": false
        },
        {
          "obj_track_id": 282,
          "bbox": [
            452.22712347554,
            449.31309729497156,
            599.0474678618295,
            560.168212902394
          ],
          "category": "rider",
          "category ID": 2,
          "trunc": false
        },
        {
          "obj_track_id": 376,
          "bbox": [
            673.7365629154821,
            492.6410858675848,
            806.7445404082879,
            558.1219363255816
          ],
          "category": "rider",
          "category ID": 2,
          "trunc": false
        }
      ]
    },
    {
      "frame_id": 30,
      "image_path": "frames/O9uvBFovKj8_002330/images/000030.jpg",
      "accident_id": 5,
      "accident_name": "turning",
      "objects": [
        {
          "obj_track_id": 0,
          "bbox": [
            237.8863982686181,
            377.51967326386045,
            665.6705842041158,
            543.3421384433042
          ],
          "category": "car",
          "category ID": 3,
          "trunc": false
        },
        {
          "obj_track_id": 94,
          "bbox": [
            194.01109714702858,
            503.88041131825446,
            405.8465353747029,
            563.2376277676126
          ],
          "category": "motor",
          "category ID": 7,
          "trunc": false
        },
        {
          "obj_track_id": 282,
          "bbox": [
            421.61422171527414,
            437.3819080558454,
            551.1834703399682,
            564.8945019404649
          ],
          "category": "rider",
          "category ID": 2,
          "trunc": false
        },
        {
          "obj_track_id": 376,
          "bbox": [
            645.7895883833955,
            504.5659628982793,
            780.1576980682634,
            566.9511566805394
          ],
          "category": "rider",
          "category ID": 2,
          "trunc": false
        }
      ]
    },
    {
      "frame_id": 31,
      "image_path": "frames/O9uvBFovKj8_002330/images/000031.jpg",
      "accident_id": 5,
      "accident_name": "turning",
      "objects": [
        {
          "obj_track_id": 0,
          "bbox": [
            179.95728975651943,
            377.19047932966475,
            601.777176945801,
            542.7511859056626
          ],
          "category": "car",
          "category ID": 3,
          "trunc": false
        },
        {
          "obj_track_id": 94,
          "bbox": [
            131.38596031175982,
            498.84160720507197,
            343.2213985394342,
            561.4667440403407
          ],
          "category": "motor",
          "category ID": 7,
          "trunc": false
        },
        {
          "obj_track_id": 282,
          "bbox": [
            325.15711440577974,
            456.0974661905234,
            493.80280309188936,
            569.3848647896275
          ],
          "category": "rider",
          "category ID": 2,
          "trunc": false
        },
        {
          "obj_track_id": 376,
          "bbox": [
            610.415126854114,
            495.2424614099415,
            766.6180543627728,
            562.1865731993668
          ],
          "category": "rider",
          "category ID": 2,
          "trunc": false
        }
      ]
    },
    {
      "frame_id": 32,
      "image_path": "frames/O9uvBFovKj8_002330/images/000032.jpg",
      "accident_id": 5,
      "accident_name": "turning",
      "objects": [
        {
          "obj_track_id": 0,
          "bbox": [
            122.49395784198182,
            375.35648510150145,
            538.97341450472,
            540.7233281881769
          ],
          "category": "car",
          "category ID": 3,
          "trunc": false
        },
        {
          "obj_track_id": 94,
          "bbox": [
            69.99654733827533,
            490.8507882096558,
            250.23765673433428,
            562.597249231388
          ],
          "category": "motor",
          "category ID": 7,
          "trunc": false
        },
        {
          "obj_track_id": 282,
          "bbox": [
            251.11261357606276,
            488.2259176844704,
            440.10329138940614,
            579.2214292242284
          ],
          "category": "rider",
          "category ID": 2,
          "trunc": false
        },
        {
          "obj_track_id": 376,
          "bbox": [
            609.8449186847238,
            465.4770397995309,
            735.8387038936194,
            562.1865731993668
          ],
          "category": "rider",
          "category ID": 2,
          "trunc": false
        }
      ]
    },
    {
      "frame_id": 33,
      "image_path": "frames/O9uvBFovKj8_002330/images/000033.jpg",
      "accident_id": 5,
      "accident_name": "turning",
      "objects": [
        {
          "obj_track_id": 0,
          "bbox": [
            72.85081240768095,
            375.35648510150145,
            478.43445054668257,
            540.7233281881769
          ],
          "category": "car",
          "category ID": 3,
          "trunc": false
        },
        {
          "obj_track_id": 94,
          "bbox": [
            14.357459379615953,
            490.8507882096558,
            182.15276869154897,
            576.4254062038405
          ],
          "category": "motor",
          "category ID": 7,
          "trunc": false
        },
        {
          "obj_track_id": 282,
          "bbox": [
            222.9670820083276,
            472.3878856108635,
            383.95687342450987,
            585.7609781574707
          ],
          "category": "rider",
          "category ID": 2,
          "trunc": false
        },
        {
          "obj_track_id": 376,
          "bbox": [
            595.5866461781767,
            466.34132067504447,
            726.3436129152637,
            560.8188977972172
          ],
          "category": "rider",
          "category ID": 2,
          "trunc": false
        }
      ]
    },
    {
      "frame_id": 34,
      "image_path": "frames/O9uvBFovKj8_002330/images/000034.jpg",
      "accident_id": 5,
      "accident_name": "turning",
      "objects": [
        {
          "obj_track_id": 0,
          "bbox": [
            29.717699861473164,
            380.34373909935357,
            419.38868816148533,
            546.6292868698439
          ],
          "category": "car",
          "category ID": 3,
          "trunc": false
        },
        {
          "obj_track_id": 94,
          "bbox": [
            0,
            507.3874725183233,
            112.15622135327364,
            579.1339335400555
          ],
          "category": "motor",
          "category ID": 7,
          "trunc": false
        },
        {
          "obj_track_id": 282,
          "bbox": [
            228.29811392799363,
            464.864570010321,
            334.86785725051783,
            585.7609781574707
          ],
          "category": "rider",
          "category ID": 2,
          "trunc": false
        },
        {
          "obj_track_id": 376,
          "bbox": [
            595.5866461781767,
            474.9703215322845,
            726.3436129152637,
            560.8188977972172
          ],
          "category": "rider",
          "category ID": 2,
          "trunc": false
        }
      ]
    },
    {
      "frame_id": 35,
      "image_path": "frames/O9uvBFovKj8_002330/images/000035.jpg",
      "accident_id": 5,
      "accident_name": "turning",
      "objects": [
        {
          "obj_track_id": 0,
          "bbox": [
            2.658788774002954,
            380.34373909935357,
            362.1270310192024,
            546.6292868698439
          ],
          "category": "car",
          "category ID": 3,
          "trunc": false
        },
        {
          "obj_track_id": 94,
          "bbox": [
            0,
            507.3874725183233,
            56.89807976366322,
            579.1339335400555
          ],
          "category": "motor",
          "category ID": 7,
          "trunc": false
        },
        {
          "obj_track_id": 282,
          "bbox": [
            178.13884785819792,
            467.94682422451996,
            290.8714918759232,
            585.7609781574707
          ],
          "category": "rider",
          "category ID": 2,
          "trunc": false
        },
        {
          "obj_track_id": 376,
          "bbox": [
            589.7193500738553,
            492.4076809453471,
            715.2141802067947,
            563.6632200886263
          ],
          "category": "rider",
          "category ID": 2,
          "trunc": false
        }
      ]
    },
    {
      "frame_id": 36,
      "image_path": "frames/O9uvBFovKj8_002330/images/000036.jpg",
      "accident_id": 5,
      "accident_name": "turning",
      "objects": [
        {
          "obj_track_id": 282,
          "bbox": [
            129.2171344165436,
            467.94682422451996,
            238.7592319054653,
            581.7429837518464
          ],
          "category": "rider",
          "category ID": 2,
          "trunc": false
        },
        {
          "obj_track_id": 376,
          "bbox": [
            584.4017725258493,
            500.9158050221566,
            715.2141802067947,
            570.0443131462334
          ],
          "category": "rider",
          "category ID": 2,
          "trunc": false
        }
      ]
    },
    {
      "frame_id": 37,
      "image_path": "frames/O9uvBFovKj8_002330/images/000037.jpg",
      "accident_id": 5,
      "accident_name": "turning",
      "objects": [
        {
          "obj_track_id": 282,
          "bbox": [
            129.2171344165436,
            464.7562776957164,
            238.7592319054653,
            578.5524372230428
          ],
          "category": "rider",
          "category ID": 2,
          "trunc": false
        },
        {
          "obj_track_id": 376,
          "bbox": [
            584.4017725258493,
            500.9158050221566,
            718.4047267355983,
            575.3618906942393
          ],
          "category": "rider",
          "category ID": 2,
          "trunc": false
        }
      ]
    },
    {
      "frame_id": 38,
      "image_path": "frames/O9uvBFovKj8_002330/images/000038.jpg",
      "accident_id": 5,
      "accident_name": "turning",
      "objects": [
        {
          "obj_track_id": 282,
          "bbox": [
            119.64549483013295,
            464.7562776957164,
            197.2821270310192,
            579.615952732644
          ],
          "category": "rider",
          "category ID": 2,
          "trunc": false
        },
        {
          "obj_track_id": 376,
          "bbox": [
            584.4017725258493,
            500.9158050221566,
            718.4047267355983,
            575.3618906942393
          ],
          "category": "rider",
          "category ID": 2,
          "trunc": false
        }
      ]
    },
    {
      "frame_id": 39,
      "image_path": "frames/O9uvBFovKj8_002330/images/000039.jpg",
      "accident_id": 5,
      "accident_name": "turning",
      "objects": [
        {
          "obj_track_id": 282,
          "bbox": [
            96.24815361890694,
            471.13737075332347,
            197.2821270310192,
            583.8700147710488
          ],
          "category": "rider",
          "category ID": 2,
          "trunc": false
        },
        {
          "obj_track_id": 376,
          "bbox": [
            584.4017725258493,
            500.9158050221566,
            718.4047267355983,
            575.3618906942393
          ],
          "category": "rider",
          "category ID": 2,
          "trunc": false
        }
      ]
    },
    {
      "frame_id": 40,
      "image_path": "frames/O9uvBFovKj8_002330/images/000040.jpg",
      "accident_id": 5,
      "accident_name": "turning",
      "objects": [
        {
          "obj_track_id": 282,
          "bbox": [
            80.29542097488921,
            471.13737075332347,
            184.51994091580502,
            581.7429837518464
          ],
          "category": "rider",
          "category ID": 2,
          "trunc": false
        },
        {
          "obj_track_id": 376,
          "bbox": [
            584.4017725258493,
            500.9158050221566,
            718.4047267355983,
            575.3618906942393
          ],
          "category": "rider",
          "category ID": 2,
          "trunc": false
        }
      ]
    },
    {
      "frame_id": 41,
      "image_path": "frames/O9uvBFovKj8_002330/images/000041.jpg",
      "accident_id": 5,
      "accident_name": "turning",
      "objects": [
        {
          "obj_track_id": 282,
          "bbox": [
            65.40620384047267,
            459.4387001477105,
            177.07533234859676,
            581.7429837518464
          ],
          "category": "rider",
          "category ID": 2,
          "trunc": false
        }
      ]
    },
    {
      "frame_id": 42,
      "image_path": "frames/O9uvBFovKj8_002330/images/000042.jpg",
      "accident_id": 5,
      "accident_name": "turning",
      "objects": [
        {
          "obj_track_id": 282,
          "bbox": [
            62.215657311669126,
            456.24815361890694,
            166.44017725258493,
            571.1078286558346
          ],
          "category": "rider",
          "category ID": 2,
          "trunc": false
        }
      ]
    },
    {
      "frame_id": 43,
      "image_path": "frames/O9uvBFovKj8_002330/images/000043.jpg",
      "accident_id": 5,
      "accident_name": "turning",
      "objects": [
        {
          "obj_track_id": 282,
          "bbox": [
            60.08862629246676,
            441.3589364844904,
            150.48744460856722,
            580.6794682422452
          ],
          "category": "rider",
          "category ID": 2,
          "trunc": false
        }
      ]
    },
    {
      "frame_id": 44,
      "image_path": "frames/O9uvBFovKj8_002330/images/000044.jpg",
      "accident_id": 5,
      "accident_name": "turning",
      "objects": [
        {
          "obj_track_id": 282,
          "bbox": [
            62.215657311669126,
            436.04135893648447,
            147.29689807976368,
            580.6794682422452
          ],
          "category": "rider",
          "category ID": 2,
          "trunc": false
        }
      ]
    },
    {
      "frame_id": 45,
      "image_path": "frames/O9uvBFovKj8_002330/images/000045.jpg",
      "accident_id": 5,
      "accident_name": "turning",
      "objects": [
        {
          "obj_track_id": 282,
          "bbox": [
            62.215657311669126,
            436.04135893648447,
            141.97932053175776,
            580.6794682422452
          ],
          "category": "rider",
          "category ID": 2,
          "trunc": false
        }
      ]
    },
    {
      "frame_id": 46,
      "image_path": "frames/O9uvBFovKj8_002330/images/000046.jpg",
      "accident_id": 5,
      "accident_name": "turning",
      "objects": [
        {
          "obj_track_id": 282,
          "bbox": [
            68.59675036927622,
            436.04135893648447,
            141.97932053175776,
            580.6794682422452
          ],
          "category": "rider",
          "category ID": 2,
          "trunc": false
        }
      ]
    },
    {
      "frame_id": 47,
      "image_path": "frames/O9uvBFovKj8_002330/images/000047.jpg",
      "accident_id": 5,
      "accident_name": "turning",
      "objects": [
        {
          "obj_track_id": 282,
          "bbox": [
            68.59675036927622,
            428.5967503692762,
            151.5509601181684,
            580.6794682422452
          ],
          "category": "rider",
          "category ID": 2,
          "trunc": false
        }
      ]
    },
    {
      "frame_id": 48,
      "image_path": "frames/O9uvBFovKj8_002330/images/000048.jpg",
      "accident_id": 5,
      "accident_name": "turning",
      "objects": [
        {
          "obj_track_id": 282,
          "bbox": [
            69.6602658788774,
            416.89807976366325,
            151.5509601181684,
            580.6794682422452
          ],
          "category": "rider",
          "category ID": 2,
          "trunc": false
        }
      ]
    },
    {
      "frame_id": 49,
      "image_path": "frames/O9uvBFovKj8_002330/images/000049.jpg",
      "accident_id": 5,
      "accident_name": "turning",
      "objects": [
        {
          "obj_track_id": 282,
          "bbox": [
            53.707533234859675,
            408.3899556868538,
            135.59822747415066,
            575.3618906942393
          ],
          "category": "rider",
          "category ID": 2,
          "trunc": false
        }
      ]
    },
    {
      "frame_id": 50,
      "image_path": "frames/O9uvBFovKj8_002330/images/000050.jpg",
      "accident_id": 5,
      "accident_name": "turning",
      "objects": [
        {
          "obj_track_id": 282,
          "bbox": [
            46.262924667651404,
            394.5642540620384,
            122.83604135893648,
            574.2983751846381
          ],
          "category": "rider",
          "category ID": 2,
          "trunc": false
        }
      ]
    },
    {
      "frame_id": 51,
      "image_path": "frames/O9uvBFovKj8_002330/images/000051.jpg",
      "accident_id": 5,
      "accident_name": "turning",
      "objects": [
        {
          "obj_track_id": 282,
          "bbox": [
            47.326440177252586,
            383.9290989660267,
            121.7725258493353,
            572.1713441654358
          ],
          "category": "rider",
          "category ID": 2,
          "trunc": false
        }
      ]
    },
    {
      "frame_id": 52,
      "image_path": "frames/O9uvBFovKj8_002330/images/000052.jpg",
      "accident_id": 5,
      "accident_name": "turning",
      "objects": [
        {
          "obj_track_id": 282,
          "bbox": [
            45.19940915805022,
            378.6115214180207,
            120.70901033973414,
            576.4254062038405
          ],
          "category": "rider",
          "category ID": 2,
          "trunc": false
        }
      ]
    },
    {
      "frame_id": 53,
      "image_path": "frames/O9uvBFovKj8_002330/images/000053.jpg",
      "accident_id": 0,
      "accident_name": "normal",
      "objects": []
    },
    {
      "frame_id": 54,
      "image_path": "frames/O9uvBFovKj8_002330/images/000054.jpg",
      "accident_id": 0,
      "accident_name": "normal",
      "objects": []
    },
    {
      "frame_id": 55,
      "image_path": "frames/O9uvBFovKj8_002330/images/000055.jpg",
      "accident_id": 0,
      "accident_name": "normal",
      "objects": []
    },
    {
      "frame_id": 56,
      "image_path": "frames/O9uvBFovKj8_002330/images/000056.jpg",
      "accident_id": 0,
      "accident_name": "normal",
      "objects": []
    },
    {
      "frame_id": 57,
      "image_path": "frames/O9uvBFovKj8_002330/images/000057.jpg",
      "accident_id": 0,
      "accident_name": "normal",
      "objects": []
    },
    {
      "frame_id": 58,
      "image_path": "frames/O9uvBFovKj8_002330/images/000058.jpg",
      "accident_id": 0,
      "accident_name": "normal",
      "objects": []
    },
    {
      "frame_id": 59,
      "image_path": "frames/O9uvBFovKj8_002330/images/000059.jpg",
      "accident_id": 0,
      "accident_name": "normal",
      "objects": []
    },
    {
      "frame_id": 60,
      "image_path": "frames/O9uvBFovKj8_002330/images/000060.jpg",
      "accident_id": 0,
      "accident_name": "normal",
      "objects": []
    },
    {
      "frame_id": 61,
      "image_path": "frames/O9uvBFovKj8_002330/images/000061.jpg",
      "accident_id": 0,
      "accident_name": "normal",
      "objects": []
    },
    {
      "frame_id": 62,
      "image_path": "frames/O9uvBFovKj8_002330/images/000062.jpg",
      "accident_id": 0,
      "accident_name": "normal",
      "objects": []
    },
    {
      "frame_id": 63,
      "image_path": "frames/O9uvBFovKj8_002330/images/000063.jpg",
      "accident_id": 0,
      "accident_name": "normal",
      "objects": []
    },
    {
      "frame_id": 64,
      "image_path": "frames/O9uvBFovKj8_002330/images/000064.jpg",
      "accident_id": 0,
      "accident_name": "normal",
      "objects": []
    },
    {
      "frame_id": 65,
      "image_path": "frames/O9uvBFovKj8_002330/images/000065.jpg",
      "accident_id": 0,
      "accident_name": "normal",
      "objects": []
    },
    {
      "frame_id": 66,
      "image_path": "frames/O9uvBFovKj8_002330/images/000066.jpg",
      "accident_id": 0,
      "accident_name": "normal",
      "objects": []
    },
    {
      "frame_id": 67,
      "image_path": "frames/O9uvBFovKj8_002330/images/000067.jpg",
      "accident_id": 0,
      "accident_name": "normal",
      "objects": []
    },
    {
      "frame_id": 68,
      "image_path": "frames/O9uvBFovKj8_002330/images/000068.jpg",
      "accident_id": 0,
      "accident_name": "normal",
      "objects": []
    },
    {
      "frame_id": 69,
      "image_path": "frames/O9uvBFovKj8_002330/images/000069.jpg",
      "accident_id": 0,
      "accident_name": "normal",
      "objects": []
    },
    {
      "frame_id": 70,
      "image_path": "frames/O9uvBFovKj8_002330/images/000070.jpg",
      "accident_id": 0,
      "accident_name": "normal",
      "objects": []
    },
    {
      "frame_id": 71,
      "image_path": "frames/O9uvBFovKj8_002330/images/000071.jpg",
      "accident_id": 0,
      "accident_name": "normal",
      "objects": []
    },
    {
      "frame_id": 72,
      "image_path": "frames/O9uvBFovKj8_002330/images/000072.jpg",
      "accident_id": 0,
      "accident_name": "normal",
      "objects": []
    },
    {
      "frame_id": 73,
      "image_path": "frames/O9uvBFovKj8_002330/images/000073.jpg",
      "accident_id": 0,
      "accident_name": "normal",
      "objects": []
    },
    {
      "frame_id": 74,
      "image_path": "frames/O9uvBFovKj8_002330/images/000074.jpg",
      "accident_id": 0,
      "accident_name": "normal",
      "objects": []
    },
    {
      "frame_id": 75,
      "image_path": "frames/O9uvBFovKj8_002330/images/000075.jpg",
      "accident_id": 0,
      "accident_name": "normal",
      "objects": []
    },
    {
      "frame_id": 76,
      "image_path": "frames/O9uvBFovKj8_002330/images/000076.jpg",
      "accident_id": 0,
      "accident_name": "normal",
      "objects": []
    },
    {
      "frame_id": 77,
      "image_path": "frames/O9uvBFovKj8_002330/images/000077.jpg",
      "accident_id": 0,
      "accident_name": "normal",
      "objects": []
    },
    {
      "frame_id": 78,
      "image_path": "frames/O9uvBFovKj8_002330/images/000078.jpg",
      "accident_id": 0,
      "accident_name": "normal",
      "objects": []
    },
    {
      "frame_id": 79,
      "image_path": "frames/O9uvBFovKj8_002330/images/000079.jpg",
      "accident_id": 0,
      "accident_name": "normal",
      "objects": []
    },
    {
      "frame_id": 80,
      "image_path": "frames/O9uvBFovKj8_002330/images/000080.jpg",
      "accident_id": 0,
      "accident_name": "normal",
      "objects": []
    },
    {
      "frame_id": 81,
      "image_path": "frames/O9uvBFovKj8_002330/images/000081.jpg",
      "accident_id": 0,
      "accident_name": "normal",
      "objects": []
    },
    {
      "frame_id": 82,
      "image_path": "frames/O9uvBFovKj8_002330/images/000082.jpg",
      "accident_id": 0,
      "accident_name": "normal",
      "objects": []
    },
    {
      "frame_id": 83,
      "image_path": "frames/O9uvBFovKj8_002330/images/000083.jpg",
      "accident_id": 0,
      "accident_name": "normal",
      "objects": []
    },
    {
      "frame_id": 84,
      "image_path": "frames/O9uvBFovKj8_002330/images/000084.jpg",
      "accident_id": 0,
      "accident_name": "normal",
      "objects": []
    },
    {
      "frame_id": 85,
      "image_path": "frames/O9uvBFovKj8_002330/images/000085.jpg",
      "accident_id": 0,
      "accident_name": "normal",
      "objects": []
    },
    {
      "frame_id": 86,
      "image_path": "frames/O9uvBFovKj8_002330/images/000086.jpg",
      "accident_id": 0,
      "accident_name": "normal",
      "objects": []
    },
    {
      "frame_id": 87,
      "image_path": "frames/O9uvBFovKj8_002330/images/000087.jpg",
      "accident_id": 0,
      "accident_name": "normal",
      "objects": []
    },
    {
      "frame_id": 88,
      "image_path": "frames/O9uvBFovKj8_002330/images/000088.jpg",
      "accident_id": 0,
      "accident_name": "normal",
      "objects": []
    },
    {
      "frame_id": 89,
      "image_path": "frames/O9uvBFovKj8_002330/images/000089.jpg",
      "accident_id": 0,
      "accident_name": "normal",
      "objects": []
    },
    {
      "frame_id": 90,
      "image_path": "frames/O9uvBFovKj8_002330/images/000090.jpg",
      "accident_id": 0,
      "accident_name": "normal",
      "objects": []
    },
    {
      "frame_id": 91,
      "image_path": "frames/O9uvBFovKj8_002330/images/000091.jpg",
      "accident_id": 0,
      "accident_name": "normal",
      "objects": []
    },
    {
      "frame_id": 92,
      "image_path": "frames/O9uvBFovKj8_002330/images/000092.jpg",
      "accident_id": 0,
      "accident_name": "normal",
      "objects": []
    },
    {
      "frame_id": 93,
      "image_path": "frames/O9uvBFovKj8_002330/images/000093.jpg",
      "accident_id": 0,
      "accident_name": "normal",
      "objects": []
    },
    {
      "frame_id": 94,
      "image_path": "frames/O9uvBFovKj8_002330/images/000094.jpg",
      "accident_id": 0,
      "accident_name": "normal",
      "objects": []
    },
    {
      "frame_id": 95,
      "image_path": "frames/O9uvBFovKj8_002330/images/000095.jpg",
      "accident_id": 0,
      "accident_name": "normal",
      "objects": []
    },
    {
      "frame_id": 96,
      "image_path": "frames/O9uvBFovKj8_002330/images/000096.jpg",
      "accident_id": 0,
      "accident_name": "normal",
      "objects": []
    },
    {
      "frame_id": 97,
      "image_path": "frames/O9uvBFovKj8_002330/images/000097.jpg",
      "accident_id": 0,
      "accident_name": "normal",
      "objects": []
    },
    {
      "frame_id": 98,
      "image_path": "frames/O9uvBFovKj8_002330/images/000098.jpg",
      "accident_id": 0,
      "accident_name": "normal",
      "objects": []
    },
    {
      "frame_id": 99,
      "image_path": "frames/O9uvBFovKj8_002330/images/000099.jpg",
      "accident_id": 0,
      "accident_name": "normal",
      "objects": []
    }
  ]
}