{
  "video_name": "OWtbKblBOKI_006128",
  "channel": "AnAn",
  "num_frames": 81,
  "ignore": false,
  "ego_involve": false,
  "night": false,
  "anomaly_start": 35,
  "anomaly_end": 55,
  "video_start": 6128,
  "video_end": 6208,
  "accident_id": "6",
  "accident_name": "pedestrian",
  "labels": [
    {
      "frame_id": 0,
      "image_path": "frames/OWtbKblBOKI_006128/images/000000.jpg",
      "accident_id": 0,
      "accident_name": "normal",
      "objects": []
    },
    {
      "frame_id": 1,
      "image_path": "frames/OWtbKblBOKI_006128/images/000001.jpg",
      "accident_id": 0,
      "accident_name": "normal",
      "objects": []
    },
    {
      "frame_id": 2,
      "image_path": "frames/OWtbKblBOKI_006128/images/000002.jpg",
      "accident_id": 0,
      "accident_name": "normal",
      "objects": []
    },
    {
      "frame_id": 3,
      "image_path": "frames/OWtbKblBOKI_006128/images/000003.jpg",
      "accident_id": 0,
      "accident_name": "normal",
      "objects": []
    },
    {
      "frame_id": 4,
      "image_path": "frames/OWtbKblBOKI_006128/images/000004.jpg",
      "accident_id": 0,
      "accident_name": "normal",
      "objects": []
    },
    {
      "frame_id": 5,
      "image_path": "frames/OWtbKblBOKI_006128/images/000005.jpg",
      "accident_id": 0,
      "accident_name": "normal",
      "objects": []
    },
    {
      "frame_id": 6,
      "image_path": "frames/OWtbKblBOKI_006128/images/000006.jpg",
      "accident_id": 0,
      "accident_name": "normal",
      "objects": []
    },
    {
      "frame_id": 7,
      "image_path": "frames/OWtbKblBOKI_006128/images/000007.jpg",
      "accident_id": 0,
      "accident_name": "normal",
      "objects": []
    },
    {
      "frame_id": 8,
      "image_path": "frames/OWtbKblBOKI_006128/images/000008.jpg",
      "accident_id": 0,
      "accident_name": "normal",
      "objects": []
    },
    {
      "frame_id": 9,
      "image_path": "frames/OWtbKblBOKI_006128/images/000009.jpg",
      "accident_id": 0,
      "accident_name": "normal",
      "objects": []
    },
    {
      "frame_id": 10,
      "image_path": "frames/OWtbKblBOKI_006128/images/000010.jpg",
      "accident_id": 0,
      "accident_name": "normal",
      "objects": []
    },
    {
      "frame_id": 11,
      "image_path": "frames/OWtbKblBOKI_006128/images/000011.jpg",
      "accident_id": 0,
      "accident_name": "normal",
      "objects": []
    },
    {
      "frame_id": 12,
      "image_path": "frames/OWtbKblBOKI_006128/images/000012.jpg",
      "accident_id": 0,
      "accident_name": "normal",
      "objects": []
    },
    {
      "frame_id": 13,
      "image_path": "frames/OWtbKblBOKI_006128/images/000013.jpg",
      "accident_id": 0,
      "accident_name": "normal",
      "objects": []
    },
    {
      "frame_id": 14,
      "image_path": "frames/OWtbKblBOKI_006128/images/000014.jpg",
      "accident_id": 0,
      "accident_name": "normal",
      "objects": []
    },
    {
      "frame_id": 15,
      "image_path": "frames/OWtbKblBOKI_006128/images/000015.jpg",
      "accident_id": 0,
      "accident_name": "normal",
      "objects": []
    },
    {
      "frame_id": 16,
      "image_path": "frames/OWtbKblBOKI_006128/images/000016.jpg",
      "accident_id": 0,
      "accident_name": "normal",
      "objects": []
    },
    {
      "frame_id": 17,
      "image_path": "frames/OWtbKblBOKI_006128/images/000017.jpg",
      "accident_id": 0,
      "accident_name": "normal",
      "objects": []
    },
    {
      "frame_id": 18,
      "image_path": "frames/OWtbKblBOKI_006128/images/000018.jpg",
      "accident_id": 0,
      "accident_name": "normal",
      "objects": []
    },
    {
      "frame_id": 19,
      "image_path": "frames/OWtbKblBOKI_006128/images/000019.jpg",
      "accident_id": 0,
      "accident_name": "normal",
      "objects": []
    },
    {
      "frame_id": 20,
      "image_path": "frames/OWtbKblBOKI_006128/images/000020.jpg",
      "accident_id": 0,
      "accident_name": "normal",
      "objects": []
    },
    {
      "frame_id": 21,
      "image_path": "frames/OWtbKblBOKI_006128/images/000021.jpg",
      "accident_id": 0,
      "accident_name": "normal",
      "objects": []
    },
    {
      "frame_id": 22,
      "image_path": "frames/OWtbKblBOKI_006128/images/000022.jpg",
      "accident_id": 0,
      "accident_name": "normal",
      "objects": []
    },
    {
      "frame_id": 23,
      "image_path": "frames/OWtbKblBOKI_006128/images/000023.jpg",
      "accident_id": 0,
      "accident_name": "normal",
      "objects": []
    },
    {
      "frame_id": 24,
      "image_path": "frames/OWtbKblBOKI_006128/images/000024.jpg",
      "accident_id": 0,
      "accident_name": "normal",
      "objects": []
    },
    {
      "frame_id": 25,
      "image_path": "frames/OWtbKblBOKI_006128/images/000025.jpg",
      "accident_id": 0,
      "accident_name": "normal",
      "objects": []
    },
    {
      "frame_id": 26,
      "image_path": "frames/OWtbKblBOKI_006128/images/000026.jpg",
      "accident_id": 0,
      "accident_name": "normal",
      "objects": []
    },
    {
      "frame_id": 27,
      "image_path": "frames/OWtbKblBOKI_006128/images/000027.jpg",
      "accident_id": 0,
      "accident_name": "normal",
      "objects": []
    },
    {
      "frame_id": 28,
      "image_path": "frames/OWtbKblBOKI_006128/images/000028.jpg",
      "accident_id": 0,
      "accident_name": "normal",
      "objects": []
    },
    {
      "frame_id": 29,
      "image_path": "frames/OWtbKblBOKI_006128/images/000029.jpg",
      "accident_id": 0,
      "accident_name": "normal",
      "objects": []
    },
    {
      "frame_id": 30,
      "image_path": "frames/OWtbKblBOKI_006128/images/000030.jpg",
      "accident_id": 0,
      "accident_name": "normal",
      "objects": []
    },
    {
      "frame_id": 31,
      "image_path": "frames/OWtbKblBOKI_006128/images/000031.jpg",
      "accident_id": 0,
      "accident_name": "normal",
      "objects": []
    },
    {
      "frame_id": 32,
      "image_path": "frames/OWtbKblBOKI_006128/images/000032.jpg",
      "accident_id": 0,
      "accident_name": "normal",
      "objects": []
    },
    {
      "frame_id": 33,
      "image_path": "frames/OWtbKblBOKI_006128/images/000033.jpg",
      "accident_id": 0,
      "accident_name": "normal",
      "objects": []
    },
    {
      "frame_id": 34,
      "image_path": "frames/OWtbKblBOKI_006128/images/000034.jpg",
      "accident_id": 0,
      "accident_name": "normal",
      "objects": []
    },
    {
      "frame_id": 35,
      "image_path": "frames/OWtbKblBOKI_006128/images/000035.jpg",
      "accident_id": 6,
      "accident_name": "pedestrian",
      "objects": [
        {
          "obj_track_id": 0,
          "bbox": [
            0,
            228.57142857142856,
            342.3376623376623,
            582.8571428571429
          ],
          "category": "car",
          "category ID": 3,
          "trunc": true
        },
        {
          "obj_track_id": 47,
          "bbox": [
            489.87012987012986,
            385.45454545454544,
            507.53246753246754,
            456.1038961038961
          ],
          "category": "person",
          "category ID": 1,
          "trunc": false
        }
      ]
    },
    {
      "frame_id": 36,
      "image_path": "frames/OWtbKblBOKI_006128/images/000036.jpg",
      "accident_id": 6,
      "accident_name": "pedestrian",
      "objects": [
        {
          "obj_track_id": 0,
          "bbox": [
            0,
            247.7922077922078,
            355.32467532467535,
            565.1948051948052
          ],
          "category": "car",
          "category ID": 3,
          "trunc": false
        },
        {
          "obj_track_id": 47,
          "bbox": [
            477.4025974025974,
            385.97402597402595,
            501.8181818181818,
            460.77922077922074
          ],
          "category": "person",
          "category ID": 1,
          "trunc": false
        }
      ]
    },
    {
      "frame_id": 37,
      "image_path": "frames/OWtbKblBOKI_006128/images/000037.jpg",
      "accident_id": 6,
      "accident_name": "pedestrian",
      "objects": [
        {
          "obj_track_id": 0,
          "bbox": [
            44.15584415584416,
            267.012987012987,
            368.31168831168833,
            548.5714285714286
          ],
          "category": "car",
          "category ID": 3,
          "trunc": false
        },
        {
          "obj_track_id": 47,
          "bbox": [
            464.93506493506493,
            386.49350649350646,
            496.1038961038961,
            465.45454545454544
          ],
          "category": "person",
          "category ID": 1,
          "trunc": false
        }
      ]
    },
    {
      "frame_id": 38,
      "image_path": "frames/OWtbKblBOKI_006128/images/000038.jpg",
      "accident_id": 6,
      "accident_name": "pedestrian",
      "objects": [
        {
          "obj_track_id": 0,
          "bbox": [
            82.59740259740259,
            274.2857142857143,
            376.6233766233766,
            535.0649350649351
          ],
          "category": "car",
          "category ID": 3,
          "trunc": false
        },
        {
          "obj_track_id": 47,
          "bbox": [
            457.6623376623377,
            382.3376623376623,
            491.94805194805195,
            469.6103896103896
          ],
          "category": "person",
          "category ID": 1,
          "trunc": false
        }
      ]
    },
    {
      "frame_id": 39,
      "image_path": "frames/OWtbKblBOKI_006128/images/000039.jpg",
      "accident_id": 6,
      "accident_name": "pedestrian",
      "objects": [
        {
          "obj_track_id": 0,
          "bbox": [
            116.88311688311688,
            287.79220779220776,
            387.012987012987,
            522.5974025974026
          ],
          "category": "car",
          "category ID": 3,
          "trunc": false
        },
        {
          "obj_track_id": 47,
          "bbox": [
            453.5064935064935,
            378.1818181818182,
            485.7142857142857,
            474.8051948051948
          ],
          "category": "person",
          "category ID": 1,
          "trunc": false
        }
      ]
    },
    {
      "frame_id": 40,
      "image_path": "frames/OWtbKblBOKI_006128/images/000040.jpg",
      "accident_id": 6,
      "accident_name": "pedestrian",
      "objects": [
        {
          "obj_track_id": 0,
          "bbox": [
            143.89610389610388,
            291.94805194805195,
            394.2857142857143,
            514.2857142857142
          ],
          "category": "car",
          "category ID": 3,
          "trunc": false
        },
        {
          "obj_track_id": 47,
          "bbox": [
            444.15584415584414,
            375.06493506493507,
            470.12987012987014,
            467.53246753246754
          ],
          "category": "person",
          "category ID": 1,
          "trunc": false
        }
      ]
    },
    {
      "frame_id": 41,
      "image_path": "frames/OWtbKblBOKI_006128/images/000041.jpg",
      "accident_id": 6,
      "accident_name": "pedestrian",
      "objects": [
        {
          "obj_track_id": 0,
          "bbox": [
            168.83116883116884,
            300.2597402597402,
            400.51948051948057,
            504.93506493506493
          ],
          "category": "car",
          "category ID": 3,
          "trunc": false
        },
        {
          "obj_track_id": 47,
          "bbox": [
            427.53246753246754,
            375.06493506493507,
            465.97402597402595,
            471.68831168831167
          ],
          "category": "person",
          "category ID": 1,
          "trunc": false
        }
      ]
    },
    {
      "frame_id": 42,
      "image_path": "frames/OWtbKblBOKI_006128/images/000042.jpg",
      "accident_id": 6,
      "accident_name": "pedestrian",
      "objects": [
        {
          "obj_track_id": 0,
          "bbox": [
            189.6103896103896,
            306.49350649350646,
            408.83116883116884,
            498.7012987012987
          ],
          "category": "car",
          "category ID": 3,
          "trunc": false
        },
        {
          "obj_track_id": 47,
          "bbox": [
            412.987012987013,
            377.1428571428571,
            464.93506493506493,
            470.64935064935065
          ],
          "category": "person",
          "category ID": 1,
          "trunc": false
        }
      ]
    },
    {
      "frame_id": 43,
      "image_path": "frames/OWtbKblBOKI_006128/images/000043.jpg",
      "accident_id": 6,
      "accident_name": "pedestrian",
      "objects": [
        {
          "obj_track_id": 0,
          "bbox": [
            209.35064935064935,
            311.68831168831167,
            409.87012987012986,
            494.54545454545456
          ],
          "category": "car",
          "category ID": 3,
          "trunc": false
        },
        {
          "obj_track_id": 47,
          "bbox": [
            411.94805194805195,
            379.2207792207792,
            456.6233766233766,
            472.7272727272727
          ],
          "category": "person",
          "category ID": 1,
          "trunc": false
        }
      ]
    },
    {
      "frame_id": 44,
      "image_path": "frames/OWtbKblBOKI_006128/images/000044.jpg",
      "accident_id": 6,
      "accident_name": "pedestrian",
      "objects": [
        {
          "obj_track_id": 0,
          "bbox": [
            224.93506493506493,
            315.84415584415586,
            416.1038961038961,
            488.31168831168833
          ],
          "category": "car",
          "category ID": 3,
          "trunc": false
        },
        {
          "obj_track_id": 47,
          "bbox": [
            409.87012987012986,
            375.06493506493507,
            440.0,
            470.64935064935065
          ],
          "category": "person",
          "category ID": 1,
          "trunc": false
        }
      ]
    },
    {
      "frame_id": 45,
      "image_path": "frames/OWtbKblBOKI_006128/images/000045.jpg",
      "accident_id": 6,
      "accident_name": "pedestrian",
      "objects": [
        {
          "obj_track_id": 0,
          "bbox": [
            239.48051948051946,
            320,
            415.06493506493507,
            482.07792207792204
          ],
          "category": "car",
          "category ID": 3,
          "trunc": false
        },
        {
          "obj_track_id": 47,
          "bbox": [
            403.6363636363636,
            375.06493506493507,
            436.8831168831169,
            473.76623376623377
          ],
          "category": "person",
          "category ID": 1,
          "trunc": false
        }
      ]
    },
    {
      "frame_id": 46,
      "image_path": "frames/OWtbKblBOKI_006128/images/000046.jpg",
      "accident_id": 6,
      "accident_name": "pedestrian",
      "objects": [
        {
          "obj_track_id": 0,
          "bbox": [
            255.06493506493507,
            324.15584415584414,
            423.37662337662334,
            480.0
          ],
          "category": "car",
          "category ID": 3,
          "trunc": false
        },
        {
          "obj_track_id": 47,
          "bbox": [
            404.67532467532465,
            376.1038961038961,
            441.038961038961,
            472.7272727272727
          ],
          "category": "person",
          "category ID": 1,
          "trunc": false
        }
      ]
    },
    {
      "frame_id": 47,
      "image_path": "frames/OWtbKblBOKI_006128/images/000047.jpg",
      "accident_id": 6,
      "accident_name": "pedestrian",
      "objects": [
        {
          "obj_track_id": 0,
          "bbox": [
            269.61038961038963,
            328.31168831168833,
            427.53246753246754,
            475.8441558441558
          ],
          "category": "car",
          "category ID": 3,
          "trunc": false
        },
        {
          "obj_track_id": 47,
          "bbox": [
            414.025974025974,
            374.025974025974,
            441.038961038961,
            472.7272727272727
          ],
          "category": "person",
          "category ID": 1,
          "trunc": false
        }
      ]
    },
    {
      "frame_id": 48,
      "image_path": "frames/OWtbKblBOKI_006128/images/000048.jpg",
      "accident_id": 6,
      "accident_name": "pedestrian",
      "objects": [
        {
          "obj_track_id": 0,
          "bbox": [
            275.84415584415586,
            331.42857142857144,
            438.9610389610389,
            474.8051948051948
          ],
          "category": "car",
          "category ID": 3,
          "trunc": false
        },
        {
          "obj_track_id": 47,
          "bbox": [
            402.5974025974026,
            405.1948051948052,
            458.7012987012987,
            472.7272727272727
          ],
          "category": "person",
          "category ID": 1,
          "trunc": false
        }
      ]
    },
    {
      "frame_id": 49,
      "image_path": "frames/OWtbKblBOKI_006128/images/000049.jpg",
      "accident_id": 6,
      "accident_name": "pedestrian",
      "objects": [
        {
          "obj_track_id": 0,
          "bbox": [
            293.5064935064935,
            336.6233766233766,
            447.27272727272725,
            470.64935064935065
          ],
          "category": "car",
          "category ID": 3,
          "trunc": false
        },
        {
          "obj_track_id": 47,
          "bbox": [
            410.9090909090909,
            435.3246753246753,
            476.3636363636364,
            475.8441558441558
          ],
          "category": "person",
          "category ID": 1,
          "trunc": false
        }
      ]
    },
    {
      "frame_id": 50,
      "image_path": "frames/OWtbKblBOKI_006128/images/000050.jpg",
      "accident_id": 6,
      "accident_name": "pedestrian",
      "objects": [
        {
          "obj_track_id": 0,
          "bbox": [
            303.8961038961039,
            336.6233766233766,
            454.54545454545456,
            466.49350649350646
          ],
          "category": "car",
          "category ID": 3,
          "trunc": false
        },
        {
          "obj_track_id": 47,
          "bbox": [
            410.9090909090909,
            441.55844155844153,
            484.67532467532465,
            478.9610389610389
          ],
          "category": "person",
          "category ID": 1,
          "trunc": false
        }
      ]
    },
    {
      "frame_id": 51,
      "image_path": "frames/OWtbKblBOKI_006128/images/000051.jpg",
      "accident_id": 6,
      "accident_name": "pedestrian",
      "objects": [
        {
          "obj_track_id": 0,
          "bbox": [
            311.16883116883116,
            338.7012987012987,
            457.6623376623377,
            466.49350649350646
          ],
          "category": "car",
          "category ID": 3,
          "trunc": false
        },
        {
          "obj_track_id": 47,
          "bbox": [
            427.53246753246754,
            443.6363636363636,
            487.79220779220776,
            478.9610389610389
          ],
          "category": "person",
          "category ID": 1,
          "trunc": false
        }
      ]
    },
    {
      "frame_id": 52,
      "image_path": "frames/OWtbKblBOKI_006128/images/000052.jpg",
      "accident_id": 6,
      "accident_name": "pedestrian",
      "objects": [
        {
          "obj_track_id": 0,
          "bbox": [
            321.55844155844153,
            340.7792207792208,
            469.09090909090907,
            462.3376623376623
          ],
          "category": "car",
          "category ID": 3,
          "trunc": false
        },
        {
          "obj_track_id": 47,
          "bbox": [
            444.15584415584414,
            435.3246753246753,
            487.79220779220776,
            482.07792207792204
          ],
          "category": "person",
          "category ID": 1,
          "trunc": false
        }
      ]
    },
    {
      "frame_id": 53,
      "image_path": "frames/OWtbKblBOKI_006128/images/000053.jpg",
      "accident_id": 6,
      "accident_name": "pedestrian",
      "objects": [
        {
          "obj_track_id": 0,
          "bbox": [
            332.987012987013,
            338.7012987012987,
            470.12987012987014,
            461.2987012987013
          ],
          "category": "car",
          "category ID": 3,
          "trunc": false
        },
        {
          "obj_track_id": 47,
          "bbox": [
            447.27272727272725,
            436.3636363636364,
            481.55844155844153,
            476.8831168831169
          ],
          "category": "person",
          "category ID": 1,
          "trunc": false
        }
      ]
    },
    {
      "frame_id": 54,
      "image_path": "frames/OWtbKblBOKI_006128/images/000054.jpg",
      "accident_id": 6,
      "accident_name": "pedestrian",
      "objects": [
        {
          "obj_track_id": 0,
          "bbox": [
            343.37662337662334,
            336.6233766233766,
            475.3246753246753,
            461.2987012987013
          ],
          "category": "car",
          "category ID": 3,
          "trunc": false
        },
        {
          "obj_track_id": 47,
          "bbox": [
            447.27272727272725,
            436.3636363636364,
            481.55844155844153,
            476.8831168831169
          ],
          "category": "person",
          "category ID": 1,
          "trunc": false
        }
      ]
    },
    {
      "frame_id": 55,
      "image_path": "frames/OWtbKblBOKI_006128/images/000055.jpg",
      "accident_id": 0,
      "accident_name": "normal",
      "objects": []
    },
    {
      "frame_id": 56,
      "image_path": "frames/OWtbKblBOKI_006128/images/000056.jpg",
      "accident_id": 0,
      "accident_name": "normal",
      "objects": []
    },
    {
      "frame_id": 57,
      "image_path": "frames/OWtbKblBOKI_006128/images/000057.jpg",
      "accident_id": 0,
      "accident_name": "normal",
      "objects": []
    },
    {
      "frame_id": 58,
      "image_path": "frames/OWtbKblBOKI_006128/images/000058.jpg",
      "accident_id": 0,
      "accident_name": "normal",
      "objects": []
    },
    {
      "frame_id": 59,
      "image_path": "frames/OWtbKblBOKI_006128/images/000059.jpg",
      "accident_id": 0,
      "accident_name": "normal",
      "objects": []
    },
    {
      "frame_id": 60,
      "image_path": "frames/OWtbKblBOKI_006128/images/000060.jpg",
      "accident_id": 0,
      "accident_name": "normal",
      "objects": []
    },
    {
      "frame_id": 61,
      "image_path": "frames/OWtbKblBOKI_006128/images/000061.jpg",
      "accident_id": 0,
      "accident_name": "normal",
      "objects": []
    },
    {
      "frame_id": 62,
      "image_path": "frames/OWtbKblBOKI_006128/images/000062.jpg",
      "accident_id": 0,
      "accident_name": "normal",
      "objects": []
    },
    {
      "frame_id": 63,
      "image_path": "frames/OWtbKblBOKI_006128/images/000063.jpg",
      "accident_id": 0,
      "accident_name": "normal",
      "objects": []
    },
    {
      "frame_id": 64,
      "image_path": "frames/OWtbKblBOKI_006128/images/000064.jpg",
      "accident_id": 0,
      "accident_name": "normal",
      "objects": []
    },
    {
      "frame_id": 65,
      "image_path": "frames/OWtbKblBOKI_006128/images/000065.jpg",
      "accident_id": 0,
      "accident_name": "normal",
      "objects": []
    },
    {
      "frame_id": 66,
      "image_path": "frames/OWtbKblBOKI_006128/images/000066.jpg",
      "accident_id": 0,
      "accident_name": "normal",
      "objects": []
    },
    {
      "frame_id": 67,
      "image_path": "frames/OWtbKblBOKI_006128/images/000067.jpg",
      "accident_id": 0,
      "accident_name": "normal",
      "objects": []
    },
    {
      "frame_id": 68,
      "image_path": "frames/OWtbKblBOKI_006128/images/000068.jpg",
      "accident_id": 0,
      "accident_name": "normal",
      "objects": []
    },
    {
      "frame_id": 69,
      "image_path": "frames/OWtbKblBOKI_006128/images/000069.jpg",
      "accident_id": 0,
      "accident_name": "normal",
      "objects": []
    },
    {
      "frame_id": 70,
      "image_path": "frames/OWtbKblBOKI_006128/images/000070.jpg",
      "accident_id": 0,
      "accident_name": "normal",
      "objects": []
    },
    {
      "frame_id": 71,
      "image_path": "frames/OWtbKblBOKI_006128/images/000071.jpg",
      "accident_id": 0,
      "accident_name": "normal",
      "objects": []
    },
    {
      "frame_id": 72,
      "image_path": "frames/OWtbKblBOKI_006128/images/000072.jpg",
      "accident_id": 0,
      "accident_name": "normal",
      "objects": []
    },
    {
      "frame_id": 73,
      "image_path": "frames/OWtbKblBOKI_006128/images/000073.jpg",
      "accident_id": 0,
      "accident_name": "normal",
      "objects": []
    },
    {
      "frame_id": 74,
      "image_path": "frames/OWtbKblBOKI_006128/images/000074.jpg",
      "accident_id": 0,
      "accident_name": "normal",
      "objects": []
    },
    {
      "frame_id": 75,
      "image_path": "frames/OWtbKblBOKI_006128/images/000075.jpg",
      "accident_id": 0,
      "accident_name": "normal",
      "objects": []
    },
    {
      "frame_id": 76,
      "image_path": "frames/OWtbKblBOKI_006128/images/000076.jpg",
      "accident_id": 0,
      "accident_name": "normal",
      "objects": []
    },
    {
      "frame_id": 77,
      "image_path": "frames/OWtbKblBOKI_006128/images/000077.jpg",
      "accident_id": 0,
      "accident_name": "normal",
      "objects": []
    },
    {
      "frame_id": 78,
      "image_path": "frames/OWtbKblBOKI_006128/images/000078.jpg",
      "accident_id": 0,
      "accident_name": "normal",
      "objects": []
    },
    {
      "frame_id": 79,
      "image_path": "frames/OWtbKblBOKI_006128/images/000079.jpg",
      "accident_id": 0,
      "accident_name": "normal",
      "objects": []
    },
    {
      "frame_id": 80,
      "image_path": "frames/OWtbKblBOKI_006128/images/000080.jpg",
      "accident_id": 0,
      "accident_name": "normal",
      "objects": []
    }
  ]
}