{
  "video_name": "oZaUkhs_H-s_001257",
  "channel": "CarCrashesTime",
  "num_frames": 169,
  "ignore": false,
  "ego_involve": false,
  "night": false,
  "anomaly_start": 78,
  "anomaly_end": 147,
  "video_start": 1257,
  "video_end": 1425,
  "accident_id": "9",
  "accident_name": "leave_to_left",
  "labels": [
    {
      "frame_id": 0,
      "image_path": "frames/oZaUkhs_H-s_001257/images/000000.jpg",
      "accident_id": 0,
      "accident_name": "normal",
      "objects": []
    },
    {
      "frame_id": 1,
      "image_path": "frames/oZaUkhs_H-s_001257/images/000001.jpg",
      "accident_id": 0,
      "accident_name": "normal",
      "objects": []
    },
    {
      "frame_id": 2,
      "image_path": "frames/oZaUkhs_H-s_001257/images/000002.jpg",
      "accident_id": 0,
      "accident_name": "normal",
      "objects": []
    },
    {
      "frame_id": 3,
      "image_path": "frames/oZaUkhs_H-s_001257/images/000003.jpg",
      "accident_id": 0,
      "accident_name": "normal",
      "objects": []
    },
    {
      "frame_id": 4,
      "image_path": "frames/oZaUkhs_H-s_001257/images/000004.jpg",
      "accident_id": 0,
      "accident_name": "normal",
      "objects": []
    },
    {
      "frame_id": 5,
      "image_path": "frames/oZaUkhs_H-s_001257/images/000005.jpg",
      "accident_id": 0,
      "accident_name": "normal",
      "objects": []
    },
    {
      "frame_id": 6,
      "image_path": "frames/oZaUkhs_H-s_001257/images/000006.jpg",
      "accident_id": 0,
      "accident_name": "normal",
      "objects": []
    },
    {
      "frame_id": 7,
      "image_path": "frames/oZaUkhs_H-s_001257/images/000007.jpg",
      "accident_id": 0,
      "accident_name": "normal",
      "objects": []
    },
    {
      "frame_id": 8,
      "image_path": "frames/oZaUkhs_H-s_001257/images/000008.jpg",
      "accident_id": 0,
      "accident_name": "normal",
      "objects": []
    },
    {
      "frame_id": 9,
      "image_path": "frames/oZaUkhs_H-s_001257/images/000009.jpg",
      "accident_id": 0,
      "accident_name": "normal",
      "objects": []
    },
    {
      "frame_id": 10,
      "image_path": "frames/oZaUkhs_H-s_001257/images/000010.jpg",
      "accident_id": 0,
      "accident_name": "normal",
      "objects": []
    },
    {
      "frame_id": 11,
      "image_path": "frames/oZaUkhs_H-s_001257/images/000011.jpg",
      "accident_id": 0,
      "accident_name": "normal",
      "objects": []
    },
    {
      "frame_id": 12,
      "image_path": "frames/oZaUkhs_H-s_001257/images/000012.jpg",
      "accident_id": 0,
      "accident_name": "normal",
      "objects": []
    },
    {
      "frame_id": 13,
      "image_path": "frames/oZaUkhs_H-s_001257/images/000013.jpg",
      "accident_id": 0,
      "accident_name": "normal",
      "objects": []
    },
    {
      "frame_id": 14,
      "image_path": "frames/oZaUkhs_H-s_001257/images/000014.jpg",
      "accident_id": 0,
      "accident_name": "normal",
      "objects": []
    },
    {
      "frame_id": 15,
      "image_path": "frames/oZaUkhs_H-s_001257/images/000015.jpg",
      "accident_id": 0,
      "accident_name": "normal",
      "objects": []
    },
    {
      "frame_id": 16,
      "image_path": "frames/oZaUkhs_H-s_001257/images/000016.jpg",
      "accident_id": 0,
      "accident_name": "normal",
      "objects": []
    },
    {
      "frame_id": 17,
      "image_path": "frames/oZaUkhs_H-s_001257/images/000017.jpg",
      "accident_id": 0,
      "accident_name": "normal",
      "objects": []
    },
    {
      "frame_id": 18,
      "image_path": "frames/oZaUkhs_H-s_001257/images/000018.jpg",
      "accident_id": 0,
      "accident_name": "normal",
      "objects": []
    },
    {
      "frame_id": 19,
      "image_path": "frames/oZaUkhs_H-s_001257/images/000019.jpg",
      "accident_id": 0,
      "accident_name": "normal",
      "objects": []
    },
    {
      "frame_id": 20,
      "image_path": "frames/oZaUkhs_H-s_001257/images/000020.jpg",
      "accident_id": 0,
      "accident_name": "normal",
      "objects": []
    },
    {
      "frame_id": 21,
      "image_path": "frames/oZaUkhs_H-s_001257/images/000021.jpg",
      "accident_id": 0,
      "accident_name": "normal",
      "objects": []
    },
    {
      "frame_id": 22,
      "image_path": "frames/oZaUkhs_H-s_001257/images/000022.jpg",
      "accident_id": 0,
      "accident_name": "normal",
      "objects": []
    },
    {
      "frame_id": 23,
      "image_path": "frames/oZaUkhs_H-s_001257/images/000023.jpg",
      "accident_id": 0,
      "accident_name": "normal",
      "objects": []
    },
    {
      "frame_id": 24,
      "image_path": "frames/oZaUkhs_H-s_001257/images/000024.jpg",
      "accident_id": 0,
      "accident_name": "normal",
      "objects": []
    },
    {
      "frame_id": 25,
      "image_path": "frames/oZaUkhs_H-s_001257/images/000025.jpg",
      "accident_id": 0,
      "accident_name": "normal",
      "objects": []
    },
    {
      "frame_id": 26,
      "image_path": "frames/oZaUkhs_H-s_001257/images/000026.jpg",
      "accident_id": 0,
      "accident_name": "normal",
      "objects": []
    },
    {
      "frame_id": 27,
      "image_path": "frames/oZaUkhs_H-s_001257/images/000027.jpg",
      "accident_id": 0,
      "accident_name": "normal",
      "objects": []
    },
    {
      "frame_id": 28,
      "image_path": "frames/oZaUkhs_H-s_001257/images/000028.jpg",
      "accident_id": 0,
      "accident_name": "normal",
      "objects": []
    },
    {
      "frame_id": 29,
      "image_path": "frames/oZaUkhs_H-s_001257/images/000029.jpg",
      "accident_id": 0,
      "accident_name": "normal",
      "objects": []
    },
    {
      "frame_id": 30,
      "image_path": "frames/oZaUkhs_H-s_001257/images/000030.jpg",
      "accident_id": 0,
      "accident_name": "normal",
      "objects": []
    },
    {
      "frame_id": 31,
      "image_path": "frames/oZaUkhs_H-s_001257/images/000031.jpg",
      "accident_id": 0,
      "accident_name": "normal",
      "objects": []
    },
    {
      "frame_id": 32,
      "image_path": "frames/oZaUkhs_H-s_001257/images/000032.jpg",
      "accident_id": 0,
      "accident_name": "normal",
      "objects": []
    },
    {
      "frame_id": 33,
      "image_path": "frames/oZaUkhs_H-s_001257/images/000033.jpg",
      "accident_id": 0,
      "accident_name": "normal",
      "objects": []
    },
    {
      "frame_id": 34,
      "image_path": "frames/oZaUkhs_H-s_001257/images/000034.jpg",
      "accident_id": 0,
      "accident_name": "normal",
      "objects": []
    },
    {
      "frame_id": 35,
      "image_path": "frames/oZaUkhs_H-s_001257/images/000035.jpg",
      "accident_id": 0,
      "accident_name": "normal",
      "objects": []
    },
    {
      "frame_id": 36,
      "image_path": "frames/oZaUkhs_H-s_001257/images/000036.jpg",
      "accident_id": 0,
      "accident_name": "normal",
      "objects": []
    },
    {
      "frame_id": 37,
      "image_path": "frames/oZaUkhs_H-s_001257/images/000037.jpg",
      "accident_id": 0,
      "accident_name": "normal",
      "objects": []
    },
    {
      "frame_id": 38,
      "image_path": "frames/oZaUkhs_H-s_001257/images/000038.jpg",
      "accident_id": 0,
      "accident_name": "normal",
      "objects": []
    },
    {
      "frame_id": 39,
      "image_path": "frames/oZaUkhs_H-s_001257/images/000039.jpg",
      "accident_id": 0,
      "accident_name": "normal",
      "objects": []
    },
    {
      "frame_id": 40,
      "image_path": "frames/oZaUkhs_H-s_001257/images/000040.jpg",
      "accident_id": 0,
      "accident_name": "normal",
      "objects": []
    },
    {
      "frame_id": 41,
      "image_path": "frames/oZaUkhs_H-s_001257/images/000041.jpg",
      "accident_id": 0,
      "accident_name": "normal",
      "objects": []
    },
    {
      "frame_id": 42,
      "image_path": "frames/oZaUkhs_H-s_001257/images/000042.jpg",
      "accident_id": 0,
      "accident_name": "normal",
      "objects": []
    },
    {
      "frame_id": 43,
      "image_path": "frames/oZaUkhs_H-s_001257/images/000043.jpg",
      "accident_id": 0,
      "accident_name": "normal",
      "objects": []
    },
    {
      "frame_id": 44,
      "image_path": "frames/oZaUkhs_H-s_001257/images/000044.jpg",
      "accident_id": 0,
      "accident_name": "normal",
      "objects": []
    },
    {
      "frame_id": 45,
      "image_path": "frames/oZaUkhs_H-s_001257/images/000045.jpg",
      "accident_id": 0,
      "accident_name": "normal",
      "objects": []
    },
    {
      "frame_id": 46,
      "image_path": "frames/oZaUkhs_H-s_001257/images/000046.jpg",
      "accident_id": 0,
      "accident_name": "normal",
      "objects": []
    },
    {
      "frame_id": 47,
      "image_path": "frames/oZaUkhs_H-s_001257/images/000047.jpg",
      "accident_id": 0,
      "accident_name": "normal",
      "objects": []
    },
    {
      "frame_id": 48,
      "image_path": "frames/oZaUkhs_H-s_001257/images/000048.jpg",
      "accident_id": 0,
      "accident_name": "normal",
      "objects": []
    },
    {
      "frame_id": 49,
      "image_path": "frames/oZaUkhs_H-s_001257/images/000049.jpg",
      "accident_id": 0,
      "accident_name": "normal",
      "objects": []
    },
    {
      "frame_id": 50,
      "image_path": "frames/oZaUkhs_H-s_001257/images/000050.jpg",
      "accident_id": 0,
      "accident_name": "normal",
      "objects": []
    },
    {
      "frame_id": 51,
      "image_path": "frames/oZaUkhs_H-s_001257/images/000051.jpg",
      "accident_id": 0,
      "accident_name": "normal",
      "objects": []
    },
    {
      "frame_id": 52,
      "image_path": "frames/oZaUkhs_H-s_001257/images/000052.jpg",
      "accident_id": 0,
      "accident_name": "normal",
      "objects": []
    },
    {
      "frame_id": 53,
      "image_path": "frames/oZaUkhs_H-s_001257/images/000053.jpg",
      "accident_id": 0,
      "accident_name": "normal",
      "objects": []
    },
    {
      "frame_id": 54,
      "image_path": "frames/oZaUkhs_H-s_001257/images/000054.jpg",
      "accident_id": 0,
      "accident_name": "normal",
      "objects": []
    },
    {
      "frame_id": 55,
      "image_path": "frames/oZaUkhs_H-s_001257/images/000055.jpg",
      "accident_id": 0,
      "accident_name": "normal",
      "objects": []
    },
    {
      "frame_id": 56,
      "image_path": "frames/oZaUkhs_H-s_001257/images/000056.jpg",
      "accident_id": 0,
      "accident_name": "normal",
      "objects": []
    },
    {
      "frame_id": 57,
      "image_path": "frames/oZaUkhs_H-s_001257/images/000057.jpg",
      "accident_id": 0,
      "accident_name": "normal",
      "objects": []
    },
    {
      "frame_id": 58,
      "image_path": "frames/oZaUkhs_H-s_001257/images/000058.jpg",
      "accident_id": 0,
      "accident_name": "normal",
      "objects": []
    },
    {
      "frame_id": 59,
      "image_path": "frames/oZaUkhs_H-s_001257/images/000059.jpg",
      "accident_id": 0,
      "accident_name": "normal",
      "objects": []
    },
    {
      "frame_id": 60,
      "image_path": "frames/oZaUkhs_H-s_001257/images/000060.jpg",
      "accident_id": 0,
      "accident_name": "normal",
      "objects": []
    },
    {
      "frame_id": 61,
      "image_path": "frames/oZaUkhs_H-s_001257/images/000061.jpg",
      "accident_id": 0,
      "accident_name": "normal",
      "objects": []
    },
    {
      "frame_id": 62,
      "image_path": "frames/oZaUkhs_H-s_001257/images/000062.jpg",
      "accident_id": 0,
      "accident_name": "normal",
      "objects": []
    },
    {
      "frame_id": 63,
      "image_path": "frames/oZaUkhs_H-s_001257/images/000063.jpg",
      "accident_id": 0,
      "accident_name": "normal",
      "objects": []
    },
    {
      "frame_id": 64,
      "image_path": "frames/oZaUkhs_H-s_001257/images/000064.jpg",
      "accident_id": 0,
      "accident_name": "normal",
      "objects": []
    },
    {
      "frame_id": 65,
      "image_path": "frames/oZaUkhs_H-s_001257/images/000065.jpg",
      "accident_id": 0,
      "accident_name": "normal",
      "objects": []
    },
    {
      "frame_id": 66,
      "image_path": "frames/oZaUkhs_H-s_001257/images/000066.jpg",
      "accident_id": 0,
      "accident_name": "normal",
      "objects": []
    },
    {
      "frame_id": 67,
      "image_path": "frames/oZaUkhs_H-s_001257/images/000067.jpg",
      "accident_id": 0,
      "accident_name": "normal",
      "objects": []
    },
    {
      "frame_id": 68,
      "image_path": "frames/oZaUkhs_H-s_001257/images/000068.jpg",
      "accident_id": 0,
      "accident_name": "normal",
      "objects": []
    },
    {
      "frame_id": 69,
      "image_path": "frames/oZaUkhs_H-s_001257/images/000069.jpg",
      "accident_id": 0,
      "accident_name": "normal",
      "objects": []
    },
    {
      "frame_id": 70,
      "image_path": "frames/oZaUkhs_H-s_001257/images/000070.jpg",
      "accident_id": 0,
      "accident_name": "normal",
      "objects": []
    },
    {
      "frame_id": 71,
      "image_path": "frames/oZaUkhs_H-s_001257/images/000071.jpg",
      "accident_id": 0,
      "accident_name": "normal",
      "objects": []
    },
    {
      "frame_id": 72,
      "image_path": "frames/oZaUkhs_H-s_001257/images/000072.jpg",
      "accident_id": 0,
      "accident_name": "normal",
      "objects": []
    },
    {
      "frame_id": 73,
      "image_path": "frames/oZaUkhs_H-s_001257/images/000073.jpg",
      "accident_id": 0,
      "accident_name": "normal",
      "objects": []
    },
    {
      "frame_id": 74,
      "image_path": "frames/oZaUkhs_H-s_001257/images/000074.jpg",
      "accident_id": 0,
      "accident_name": "normal",
      "objects": []
    },
    {
      "frame_id": 75,
      "image_path": "frames/oZaUkhs_H-s_001257/images/000075.jpg",
      "accident_id": 0,
      "accident_name": "normal",
      "objects": []
    },
    {
      "frame_id": 76,
      "image_path": "frames/oZaUkhs_H-s_001257/images/000076.jpg",
      "accident_id": 0,
      "accident_name": "normal",
      "objects": []
    },
    {
      "frame_id": 77,
      "image_path": "frames/oZaUkhs_H-s_001257/images/000077.jpg",
      "accident_id": 0,
      "accident_name": "normal",
      "objects": []
    },
    {
      "frame_id": 78,
      "image_path": "frames/oZaUkhs_H-s_001257/images/000078.jpg",
      "accident_id": 9,
      "accident_name": "leave_to_left",
      "objects": [
        {
          "obj_track_id": 0,
          "bbox": [
            507.5,
            376.25,
            642.5,
            457.5
          ],
          "category": "car",
          "category ID": 3,
          "trunc": false
        }
      ]
    },
    {
      "frame_id": 79,
      "image_path": "frames/oZaUkhs_H-s_001257/images/000079.jpg",
      "accident_id": 9,
      "accident_name": "leave_to_left",
      "objects": [
        {
          "obj_track_id": 0,
          "bbox": [
            495.625,
            376.25,
            637.5,
            460.625
          ],
          "category": "car",
          "category ID": 3,
          "trunc": false
        }
      ]
    },
    {
      "frame_id": 80,
      "image_path": "frames/oZaUkhs_H-s_001257/images/000080.jpg",
      "accident_id": 9,
      "accident_name": "leave_to_left",
      "objects": [
        {
          "obj_track_id": 0,
          "bbox": [
            483.75,
            376.25,
            632.5,
            463.75
          ],
          "category": "car",
          "category ID": 3,
          "trunc": false
        }
      ]
    },
    {
      "frame_id": 81,
      "image_path": "frames/oZaUkhs_H-s_001257/images/000081.jpg",
      "accident_id": 9,
      "accident_name": "leave_to_left",
      "objects": [
        {
          "obj_track_id": 0,
          "bbox": [
            476.25,
            376.25,
            628.75,
            468.75
          ],
          "category": "car",
          "category ID": 3,
          "trunc": false
        }
      ]
    },
    {
      "frame_id": 82,
      "image_path": "frames/oZaUkhs_H-s_001257/images/000082.jpg",
      "accident_id": 9,
      "accident_name": "leave_to_left",
      "objects": [
        {
          "obj_track_id": 0,
          "bbox": [
            467.5,
            378.125,
            620.0,
            470.0
          ],
          "category": "car",
          "category ID": 3,
          "trunc": false
        }
      ]
    },
    {
      "frame_id": 83,
      "image_path": "frames/oZaUkhs_H-s_001257/images/000083.jpg",
      "accident_id": 9,
      "accident_name": "leave_to_left",
      "objects": [
        {
          "obj_track_id": 0,
          "bbox": [
            458.75,
            380,
            611.25,
            471.25
          ],
          "category": "car",
          "category ID": 3,
          "trunc": false
        }
      ]
    },
    {
      "frame_id": 84,
      "image_path": "frames/oZaUkhs_H-s_001257/images/000084.jpg",
      "accident_id": 9,
      "accident_name": "leave_to_left",
      "objects": [
        {
          "obj_track_id": 0,
          "bbox": [
            451.875,
            382.5,
            598.75,
            476.25
          ],
          "category": "car",
          "category ID": 3,
          "trunc": false
        }
      ]
    },
    {
      "frame_id": 85,
      "image_path": "frames/oZaUkhs_H-s_001257/images/000085.jpg",
      "accident_id": 9,
      "accident_name": "leave_to_left",
      "objects": [
        {
          "obj_track_id": 0,
          "bbox": [
            445,
            385,
            586.25,
            481.25
          ],
          "category": "car",
          "category ID": 3,
          "trunc": false
        }
      ]
    },
    {
      "frame_id": 86,
      "image_path": "frames/oZaUkhs_H-s_001257/images/000086.jpg",
      "accident_id": 9,
      "accident_name": "leave_to_left",
      "objects": [
        {
          "obj_track_id": 0,
          "bbox": [
            438.75,
            386.875,
            570.0,
            489.375
          ],
          "category": "car",
          "category ID": 3,
          "trunc": false
        }
      ]
    },
    {
      "frame_id": 87,
      "image_path": "frames/oZaUkhs_H-s_001257/images/000087.jpg",
      "accident_id": 9,
      "accident_name": "leave_to_left",
      "objects": [
        {
          "obj_track_id": 0,
          "bbox": [
            432.5,
            388.75,
            553.75,
            497.5
          ],
          "category": "car",
          "category ID": 3,
          "trunc": false
        }
      ]
    },
    {
      "frame_id": 88,
      "image_path": "frames/oZaUkhs_H-s_001257/images/000088.jpg",
      "accident_id": 9,
      "accident_name": "leave_to_left",
      "objects": [
        {
          "obj_track_id": 0,
          "bbox": [
            391.875,
            386.25,
            548.125,
            501.875
          ],
          "category": "car",
          "category ID": 3,
          "trunc": false
        }
      ]
    },
    {
      "frame_id": 89,
      "image_path": "frames/oZaUkhs_H-s_001257/images/000089.jpg",
      "accident_id": 9,
      "accident_name": "leave_to_left",
      "objects": [
        {
          "obj_track_id": 0,
          "bbox": [
            351.25,
            383.75,
            542.5,
            506.25
          ],
          "category": "car",
          "category ID": 3,
          "trunc": false
        }
      ]
    },
    {
      "frame_id": 90,
      "image_path": "frames/oZaUkhs_H-s_001257/images/000090.jpg",
      "accident_id": 9,
      "accident_name": "leave_to_left",
      "objects": [
        {
          "obj_track_id": 0,
          "bbox": [
            310,
            378.75,
            546.25,
            507.5
          ],
          "category": "car",
          "category ID": 3,
          "trunc": false
        }
      ]
    },
    {
      "frame_id": 91,
      "image_path": "frames/oZaUkhs_H-s_001257/images/000091.jpg",
      "accident_id": 9,
      "accident_name": "leave_to_left",
      "objects": [
        {
          "obj_track_id": 0,
          "bbox": [
            276.25,
            375,
            553.75,
            516.25
          ],
          "category": "car",
          "category ID": 3,
          "trunc": false
        }
      ]
    },
    {
      "frame_id": 92,
      "image_path": "frames/oZaUkhs_H-s_001257/images/000092.jpg",
      "accident_id": 9,
      "accident_name": "leave_to_left",
      "objects": [
        {
          "obj_track_id": 0,
          "bbox": [
            242.5,
            371.25,
            561.25,
            525.0
          ],
          "category": "car",
          "category ID": 3,
          "trunc": false
        }
      ]
    },
    {
      "frame_id": 93,
      "image_path": "frames/oZaUkhs_H-s_001257/images/000093.jpg",
      "accident_id": 9,
      "accident_name": "leave_to_left",
      "objects": [
        {
          "obj_track_id": 0,
          "bbox": [
            216.25,
            371.875,
            571.875,
            533.75
          ],
          "category": "car",
          "category ID": 3,
          "trunc": false
        }
      ]
    },
    {
      "frame_id": 94,
      "image_path": "frames/oZaUkhs_H-s_001257/images/000094.jpg",
      "accident_id": 9,
      "accident_name": "leave_to_left",
      "objects": [
        {
          "obj_track_id": 0,
          "bbox": [
            190,
            372.5,
            582.5,
            542.5
          ],
          "category": "car",
          "category ID": 3,
          "trunc": false
        }
      ]
    },
    {
      "frame_id": 95,
      "image_path": "frames/oZaUkhs_H-s_001257/images/000095.jpg",
      "accident_id": 9,
      "accident_name": "leave_to_left",
      "objects": [
        {
          "obj_track_id": 0,
          "bbox": [
            166.25,
            363.125,
            603.75,
            550.0
          ],
          "category": "car",
          "category ID": 3,
          "trunc": false
        }
      ]
    },
    {
      "frame_id": 96,
      "image_path": "frames/oZaUkhs_H-s_001257/images/000096.jpg",
      "accident_id": 9,
      "accident_name": "leave_to_left",
      "objects": [
        {
          "obj_track_id": 0,
          "bbox": [
            142.5,
            353.75,
            625.0,
            557.5
          ],
          "category": "car",
          "category ID": 3,
          "trunc": false
        }
      ]
    },
    {
      "frame_id": 97,
      "image_path": "frames/oZaUkhs_H-s_001257/images/000097.jpg",
      "accident_id": 9,
      "accident_name": "leave_to_left",
      "objects": [
        {
          "obj_track_id": 0,
          "bbox": [
            120,
            340,
            658.75,
            570
          ],
          "category": "car",
          "category ID": 3,
          "trunc": false
        }
      ]
    },
    {
      "frame_id": 98,
      "image_path": "frames/oZaUkhs_H-s_001257/images/000098.jpg",
      "accident_id": 9,
      "accident_name": "leave_to_left",
      "objects": [
        {
          "obj_track_id": 0,
          "bbox": [
            101.25,
            332.5,
            701.25,
            586.25
          ],
          "category": "car",
          "category ID": 3,
          "trunc": false
        }
      ]
    },
    {
      "frame_id": 99,
      "image_path": "frames/oZaUkhs_H-s_001257/images/000099.jpg",
      "accident_id": 9,
      "accident_name": "leave_to_left",
      "objects": [
        {
          "obj_track_id": 0,
          "bbox": [
            82.5,
            330,
            757.5,
            593.75
          ],
          "category": "car",
          "category ID": 3,
          "trunc": false
        }
      ]
    },
    {
      "frame_id": 100,
      "image_path": "frames/oZaUkhs_H-s_001257/images/000100.jpg",
      "accident_id": 9,
      "accident_name": "leave_to_left",
      "objects": [
        {
          "obj_track_id": 0,
          "bbox": [
            66.25,
            332.5,
            815.0,
            593.75
          ],
          "category": "car",
          "category ID": 3,
          "trunc": false
        }
      ]
    },
    {
      "frame_id": 101,
      "image_path": "frames/oZaUkhs_H-s_001257/images/000101.jpg",
      "accident_id": 9,
      "accident_name": "leave_to_left",
      "objects": [
        {
          "obj_track_id": 0,
          "bbox": [
            45,
            316.25,
            867.5,
            607.5
          ],
          "category": "car",
          "category ID": 3,
          "trunc": false
        }
      ]
    },
    {
      "frame_id": 102,
      "image_path": "frames/oZaUkhs_H-s_001257/images/000102.jpg",
      "accident_id": 9,
      "accident_name": "leave_to_left",
      "objects": [
        {
          "obj_track_id": 0,
          "bbox": [
            36.25,
            292.5,
            906.25,
            608.75
          ],
          "category": "car",
          "category ID": 3,
          "trunc": false
        }
      ]
    },
    {
      "frame_id": 103,
      "image_path": "frames/oZaUkhs_H-s_001257/images/000103.jpg",
      "accident_id": 9,
      "accident_name": "leave_to_left",
      "objects": [
        {
          "obj_track_id": 0,
          "bbox": [
            10,
            252.5,
            932.5,
            587.5
          ],
          "category": "car",
          "category ID": 3,
          "trunc": false
        }
      ]
    },
    {
      "frame_id": 104,
      "image_path": "frames/oZaUkhs_H-s_001257/images/000104.jpg",
      "accident_id": 9,
      "accident_name": "leave_to_left",
      "objects": [
        {
          "obj_track_id": 0,
          "bbox": [
            3.75,
            232.5,
            893.75,
            533.75
          ],
          "category": "car",
          "category ID": 3,
          "trunc": true
        }
      ]
    },
    {
      "frame_id": 105,
      "image_path": "frames/oZaUkhs_H-s_001257/images/000105.jpg",
      "accident_id": 9,
      "accident_name": "leave_to_left",
      "objects": [
        {
          "obj_track_id": 0,
          "bbox": [
            3.75,
            242.5,
            867.5,
            576.25
          ],
          "category": "car",
          "category ID": 3,
          "trunc": true
        }
      ]
    },
    {
      "frame_id": 106,
      "image_path": "frames/oZaUkhs_H-s_001257/images/000106.jpg",
      "accident_id": 9,
      "accident_name": "leave_to_left",
      "objects": [
        {
          "obj_track_id": 0,
          "bbox": [
            15,
            243.75,
            848.75,
            560.0
          ],
          "category": "car",
          "category ID": 3,
          "trunc": true
        }
      ]
    },
    {
      "frame_id": 107,
      "image_path": "frames/oZaUkhs_H-s_001257/images/000107.jpg",
      "accident_id": 9,
      "accident_name": "leave_to_left",
      "objects": [
        {
          "obj_track_id": 0,
          "bbox": [
            50,
            233.75,
            827.5,
            540.0
          ],
          "category": "car",
          "category ID": 3,
          "trunc": true
        }
      ]
    },
    {
      "frame_id": 108,
      "image_path": "frames/oZaUkhs_H-s_001257/images/000108.jpg",
      "accident_id": 9,
      "accident_name": "leave_to_left",
      "objects": [
        {
          "obj_track_id": 0,
          "bbox": [
            117.5,
            255,
            810.0,
            513.75
          ],
          "category": "car",
          "category ID": 3,
          "trunc": true
        }
      ]
    },
    {
      "frame_id": 109,
      "image_path": "frames/oZaUkhs_H-s_001257/images/000109.jpg",
      "accident_id": 9,
      "accident_name": "leave_to_left",
      "objects": [
        {
          "obj_track_id": 0,
          "bbox": [
            228.75,
            281.25,
            840.0,
            523.75
          ],
          "category": "car",
          "category ID": 3,
          "trunc": true
        }
      ]
    },
    {
      "frame_id": 110,
      "image_path": "frames/oZaUkhs_H-s_001257/images/000110.jpg",
      "accident_id": 9,
      "accident_name": "leave_to_left",
      "objects": [
        {
          "obj_track_id": 0,
          "bbox": [
            362.5,
            308.75,
            932.5,
            532.5
          ],
          "category": "car",
          "category ID": 3,
          "trunc": true
        }
      ]
    },
    {
      "frame_id": 111,
      "image_path": "frames/oZaUkhs_H-s_001257/images/000111.jpg",
      "accident_id": 9,
      "accident_name": "leave_to_left",
      "objects": [
        {
          "obj_track_id": 0,
          "bbox": [
            425,
            318.75,
            965,
            530.0
          ],
          "category": "car",
          "category ID": 3,
          "trunc": true
        }
      ]
    },
    {
      "frame_id": 112,
      "image_path": "frames/oZaUkhs_H-s_001257/images/000112.jpg",
      "accident_id": 9,
      "accident_name": "leave_to_left",
      "objects": [
        {
          "obj_track_id": 0,
          "bbox": [
            407.5,
            327.5,
            965.0,
            530.0
          ],
          "category": "car",
          "category ID": 3,
          "trunc": true
        }
      ]
    },
    {
      "frame_id": 113,
      "image_path": "frames/oZaUkhs_H-s_001257/images/000113.jpg",
      "accident_id": 9,
      "accident_name": "leave_to_left",
      "objects": [
        {
          "obj_track_id": 0,
          "bbox": [
            396.25,
            327.5,
            973.75,
            532.5
          ],
          "category": "car",
          "category ID": 3,
          "trunc": true
        }
      ]
    },
    {
      "frame_id": 114,
      "image_path": "frames/oZaUkhs_H-s_001257/images/000114.jpg",
      "accident_id": 9,
      "accident_name": "leave_to_left",
      "objects": [
        {
          "obj_track_id": 0,
          "bbox": [
            348.75,
            330,
            950.0,
            530
          ],
          "category": "car",
          "category ID": 3,
          "trunc": true
        }
      ]
    },
    {
      "frame_id": 115,
      "image_path": "frames/oZaUkhs_H-s_001257/images/000115.jpg",
      "accident_id": 9,
      "accident_name": "leave_to_left",
      "objects": [
        {
          "obj_track_id": 0,
          "bbox": [
            305,
            325,
            908.75,
            530
          ],
          "category": "car",
          "category ID": 3,
          "trunc": true
        }
      ]
    },
    {
      "frame_id": 116,
      "image_path": "frames/oZaUkhs_H-s_001257/images/000116.jpg",
      "accident_id": 9,
      "accident_name": "leave_to_left",
      "objects": [
        {
          "obj_track_id": 0,
          "bbox": [
            258.75,
            328.75,
            861.25,
            526.25
          ],
          "category": "car",
          "category ID": 3,
          "trunc": true
        }
      ]
    },
    {
      "frame_id": 117,
      "image_path": "frames/oZaUkhs_H-s_001257/images/000117.jpg",
      "accident_id": 9,
      "accident_name": "leave_to_left",
      "objects": [
        {
          "obj_track_id": 0,
          "bbox": [
            207.5,
            338.75,
            806.25,
            521.25
          ],
          "category": "car",
          "category ID": 3,
          "trunc": true
        }
      ]
    },
    {
      "frame_id": 118,
      "image_path": "frames/oZaUkhs_H-s_001257/images/000118.jpg",
      "accident_id": 9,
      "accident_name": "leave_to_left",
      "objects": [
        {
          "obj_track_id": 0,
          "bbox": [
            155,
            343.75,
            747.5,
            517.5
          ],
          "category": "car",
          "category ID": 3,
          "trunc": true
        }
      ]
    },
    {
      "frame_id": 119,
      "image_path": "frames/oZaUkhs_H-s_001257/images/000119.jpg",
      "accident_id": 9,
      "accident_name": "leave_to_left",
      "objects": [
        {
          "obj_track_id": 0,
          "bbox": [
            110,
            352.5,
            685,
            515.0
          ],
          "category": "car",
          "category ID": 3,
          "trunc": true
        }
      ]
    },
    {
      "frame_id": 120,
      "image_path": "frames/oZaUkhs_H-s_001257/images/000120.jpg",
      "accident_id": 9,
      "accident_name": "leave_to_left",
      "objects": [
        {
          "obj_track_id": 0,
          "bbox": [
            72.5,
            358.75,
            623.75,
            522.5
          ],
          "category": "car",
          "category ID": 3,
          "trunc": true
        }
      ]
    },
    {
      "frame_id": 121,
      "image_path": "frames/oZaUkhs_H-s_001257/images/000121.jpg",
      "accident_id": 9,
      "accident_name": "leave_to_left",
      "objects": [
        {
          "obj_track_id": 0,
          "bbox": [
            45,
            368.75,
            571.25,
            535.0
          ],
          "category": "car",
          "category ID": 3,
          "trunc": true
        }
      ]
    },
    {
      "frame_id": 122,
      "image_path": "frames/oZaUkhs_H-s_001257/images/000122.jpg",
      "accident_id": 9,
      "accident_name": "leave_to_left",
      "objects": [
        {
          "obj_track_id": 0,
          "bbox": [
            17.5,
            373.75,
            513.75,
            550.0
          ],
          "category": "car",
          "category ID": 3,
          "trunc": true
        }
      ]
    },
    {
      "frame_id": 123,
      "image_path": "frames/oZaUkhs_H-s_001257/images/000123.jpg",
      "accident_id": 9,
      "accident_name": "leave_to_left",
      "objects": [
        {
          "obj_track_id": 0,
          "bbox": [
            3.75,
            377.5,
            462.5,
            556.25
          ],
          "category": "car",
          "category ID": 3,
          "trunc": true
        }
      ]
    },
    {
      "frame_id": 124,
      "image_path": "frames/oZaUkhs_H-s_001257/images/000124.jpg",
      "accident_id": 9,
      "accident_name": "leave_to_left",
      "objects": [
        {
          "obj_track_id": 0,
          "bbox": [
            3.75,
            378.75,
            413.75,
            560.0
          ],
          "category": "car",
          "category ID": 3,
          "trunc": true
        }
      ]
    },
    {
      "frame_id": 125,
      "image_path": "frames/oZaUkhs_H-s_001257/images/000125.jpg",
      "accident_id": 9,
      "accident_name": "leave_to_left",
      "objects": [
        {
          "obj_track_id": 0,
          "bbox": [
            3.75,
            383.75,
            372.5,
            555.0
          ],
          "category": "car",
          "category ID": 3,
          "trunc": true
        }
      ]
    },
    {
      "frame_id": 126,
      "image_path": "frames/oZaUkhs_H-s_001257/images/000126.jpg",
      "accident_id": 9,
      "accident_name": "leave_to_left",
      "objects": [
        {
          "obj_track_id": 0,
          "bbox": [
            3.75,
            383.75,
            336.25,
            543.75
          ],
          "category": "car",
          "category ID": 3,
          "trunc": true
        }
      ]
    },
    {
      "frame_id": 127,
      "image_path": "frames/oZaUkhs_H-s_001257/images/000127.jpg",
      "accident_id": 9,
      "accident_name": "leave_to_left",
      "objects": [
        {
          "obj_track_id": 0,
          "bbox": [
            3.75,
            385.625,
            301.875,
            546.25
          ],
          "category": "car",
          "category ID": 3,
          "trunc": true
        }
      ]
    },
    {
      "frame_id": 128,
      "image_path": "frames/oZaUkhs_H-s_001257/images/000128.jpg",
      "accident_id": 9,
      "accident_name": "leave_to_left",
      "objects": [
        {
          "obj_track_id": 0,
          "bbox": [
            3.75,
            387.5,
            267.5,
            548.75
          ],
          "category": "car",
          "category ID": 3,
          "trunc": true
        }
      ]
    },
    {
      "frame_id": 129,
      "image_path": "frames/oZaUkhs_H-s_001257/images/000129.jpg",
      "accident_id": 9,
      "accident_name": "leave_to_left",
      "objects": [
        {
          "obj_track_id": 0,
          "bbox": [
            3.75,
            387.5,
            233.75,
            555.0
          ],
          "category": "car",
          "category ID": 3,
          "trunc": true
        }
      ]
    },
    {
      "frame_id": 130,
      "image_path": "frames/oZaUkhs_H-s_001257/images/000130.jpg",
      "accident_id": 9,
      "accident_name": "leave_to_left",
      "objects": [
        {
          "obj_track_id": 0,
          "bbox": [
            3.75,
            387.5,
            200.0,
            561.25
          ],
          "category": "car",
          "category ID": 3,
          "trunc": true
        }
      ]
    },
    {
      "frame_id": 131,
      "image_path": "frames/oZaUkhs_H-s_001257/images/000131.jpg",
      "accident_id": 9,
      "accident_name": "leave_to_left",
      "objects": [
        {
          "obj_track_id": 0,
          "bbox": [
            3.75,
            380.625,
            192.5,
            561.25
          ],
          "category": "car",
          "category ID": 3,
          "trunc": true
        }
      ]
    },
    {
      "frame_id": 132,
      "image_path": "frames/oZaUkhs_H-s_001257/images/000132.jpg",
      "accident_id": 9,
      "accident_name": "leave_to_left",
      "objects": [
        {
          "obj_track_id": 0,
          "bbox": [
            3.75,
            373.75,
            185.0,
            561.25
          ],
          "category": "car",
          "category ID": 3,
          "trunc": true
        }
      ]
    },
    {
      "frame_id": 133,
      "image_path": "frames/oZaUkhs_H-s_001257/images/000133.jpg",
      "accident_id": 9,
      "accident_name": "leave_to_left",
      "objects": [
        {
          "obj_track_id": 0,
          "bbox": [
            3.75,
            361.25,
            185.0,
            561.25
          ],
          "category": "car",
          "category ID": 3,
          "trunc": true
        }
      ]
    },
    {
      "frame_id": 134,
      "image_path": "frames/oZaUkhs_H-s_001257/images/000134.jpg",
      "accident_id": 9,
      "accident_name": "leave_to_left",
      "objects": [
        {
          "obj_track_id": 0,
          "bbox": [
            3.75,
            375,
            183.75,
            561.25
          ],
          "category": "car",
          "category ID": 3,
          "trunc": true
        }
      ]
    },
    {
      "frame_id": 135,
      "image_path": "frames/oZaUkhs_H-s_001257/images/000135.jpg",
      "accident_id": 9,
      "accident_name": "leave_to_left",
      "objects": [
        {
          "obj_track_id": 0,
          "bbox": [
            3.75,
            377.5,
            180.0,
            561.25
          ],
          "category": "car",
          "category ID": 3,
          "trunc": true
        }
      ]
    },
    {
      "frame_id": 136,
      "image_path": "frames/oZaUkhs_H-s_001257/images/000136.jpg",
      "accident_id": 9,
      "accident_name": "leave_to_left",
      "objects": [
        {
          "obj_track_id": 0,
          "bbox": [
            3.75,
            383.75,
            171.875,
            561.25
          ],
          "category": "car",
          "category ID": 3,
          "trunc": true
        }
      ]
    },
    {
      "frame_id": 137,
      "image_path": "frames/oZaUkhs_H-s_001257/images/000137.jpg",
      "accident_id": 9,
      "accident_name": "leave_to_left",
      "objects": [
        {
          "obj_track_id": 0,
          "bbox": [
            3.75,
            390,
            163.75,
            561.25
          ],
          "category": "car",
          "category ID": 3,
          "trunc": true
        }
      ]
    },
    {
      "frame_id": 138,
      "image_path": "frames/oZaUkhs_H-s_001257/images/000138.jpg",
      "accident_id": 9,
      "accident_name": "leave_to_left",
      "objects": [
        {
          "obj_track_id": 0,
          "bbox": [
            3.75,
            396.25,
            156.875,
            561.25
          ],
          "category": "car",
          "category ID": 3,
          "trunc": true
        }
      ]
    },
    {
      "frame_id": 139,
      "image_path": "frames/oZaUkhs_H-s_001257/images/000139.jpg",
      "accident_id": 9,
      "accident_name": "leave_to_left",
      "objects": [
        {
          "obj_track_id": 0,
          "bbox": [
            3.75,
            402.5,
            150.0,
            561.25
          ],
          "category": "car",
          "category ID": 3,
          "trunc": true
        }
      ]
    },
    {
      "frame_id": 140,
      "image_path": "frames/oZaUkhs_H-s_001257/images/000140.jpg",
      "accident_id": 9,
      "accident_name": "leave_to_left",
      "objects": [
        {
          "obj_track_id": 0,
          "bbox": [
            3.75,
            393.75,
            146.25,
            561.25
          ],
          "category": "car",
          "category ID": 3,
          "trunc": true
        }
      ]
    },
    {
      "frame_id": 141,
      "image_path": "frames/oZaUkhs_H-s_001257/images/000141.jpg",
      "accident_id": 9,
      "accident_name": "leave_to_left",
      "objects": [
        {
          "obj_track_id": 0,
          "bbox": [
            3.75,
            386.25,
            148.75,
            561.25
          ],
          "category": "car",
          "category ID": 3,
          "trunc": true
        }
      ]
    },
    {
      "frame_id": 142,
      "image_path": "frames/oZaUkhs_H-s_001257/images/000142.jpg",
      "accident_id": 9,
      "accident_name": "leave_to_left",
      "objects": [
        {
          "obj_track_id": 0,
          "bbox": [
            3.75,
            380,
            143.75,
            561.25
          ],
          "category": "car",
          "category ID": 3,
          "trunc": true
        }
      ]
    },
    {
      "frame_id": 143,
      "image_path": "frames/oZaUkhs_H-s_001257/images/000143.jpg",
      "accident_id": 9,
      "accident_name": "leave_to_left",
      "objects": [
        {
          "obj_track_id": 0,
          "bbox": [
            3.75,
            382.5,
            145.0,
            561.25
          ],
          "category": "car",
          "category ID": 3,
          "trunc": true
        }
      ]
    },
    {
      "frame_id": 144,
      "image_path": "frames/oZaUkhs_H-s_001257/images/000144.jpg",
      "accident_id": 9,
      "accident_name": "leave_to_left",
      "objects": [
        {
          "obj_track_id": 0,
          "bbox": [
            3.75,
            382.0833333333333,
            146.25,
            561.25
          ],
          "category": "car",
          "category ID": 3,
          "trunc": true
        }
      ]
    },
    {
      "frame_id": 145,
      "image_path": "frames/oZaUkhs_H-s_001257/images/000145.jpg",
      "accident_id": 9,
      "accident_name": "leave_to_left",
      "objects": [
        {
          "obj_track_id": 0,
          "bbox": [
            3.75,
            381.6666666666667,
            147.5,
            561.25
          ],
          "category": "car",
          "category ID": 3,
          "trunc": true
        }
      ]
    },
    {
      "frame_id": 146,
      "image_path": "frames/oZaUkhs_H-s_001257/images/000146.jpg",
      "accident_id": 9,
      "accident_name": "leave_to_left",
      "objects": [
        {
          "obj_track_id": 0,
          "bbox": [
            3.75,
            381.25,
            148.75,
            561.25
          ],
          "category": "car",
          "category ID": 3,
          "trunc": true
        }
      ]
    },
    {
      "frame_id": 147,
      "image_path": "frames/oZaUkhs_H-s_001257/images/000147.jpg",
      "accident_id": 0,
      "accident_name": "normal",
      "objects": []
    },
    {
      "frame_id": 148,
      "image_path": "frames/oZaUkhs_H-s_001257/images/000148.jpg",
      "accident_id": 0,
      "accident_name": "normal",
      "objects": []
    },
    {
      "frame_id": 149,
      "image_path": "frames/oZaUkhs_H-s_001257/images/000149.jpg",
      "accident_id": 0,
      "accident_name": "normal",
      "objects": []
    },
    {
      "frame_id": 150,
      "image_path": "frames/oZaUkhs_H-s_001257/images/000150.jpg",
      "accident_id": 0,
      "accident_name": "normal",
      "objects": []
    },
    {
      "frame_id": 151,
      "image_path": "frames/oZaUkhs_H-s_001257/images/000151.jpg",
      "accident_id": 0,
      "accident_name": "normal",
      "objects": []
    },
    {
      "frame_id": 152,
      "image_path": "frames/oZaUkhs_H-s_001257/images/000152.jpg",
      "accident_id": 0,
      "accident_name": "normal",
      "objects": []
    },
    {
      "frame_id": 153,
      "image_path": "frames/oZaUkhs_H-s_001257/images/000153.jpg",
      "accident_id": 0,
      "accident_name": "normal",
      "objects": []
    },
    {
      "frame_id": 154,
      "image_path": "frames/oZaUkhs_H-s_001257/images/000154.jpg",
      "accident_id": 0,
      "accident_name": "normal",
      "objects": []
    },
    {
      "frame_id": 155,
      "image_path": "frames/oZaUkhs_H-s_001257/images/000155.jpg",
      "accident_id": 0,
      "accident_name": "normal",
      "objects": []
    },
    {
      "frame_id": 156,
      "image_path": "frames/oZaUkhs_H-s_001257/images/000156.jpg",
      "accident_id": 0,
      "accident_name": "normal",
      "objects": []
    },
    {
      "frame_id": 157,
      "image_path": "frames/oZaUkhs_H-s_001257/images/000157.jpg",
      "accident_id": 0,
      "accident_name": "normal",
      "objects": []
    },
    {
      "frame_id": 158,
      "image_path": "frames/oZaUkhs_H-s_001257/images/000158.jpg",
      "accident_id": 0,
      "accident_name": "normal",
      "objects": []
    },
    {
      "frame_id": 159,
      "image_path": "frames/oZaUkhs_H-s_001257/images/000159.jpg",
      "accident_id": 0,
      "accident_name": "normal",
      "objects": []
    },
    {
      "frame_id": 160,
      "image_path": "frames/oZaUkhs_H-s_001257/images/000160.jpg",
      "accident_id": 0,
      "accident_name": "normal",
      "objects": []
    },
    {
      "frame_id": 161,
      "image_path": "frames/oZaUkhs_H-s_001257/images/000161.jpg",
      "accident_id": 0,
      "accident_name": "normal",
      "objects": []
    },
    {
      "frame_id": 162,
      "image_path": "frames/oZaUkhs_H-s_001257/images/000162.jpg",
      "accident_id": 0,
      "accident_name": "normal",
      "objects": []
    },
    {
      "frame_id": 163,
      "image_path": "frames/oZaUkhs_H-s_001257/images/000163.jpg",
      "accident_id": 0,
      "accident_name": "normal",
      "objects": []
    },
    {
      "frame_id": 164,
      "image_path": "frames/oZaUkhs_H-s_001257/images/000164.jpg",
      "accident_id": 0,
      "accident_name": "normal",
      "objects": []
    },
    {
      "frame_id": 165,
      "image_path": "frames/oZaUkhs_H-s_001257/images/000165.jpg",
      "accident_id": 0,
      "accident_name": "normal",
      "objects": []
    },
    {
      "frame_id": 166,
      "image_path": "frames/oZaUkhs_H-s_001257/images/000166.jpg",
      "accident_id": 0,
      "accident_name": "normal",
      "objects": []
    },
    {
      "frame_id": 167,
      "image_path": "frames/oZaUkhs_H-s_001257/images/000167.jpg",
      "accident_id": 0,
      "accident_name": "normal",
      "objects": []
    },
    {
      "frame_id": 168,
      "image_path": "frames/oZaUkhs_H-s_001257/images/000168.jpg",
      "accident_id": 0,
      "accident_name": "normal",
      "objects": []
    }
  ]
}