{
  "video_name": "p8q77QzOdUs_001272",
  "channel": "CarCrashesTime",
  "num_frames": 63,
  "ignore": false,
  "ego_involve": false,
  "night": false,
  "anomaly_start": 36,
  "anomaly_end": 63,
  "video_start": 1272,
  "video_end": 1334,
  "accident_id": "7",
  "accident_name": "obstacle",
  "labels": [
    {
      "frame_id": 0,
      "image_path": "frames/p8q77QzOdUs_001272/images/000000.jpg",
      "accident_id": 0,
      "accident_name": "normal",
      "objects": []
    },
    {
      "frame_id": 1,
      "image_path": "frames/p8q77QzOdUs_001272/images/000001.jpg",
      "accident_id": 0,
      "accident_name": "normal",
      "objects": []
    },
    {
      "frame_id": 2,
      "image_path": "frames/p8q77QzOdUs_001272/images/000002.jpg",
      "accident_id": 0,
      "accident_name": "normal",
      "objects": []
    },
    {
      "frame_id": 3,
      "image_path": "frames/p8q77QzOdUs_001272/images/000003.jpg",
      "accident_id": 0,
      "accident_name": "normal",
      "objects": []
    },
    {
      "frame_id": 4,
      "image_path": "frames/p8q77QzOdUs_001272/images/000004.jpg",
      "accident_id": 0,
      "accident_name": "normal",
      "objects": []
    },
    {
      "frame_id": 5,
      "image_path": "frames/p8q77QzOdUs_001272/images/000005.jpg",
      "accident_id": 0,
      "accident_name": "normal",
      "objects": []
    },
    {
      "frame_id": 6,
      "image_path": "frames/p8q77QzOdUs_001272/images/000006.jpg",
      "accident_id": 0,
      "accident_name": "normal",
      "objects": []
    },
    {
      "frame_id": 7,
      "image_path": "frames/p8q77QzOdUs_001272/images/000007.jpg",
      "accident_id": 0,
      "accident_name": "normal",
      "objects": []
    },
    {
      "frame_id": 8,
      "image_path": "frames/p8q77QzOdUs_001272/images/000008.jpg",
      "accident_id": 0,
      "accident_name": "normal",
      "objects": []
    },
    {
      "frame_id": 9,
      "image_path": "frames/p8q77QzOdUs_001272/images/000009.jpg",
      "accident_id": 0,
      "accident_name": "normal",
      "objects": []
    },
    {
      "frame_id": 10,
      "image_path": "frames/p8q77QzOdUs_001272/images/000010.jpg",
      "accident_id": 0,
      "accident_name": "normal",
      "objects": []
    },
    {
      "frame_id": 11,
      "image_path": "frames/p8q77QzOdUs_001272/images/000011.jpg",
      "accident_id": 0,
      "accident_name": "normal",
      "objects": []
    },
    {
      "frame_id": 12,
      "image_path": "frames/p8q77QzOdUs_001272/images/000012.jpg",
      "accident_id": 0,
      "accident_name": "normal",
      "objects": []
    },
    {
      "frame_id": 13,
      "image_path": "frames/p8q77QzOdUs_001272/images/000013.jpg",
      "accident_id": 0,
      "accident_name": "normal",
      "objects": []
    },
    {
      "frame_id": 14,
      "image_path": "frames/p8q77QzOdUs_001272/images/000014.jpg",
      "accident_id": 0,
      "accident_name": "normal",
      "objects": []
    },
    {
      "frame_id": 15,
      "image_path": "frames/p8q77QzOdUs_001272/images/000015.jpg",
      "accident_id": 0,
      "accident_name": "normal",
      "objects": []
    },
    {
      "frame_id": 16,
      "image_path": "frames/p8q77QzOdUs_001272/images/000016.jpg",
      "accident_id": 0,
      "accident_name": "normal",
      "objects": []
    },
    {
      "frame_id": 17,
      "image_path": "frames/p8q77QzOdUs_001272/images/000017.jpg",
      "accident_id": 0,
      "accident_name": "normal",
      "objects": []
    },
    {
      "frame_id": 18,
      "image_path": "frames/p8q77QzOdUs_001272/images/000018.jpg",
      "accident_id": 0,
      "accident_name": "normal",
      "objects": []
    },
    {
      "frame_id": 19,
      "image_path": "frames/p8q77QzOdUs_001272/images/000019.jpg",
      "accident_id": 0,
      "accident_name": "normal",
      "objects": []
    },
    {
      "frame_id": 20,
      "image_path": "frames/p8q77QzOdUs_001272/images/000020.jpg",
      "accident_id": 0,
      "accident_name": "normal",
      "objects": []
    },
    {
      "frame_id": 21,
      "image_path": "frames/p8q77QzOdUs_001272/images/000021.jpg",
      "accident_id": 0,
      "accident_name": "normal",
      "objects": []
    },
    {
      "frame_id": 22,
      "image_path": "frames/p8q77QzOdUs_001272/images/000022.jpg",
      "accident_id": 0,
      "accident_name": "normal",
      "objects": []
    },
    {
      "frame_id": 23,
      "image_path": "frames/p8q77QzOdUs_001272/images/000023.jpg",
      "accident_id": 0,
      "accident_name": "normal",
      "objects": []
    },
    {
      "frame_id": 24,
      "image_path": "frames/p8q77QzOdUs_001272/images/000024.jpg",
      "accident_id": 0,
      "accident_name": "normal",
      "objects": []
    },
    {
      "frame_id": 25,
      "image_path": "frames/p8q77QzOdUs_001272/images/000025.jpg",
      "accident_id": 0,
      "accident_name": "normal",
      "objects": []
    },
    {
      "frame_id": 26,
      "image_path": "frames/p8q77QzOdUs_001272/images/000026.jpg",
      "accident_id": 0,
      "accident_name": "normal",
      "objects": []
    },
    {
      "frame_id": 27,
      "image_path": "frames/p8q77QzOdUs_001272/images/000027.jpg",
      "accident_id": 0,
      "accident_name": "normal",
      "objects": []
    },
    {
      "frame_id": 28,
      "image_path": "frames/p8q77QzOdUs_001272/images/000028.jpg",
      "accident_id": 0,
      "accident_name": "normal",
      "objects": []
    },
    {
      "frame_id": 29,
      "image_path": "frames/p8q77QzOdUs_001272/images/000029.jpg",
      "accident_id": 0,
      "accident_name": "normal",
      "objects": []
    },
    {
      "frame_id": 30,
      "image_path": "frames/p8q77QzOdUs_001272/images/000030.jpg",
      "accident_id": 0,
      "accident_name": "normal",
      "objects": []
    },
    {
      "frame_id": 31,
      "image_path": "frames/p8q77QzOdUs_001272/images/000031.jpg",
      "accident_id": 0,
      "accident_name": "normal",
      "objects": []
    },
    {
      "frame_id": 32,
      "image_path": "frames/p8q77QzOdUs_001272/images/000032.jpg",
      "accident_id": 0,
      "accident_name": "normal",
      "objects": []
    },
    {
      "frame_id": 33,
      "image_path": "frames/p8q77QzOdUs_001272/images/000033.jpg",
      "accident_id": 0,
      "accident_name": "normal",
      "objects": []
    },
    {
      "frame_id": 34,
      "image_path": "frames/p8q77QzOdUs_001272/images/000034.jpg",
      "accident_id": 0,
      "accident_name": "normal",
      "objects": []
    },
    {
      "frame_id": 35,
      "image_path": "frames/p8q77QzOdUs_001272/images/000035.jpg",
      "accident_id": 0,
      "accident_name": "normal",
      "objects": []
    },
    {
      "frame_id": 36,
      "image_path": "frames/p8q77QzOdUs_001272/images/000036.jpg",
      "accident_id": 7,
      "accident_name": "obstacle",
      "objects": [
        {
          "obj_track_id": 0,
          "bbox": [
            670.679156908665,
            432.5058548009368,
            760.8899297423887,
            504.1686182669789
          ],
          "category": "car",
          "category ID": 3,
          "trunc": false
        }
      ]
    },
    {
      "frame_id": 37,
      "image_path": "frames/p8q77QzOdUs_001272/images/000037.jpg",
      "accident_id": 7,
      "accident_name": "obstacle",
      "objects": [
        {
          "obj_track_id": 0,
          "bbox": [
            670.679156908665,
            431.6627634660422,
            757.5175644028103,
            501.6393442622951
          ],
          "category": "car",
          "category ID": 3,
          "trunc": false
        }
      ]
    },
    {
      "frame_id": 38,
      "image_path": "frames/p8q77QzOdUs_001272/images/000038.jpg",
      "accident_id": 7,
      "accident_name": "obstacle",
      "objects": [
        {
          "obj_track_id": 0,
          "bbox": [
            667.3067915690866,
            432.5058548009368,
            753.3021077283372,
            498.26697892271665
          ],
          "category": "car",
          "category ID": 3,
          "trunc": false
        }
      ]
    },
    {
      "frame_id": 39,
      "image_path": "frames/p8q77QzOdUs_001272/images/000039.jpg",
      "accident_id": 7,
      "accident_name": "obstacle",
      "objects": [
        {
          "obj_track_id": 0,
          "bbox": [
            668.1498829039813,
            428.2903981264637,
            750.7728337236534,
            498.26697892271665
          ],
          "category": "car",
          "category ID": 3,
          "trunc": false
        }
      ]
    },
    {
      "frame_id": 40,
      "image_path": "frames/p8q77QzOdUs_001272/images/000040.jpg",
      "accident_id": 7,
      "accident_name": "obstacle",
      "objects": [
        {
          "obj_track_id": 0,
          "bbox": [
            666.4637002341921,
            430.8196721311475,
            747.4004683840749,
            497.42388758782204
          ],
          "category": "car",
          "category ID": 3,
          "trunc": false
        }
      ]
    },
    {
      "frame_id": 41,
      "image_path": "frames/p8q77QzOdUs_001272/images/000041.jpg",
      "accident_id": 7,
      "accident_name": "obstacle",
      "objects": [
        {
          "obj_track_id": 0,
          "bbox": [
            665.6206088992974,
            431.6627634660422,
            745.7142857142857,
            495.73770491803276
          ],
          "category": "car",
          "category ID": 3,
          "trunc": false
        }
      ]
    },
    {
      "frame_id": 42,
      "image_path": "frames/p8q77QzOdUs_001272/images/000042.jpg",
      "accident_id": 7,
      "accident_name": "obstacle",
      "objects": [
        {
          "obj_track_id": 0,
          "bbox": [
            666.4637002341921,
            430.8196721311475,
            744.8711943793911,
            494.05152224824354
          ],
          "category": "car",
          "category ID": 3,
          "trunc": false
        }
      ]
    },
    {
      "frame_id": 43,
      "image_path": "frames/p8q77QzOdUs_001272/images/000043.jpg",
      "accident_id": 7,
      "accident_name": "obstacle",
      "objects": [
        {
          "obj_track_id": 0,
          "bbox": [
            661.4051522248244,
            431.6627634660422,
            740.655737704918,
            494.05152224824354
          ],
          "category": "car",
          "category ID": 3,
          "trunc": false
        }
      ]
    },
    {
      "frame_id": 44,
      "image_path": "frames/p8q77QzOdUs_001272/images/000044.jpg",
      "accident_id": 7,
      "accident_name": "obstacle",
      "objects": [
        {
          "obj_track_id": 0,
          "bbox": [
            662.248243559719,
            430.8196721311475,
            739.8126463700235,
            491.5222482435597
          ],
          "category": "car",
          "category ID": 3,
          "trunc": false
        }
      ]
    },
    {
      "frame_id": 45,
      "image_path": "frames/p8q77QzOdUs_001272/images/000045.jpg",
      "accident_id": 7,
      "accident_name": "obstacle",
      "objects": [
        {
          "obj_track_id": 0,
          "bbox": [
            659.7189695550351,
            427.4473067915691,
            733.9110070257611,
            490.6791569086651
          ],
          "category": "car",
          "category ID": 3,
          "trunc": false
        }
      ]
    },
    {
      "frame_id": 46,
      "image_path": "frames/p8q77QzOdUs_001272/images/000046.jpg",
      "accident_id": 7,
      "accident_name": "obstacle",
      "objects": [
        {
          "obj_track_id": 0,
          "bbox": [
            652.1311475409836,
            422.3887587822014,
            730.5386416861827,
            492.3653395784543
          ],
          "category": "car",
          "category ID": 3,
          "trunc": false
        }
      ]
    },
    {
      "frame_id": 47,
      "image_path": "frames/p8q77QzOdUs_001272/images/000047.jpg",
      "accident_id": 7,
      "accident_name": "obstacle",
      "objects": [
        {
          "obj_track_id": 0,
          "bbox": [
            615.0351288056206,
            416.4871194379391,
            735.5971896955504,
            494.89461358313815
          ],
          "category": "car",
          "category ID": 3,
          "trunc": false
        }
      ]
    },
    {
      "frame_id": 48,
      "image_path": "frames/p8q77QzOdUs_001272/images/000048.jpg",
      "accident_id": 7,
      "accident_name": "obstacle",
      "objects": [
        {
          "obj_track_id": 0,
          "bbox": [
            593.9578454332552,
            412.27166276346605,
            749.0866510538642,
            497.42388758782204
          ],
          "category": "car",
          "category ID": 3,
          "trunc": false
        }
      ]
    },
    {
      "frame_id": 49,
      "image_path": "frames/p8q77QzOdUs_001272/images/000049.jpg",
      "accident_id": 7,
      "accident_name": "obstacle",
      "objects": [
        {
          "obj_track_id": 0,
          "bbox": [
            556.0187353629976,
            413.9578454332553,
            761.7330210772834,
            502.4824355971897
          ],
          "category": "car",
          "category ID": 3,
          "trunc": false
        }
      ]
    },
    {
      "frame_id": 50,
      "image_path": "frames/p8q77QzOdUs_001272/images/000050.jpg",
      "accident_id": 7,
      "accident_name": "obstacle",
      "objects": [
        {
          "obj_track_id": 0,
          "bbox": [
            541.6861826697892,
            417.3302107728337,
            770.1639344262295,
            507.54098360655735
          ],
          "category": "car",
          "category ID": 3,
          "trunc": false
        }
      ]
    },
    {
      "frame_id": 51,
      "image_path": "frames/p8q77QzOdUs_001272/images/000051.jpg",
      "accident_id": 7,
      "accident_name": "obstacle",
      "objects": [
        {
          "obj_track_id": 0,
          "bbox": [
            508.8056206088993,
            425.76112412177986,
            746.5573770491803,
            508.384074941452
          ],
          "category": "car",
          "category ID": 3,
          "trunc": false
        }
      ]
    },
    {
      "frame_id": 52,
      "image_path": "frames/p8q77QzOdUs_001272/images/000052.jpg",
      "accident_id": 7,
      "accident_name": "obstacle",
      "objects": [
        {
          "obj_track_id": 0,
          "bbox": [
            491.1007025761124,
            424.91803278688525,
            724.6370023419204,
            510.91334894613584
          ],
          "category": "car",
          "category ID": 3,
          "trunc": false
        }
      ]
    },
    {
      "frame_id": 53,
      "image_path": "frames/p8q77QzOdUs_001272/images/000053.jpg",
      "accident_id": 7,
      "accident_name": "obstacle",
      "objects": [
        {
          "obj_track_id": 0,
          "bbox": [
            458.22014051522245,
            417.3302107728337,
            722.1077283372365,
            518.5011709601873
          ],
          "category": "car",
          "category ID": 3,
          "trunc": false
        }
      ]
    },
    {
      "frame_id": 54,
      "image_path": "frames/p8q77QzOdUs_001272/images/000054.jpg",
      "accident_id": 7,
      "accident_name": "obstacle",
      "objects": [
        {
          "obj_track_id": 0,
          "bbox": [
            432.92740046838406,
            410.58548009367684,
            716.2060889929743,
            526.0889929742389
          ],
          "category": "car",
          "category ID": 3,
          "trunc": false
        }
      ]
    },
    {
      "frame_id": 55,
      "image_path": "frames/p8q77QzOdUs_001272/images/000055.jpg",
      "accident_id": 7,
      "accident_name": "obstacle",
      "objects": [
        {
          "obj_track_id": 0,
          "bbox": [
            398.3606557377049,
            408.89929742388756,
            727.1662763466043,
            540.4215456674473
          ],
          "category": "car",
          "category ID": 3,
          "trunc": false
        }
      ]
    },
    {
      "frame_id": 56,
      "image_path": "frames/p8q77QzOdUs_001272/images/000056.jpg",
      "accident_id": 7,
      "accident_name": "obstacle",
      "objects": [
        {
          "obj_track_id": 0,
          "bbox": [
            374.75409836065575,
            406.37002341920373,
            729.695550351288,
            552.2248243559719
          ],
          "category": "car",
          "category ID": 3,
          "trunc": false
        }
      ]
    },
    {
      "frame_id": 57,
      "image_path": "frames/p8q77QzOdUs_001272/images/000057.jpg",
      "accident_id": 7,
      "accident_name": "obstacle",
      "objects": [
        {
          "obj_track_id": 0,
          "bbox": [
            340.1873536299766,
            408.05620608899295,
            742.3419203747072,
            566.5573770491803
          ],
          "category": "car",
          "category ID": 3,
          "trunc": false
        }
      ]
    },
    {
      "frame_id": 58,
      "image_path": "frames/p8q77QzOdUs_001272/images/000058.jpg",
      "accident_id": 7,
      "accident_name": "obstacle",
      "objects": [
        {
          "obj_track_id": 0,
          "bbox": [
            321.6393442622951,
            398.78220140515225,
            783.6533957845434,
            579.2037470725995
          ],
          "category": "car",
          "category ID": 3,
          "trunc": false
        }
      ]
    },
    {
      "frame_id": 59,
      "image_path": "frames/p8q77QzOdUs_001272/images/000059.jpg",
      "accident_id": 7,
      "accident_name": "obstacle",
      "objects": [
        {
          "obj_track_id": 0,
          "bbox": [
            281.1709601873536,
            386.9789227166276,
            846.8852459016393,
            621.3583138173302
          ],
          "category": "car",
          "category ID": 3,
          "trunc": false
        }
      ]
    },
    {
      "frame_id": 60,
      "image_path": "frames/p8q77QzOdUs_001272/images/000060.jpg",
      "accident_id": 7,
      "accident_name": "obstacle",
      "objects": [
        {
          "obj_track_id": 0,
          "bbox": [
            255.03512880562062,
            376.8618266978923,
            908.4309133489461,
            634.0046838407494
          ],
          "category": "car",
          "category ID": 3,
          "trunc": false
        }
      ]
    },
    {
      "frame_id": 61,
      "image_path": "frames/p8q77QzOdUs_001272/images/000061.jpg",
      "accident_id": 7,
      "accident_name": "obstacle",
      "objects": [
        {
          "obj_track_id": 0,
          "bbox": [
            179.73490427098676,
            350.98674521354934,
            1042.8865979381444,
            664.860088365243
          ],
          "category": "car",
          "category ID": 3,
          "trunc": false
        }
      ]
    },
    {
      "frame_id": 62,
      "image_path": "frames/p8q77QzOdUs_001272/images/000062.jpg",
      "accident_id": 7,
      "accident_name": "obstacle",
      "objects": [
        {
          "obj_track_id": 0,
          "bbox": [
            136.25920471281296,
            330.839469808542,
            1120.2945508100147,
            664.860088365243
          ],
          "category": "car",
          "category ID": 3,
          "trunc": false
        }
      ]
    }
  ]
}