{
  "video_name": "QeuzUfHIWYU_004435",
  "channel": "CarCrashesTime",
  "num_frames": 100,
  "ignore": false,
  "ego_involve": true,
  "night": false,
  "anomaly_start": 43,
  "anomaly_end": 69,
  "video_start": 4435,
  "video_end": 4534,
  "accident_id": "3",
  "accident_name": "lateral",
  "labels": [
    {
      "frame_id": 0,
      "image_path": "frames/QeuzUfHIWYU_004435/images/000000.jpg",
      "accident_id": 0,
      "accident_name": "normal",
      "objects": []
    },
    {
      "frame_id": 1,
      "image_path": "frames/QeuzUfHIWYU_004435/images/000001.jpg",
      "accident_id": 0,
      "accident_name": "normal",
      "objects": []
    },
    {
      "frame_id": 2,
      "image_path": "frames/QeuzUfHIWYU_004435/images/000002.jpg",
      "accident_id": 0,
      "accident_name": "normal",
      "objects": []
    },
    {
      "frame_id": 3,
      "image_path": "frames/QeuzUfHIWYU_004435/images/000003.jpg",
      "accident_id": 0,
      "accident_name": "normal",
      "objects": []
    },
    {
      "frame_id": 4,
      "image_path": "frames/QeuzUfHIWYU_004435/images/000004.jpg",
      "accident_id": 0,
      "accident_name": "normal",
      "objects": []
    },
    {
      "frame_id": 5,
      "image_path": "frames/QeuzUfHIWYU_004435/images/000005.jpg",
      "accident_id": 0,
      "accident_name": "normal",
      "objects": []
    },
    {
      "frame_id": 6,
      "image_path": "frames/QeuzUfHIWYU_004435/images/000006.jpg",
      "accident_id": 0,
      "accident_name": "normal",
      "objects": []
    },
    {
      "frame_id": 7,
      "image_path": "frames/QeuzUfHIWYU_004435/images/000007.jpg",
      "accident_id": 0,
      "accident_name": "normal",
      "objects": []
    },
    {
      "frame_id": 8,
      "image_path": "frames/QeuzUfHIWYU_004435/images/000008.jpg",
      "accident_id": 0,
      "accident_name": "normal",
      "objects": []
    },
    {
      "frame_id": 9,
      "image_path": "frames/QeuzUfHIWYU_004435/images/000009.jpg",
      "accident_id": 0,
      "accident_name": "normal",
      "objects": []
    },
    {
      "frame_id": 10,
      "image_path": "frames/QeuzUfHIWYU_004435/images/000010.jpg",
      "accident_id": 0,
      "accident_name": "normal",
      "objects": []
    },
    {
      "frame_id": 11,
      "image_path": "frames/QeuzUfHIWYU_004435/images/000011.jpg",
      "accident_id": 0,
      "accident_name": "normal",
      "objects": []
    },
    {
      "frame_id": 12,
      "image_path": "frames/QeuzUfHIWYU_004435/images/000012.jpg",
      "accident_id": 0,
      "accident_name": "normal",
      "objects": []
    },
    {
      "frame_id": 13,
      "image_path": "frames/QeuzUfHIWYU_004435/images/000013.jpg",
      "accident_id": 0,
      "accident_name": "normal",
      "objects": []
    },
    {
      "frame_id": 14,
      "image_path": "frames/QeuzUfHIWYU_004435/images/000014.jpg",
      "accident_id": 0,
      "accident_name": "normal",
      "objects": []
    },
    {
      "frame_id": 15,
      "image_path": "frames/QeuzUfHIWYU_004435/images/000015.jpg",
      "accident_id": 0,
      "accident_name": "normal",
      "objects": []
    },
    {
      "frame_id": 16,
      "image_path": "frames/QeuzUfHIWYU_004435/images/000016.jpg",
      "accident_id": 0,
      "accident_name": "normal",
      "objects": []
    },
    {
      "frame_id": 17,
      "image_path": "frames/QeuzUfHIWYU_004435/images/000017.jpg",
      "accident_id": 0,
      "accident_name": "normal",
      "objects": []
    },
    {
      "frame_id": 18,
      "image_path": "frames/QeuzUfHIWYU_004435/images/000018.jpg",
      "accident_id": 0,
      "accident_name": "normal",
      "objects": []
    },
    {
      "frame_id": 19,
      "image_path": "frames/QeuzUfHIWYU_004435/images/000019.jpg",
      "accident_id": 0,
      "accident_name": "normal",
      "objects": []
    },
    {
      "frame_id": 20,
      "image_path": "frames/QeuzUfHIWYU_004435/images/000020.jpg",
      "accident_id": 0,
      "accident_name": "normal",
      "objects": []
    },
    {
      "frame_id": 21,
      "image_path": "frames/QeuzUfHIWYU_004435/images/000021.jpg",
      "accident_id": 0,
      "accident_name": "normal",
      "objects": []
    },
    {
      "frame_id": 22,
      "image_path": "frames/QeuzUfHIWYU_004435/images/000022.jpg",
      "accident_id": 0,
      "accident_name": "normal",
      "objects": []
    },
    {
      "frame_id": 23,
      "image_path": "frames/QeuzUfHIWYU_004435/images/000023.jpg",
      "accident_id": 0,
      "accident_name": "normal",
      "objects": []
    },
    {
      "frame_id": 24,
      "image_path": "frames/QeuzUfHIWYU_004435/images/000024.jpg",
      "accident_id": 0,
      "accident_name": "normal",
      "objects": []
    },
    {
      "frame_id": 25,
      "image_path": "frames/QeuzUfHIWYU_004435/images/000025.jpg",
      "accident_id": 0,
      "accident_name": "normal",
      "objects": []
    },
    {
      "frame_id": 26,
      "image_path": "frames/QeuzUfHIWYU_004435/images/000026.jpg",
      "accident_id": 0,
      "accident_name": "normal",
      "objects": []
    },
    {
      "frame_id": 27,
      "image_path": "frames/QeuzUfHIWYU_004435/images/000027.jpg",
      "accident_id": 0,
      "accident_name": "normal",
      "objects": []
    },
    {
      "frame_id": 28,
      "image_path": "frames/QeuzUfHIWYU_004435/images/000028.jpg",
      "accident_id": 0,
      "accident_name": "normal",
      "objects": []
    },
    {
      "frame_id": 29,
      "image_path": "frames/QeuzUfHIWYU_004435/images/000029.jpg",
      "accident_id": 0,
      "accident_name": "normal",
      "objects": []
    },
    {
      "frame_id": 30,
      "image_path": "frames/QeuzUfHIWYU_004435/images/000030.jpg",
      "accident_id": 0,
      "accident_name": "normal",
      "objects": []
    },
    {
      "frame_id": 31,
      "image_path": "frames/QeuzUfHIWYU_004435/images/000031.jpg",
      "accident_id": 0,
      "accident_name": "normal",
      "objects": []
    },
    {
      "frame_id": 32,
      "image_path": "frames/QeuzUfHIWYU_004435/images/000032.jpg",
      "accident_id": 0,
      "accident_name": "normal",
      "objects": []
    },
    {
      "frame_id": 33,
      "image_path": "frames/QeuzUfHIWYU_004435/images/000033.jpg",
      "accident_id": 0,
      "accident_name": "normal",
      "objects": []
    },
    {
      "frame_id": 34,
      "image_path": "frames/QeuzUfHIWYU_004435/images/000034.jpg",
      "accident_id": 0,
      "accident_name": "normal",
      "objects": []
    },
    {
      "frame_id": 35,
      "image_path": "frames/QeuzUfHIWYU_004435/images/000035.jpg",
      "accident_id": 0,
      "accident_name": "normal",
      "objects": []
    },
    {
      "frame_id": 36,
      "image_path": "frames/QeuzUfHIWYU_004435/images/000036.jpg",
      "accident_id": 0,
      "accident_name": "normal",
      "objects": []
    },
    {
      "frame_id": 37,
      "image_path": "frames/QeuzUfHIWYU_004435/images/000037.jpg",
      "accident_id": 0,
      "accident_name": "normal",
      "objects": []
    },
    {
      "frame_id": 38,
      "image_path": "frames/QeuzUfHIWYU_004435/images/000038.jpg",
      "accident_id": 0,
      "accident_name": "normal",
      "objects": []
    },
    {
      "frame_id": 39,
      "image_path": "frames/QeuzUfHIWYU_004435/images/000039.jpg",
      "accident_id": 0,
      "accident_name": "normal",
      "objects": []
    },
    {
      "frame_id": 40,
      "image_path": "frames/QeuzUfHIWYU_004435/images/000040.jpg",
      "accident_id": 0,
      "accident_name": "normal",
      "objects": []
    },
    {
      "frame_id": 41,
      "image_path": "frames/QeuzUfHIWYU_004435/images/000041.jpg",
      "accident_id": 0,
      "accident_name": "normal",
      "objects": []
    },
    {
      "frame_id": 42,
      "image_path": "frames/QeuzUfHIWYU_004435/images/000042.jpg",
      "accident_id": 0,
      "accident_name": "normal",
      "objects": []
    },
    {
      "frame_id": 43,
      "image_path": "frames/QeuzUfHIWYU_004435/images/000043.jpg",
      "accident_id": 3,
      "accident_name": "lateral",
      "objects": [
        {
          "obj_track_id": 364,
          "bbox": [
            293.1958762886598,
            347.8055964653903,
            554.0500736377026,
            489.89690721649487
          ],
          "category": "car",
          "category ID": 3,
          "trunc": false
        }
      ]
    },
    {
      "frame_id": 44,
      "image_path": "frames/QeuzUfHIWYU_004435/images/000044.jpg",
      "accident_id": 3,
      "accident_name": "lateral",
      "objects": [
        {
          "obj_track_id": 364,
          "bbox": [
            279.41089837997055,
            342.5036818851252,
            569.9558173784978,
            512.1649484536083
          ],
          "category": "car",
          "category ID": 3,
          "trunc": false
        }
      ]
    },
    {
      "frame_id": 45,
      "image_path": "frames/QeuzUfHIWYU_004435/images/000045.jpg",
      "accident_id": 3,
      "accident_name": "lateral",
      "objects": [
        {
          "obj_track_id": 364,
          "bbox": [
            266.4136622390892,
            341.5559772296015,
            576.5464895635674,
            516.4326375711576
          ],
          "category": "car",
          "category ID": 3,
          "trunc": false
        }
      ]
    },
    {
      "frame_id": 46,
      "image_path": "frames/QeuzUfHIWYU_004435/images/000046.jpg",
      "accident_id": 3,
      "accident_name": "lateral",
      "objects": [
        {
          "obj_track_id": 364,
          "bbox": [
            245.9203036053131,
            341.5559772296015,
            590.8918406072107,
            540.3415559772296
          ],
          "category": "car",
          "category ID": 3,
          "trunc": false
        }
      ]
    },
    {
      "frame_id": 47,
      "image_path": "frames/QeuzUfHIWYU_004435/images/000047.jpg",
      "accident_id": 3,
      "accident_name": "lateral",
      "objects": [
        {
          "obj_track_id": 364,
          "bbox": [
            225.426944971537,
            341.5559772296015,
            605.2371916508539,
            564.2504743833017
          ],
          "category": "car",
          "category ID": 3,
          "trunc": false
        }
      ]
    },
    {
      "frame_id": 48,
      "image_path": "frames/QeuzUfHIWYU_004435/images/000048.jpg",
      "accident_id": 3,
      "accident_name": "lateral",
      "objects": [
        {
          "obj_track_id": 364,
          "bbox": [
            196.05313092979128,
            338.1404174573055,
            626.4136622390893,
            602.5047438330171
          ],
          "category": "car",
          "category ID": 3,
          "trunc": false
        }
      ]
    },
    {
      "frame_id": 49,
      "image_path": "frames/QeuzUfHIWYU_004435/images/000049.jpg",
      "accident_id": 3,
      "accident_name": "lateral",
      "objects": [
        {
          "obj_track_id": 364,
          "bbox": [
            166.67931688804555,
            334.7248576850095,
            647.5901328273245,
            640.7590132827324
          ],
          "category": "car",
          "category ID": 3,
          "trunc": false
        }
      ]
    },
    {
      "frame_id": 50,
      "image_path": "frames/QeuzUfHIWYU_004435/images/000050.jpg",
      "accident_id": 3,
      "accident_name": "lateral",
      "objects": [
        {
          "obj_track_id": 364,
          "bbox": [
            131.8406072106262,
            335.4079696394687,
            672.1821631878558,
            677.6470588235295
          ],
          "category": "car",
          "category ID": 3,
          "trunc": false
        }
      ]
    },
    {
      "frame_id": 51,
      "image_path": "frames/QeuzUfHIWYU_004435/images/000051.jpg",
      "accident_id": 3,
      "accident_name": "lateral",
      "objects": [
        {
          "obj_track_id": 364,
          "bbox": [
            97.00189753320684,
            336.0910815939279,
            696.7741935483872,
            714.5351043643265
          ],
          "category": "car",
          "category ID": 3,
          "trunc": false
        }
      ]
    },
    {
      "frame_id": 52,
      "image_path": "frames/QeuzUfHIWYU_004435/images/000052.jpg",
      "accident_id": 3,
      "accident_name": "lateral",
      "objects": [
        {
          "obj_track_id": 364,
          "bbox": [
            15.028462998102468,
            329.2599620493359,
            754.1555977229602,
            714.5351043643265
          ],
          "category": "car",
          "category ID": 3,
          "trunc": false
        }
      ]
    },
    {
      "frame_id": 53,
      "image_path": "frames/QeuzUfHIWYU_004435/images/000053.jpg",
      "accident_id": 3,
      "accident_name": "lateral",
      "objects": [
        {
          "obj_track_id": 364,
          "bbox": [
            0,
            327.8937381404175,
            812.9032258064517,
            714.5351043643265
          ],
          "category": "car",
          "category ID": 3,
          "trunc": false
        }
      ]
    },
    {
      "frame_id": 54,
      "image_path": "frames/QeuzUfHIWYU_004435/images/000054.jpg",
      "accident_id": 3,
      "accident_name": "lateral",
      "objects": [
        {
          "obj_track_id": 364,
          "bbox": [
            0,
            307.4003795066414,
            931.764705882353,
            714.5351043643265
          ],
          "category": "car",
          "category ID": 3,
          "trunc": false
        }
      ]
    },
    {
      "frame_id": 55,
      "image_path": "frames/QeuzUfHIWYU_004435/images/000055.jpg",
      "accident_id": 3,
      "accident_name": "lateral",
      "objects": [
        {
          "obj_track_id": 364,
          "bbox": [
            0,
            348.3870967741936,
            975.483870967742,
            714.5351043643265
          ],
          "category": "car",
          "category ID": 3,
          "trunc": false
        }
      ]
    },
    {
      "frame_id": 56,
      "image_path": "frames/QeuzUfHIWYU_004435/images/000056.jpg",
      "accident_id": 3,
      "accident_name": "lateral",
      "objects": [
        {
          "obj_track_id": 364,
          "bbox": [
            90.1707779886148,
            330.62618595825427,
            995.977229601518,
            718.6337760910816
          ],
          "category": "car",
          "category ID": 3,
          "trunc": false
        }
      ]
    },
    {
      "frame_id": 57,
      "image_path": "frames/QeuzUfHIWYU_004435/images/000057.jpg",
      "accident_id": 3,
      "accident_name": "lateral",
      "objects": [
        {
          "obj_track_id": 364,
          "bbox": [
            5.464895635673624,
            308.7666034155598,
            1094.3453510436434,
            718.6337760910816
          ],
          "category": "car",
          "category ID": 3,
          "trunc": false
        }
      ]
    },
    {
      "frame_id": 58,
      "image_path": "frames/QeuzUfHIWYU_004435/images/000058.jpg",
      "accident_id": 3,
      "accident_name": "lateral",
      "objects": [
        {
          "obj_track_id": 364,
          "bbox": [
            112.0303605313093,
            316.96394686907024,
            1133.965844402277,
            718.6337760910816
          ],
          "category": "car",
          "category ID": 3,
          "trunc": false
        }
      ]
    },
    {
      "frame_id": 59,
      "image_path": "frames/QeuzUfHIWYU_004435/images/000059.jpg",
      "accident_id": 3,
      "accident_name": "lateral",
      "objects": [
        {
          "obj_track_id": 364,
          "bbox": [
            210.39848197343454,
            321.0626185958254,
            1196.812144212524,
            718.6337760910816
          ],
          "category": "car",
          "category ID": 3,
          "trunc": false
        }
      ]
    },
    {
      "frame_id": 60,
      "image_path": "frames/QeuzUfHIWYU_004435/images/000060.jpg",
      "accident_id": 3,
      "accident_name": "lateral",
      "objects": [
        {
          "obj_track_id": 364,
          "bbox": [
            299.203036053131,
            322.42884250474384,
            1232.3339658444024,
            718.6337760910816
          ],
          "category": "car",
          "category ID": 3,
          "trunc": false
        }
      ]
    },
    {
      "frame_id": 61,
      "image_path": "frames/QeuzUfHIWYU_004435/images/000061.jpg",
      "accident_id": 3,
      "accident_name": "lateral",
      "objects": [
        {
          "obj_track_id": 364,
          "bbox": [
            378.44402277039853,
            325.16129032258067,
            1246.480117820324,
            718.6337760910816
          ],
          "category": "car",
          "category ID": 3,
          "trunc": false
        }
      ]
    },
    {
      "frame_id": 62,
      "image_path": "frames/QeuzUfHIWYU_004435/images/000062.jpg",
      "accident_id": 3,
      "accident_name": "lateral",
      "objects": [
        {
          "obj_track_id": 364,
          "bbox": [
            532.8273244781784,
            321.0626185958254,
            1267.6877761413843,
            718.6337760910816
          ],
          "category": "car",
          "category ID": 3,
          "trunc": false
        }
      ]
    },
    {
      "frame_id": 63,
      "image_path": "frames/QeuzUfHIWYU_004435/images/000063.jpg",
      "accident_id": 3,
      "accident_name": "lateral",
      "objects": [
        {
          "obj_track_id": 364,
          "bbox": [
            624.3643263757116,
            316.96394686907024,
            1267.6877761413843,
            718.6337760910816
          ],
          "category": "car",
          "category ID": 3,
          "trunc": false
        }
      ]
    },
    {
      "frame_id": 64,
      "image_path": "frames/QeuzUfHIWYU_004435/images/000064.jpg",
      "accident_id": 3,
      "accident_name": "lateral",
      "objects": [
        {
          "obj_track_id": 364,
          "bbox": [
            804.7058823529412,
            325.16129032258067,
            1267.6877761413843,
            718.6337760910816
          ],
          "category": "car",
          "category ID": 3,
          "trunc": false
        }
      ]
    },
    {
      "frame_id": 65,
      "image_path": "frames/QeuzUfHIWYU_004435/images/000065.jpg",
      "accident_id": 3,
      "accident_name": "lateral",
      "objects": [
        {
          "obj_track_id": 364,
          "bbox": [
            877.1157495256167,
            311.4990512333966,
            1267.6877761413843,
            718.6337760910816
          ],
          "category": "car",
          "category ID": 3,
          "trunc": false
        }
      ]
    },
    {
      "frame_id": 66,
      "image_path": "frames/QeuzUfHIWYU_004435/images/000066.jpg",
      "accident_id": 3,
      "accident_name": "lateral",
      "objects": [
        {
          "obj_track_id": 364,
          "bbox": [
            883.9468690702088,
            311.4990512333966,
            1267.6877761413843,
            718.6337760910816
          ],
          "category": "car",
          "category ID": 3,
          "trunc": false
        }
      ]
    },
    {
      "frame_id": 67,
      "image_path": "frames/QeuzUfHIWYU_004435/images/000067.jpg",
      "accident_id": 3,
      "accident_name": "lateral",
      "objects": [
        {
          "obj_track_id": 364,
          "bbox": [
            939.9620493358634,
            323.79506641366225,
            1267.6877761413843,
            718.6337760910816
          ],
          "category": "car",
          "category ID": 3,
          "trunc": false
        }
      ]
    },
    {
      "frame_id": 68,
      "image_path": "frames/QeuzUfHIWYU_004435/images/000068.jpg",
      "accident_id": 3,
      "accident_name": "lateral",
      "objects": [
        {
          "obj_track_id": 364,
          "bbox": [
            979.5825426944972,
            334.7248576850095,
            1267.6877761413843,
            718.6337760910816
          ],
          "category": "car",
          "category ID": 3,
          "trunc": false
        }
      ]
    },
    {
      "frame_id": 69,
      "image_path": "frames/QeuzUfHIWYU_004435/images/000069.jpg",
      "accident_id": 0,
      "accident_name": "normal",
      "objects": []
    },
    {
      "frame_id": 70,
      "image_path": "frames/QeuzUfHIWYU_004435/images/000070.jpg",
      "accident_id": 0,
      "accident_name": "normal",
      "objects": []
    },
    {
      "frame_id": 71,
      "image_path": "frames/QeuzUfHIWYU_004435/images/000071.jpg",
      "accident_id": 0,
      "accident_name": "normal",
      "objects": []
    },
    {
      "frame_id": 72,
      "image_path": "frames/QeuzUfHIWYU_004435/images/000072.jpg",
      "accident_id": 0,
      "accident_name": "normal",
      "objects": []
    },
    {
      "frame_id": 73,
      "image_path": "frames/QeuzUfHIWYU_004435/images/000073.jpg",
      "accident_id": 0,
      "accident_name": "normal",
      "objects": []
    },
    {
      "frame_id": 74,
      "image_path": "frames/QeuzUfHIWYU_004435/images/000074.jpg",
      "accident_id": 0,
      "accident_name": "normal",
      "objects": []
    },
    {
      "frame_id": 75,
      "image_path": "frames/QeuzUfHIWYU_004435/images/000075.jpg",
      "accident_id": 0,
      "accident_name": "normal",
      "objects": []
    },
    {
      "frame_id": 76,
      "image_path": "frames/QeuzUfHIWYU_004435/images/000076.jpg",
      "accident_id": 0,
      "accident_name": "normal",
      "objects": []
    },
    {
      "frame_id": 77,
      "image_path": "frames/QeuzUfHIWYU_004435/images/000077.jpg",
      "accident_id": 0,
      "accident_name": "normal",
      "objects": []
    },
    {
      "frame_id": 78,
      "image_path": "frames/QeuzUfHIWYU_004435/images/000078.jpg",
      "accident_id": 0,
      "accident_name": "normal",
      "objects": []
    },
    {
      "frame_id": 79,
      "image_path": "frames/QeuzUfHIWYU_004435/images/000079.jpg",
      "accident_id": 0,
      "accident_name": "normal",
      "objects": []
    },
    {
      "frame_id": 80,
      "image_path": "frames/QeuzUfHIWYU_004435/images/000080.jpg",
      "accident_id": 0,
      "accident_name": "normal",
      "objects": []
    },
    {
      "frame_id": 81,
      "image_path": "frames/QeuzUfHIWYU_004435/images/000081.jpg",
      "accident_id": 0,
      "accident_name": "normal",
      "objects": []
    },
    {
      "frame_id": 82,
      "image_path": "frames/QeuzUfHIWYU_004435/images/000082.jpg",
      "accident_id": 0,
      "accident_name": "normal",
      "objects": []
    },
    {
      "frame_id": 83,
      "image_path": "frames/QeuzUfHIWYU_004435/images/000083.jpg",
      "accident_id": 0,
      "accident_name": "normal",
      "objects": []
    },
    {
      "frame_id": 84,
      "image_path": "frames/QeuzUfHIWYU_004435/images/000084.jpg",
      "accident_id": 0,
      "accident_name": "normal",
      "objects": []
    },
    {
      "frame_id": 85,
      "image_path": "frames/QeuzUfHIWYU_004435/images/000085.jpg",
      "accident_id": 0,
      "accident_name": "normal",
      "objects": []
    },
    {
      "frame_id": 86,
      "image_path": "frames/QeuzUfHIWYU_004435/images/000086.jpg",
      "accident_id": 0,
      "accident_name": "normal",
      "objects": []
    },
    {
      "frame_id": 87,
      "image_path": "frames/QeuzUfHIWYU_004435/images/000087.jpg",
      "accident_id": 0,
      "accident_name": "normal",
      "objects": []
    },
    {
      "frame_id": 88,
      "image_path": "frames/QeuzUfHIWYU_004435/images/000088.jpg",
      "accident_id": 0,
      "accident_name": "normal",
      "objects": []
    },
    {
      "frame_id": 89,
      "image_path": "frames/QeuzUfHIWYU_004435/images/000089.jpg",
      "accident_id": 0,
      "accident_name": "normal",
      "objects": []
    },
    {
      "frame_id": 90,
      "image_path": "frames/QeuzUfHIWYU_004435/images/000090.jpg",
      "accident_id": 0,
      "accident_name": "normal",
      "objects": []
    },
    {
      "frame_id": 91,
      "image_path": "frames/QeuzUfHIWYU_004435/images/000091.jpg",
      "accident_id": 0,
      "accident_name": "normal",
      "objects": []
    },
    {
      "frame_id": 92,
      "image_path": "frames/QeuzUfHIWYU_004435/images/000092.jpg",
      "accident_id": 0,
      "accident_name": "normal",
      "objects": []
    },
    {
      "frame_id": 93,
      "image_path": "frames/QeuzUfHIWYU_004435/images/000093.jpg",
      "accident_id": 0,
      "accident_name": "normal",
      "objects": []
    },
    {
      "frame_id": 94,
      "image_path": "frames/QeuzUfHIWYU_004435/images/000094.jpg",
      "accident_id": 0,
      "accident_name": "normal",
      "objects": []
    },
    {
      "frame_id": 95,
      "image_path": "frames/QeuzUfHIWYU_004435/images/000095.jpg",
      "accident_id": 0,
      "accident_name": "normal",
      "objects": []
    },
    {
      "frame_id": 96,
      "image_path": "frames/QeuzUfHIWYU_004435/images/000096.jpg",
      "accident_id": 0,
      "accident_name": "normal",
      "objects": []
    },
    {
      "frame_id": 97,
      "image_path": "frames/QeuzUfHIWYU_004435/images/000097.jpg",
      "accident_id": 0,
      "accident_name": "normal",
      "objects": []
    },
    {
      "frame_id": 98,
      "image_path": "frames/QeuzUfHIWYU_004435/images/000098.jpg",
      "accident_id": 0,
      "accident_name": "normal",
      "objects": []
    },
    {
      "frame_id": 99,
      "image_path": "frames/QeuzUfHIWYU_004435/images/000099.jpg",
      "accident_id": 0,
      "accident_name": "normal",
      "objects": []
    }
  ]
}