{
  "video_name": "TlBhM9Xbr2o_003153",
  "channel": "AnAn",
  "num_frames": 79,
  "ignore": false,
  "ego_involve": false,
  "night": false,
  "anomaly_start": 11,
  "anomaly_end": 26,
  "video_start": 3153,
  "video_end": 3231,
  "accident_id": "5",
  "accident_name": "turning",
  "labels": [
    {
      "frame_id": 0,
      "image_path": "frames/TlBhM9Xbr2o_003153/images/000000.jpg",
      "accident_id": 0,
      "accident_name": "normal",
      "objects": []
    },
    {
      "frame_id": 1,
      "image_path": "frames/TlBhM9Xbr2o_003153/images/000001.jpg",
      "accident_id": 0,
      "accident_name": "normal",
      "objects": []
    },
    {
      "frame_id": 2,
      "image_path": "frames/TlBhM9Xbr2o_003153/images/000002.jpg",
      "accident_id": 0,
      "accident_name": "normal",
      "objects": []
    },
    {
      "frame_id": 3,
      "image_path": "frames/TlBhM9Xbr2o_003153/images/000003.jpg",
      "accident_id": 0,
      "accident_name": "normal",
      "objects": []
    },
    {
      "frame_id": 4,
      "image_path": "frames/TlBhM9Xbr2o_003153/images/000004.jpg",
      "accident_id": 0,
      "accident_name": "normal",
      "objects": []
    },
    {
      "frame_id": 5,
      "image_path": "frames/TlBhM9Xbr2o_003153/images/000005.jpg",
      "accident_id": 0,
      "accident_name": "normal",
      "objects": []
    },
    {
      "frame_id": 6,
      "image_path": "frames/TlBhM9Xbr2o_003153/images/000006.jpg",
      "accident_id": 0,
      "accident_name": "normal",
      "objects": []
    },
    {
      "frame_id": 7,
      "image_path": "frames/TlBhM9Xbr2o_003153/images/000007.jpg",
      "accident_id": 0,
      "accident_name": "normal",
      "objects": []
    },
    {
      "frame_id": 8,
      "image_path": "frames/TlBhM9Xbr2o_003153/images/000008.jpg",
      "accident_id": 0,
      "accident_name": "normal",
      "objects": []
    },
    {
      "frame_id": 9,
      "image_path": "frames/TlBhM9Xbr2o_003153/images/000009.jpg",
      "accident_id": 0,
      "accident_name": "normal",
      "objects": []
    },
    {
      "frame_id": 10,
      "image_path": "frames/TlBhM9Xbr2o_003153/images/000010.jpg",
      "accident_id": 0,
      "accident_name": "normal",
      "objects": []
    },
    {
      "frame_id": 11,
      "image_path": "frames/TlBhM9Xbr2o_003153/images/000011.jpg",
      "accident_id": 5,
      "accident_name": "turning",
      "objects": [
        {
          "obj_track_id": 0,
          "bbox": [
            360.96904441453563,
            363.3916554508748,
            810.6056527590847,
            526.1911170928666
          ],
          "category": "car",
          "category ID": 3,
          "trunc": false
        },
        {
          "obj_track_id": 69,
          "bbox": [
            1040.2691790040376,
            344.9798115746971,
            1279.1386271870792,
            545.5720053835801
          ],
          "category": "motor",
          "category ID": 7,
          "trunc": true
        },
        {
          "obj_track_id": 138,
          "bbox": [
            1043.1763122476445,
            271.3324360699865,
            1215.666218034993,
            540.7267833109017
          ],
          "category": "rider",
          "category ID": 2,
          "trunc": false
        }
      ]
    },
    {
      "frame_id": 12,
      "image_path": "frames/TlBhM9Xbr2o_003153/images/000012.jpg",
      "accident_id": 5,
      "accident_name": "turning",
      "objects": [
        {
          "obj_track_id": 0,
          "bbox": [
            369.69044414535665,
            362.4226110363391,
            831.9246298788694,
            527.1601615074023
          ],
          "category": "car",
          "category ID": 3,
          "trunc": false
        },
        {
          "obj_track_id": 69,
          "bbox": [
            985.6796769851951,
            340.1345895020188,
            1219.5423956931359,
            545.4104979811575
          ],
          "category": "motor",
          "category ID": 7,
          "trunc": false
        },
        {
          "obj_track_id": 138,
          "bbox": [
            986.0026917900402,
            288.7752355316285,
            1135.235531628533,
            544.6029609690444
          ],
          "category": "rider",
          "category ID": 2,
          "trunc": false
        }
      ]
    },
    {
      "frame_id": 13,
      "image_path": "frames/TlBhM9Xbr2o_003153/images/000013.jpg",
      "accident_id": 5,
      "accident_name": "turning",
      "objects": [
        {
          "obj_track_id": 0,
          "bbox": [
            378.4118438761776,
            362.4226110363391,
            852.2745625841184,
            523.2839838492597
          ],
          "category": "car",
          "category ID": 3,
          "trunc": false
        },
        {
          "obj_track_id": 69,
          "bbox": [
            933.9973082099596,
            347.4993270524899,
            1158.1049798115746,
            546.7994616419919
          ],
          "category": "motor",
          "category ID": 7,
          "trunc": false
        },
        {
          "obj_track_id": 138,
          "bbox": [
            954.993270524899,
            298.4656796769852,
            1071.278600269179,
            543.6339165545087
          ],
          "category": "rider",
          "category ID": 2,
          "trunc": false
        }
      ]
    },
    {
      "frame_id": 14,
      "image_path": "frames/TlBhM9Xbr2o_003153/images/000014.jpg",
      "accident_id": 5,
      "accident_name": "turning",
      "objects": [
        {
          "obj_track_id": 0,
          "bbox": [
            391.00942126514127,
            359.51547779273216,
            869.7173620457603,
            524.9798115746971
          ],
          "category": "car",
          "category ID": 3,
          "trunc": false
        },
        {
          "obj_track_id": 69,
          "bbox": [
            897.8196500672947,
            350.79407806191114,
            1109.07133243607,
            541.6958277254373
          ],
          "category": "motor",
          "category ID": 7,
          "trunc": false
        },
        {
          "obj_track_id": 138,
          "bbox": [
            917.200538358008,
            309.12516823687747,
            1027.671601615074,
            540.7267833109017
          ],
          "category": "rider",
          "category ID": 2,
          "trunc": false
        }
      ]
    },
    {
      "frame_id": 15,
      "image_path": "frames/TlBhM9Xbr2o_003153/images/000015.jpg",
      "accident_id": 5,
      "accident_name": "turning",
      "objects": [
        {
          "obj_track_id": 0,
          "bbox": [
            402.6379542395693,
            357.5773889636608,
            886.1911170928666,
            526.6756393001345
          ],
          "category": "car",
          "category ID": 3,
          "trunc": false
        },
        {
          "obj_track_id": 69,
          "bbox": [
            883.2839838492597,
            357.5773889636608,
            1068.371467025572,
            535.8815612382234
          ],
          "category": "motor",
          "category ID": 7,
          "trunc": false
        },
        {
          "obj_track_id": 138,
          "bbox": [
            884.8990578734858,
            315.9084791386272,
            994.7240915208613,
            535.235531628533
          ],
          "category": "rider",
          "category ID": 2,
          "trunc": false
        }
      ]
    },
    {
      "frame_id": 16,
      "image_path": "frames/TlBhM9Xbr2o_003153/images/000016.jpg",
      "accident_id": 5,
      "accident_name": "turning",
      "objects": [
        {
          "obj_track_id": 0,
          "bbox": [
            418.1426648721399,
            356.12382234185725,
            882.314939434724,
            528.371467025572
          ],
          "category": "car",
          "category ID": 3,
          "trunc": false
        },
        {
          "obj_track_id": 69,
          "bbox": [
            865.8411843876177,
            358.54643337819647,
            1041.2382234185732,
            534.4279946164199
          ],
          "category": "motor",
          "category ID": 7,
          "trunc": false
        },
        {
          "obj_track_id": 138,
          "bbox": [
            864.872139973082,
            323.6608344549125,
            966.6218034993269,
            532.9744279946163
          ],
          "category": "rider",
          "category ID": 2,
          "trunc": false
        }
      ]
    },
    {
      "frame_id": 17,
      "image_path": "frames/TlBhM9Xbr2o_003153/images/000017.jpg",
      "accident_id": 5,
      "accident_name": "turning",
      "objects": [
        {
          "obj_track_id": 0,
          "bbox": [
            433.64737550471057,
            354.6702557200538,
            878.4387617765814,
            530.0672947510094
          ],
          "category": "car",
          "category ID": 3,
          "trunc": false
        },
        {
          "obj_track_id": 69,
          "bbox": [
            858.0888290713324,
            357.5773889636608,
            1043.1763122476445,
            532.9744279946163
          ],
          "category": "motor",
          "category ID": 7,
          "trunc": false
        },
        {
          "obj_track_id": 138,
          "bbox": [
            860.9959623149394,
            334.3203230148048,
            954.0242261103633,
            521.3458950201883
          ],
          "category": "rider",
          "category ID": 2,
          "trunc": false
        }
      ]
    },
    {
      "frame_id": 18,
      "image_path": "frames/TlBhM9Xbr2o_003153/images/000018.jpg",
      "accident_id": 5,
      "accident_name": "turning",
      "objects": [
        {
          "obj_track_id": 0,
          "bbox": [
            451.25168236877516,
            354.6702557200538,
            893.943472409152,
            530.2288021534321
          ],
          "category": "car",
          "category ID": 3,
          "trunc": false
        },
        {
          "obj_track_id": 69,
          "bbox": [
            867.2947510094211,
            348.8559892328398,
            1058.6810228802153,
            524.2530282637954
          ],
          "category": "motor",
          "category ID": 7,
          "trunc": false
        },
        {
          "obj_track_id": 138,
          "bbox": [
            880.8613728129205,
            344.9798115746971,
            1012.1668909825032,
            514.5625841184387
          ],
          "category": "rider",
          "category ID": 2,
          "trunc": false
        }
      ]
    },
    {
      "frame_id": 19,
      "image_path": "frames/TlBhM9Xbr2o_003153/images/000019.jpg",
      "accident_id": 5,
      "accident_name": "turning",
      "objects": [
        {
          "obj_track_id": 0,
          "bbox": [
            468.85598923283976,
            354.6702557200538,
            909.4481830417226,
            530.3903095558546
          ],
          "category": "car",
          "category ID": 3,
          "trunc": false
        },
        {
          "obj_track_id": 69,
          "bbox": [
            876.50067294751,
            356.60834454912515,
            1077.0928667563928,
            522.9609690444145
          ],
          "category": "motor",
          "category ID": 7,
          "trunc": false
        },
        {
          "obj_track_id": 138,
          "bbox": [
            900.7267833109016,
            355.63930013458946,
            1032.5168236877523,
            509.71736204576035
          ],
          "category": "rider",
          "category ID": 2,
          "trunc": false
        }
      ]
    },
    {
      "frame_id": 20,
      "image_path": "frames/TlBhM9Xbr2o_003153/images/000020.jpg",
      "accident_id": 5,
      "accident_name": "turning",
      "objects": [
        {
          "obj_track_id": 0,
          "bbox": [
            486.46029609690436,
            354.6702557200538,
            924.9528936742934,
            530.5518169582772
          ],
          "category": "car",
          "category ID": 3,
          "trunc": false
        },
        {
          "obj_track_id": 69,
          "bbox": [
            885.7065948855989,
            381.80349932705246,
            1108.1022880215342,
            521.6689098250336
          ],
          "category": "motor",
          "category ID": 7,
          "trunc": false
        },
        {
          "obj_track_id": 138,
          "bbox": [
            924.9528936742934,
            375.02018842530276,
            1042.207267833109,
            496.15074024226107
          ],
          "category": "rider",
          "category ID": 2,
          "trunc": false
        }
      ]
    },
    {
      "frame_id": 21,
      "image_path": "frames/TlBhM9Xbr2o_003153/images/000021.jpg",
      "accident_id": 5,
      "accident_name": "turning",
      "objects": [
        {
          "obj_track_id": 0,
          "bbox": [
            504.06460296096895,
            354.6702557200538,
            940.4576043068639,
            530.7133243606999
          ],
          "category": "car",
          "category ID": 3,
          "trunc": false
        },
        {
          "obj_track_id": 69,
          "bbox": [
            894.9125168236876,
            407.9676985195154,
            1130.3903095558546,
            520.3768506056527
          ],
          "category": "motor",
          "category ID": 7,
          "trunc": false
        },
        {
          "obj_track_id": 138,
          "bbox": [
            949.179004037685,
            394.4010767160161,
            1026.7025572005382,
            469.98654104979806
          ],
          "category": "rider",
          "category ID": 2,
          "trunc": false
        }
      ]
    },
    {
      "frame_id": 22,
      "image_path": "frames/TlBhM9Xbr2o_003153/images/000022.jpg",
      "accident_id": 5,
      "accident_name": "turning",
      "objects": [
        {
          "obj_track_id": 0,
          "bbox": [
            521.6689098250336,
            354.6702557200538,
            955.9623149394346,
            530.8748317631225
          ],
          "category": "car",
          "category ID": 3,
          "trunc": false
        },
        {
          "obj_track_id": 69,
          "bbox": [
            913.3243606998653,
            443.82234185733506,
            1141.0497981157469,
            539.757738896366
          ],
          "category": "motor",
          "category ID": 7,
          "trunc": false
        },
        {
          "obj_track_id": 138,
          "bbox": [
            972.4360699865409,
            411.8438761776581,
            1040.2691790040376,
            466.1103633916554
          ],
          "category": "rider",
          "category ID": 2,
          "trunc": false
        }
      ]
    },
    {
      "frame_id": 23,
      "image_path": "frames/TlBhM9Xbr2o_003153/images/000023.jpg",
      "accident_id": 5,
      "accident_name": "turning",
      "objects": [
        {
          "obj_track_id": 0,
          "bbox": [
            539.2732166890981,
            354.6702557200538,
            971.4670255720052,
            531.0363391655451
          ],
          "category": "car",
          "category ID": 3,
          "trunc": false
        },
        {
          "obj_track_id": 69,
          "bbox": [
            916.2314939434723,
            445.76043068640644,
            1153.6473755047105,
            539.757738896366
          ],
          "category": "motor",
          "category ID": 7,
          "trunc": false
        }
      ]
    },
    {
      "frame_id": 24,
      "image_path": "frames/TlBhM9Xbr2o_003153/images/000024.jpg",
      "accident_id": 5,
      "accident_name": "turning",
      "objects": [
        {
          "obj_track_id": 0,
          "bbox": [
            554.2934051144009,
            352.2476446837146,
            977.2812920592191,
            532.0053835800807
          ],
          "category": "car",
          "category ID": 3,
          "trunc": false
        },
        {
          "obj_track_id": 69,
          "bbox": [
            925.9219380888289,
            443.3378196500672,
            1161.399730820996,
            540.7267833109016
          ],
          "category": "motor",
          "category ID": 7,
          "trunc": false
        }
      ]
    },
    {
      "frame_id": 25,
      "image_path": "frames/TlBhM9Xbr2o_003153/images/000025.jpg",
      "accident_id": 5,
      "accident_name": "turning",
      "objects": [
        {
          "obj_track_id": 0,
          "bbox": [
            569.3135935397038,
            349.82503364737545,
            983.0955585464333,
            532.9744279946163
          ],
          "category": "car",
          "category ID": 3,
          "trunc": false
        },
        {
          "obj_track_id": 69,
          "bbox": [
            935.6123822341856,
            440.91520861372805,
            1169.1520861372812,
            541.6958277254373
          ],
          "category": "motor",
          "category ID": 7,
          "trunc": false
        }
      ]
    },
    {
      "frame_id": 26,
      "image_path": "frames/TlBhM9Xbr2o_003153/images/000026.jpg",
      "accident_id": 0,
      "accident_name": "normal",
      "objects": []
    },
    {
      "frame_id": 27,
      "image_path": "frames/TlBhM9Xbr2o_003153/images/000027.jpg",
      "accident_id": 0,
      "accident_name": "normal",
      "objects": []
    },
    {
      "frame_id": 28,
      "image_path": "frames/TlBhM9Xbr2o_003153/images/000028.jpg",
      "accident_id": 0,
      "accident_name": "normal",
      "objects": []
    },
    {
      "frame_id": 29,
      "image_path": "frames/TlBhM9Xbr2o_003153/images/000029.jpg",
      "accident_id": 0,
      "accident_name": "normal",
      "objects": []
    },
    {
      "frame_id": 30,
      "image_path": "frames/TlBhM9Xbr2o_003153/images/000030.jpg",
      "accident_id": 0,
      "accident_name": "normal",
      "objects": []
    },
    {
      "frame_id": 31,
      "image_path": "frames/TlBhM9Xbr2o_003153/images/000031.jpg",
      "accident_id": 0,
      "accident_name": "normal",
      "objects": []
    },
    {
      "frame_id": 32,
      "image_path": "frames/TlBhM9Xbr2o_003153/images/000032.jpg",
      "accident_id": 0,
      "accident_name": "normal",
      "objects": []
    },
    {
      "frame_id": 33,
      "image_path": "frames/TlBhM9Xbr2o_003153/images/000033.jpg",
      "accident_id": 0,
      "accident_name": "normal",
      "objects": []
    },
    {
      "frame_id": 34,
      "image_path": "frames/TlBhM9Xbr2o_003153/images/000034.jpg",
      "accident_id": 0,
      "accident_name": "normal",
      "objects": []
    },
    {
      "frame_id": 35,
      "image_path": "frames/TlBhM9Xbr2o_003153/images/000035.jpg",
      "accident_id": 0,
      "accident_name": "normal",
      "objects": []
    },
    {
      "frame_id": 36,
      "image_path": "frames/TlBhM9Xbr2o_003153/images/000036.jpg",
      "accident_id": 0,
      "accident_name": "normal",
      "objects": []
    },
    {
      "frame_id": 37,
      "image_path": "frames/TlBhM9Xbr2o_003153/images/000037.jpg",
      "accident_id": 0,
      "accident_name": "normal",
      "objects": []
    },
    {
      "frame_id": 38,
      "image_path": "frames/TlBhM9Xbr2o_003153/images/000038.jpg",
      "accident_id": 0,
      "accident_name": "normal",
      "objects": []
    },
    {
      "frame_id": 39,
      "image_path": "frames/TlBhM9Xbr2o_003153/images/000039.jpg",
      "accident_id": 0,
      "accident_name": "normal",
      "objects": []
    },
    {
      "frame_id": 40,
      "image_path": "frames/TlBhM9Xbr2o_003153/images/000040.jpg",
      "accident_id": 0,
      "accident_name": "normal",
      "objects": []
    },
    {
      "frame_id": 41,
      "image_path": "frames/TlBhM9Xbr2o_003153/images/000041.jpg",
      "accident_id": 0,
      "accident_name": "normal",
      "objects": []
    },
    {
      "frame_id": 42,
      "image_path": "frames/TlBhM9Xbr2o_003153/images/000042.jpg",
      "accident_id": 0,
      "accident_name": "normal",
      "objects": []
    },
    {
      "frame_id": 43,
      "image_path": "frames/TlBhM9Xbr2o_003153/images/000043.jpg",
      "accident_id": 0,
      "accident_name": "normal",
      "objects": []
    },
    {
      "frame_id": 44,
      "image_path": "frames/TlBhM9Xbr2o_003153/images/000044.jpg",
      "accident_id": 0,
      "accident_name": "normal",
      "objects": []
    },
    {
      "frame_id": 45,
      "image_path": "frames/TlBhM9Xbr2o_003153/images/000045.jpg",
      "accident_id": 0,
      "accident_name": "normal",
      "objects": []
    },
    {
      "frame_id": 46,
      "image_path": "frames/TlBhM9Xbr2o_003153/images/000046.jpg",
      "accident_id": 0,
      "accident_name": "normal",
      "objects": []
    },
    {
      "frame_id": 47,
      "image_path": "frames/TlBhM9Xbr2o_003153/images/000047.jpg",
      "accident_id": 0,
      "accident_name": "normal",
      "objects": []
    },
    {
      "frame_id": 48,
      "image_path": "frames/TlBhM9Xbr2o_003153/images/000048.jpg",
      "accident_id": 0,
      "accident_name": "normal",
      "objects": []
    },
    {
      "frame_id": 49,
      "image_path": "frames/TlBhM9Xbr2o_003153/images/000049.jpg",
      "accident_id": 0,
      "accident_name": "normal",
      "objects": []
    },
    {
      "frame_id": 50,
      "image_path": "frames/TlBhM9Xbr2o_003153/images/000050.jpg",
      "accident_id": 0,
      "accident_name": "normal",
      "objects": []
    },
    {
      "frame_id": 51,
      "image_path": "frames/TlBhM9Xbr2o_003153/images/000051.jpg",
      "accident_id": 0,
      "accident_name": "normal",
      "objects": []
    },
    {
      "frame_id": 52,
      "image_path": "frames/TlBhM9Xbr2o_003153/images/000052.jpg",
      "accident_id": 0,
      "accident_name": "normal",
      "objects": []
    },
    {
      "frame_id": 53,
      "image_path": "frames/TlBhM9Xbr2o_003153/images/000053.jpg",
      "accident_id": 0,
      "accident_name": "normal",
      "objects": []
    },
    {
      "frame_id": 54,
      "image_path": "frames/TlBhM9Xbr2o_003153/images/000054.jpg",
      "accident_id": 0,
      "accident_name": "normal",
      "objects": []
    },
    {
      "frame_id": 55,
      "image_path": "frames/TlBhM9Xbr2o_003153/images/000055.jpg",
      "accident_id": 0,
      "accident_name": "normal",
      "objects": []
    },
    {
      "frame_id": 56,
      "image_path": "frames/TlBhM9Xbr2o_003153/images/000056.jpg",
      "accident_id": 0,
      "accident_name": "normal",
      "objects": []
    },
    {
      "frame_id": 57,
      "image_path": "frames/TlBhM9Xbr2o_003153/images/000057.jpg",
      "accident_id": 0,
      "accident_name": "normal",
      "objects": []
    },
    {
      "frame_id": 58,
      "image_path": "frames/TlBhM9Xbr2o_003153/images/000058.jpg",
      "accident_id": 0,
      "accident_name": "normal",
      "objects": []
    },
    {
      "frame_id": 59,
      "image_path": "frames/TlBhM9Xbr2o_003153/images/000059.jpg",
      "accident_id": 0,
      "accident_name": "normal",
      "objects": []
    },
    {
      "frame_id": 60,
      "image_path": "frames/TlBhM9Xbr2o_003153/images/000060.jpg",
      "accident_id": 0,
      "accident_name": "normal",
      "objects": []
    },
    {
      "frame_id": 61,
      "image_path": "frames/TlBhM9Xbr2o_003153/images/000061.jpg",
      "accident_id": 0,
      "accident_name": "normal",
      "objects": []
    },
    {
      "frame_id": 62,
      "image_path": "frames/TlBhM9Xbr2o_003153/images/000062.jpg",
      "accident_id": 0,
      "accident_name": "normal",
      "objects": []
    },
    {
      "frame_id": 63,
      "image_path": "frames/TlBhM9Xbr2o_003153/images/000063.jpg",
      "accident_id": 0,
      "accident_name": "normal",
      "objects": []
    },
    {
      "frame_id": 64,
      "image_path": "frames/TlBhM9Xbr2o_003153/images/000064.jpg",
      "accident_id": 0,
      "accident_name": "normal",
      "objects": []
    },
    {
      "frame_id": 65,
      "image_path": "frames/TlBhM9Xbr2o_003153/images/000065.jpg",
      "accident_id": 0,
      "accident_name": "normal",
      "objects": []
    },
    {
      "frame_id": 66,
      "image_path": "frames/TlBhM9Xbr2o_003153/images/000066.jpg",
      "accident_id": 0,
      "accident_name": "normal",
      "objects": []
    },
    {
      "frame_id": 67,
      "image_path": "frames/TlBhM9Xbr2o_003153/images/000067.jpg",
      "accident_id": 0,
      "accident_name": "normal",
      "objects": []
    },
    {
      "frame_id": 68,
      "image_path": "frames/TlBhM9Xbr2o_003153/images/000068.jpg",
      "accident_id": 0,
      "accident_name": "normal",
      "objects": []
    },
    {
      "frame_id": 69,
      "image_path": "frames/TlBhM9Xbr2o_003153/images/000069.jpg",
      "accident_id": 0,
      "accident_name": "normal",
      "objects": []
    },
    {
      "frame_id": 70,
      "image_path": "frames/TlBhM9Xbr2o_003153/images/000070.jpg",
      "accident_id": 0,
      "accident_name": "normal",
      "objects": []
    },
    {
      "frame_id": 71,
      "image_path": "frames/TlBhM9Xbr2o_003153/images/000071.jpg",
      "accident_id": 0,
      "accident_name": "normal",
      "objects": []
    },
    {
      "frame_id": 72,
      "image_path": "frames/TlBhM9Xbr2o_003153/images/000072.jpg",
      "accident_id": 0,
      "accident_name": "normal",
      "objects": []
    },
    {
      "frame_id": 73,
      "image_path": "frames/TlBhM9Xbr2o_003153/images/000073.jpg",
      "accident_id": 0,
      "accident_name": "normal",
      "objects": []
    },
    {
      "frame_id": 74,
      "image_path": "frames/TlBhM9Xbr2o_003153/images/000074.jpg",
      "accident_id": 0,
      "accident_name": "normal",
      "objects": []
    },
    {
      "frame_id": 75,
      "image_path": "frames/TlBhM9Xbr2o_003153/images/000075.jpg",
      "accident_id": 0,
      "accident_name": "normal",
      "objects": []
    },
    {
      "frame_id": 76,
      "image_path": "frames/TlBhM9Xbr2o_003153/images/000076.jpg",
      "accident_id": 0,
      "accident_name": "normal",
      "objects": []
    },
    {
      "frame_id": 77,
      "image_path": "frames/TlBhM9Xbr2o_003153/images/000077.jpg",
      "accident_id": 0,
      "accident_name": "normal",
      "objects": []
    },
    {
      "frame_id": 78,
      "image_path": "frames/TlBhM9Xbr2o_003153/images/000078.jpg",
      "accident_id": 0,
      "accident_name": "normal",
      "objects": []
    }
  ]
}