{
  "video_name": "UOjQsfDXjO0_003347",
  "channel": "CarCrashesTime",
  "num_frames": 119,
  "ignore": false,
  "ego_involve": false,
  "night": false,
  "anomaly_start": 55,
  "anomaly_end": 86,
  "video_start": 3347,
  "video_end": 3465,
  "accident_id": "3",
  "accident_name": "lateral",
  "labels": [
    {
      "frame_id": 0,
      "image_path": "frames/UOjQsfDXjO0_003347/images/000000.jpg",
      "accident_id": 0,
      "accident_name": "normal",
      "objects": []
    },
    {
      "frame_id": 1,
      "image_path": "frames/UOjQsfDXjO0_003347/images/000001.jpg",
      "accident_id": 0,
      "accident_name": "normal",
      "objects": []
    },
    {
      "frame_id": 2,
      "image_path": "frames/UOjQsfDXjO0_003347/images/000002.jpg",
      "accident_id": 0,
      "accident_name": "normal",
      "objects": []
    },
    {
      "frame_id": 3,
      "image_path": "frames/UOjQsfDXjO0_003347/images/000003.jpg",
      "accident_id": 0,
      "accident_name": "normal",
      "objects": []
    },
    {
      "frame_id": 4,
      "image_path": "frames/UOjQsfDXjO0_003347/images/000004.jpg",
      "accident_id": 0,
      "accident_name": "normal",
      "objects": []
    },
    {
      "frame_id": 5,
      "image_path": "frames/UOjQsfDXjO0_003347/images/000005.jpg",
      "accident_id": 0,
      "accident_name": "normal",
      "objects": []
    },
    {
      "frame_id": 6,
      "image_path": "frames/UOjQsfDXjO0_003347/images/000006.jpg",
      "accident_id": 0,
      "accident_name": "normal",
      "objects": []
    },
    {
      "frame_id": 7,
      "image_path": "frames/UOjQsfDXjO0_003347/images/000007.jpg",
      "accident_id": 0,
      "accident_name": "normal",
      "objects": []
    },
    {
      "frame_id": 8,
      "image_path": "frames/UOjQsfDXjO0_003347/images/000008.jpg",
      "accident_id": 0,
      "accident_name": "normal",
      "objects": []
    },
    {
      "frame_id": 9,
      "image_path": "frames/UOjQsfDXjO0_003347/images/000009.jpg",
      "accident_id": 0,
      "accident_name": "normal",
      "objects": []
    },
    {
      "frame_id": 10,
      "image_path": "frames/UOjQsfDXjO0_003347/images/000010.jpg",
      "accident_id": 0,
      "accident_name": "normal",
      "objects": []
    },
    {
      "frame_id": 11,
      "image_path": "frames/UOjQsfDXjO0_003347/images/000011.jpg",
      "accident_id": 0,
      "accident_name": "normal",
      "objects": []
    },
    {
      "frame_id": 12,
      "image_path": "frames/UOjQsfDXjO0_003347/images/000012.jpg",
      "accident_id": 0,
      "accident_name": "normal",
      "objects": []
    },
    {
      "frame_id": 13,
      "image_path": "frames/UOjQsfDXjO0_003347/images/000013.jpg",
      "accident_id": 0,
      "accident_name": "normal",
      "objects": []
    },
    {
      "frame_id": 14,
      "image_path": "frames/UOjQsfDXjO0_003347/images/000014.jpg",
      "accident_id": 0,
      "accident_name": "normal",
      "objects": []
    },
    {
      "frame_id": 15,
      "image_path": "frames/UOjQsfDXjO0_003347/images/000015.jpg",
      "accident_id": 0,
      "accident_name": "normal",
      "objects": []
    },
    {
      "frame_id": 16,
      "image_path": "frames/UOjQsfDXjO0_003347/images/000016.jpg",
      "accident_id": 0,
      "accident_name": "normal",
      "objects": []
    },
    {
      "frame_id": 17,
      "image_path": "frames/UOjQsfDXjO0_003347/images/000017.jpg",
      "accident_id": 0,
      "accident_name": "normal",
      "objects": []
    },
    {
      "frame_id": 18,
      "image_path": "frames/UOjQsfDXjO0_003347/images/000018.jpg",
      "accident_id": 0,
      "accident_name": "normal",
      "objects": []
    },
    {
      "frame_id": 19,
      "image_path": "frames/UOjQsfDXjO0_003347/images/000019.jpg",
      "accident_id": 0,
      "accident_name": "normal",
      "objects": []
    },
    {
      "frame_id": 20,
      "image_path": "frames/UOjQsfDXjO0_003347/images/000020.jpg",
      "accident_id": 0,
      "accident_name": "normal",
      "objects": []
    },
    {
      "frame_id": 21,
      "image_path": "frames/UOjQsfDXjO0_003347/images/000021.jpg",
      "accident_id": 0,
      "accident_name": "normal",
      "objects": []
    },
    {
      "frame_id": 22,
      "image_path": "frames/UOjQsfDXjO0_003347/images/000022.jpg",
      "accident_id": 0,
      "accident_name": "normal",
      "objects": []
    },
    {
      "frame_id": 23,
      "image_path": "frames/UOjQsfDXjO0_003347/images/000023.jpg",
      "accident_id": 0,
      "accident_name": "normal",
      "objects": []
    },
    {
      "frame_id": 24,
      "image_path": "frames/UOjQsfDXjO0_003347/images/000024.jpg",
      "accident_id": 0,
      "accident_name": "normal",
      "objects": []
    },
    {
      "frame_id": 25,
      "image_path": "frames/UOjQsfDXjO0_003347/images/000025.jpg",
      "accident_id": 0,
      "accident_name": "normal",
      "objects": []
    },
    {
      "frame_id": 26,
      "image_path": "frames/UOjQsfDXjO0_003347/images/000026.jpg",
      "accident_id": 0,
      "accident_name": "normal",
      "objects": []
    },
    {
      "frame_id": 27,
      "image_path": "frames/UOjQsfDXjO0_003347/images/000027.jpg",
      "accident_id": 0,
      "accident_name": "normal",
      "objects": []
    },
    {
      "frame_id": 28,
      "image_path": "frames/UOjQsfDXjO0_003347/images/000028.jpg",
      "accident_id": 0,
      "accident_name": "normal",
      "objects": []
    },
    {
      "frame_id": 29,
      "image_path": "frames/UOjQsfDXjO0_003347/images/000029.jpg",
      "accident_id": 0,
      "accident_name": "normal",
      "objects": []
    },
    {
      "frame_id": 30,
      "image_path": "frames/UOjQsfDXjO0_003347/images/000030.jpg",
      "accident_id": 0,
      "accident_name": "normal",
      "objects": []
    },
    {
      "frame_id": 31,
      "image_path": "frames/UOjQsfDXjO0_003347/images/000031.jpg",
      "accident_id": 0,
      "accident_name": "normal",
      "objects": []
    },
    {
      "frame_id": 32,
      "image_path": "frames/UOjQsfDXjO0_003347/images/000032.jpg",
      "accident_id": 0,
      "accident_name": "normal",
      "objects": []
    },
    {
      "frame_id": 33,
      "image_path": "frames/UOjQsfDXjO0_003347/images/000033.jpg",
      "accident_id": 0,
      "accident_name": "normal",
      "objects": []
    },
    {
      "frame_id": 34,
      "image_path": "frames/UOjQsfDXjO0_003347/images/000034.jpg",
      "accident_id": 0,
      "accident_name": "normal",
      "objects": []
    },
    {
      "frame_id": 35,
      "image_path": "frames/UOjQsfDXjO0_003347/images/000035.jpg",
      "accident_id": 0,
      "accident_name": "normal",
      "objects": []
    },
    {
      "frame_id": 36,
      "image_path": "frames/UOjQsfDXjO0_003347/images/000036.jpg",
      "accident_id": 0,
      "accident_name": "normal",
      "objects": []
    },
    {
      "frame_id": 37,
      "image_path": "frames/UOjQsfDXjO0_003347/images/000037.jpg",
      "accident_id": 0,
      "accident_name": "normal",
      "objects": []
    },
    {
      "frame_id": 38,
      "image_path": "frames/UOjQsfDXjO0_003347/images/000038.jpg",
      "accident_id": 0,
      "accident_name": "normal",
      "objects": []
    },
    {
      "frame_id": 39,
      "image_path": "frames/UOjQsfDXjO0_003347/images/000039.jpg",
      "accident_id": 0,
      "accident_name": "normal",
      "objects": []
    },
    {
      "frame_id": 40,
      "image_path": "frames/UOjQsfDXjO0_003347/images/000040.jpg",
      "accident_id": 0,
      "accident_name": "normal",
      "objects": []
    },
    {
      "frame_id": 41,
      "image_path": "frames/UOjQsfDXjO0_003347/images/000041.jpg",
      "accident_id": 0,
      "accident_name": "normal",
      "objects": []
    },
    {
      "frame_id": 42,
      "image_path": "frames/UOjQsfDXjO0_003347/images/000042.jpg",
      "accident_id": 0,
      "accident_name": "normal",
      "objects": []
    },
    {
      "frame_id": 43,
      "image_path": "frames/UOjQsfDXjO0_003347/images/000043.jpg",
      "accident_id": 0,
      "accident_name": "normal",
      "objects": []
    },
    {
      "frame_id": 44,
      "image_path": "frames/UOjQsfDXjO0_003347/images/000044.jpg",
      "accident_id": 0,
      "accident_name": "normal",
      "objects": []
    },
    {
      "frame_id": 45,
      "image_path": "frames/UOjQsfDXjO0_003347/images/000045.jpg",
      "accident_id": 0,
      "accident_name": "normal",
      "objects": []
    },
    {
      "frame_id": 46,
      "image_path": "frames/UOjQsfDXjO0_003347/images/000046.jpg",
      "accident_id": 0,
      "accident_name": "normal",
      "objects": []
    },
    {
      "frame_id": 47,
      "image_path": "frames/UOjQsfDXjO0_003347/images/000047.jpg",
      "accident_id": 0,
      "accident_name": "normal",
      "objects": []
    },
    {
      "frame_id": 48,
      "image_path": "frames/UOjQsfDXjO0_003347/images/000048.jpg",
      "accident_id": 0,
      "accident_name": "normal",
      "objects": []
    },
    {
      "frame_id": 49,
      "image_path": "frames/UOjQsfDXjO0_003347/images/000049.jpg",
      "accident_id": 0,
      "accident_name": "normal",
      "objects": []
    },
    {
      "frame_id": 50,
      "image_path": "frames/UOjQsfDXjO0_003347/images/000050.jpg",
      "accident_id": 0,
      "accident_name": "normal",
      "objects": []
    },
    {
      "frame_id": 51,
      "image_path": "frames/UOjQsfDXjO0_003347/images/000051.jpg",
      "accident_id": 0,
      "accident_name": "normal",
      "objects": []
    },
    {
      "frame_id": 52,
      "image_path": "frames/UOjQsfDXjO0_003347/images/000052.jpg",
      "accident_id": 0,
      "accident_name": "normal",
      "objects": []
    },
    {
      "frame_id": 53,
      "image_path": "frames/UOjQsfDXjO0_003347/images/000053.jpg",
      "accident_id": 0,
      "accident_name": "normal",
      "objects": []
    },
    {
      "frame_id": 54,
      "image_path": "frames/UOjQsfDXjO0_003347/images/000054.jpg",
      "accident_id": 0,
      "accident_name": "normal",
      "objects": []
    },
    {
      "frame_id": 55,
      "image_path": "frames/UOjQsfDXjO0_003347/images/000055.jpg",
      "accident_id": 3,
      "accident_name": "lateral",
      "objects": [
        {
          "obj_track_id": 0,
          "bbox": [
            375.0873108265425,
            389.75552968568104,
            451.36204889406287,
            480.27939464493596
          ],
          "category": "rider",
          "category ID": 2,
          "trunc": false
        },
        {
          "obj_track_id": 144,
          "bbox": [
            385.9837019790454,
            419.0919674039581,
            453.0384167636787,
            510.454016298021
          ],
          "category": "motor",
          "category ID": 7,
          "trunc": false
        }
      ]
    },
    {
      "frame_id": 56,
      "image_path": "frames/UOjQsfDXjO0_003347/images/000056.jpg",
      "accident_id": 3,
      "accident_name": "lateral",
      "objects": [
        {
          "obj_track_id": 0,
          "bbox": [
            375.50640279394645,
            389.75552968568104,
            454.29569266589056,
            480.27939464493596
          ],
          "category": "rider",
          "category ID": 2,
          "trunc": false
        },
        {
          "obj_track_id": 144,
          "bbox": [
            385.9837019790454,
            419.0919674039581,
            466.44935972060534,
            492.01396973224684
          ],
          "category": "motor",
          "category ID": 7,
          "trunc": false
        }
      ]
    },
    {
      "frame_id": 57,
      "image_path": "frames/UOjQsfDXjO0_003347/images/000057.jpg",
      "accident_id": 3,
      "accident_name": "lateral",
      "objects": [
        {
          "obj_track_id": 0,
          "bbox": [
            375.9254947613504,
            389.75552968568104,
            457.2293364377183,
            480.27939464493596
          ],
          "category": "rider",
          "category ID": 2,
          "trunc": false
        },
        {
          "obj_track_id": 144,
          "bbox": [
            385.9837019790454,
            419.0919674039581,
            486.56577415599537,
            475.25029103608847
          ],
          "category": "motor",
          "category ID": 7,
          "trunc": false
        }
      ]
    },
    {
      "frame_id": 58,
      "image_path": "frames/UOjQsfDXjO0_003347/images/000058.jpg",
      "accident_id": 3,
      "accident_name": "lateral",
      "objects": [
        {
          "obj_track_id": 0,
          "bbox": [
            377.60186263096625,
            409.871944121071,
            464.7729918509895,
            476.9266589057043
          ],
          "category": "rider",
          "category ID": 2,
          "trunc": false
        },
        {
          "obj_track_id": 144,
          "bbox": [
            396.88009313154834,
            409.0337601862631,
            507.5203725261933,
            475.25029103608847
          ],
          "category": "motor",
          "category ID": 7,
          "trunc": false
        },
        {
          "obj_track_id": 445,
          "bbox": [
            508.35855646100117,
            318.50989522700814,
            809.2665890570431,
            445.9138533178114
          ],
          "category": "truck",
          "category ID": 5,
          "trunc": false
        }
      ]
    },
    {
      "frame_id": 59,
      "image_path": "frames/UOjQsfDXjO0_003347/images/000059.jpg",
      "accident_id": 3,
      "accident_name": "lateral",
      "objects": [
        {
          "obj_track_id": 0,
          "bbox": [
            384.3073341094296,
            436.69383003492436,
            480.69848661233993,
            487.82305005820723
          ],
          "category": "rider",
          "category ID": 2,
          "trunc": false
        },
        {
          "obj_track_id": 144,
          "bbox": [
            406.1001164144354,
            421.6065192083818,
            527.6367869615832,
            487.82305005820723
          ],
          "category": "motor",
          "category ID": 7,
          "trunc": false
        },
        {
          "obj_track_id": 445,
          "bbox": [
            508.35855646100117,
            318.50989522700814,
            821.8393480791618,
            463.51571594877765
          ],
          "category": "truck",
          "category ID": 5,
          "trunc": false
        }
      ]
    },
    {
      "frame_id": 60,
      "image_path": "frames/UOjQsfDXjO0_003347/images/000060.jpg",
      "accident_id": 3,
      "accident_name": "lateral",
      "objects": [
        {
          "obj_track_id": 0,
          "bbox": [
            384.3073341094296,
            433.3410942956927,
            486.56577415599537,
            494.52852153667055
          ],
          "category": "rider",
          "category ID": 2,
          "trunc": false
        },
        {
          "obj_track_id": 144,
          "bbox": [
            418.67287543655414,
            421.6065192083818,
            553.6204889406287,
            487.82305005820723
          ],
          "category": "motor",
          "category ID": 7,
          "trunc": false
        },
        {
          "obj_track_id": 445,
          "bbox": [
            514.2258440046566,
            324.3771827706636,
            831.8975552968568,
            471.0593713620489
          ],
          "category": "truck",
          "category ID": 5,
          "trunc": false
        }
      ]
    },
    {
      "frame_id": 61,
      "image_path": "frames/UOjQsfDXjO0_003347/images/000061.jpg",
      "accident_id": 3,
      "accident_name": "lateral",
      "objects": [
        {
          "obj_track_id": 0,
          "bbox": [
            400.23282887078,
            440.046565774156,
            486.56577415599537,
            492.8521536670547
          ],
          "category": "rider",
          "category ID": 2,
          "trunc": false
        },
        {
          "obj_track_id": 144,
          "bbox": [
            450.523864959255,
            418.25378346915016,
            558.6495925494761,
            479.4412107101281
          ],
          "category": "motor",
          "category ID": 7,
          "trunc": false
        },
        {
          "obj_track_id": 445,
          "bbox": [
            517.5785797438882,
            321.0244470314319,
            841.9557625145518,
            471.0593713620489
          ],
          "category": "truck",
          "category ID": 5,
          "trunc": false
        }
      ]
    },
    {
      "frame_id": 62,
      "image_path": "frames/UOjQsfDXjO0_003347/images/000062.jpg",
      "accident_id": 3,
      "accident_name": "lateral",
      "objects": [
        {
          "obj_track_id": 0,
          "bbox": [
            421.1874272409779,
            433.3410942956927,
            503.3294528521537,
            492.8521536670547
          ],
          "category": "rider",
          "category ID": 2,
          "trunc": false
        },
        {
          "obj_track_id": 144,
          "bbox": [
            468.1257275902212,
            414.0628637951106,
            598.8824214202562,
            479.4412107101281
          ],
          "category": "motor",
          "category ID": 7,
          "trunc": false
        },
        {
          "obj_track_id": 445,
          "bbox": [
            530.151338766007,
            311.8044237485448,
            855.3667054714786,
            461.8393480791618
          ],
          "category": "truck",
          "category ID": 5,
          "trunc": false
        }
      ]
    },
    {
      "frame_id": 63,
      "image_path": "frames/UOjQsfDXjO0_003347/images/000063.jpg",
      "accident_id": 3,
      "accident_name": "lateral",
      "objects": [
        {
          "obj_track_id": 0,
          "bbox": [
            450.523864959255,
            430.8265424912689,
            527.6367869615832,
            487.82305005820723
          ],
          "category": "rider",
          "category ID": 2,
          "trunc": false
        },
        {
          "obj_track_id": 144,
          "bbox": [
            498.3003492433062,
            414.0628637951106,
            637.4388824214203,
            470.221187427241
          ],
          "category": "motor",
          "category ID": 7,
          "trunc": false
        },
        {
          "obj_track_id": 445,
          "bbox": [
            540.209545983702,
            310.128055878929,
            871.2922002328289,
            460.162980209546
          ],
          "category": "truck",
          "category ID": 5,
          "trunc": false
        }
      ]
    },
    {
      "frame_id": 64,
      "image_path": "frames/UOjQsfDXjO0_003347/images/000064.jpg",
      "accident_id": 3,
      "accident_name": "lateral",
      "objects": [
        {
          "obj_track_id": 0,
          "bbox": [
            475.66938300349244,
            430.8265424912689,
            557.8114086146683,
            488.6612339930151
          ],
          "category": "rider",
          "category ID": 2,
          "trunc": false
        },
        {
          "obj_track_id": 144,
          "bbox": [
            525.1222351571595,
            414.0628637951106,
            660.908032596042,
            470.221187427241
          ],
          "category": "motor",
          "category ID": 7,
          "trunc": false
        },
        {
          "obj_track_id": 445,
          "bbox": [
            546.9150174621653,
            310.128055878929,
            877.1594877764843,
            460.162980209546
          ],
          "category": "truck",
          "category ID": 5,
          "trunc": false
        }
      ]
    },
    {
      "frame_id": 65,
      "image_path": "frames/UOjQsfDXjO0_003347/images/000065.jpg",
      "accident_id": 3,
      "accident_name": "lateral",
      "objects": [
        {
          "obj_track_id": 0,
          "bbox": [
            508.35855646100117,
            422.44470314318977,
            584.6332945285216,
            488.6612339930151
          ],
          "category": "rider",
          "category ID": 2,
          "trunc": false
        },
        {
          "obj_track_id": 144,
          "bbox": [
            560.325960419092,
            414.0628637951106,
            662.5844004656577,
            470.221187427241
          ],
          "category": "motor",
          "category ID": 7,
          "trunc": false
        },
        {
          "obj_track_id": 445,
          "bbox": [
            556.9732246798603,
            310.128055878929,
            884.7031431897556,
            460.162980209546
          ],
          "category": "truck",
          "category ID": 5,
          "trunc": false
        }
      ]
    },
    {
      "frame_id": 66,
      "image_path": "frames/UOjQsfDXjO0_003347/images/000066.jpg",
      "accident_id": 3,
      "accident_name": "lateral",
      "objects": [
        {
          "obj_track_id": 0,
          "bbox": [
            541.8859138533178,
            414.9010477299185,
            608.9406286379511,
            488.6612339930151
          ],
          "category": "rider",
          "category ID": 2,
          "trunc": false
        },
        {
          "obj_track_id": 144,
          "bbox": [
            565.3550640279394,
            419.930151338766,
            672.6426076833527,
            474.4121071012806
          ],
          "category": "motor",
          "category ID": 7,
          "trunc": false
        },
        {
          "obj_track_id": 445,
          "bbox": [
            564.5168800931315,
            316.8335273573923,
            888.0558789289872,
            466.03026775320143
          ],
          "category": "truck",
          "category ID": 5,
          "trunc": false
        }
      ]
    },
    {
      "frame_id": 67,
      "image_path": "frames/UOjQsfDXjO0_003347/images/000067.jpg",
      "accident_id": 3,
      "accident_name": "lateral",
      "objects": [
        {
          "obj_track_id": 0,
          "bbox": [
            561.1641443538999,
            414.9010477299185,
            627.3806752037252,
            488.6612339930151
          ],
          "category": "rider",
          "category ID": 2,
          "trunc": false
        },
        {
          "obj_track_id": 144,
          "bbox": [
            581.2805587892899,
            419.930151338766,
            672.6426076833527,
            474.4121071012806
          ],
          "category": "motor",
          "category ID": 7,
          "trunc": false
        },
        {
          "obj_track_id": 445,
          "bbox": [
            567.8696158323633,
            318.9289871944121,
            888.0558789289873,
            467.2875436554133
          ],
          "category": "truck",
          "category ID": 5,
          "trunc": false
        }
      ]
    },
    {
      "frame_id": 68,
      "image_path": "frames/UOjQsfDXjO0_003347/images/000068.jpg",
      "accident_id": 3,
      "accident_name": "lateral",
      "objects": [
        {
          "obj_track_id": 0,
          "bbox": [
            592.1769499417928,
            414.9010477299185,
            659.2316647264261,
            499.55762514551805
          ],
          "category": "rider",
          "category ID": 2,
          "trunc": false
        },
        {
          "obj_track_id": 144,
          "bbox": [
            570.384167636787,
            411.54831199068684,
            645.8207217694994,
            474.4121071012806
          ],
          "category": "motor",
          "category ID": 7,
          "trunc": false
        },
        {
          "obj_track_id": 445,
          "bbox": [
            571.2223515715949,
            321.02444703143186,
            888.0558789289872,
            468.54481955762515
          ],
          "category": "truck",
          "category ID": 5,
          "trunc": false
        }
      ]
    },
    {
      "frame_id": 69,
      "image_path": "frames/UOjQsfDXjO0_003347/images/000069.jpg",
      "accident_id": 3,
      "accident_name": "lateral",
      "objects": [
        {
          "obj_track_id": 0,
          "bbox": [
            611.4551804423749,
            400.65192083818397,
            699.4644935972061,
            506.26309662398137
          ],
          "category": "rider",
          "category ID": 2,
          "trunc": false
        },
        {
          "obj_track_id": 144,
          "bbox": [
            570.384167636787,
            411.54831199068684,
            645.8207217694994,
            479.4412107101281
          ],
          "category": "motor",
          "category ID": 7,
          "trunc": false
        },
        {
          "obj_track_id": 445,
          "bbox": [
            577.0896391152503,
            321.02444703143186,
            888.0558789289872,
            468.54481955762515
          ],
          "category": "truck",
          "category ID": 5,
          "trunc": false
        }
      ]
    },
    {
      "frame_id": 70,
      "image_path": "frames/UOjQsfDXjO0_003347/images/000070.jpg",
      "accident_id": 3,
      "accident_name": "lateral",
      "objects": [
        {
          "obj_track_id": 0,
          "bbox": [
            646.6589057043074,
            383.8882421420256,
            738.8591385331781,
            506.26309662398137
          ],
          "category": "rider",
          "category ID": 2,
          "trunc": false
        },
        {
          "obj_track_id": 144,
          "bbox": [
            563.6786961583236,
            411.54831199068684,
            660.908032596042,
            479.4412107101281
          ],
          "category": "motor",
          "category ID": 7,
          "trunc": false
        },
        {
          "obj_track_id": 445,
          "bbox": [
            582.9569266589057,
            321.02444703143186,
            891.4086146682189,
            462.67753201396977
          ],
          "category": "truck",
          "category ID": 5,
          "trunc": false
        }
      ]
    },
    {
      "frame_id": 71,
      "image_path": "frames/UOjQsfDXjO0_003347/images/000071.jpg",
      "accident_id": 3,
      "accident_name": "lateral",
      "objects": [
        {
          "obj_track_id": 0,
          "bbox": [
            670.9662398137369,
            364.6100116414435,
            784.9592549476135,
            517.1594877764842
          ],
          "category": "rider",
          "category ID": 2,
          "trunc": false
        },
        {
          "obj_track_id": 144,
          "bbox": [
            563.6786961583236,
            420.76833527357394,
            668.4516880093132,
            479.4412107101281
          ],
          "category": "motor",
          "category ID": 7,
          "trunc": false
        },
        {
          "obj_track_id": 445,
          "bbox": [
            582.9569266589057,
            326.0535506402794,
            891.4086146682189,
            455.9720605355064
          ],
          "category": "truck",
          "category ID": 5,
          "trunc": false
        }
      ]
    },
    {
      "frame_id": 72,
      "image_path": "frames/UOjQsfDXjO0_003347/images/000072.jpg",
      "accident_id": 3,
      "accident_name": "lateral",
      "objects": [
        {
          "obj_track_id": 0,
          "bbox": [
            705.3317811408615,
            352.0372526193248,
            793.3410942956926,
            517.1594877764842
          ],
          "category": "rider",
          "category ID": 2,
          "trunc": false
        },
        {
          "obj_track_id": 144,
          "bbox": [
            563.6786961583236,
            420.76833527357394,
            664.6798603026775,
            479.4412107101281
          ],
          "category": "motor",
          "category ID": 7,
          "trunc": false
        },
        {
          "obj_track_id": 445,
          "bbox": [
            586.3096623981373,
            326.0535506402794,
            891.4086146682189,
            463.51571594877765
          ],
          "category": "truck",
          "category ID": 5,
          "trunc": false
        }
      ]
    },
    {
      "frame_id": 73,
      "image_path": "frames/UOjQsfDXjO0_003347/images/000073.jpg",
      "accident_id": 3,
      "accident_name": "lateral",
      "objects": [
        {
          "obj_track_id": 0,
          "bbox": [
            742.2118742724098,
            343.65541327124566,
            822.6775320139698,
            528.0558789289872
          ],
          "category": "rider",
          "category ID": 2,
          "trunc": false
        },
        {
          "obj_track_id": 144,
          "bbox": [
            563.6786961583236,
            420.76833527357394,
            660.908032596042,
            479.4412107101281
          ],
          "category": "motor",
          "category ID": 7,
          "trunc": false
        },
        {
          "obj_track_id": 445,
          "bbox": [
            584.2142025611176,
            329.82537834691504,
            880.93131548312,
            465.6111757857975
          ],
          "category": "truck",
          "category ID": 5,
          "trunc": false
        }
      ]
    },
    {
      "frame_id": 74,
      "image_path": "frames/UOjQsfDXjO0_003347/images/000074.jpg",
      "accident_id": 3,
      "accident_name": "lateral",
      "objects": [
        {
          "obj_track_id": 0,
          "bbox": [
            774.9010477299184,
            331.0826542491269,
            860.395809080326,
            544.8195576251455
          ],
          "category": "rider",
          "category ID": 2,
          "trunc": false
        },
        {
          "obj_track_id": 144,
          "bbox": [
            563.6786961583236,
            420.76833527357394,
            661.7462165308499,
            479.4412107101281
          ],
          "category": "motor",
          "category ID": 7,
          "trunc": false
        },
        {
          "obj_track_id": 445,
          "bbox": [
            582.1187427240978,
            333.5972060535506,
            870.454016298021,
            467.70663562281726
          ],
          "category": "truck",
          "category ID": 5,
          "trunc": false
        }
      ]
    },
    {
      "frame_id": 75,
      "image_path": "frames/UOjQsfDXjO0_003347/images/000075.jpg",
      "accident_id": 3,
      "accident_name": "lateral",
      "objects": [
        {
          "obj_track_id": 0,
          "bbox": [
            805.0756693830035,
            323.53899883585564,
            910.6868451688009,
            525.5413271245635
          ],
          "category": "rider",
          "category ID": 2,
          "trunc": false
        },
        {
          "obj_track_id": 144,
          "bbox": [
            572.8987194412107,
            420.76833527357394,
            670.128055878929,
            479.4412107101281
          ],
          "category": "motor",
          "category ID": 7,
          "trunc": false
        },
        {
          "obj_track_id": 445,
          "bbox": [
            581.2805587892899,
            336.9499417927823,
            836.9266589057044,
            467.70663562281726
          ],
          "category": "truck",
          "category ID": 5,
          "trunc": false
        }
      ]
    },
    {
      "frame_id": 76,
      "image_path": "frames/UOjQsfDXjO0_003347/images/000076.jpg",
      "accident_id": 3,
      "accident_name": "lateral",
      "objects": [
        {
          "obj_track_id": 0,
          "bbox": [
            823.5157159487777,
            323.53899883585564,
            954.2724097788126,
            538.1140861466822
          ],
          "category": "rider",
          "category ID": 2,
          "trunc": false
        },
        {
          "obj_track_id": 144,
          "bbox": [
            582.1187427240978,
            420.76833527357394,
            670.128055878929,
            479.4412107101281
          ],
          "category": "motor",
          "category ID": 7,
          "trunc": false
        },
        {
          "obj_track_id": 445,
          "bbox": [
            581.2805587892899,
            338.20721769499414,
            844.4703143189756,
            467.7066356228172
          ],
          "category": "truck",
          "category ID": 5,
          "trunc": false
        }
      ]
    },
    {
      "frame_id": 77,
      "image_path": "frames/UOjQsfDXjO0_003347/images/000077.jpg",
      "accident_id": 3,
      "accident_name": "lateral",
      "objects": [
        {
          "obj_track_id": 0,
          "bbox": [
            872.9685681024447,
            318.50989522700814,
            981.9324796274739,
            548.1722933643772
          ],
          "category": "rider",
          "category ID": 2,
          "trunc": false
        },
        {
          "obj_track_id": 144,
          "bbox": [
            590.500582072177,
            423.28288707799766,
            678.5098952270082,
            481.9557625145518
          ],
          "category": "motor",
          "category ID": 7,
          "trunc": false
        },
        {
          "obj_track_id": 445,
          "bbox": [
            581.2805587892899,
            339.46449359720606,
            852.0139697322468,
            467.70663562281726
          ],
          "category": "truck",
          "category ID": 5,
          "trunc": false
        }
      ]
    },
    {
      "frame_id": 78,
      "image_path": "frames/UOjQsfDXjO0_003347/images/000078.jpg",
      "accident_id": 3,
      "accident_name": "lateral",
      "objects": [
        {
          "obj_track_id": 0,
          "bbox": [
            914.0395809080326,
            303.42258440046567,
            1010.4307334109429,
            547.3341094295693
          ],
          "category": "rider",
          "category ID": 2,
          "trunc": false
        },
        {
          "obj_track_id": 144,
          "bbox": [
            601.39697322468,
            418.25378346915016,
            689.4062863795111,
            471.89755529685675
          ],
          "category": "motor",
          "category ID": 7,
          "trunc": false
        },
        {
          "obj_track_id": 445,
          "bbox": [
            581.2805587892899,
            339.46449359720606,
            849.4994179278231,
            467.70663562281726
          ],
          "category": "truck",
          "category ID": 5,
          "trunc": false
        }
      ]
    },
    {
      "frame_id": 79,
      "image_path": "frames/UOjQsfDXjO0_003347/images/000079.jpg",
      "accident_id": 3,
      "accident_name": "lateral",
      "objects": [
        {
          "obj_track_id": 0,
          "bbox": [
            943.3760186263097,
            303.42258440046567,
            1033.0616996507567,
            537.2759022118743
          ],
          "category": "rider",
          "category ID": 2,
          "trunc": false
        },
        {
          "obj_track_id": 144,
          "bbox": [
            601.39697322468,
            418.25378346915016,
            696.5308498253784,
            471.89755529685675
          ],
          "category": "motor",
          "category ID": 7,
          "trunc": false
        },
        {
          "obj_track_id": 445,
          "bbox": [
            581.2805587892899,
            339.46449359720606,
            846.1466821885914,
            459.32479627473805
          ],
          "category": "truck",
          "category ID": 5,
          "trunc": false
        }
      ]
    },
    {
      "frame_id": 80,
      "image_path": "frames/UOjQsfDXjO0_003347/images/000080.jpg",
      "accident_id": 3,
      "accident_name": "lateral",
      "objects": [
        {
          "obj_track_id": 0,
          "bbox": [
            977.7415599534343,
            301.74621653084984,
            1065.7508731082655,
            551.5250291036089
          ],
          "category": "rider",
          "category ID": 2,
          "trunc": false
        },
        {
          "obj_track_id": 144,
          "bbox": [
            601.39697322468,
            418.25378346915016,
            703.6554132712456,
            471.89755529685675
          ],
          "category": "motor",
          "category ID": 7,
          "trunc": false
        },
        {
          "obj_track_id": 445,
          "bbox": [
            581.2805587892899,
            339.46449359720606,
            841.1175785797438,
            459.32479627473805
          ],
          "category": "truck",
          "category ID": 5,
          "trunc": false
        }
      ]
    },
    {
      "frame_id": 81,
      "image_path": "frames/UOjQsfDXjO0_003347/images/000081.jpg",
      "accident_id": 3,
      "accident_name": "lateral",
      "objects": [
        {
          "obj_track_id": 0,
          "bbox": [
            1012.9452852153668,
            290.011641443539,
            1130.291036088475,
            551.5250291036089
          ],
          "category": "rider",
          "category ID": 2,
          "trunc": false
        },
        {
          "obj_track_id": 144,
          "bbox": [
            601.39697322468,
            424.9592549476135,
            720.4190919674039,
            471.89755529685675
          ],
          "category": "motor",
          "category ID": 7,
          "trunc": false
        },
        {
          "obj_track_id": 445,
          "bbox": [
            585.4714784633295,
            339.46449359720606,
            841.1175785797438,
            459.32479627473805
          ],
          "category": "truck",
          "category ID": 5,
          "trunc": false
        }
      ]
    },
    {
      "frame_id": 82,
      "image_path": "frames/UOjQsfDXjO0_003347/images/000082.jpg",
      "accident_id": 3,
      "accident_name": "lateral",
      "objects": [
        {
          "obj_track_id": 0,
          "bbox": [
            1039.76717112922,
            290.8498253783469,
            1155.4365541327124,
            538.1140861466822
          ],
          "category": "rider",
          "category ID": 2,
          "trunc": false
        },
        {
          "obj_track_id": 144,
          "bbox": [
            607.2642607683354,
            424.9592549476135,
            731.3154831199068,
            471.89755529685675
          ],
          "category": "motor",
          "category ID": 7,
          "trunc": false
        },
        {
          "obj_track_id": 445,
          "bbox": [
            585.4714784633295,
            341.1408614668219,
            838.6030267753201,
            456.81024447031433
          ],
          "category": "truck",
          "category ID": 5,
          "trunc": false
        }
      ]
    },
    {
      "frame_id": 83,
      "image_path": "frames/UOjQsfDXjO0_003347/images/000083.jpg",
      "accident_id": 3,
      "accident_name": "lateral",
      "objects": [
        {
          "obj_track_id": 0,
          "bbox": [
            1075.8090803259604,
            290.8498253783469,
            1199.0221187427242,
            557.3923166472642
          ],
          "category": "rider",
          "category ID": 2,
          "trunc": false
        },
        {
          "obj_track_id": 144,
          "bbox": [
            613.1315483119907,
            424.9592549476135,
            742.2118742724098,
            471.89755529685675
          ],
          "category": "motor",
          "category ID": 7,
          "trunc": false
        },
        {
          "obj_track_id": 445,
          "bbox": [
            590.5005820721769,
            342.8172293364377,
            837.7648428405122,
            454.29569266589056
          ],
          "category": "truck",
          "category ID": 5,
          "trunc": false
        }
      ]
    },
    {
      "frame_id": 84,
      "image_path": "frames/UOjQsfDXjO0_003347/images/000084.jpg",
      "accident_id": 3,
      "accident_name": "lateral",
      "objects": [
        {
          "obj_track_id": 144,
          "bbox": [
            618.9988358556461,
            424.1210710128056,
            763.1664726426077,
            466.8684516880093
          ],
          "category": "motor",
          "category ID": 7,
          "trunc": false
        },
        {
          "obj_track_id": 445,
          "bbox": [
            587.9860302677532,
            342.8172293364377,
            837.7648428405122,
            454.29569266589056
          ],
          "category": "truck",
          "category ID": 5,
          "trunc": false
        }
      ]
    },
    {
      "frame_id": 85,
      "image_path": "frames/UOjQsfDXjO0_003347/images/000085.jpg",
      "accident_id": 3,
      "accident_name": "lateral",
      "objects": [
        {
          "obj_track_id": 144,
          "bbox": [
            625.7043073341094,
            424.1210710128056,
            770.710128055879,
            466.8684516880093
          ],
          "category": "motor",
          "category ID": 7,
          "trunc": false
        },
        {
          "obj_track_id": 445,
          "bbox": [
            598.8824214202562,
            342.8172293364377,
            837.7648428405122,
            450.104772991851
          ],
          "category": "truck",
          "category ID": 5,
          "trunc": false
        }
      ]
    },
    {
      "frame_id": 86,
      "image_path": "frames/UOjQsfDXjO0_003347/images/000086.jpg",
      "accident_id": 0,
      "accident_name": "normal",
      "objects": []
    },
    {
      "frame_id": 87,
      "image_path": "frames/UOjQsfDXjO0_003347/images/000087.jpg",
      "accident_id": 0,
      "accident_name": "normal",
      "objects": []
    },
    {
      "frame_id": 88,
      "image_path": "frames/UOjQsfDXjO0_003347/images/000088.jpg",
      "accident_id": 0,
      "accident_name": "normal",
      "objects": []
    },
    {
      "frame_id": 89,
      "image_path": "frames/UOjQsfDXjO0_003347/images/000089.jpg",
      "accident_id": 0,
      "accident_name": "normal",
      "objects": []
    },
    {
      "frame_id": 90,
      "image_path": "frames/UOjQsfDXjO0_003347/images/000090.jpg",
      "accident_id": 0,
      "accident_name": "normal",
      "objects": []
    },
    {
      "frame_id": 91,
      "image_path": "frames/UOjQsfDXjO0_003347/images/000091.jpg",
      "accident_id": 0,
      "accident_name": "normal",
      "objects": []
    },
    {
      "frame_id": 92,
      "image_path": "frames/UOjQsfDXjO0_003347/images/000092.jpg",
      "accident_id": 0,
      "accident_name": "normal",
      "objects": []
    },
    {
      "frame_id": 93,
      "image_path": "frames/UOjQsfDXjO0_003347/images/000093.jpg",
      "accident_id": 0,
      "accident_name": "normal",
      "objects": []
    },
    {
      "frame_id": 94,
      "image_path": "frames/UOjQsfDXjO0_003347/images/000094.jpg",
      "accident_id": 0,
      "accident_name": "normal",
      "objects": []
    },
    {
      "frame_id": 95,
      "image_path": "frames/UOjQsfDXjO0_003347/images/000095.jpg",
      "accident_id": 0,
      "accident_name": "normal",
      "objects": []
    },
    {
      "frame_id": 96,
      "image_path": "frames/UOjQsfDXjO0_003347/images/000096.jpg",
      "accident_id": 0,
      "accident_name": "normal",
      "objects": []
    },
    {
      "frame_id": 97,
      "image_path": "frames/UOjQsfDXjO0_003347/images/000097.jpg",
      "accident_id": 0,
      "accident_name": "normal",
      "objects": []
    },
    {
      "frame_id": 98,
      "image_path": "frames/UOjQsfDXjO0_003347/images/000098.jpg",
      "accident_id": 0,
      "accident_name": "normal",
      "objects": []
    },
    {
      "frame_id": 99,
      "image_path": "frames/UOjQsfDXjO0_003347/images/000099.jpg",
      "accident_id": 0,
      "accident_name": "normal",
      "objects": []
    },
    {
      "frame_id": 100,
      "image_path": "frames/UOjQsfDXjO0_003347/images/000100.jpg",
      "accident_id": 0,
      "accident_name": "normal",
      "objects": []
    },
    {
      "frame_id": 101,
      "image_path": "frames/UOjQsfDXjO0_003347/images/000101.jpg",
      "accident_id": 0,
      "accident_name": "normal",
      "objects": []
    },
    {
      "frame_id": 102,
      "image_path": "frames/UOjQsfDXjO0_003347/images/000102.jpg",
      "accident_id": 0,
      "accident_name": "normal",
      "objects": []
    },
    {
      "frame_id": 103,
      "image_path": "frames/UOjQsfDXjO0_003347/images/000103.jpg",
      "accident_id": 0,
      "accident_name": "normal",
      "objects": []
    },
    {
      "frame_id": 104,
      "image_path": "frames/UOjQsfDXjO0_003347/images/000104.jpg",
      "accident_id": 0,
      "accident_name": "normal",
      "objects": []
    },
    {
      "frame_id": 105,
      "image_path": "frames/UOjQsfDXjO0_003347/images/000105.jpg",
      "accident_id": 0,
      "accident_name": "normal",
      "objects": []
    },
    {
      "frame_id": 106,
      "image_path": "frames/UOjQsfDXjO0_003347/images/000106.jpg",
      "accident_id": 0,
      "accident_name": "normal",
      "objects": []
    },
    {
      "frame_id": 107,
      "image_path": "frames/UOjQsfDXjO0_003347/images/000107.jpg",
      "accident_id": 0,
      "accident_name": "normal",
      "objects": []
    },
    {
      "frame_id": 108,
      "image_path": "frames/UOjQsfDXjO0_003347/images/000108.jpg",
      "accident_id": 0,
      "accident_name": "normal",
      "objects": []
    },
    {
      "frame_id": 109,
      "image_path": "frames/UOjQsfDXjO0_003347/images/000109.jpg",
      "accident_id": 0,
      "accident_name": "normal",
      "objects": []
    },
    {
      "frame_id": 110,
      "image_path": "frames/UOjQsfDXjO0_003347/images/000110.jpg",
      "accident_id": 0,
      "accident_name": "normal",
      "objects": []
    },
    {
      "frame_id": 111,
      "image_path": "frames/UOjQsfDXjO0_003347/images/000111.jpg",
      "accident_id": 0,
      "accident_name": "normal",
      "objects": []
    },
    {
      "frame_id": 112,
      "image_path": "frames/UOjQsfDXjO0_003347/images/000112.jpg",
      "accident_id": 0,
      "accident_name": "normal",
      "objects": []
    },
    {
      "frame_id": 113,
      "image_path": "frames/UOjQsfDXjO0_003347/images/000113.jpg",
      "accident_id": 0,
      "accident_name": "normal",
      "objects": []
    },
    {
      "frame_id": 114,
      "image_path": "frames/UOjQsfDXjO0_003347/images/000114.jpg",
      "accident_id": 0,
      "accident_name": "normal",
      "objects": []
    },
    {
      "frame_id": 115,
      "image_path": "frames/UOjQsfDXjO0_003347/images/000115.jpg",
      "accident_id": 0,
      "accident_name": "normal",
      "objects": []
    },
    {
      "frame_id": 116,
      "image_path": "frames/UOjQsfDXjO0_003347/images/000116.jpg",
      "accident_id": 0,
      "accident_name": "normal",
      "objects": []
    },
    {
      "frame_id": 117,
      "image_path": "frames/UOjQsfDXjO0_003347/images/000117.jpg",
      "accident_id": 0,
      "accident_name": "normal",
      "objects": []
    },
    {
      "frame_id": 118,
      "image_path": "frames/UOjQsfDXjO0_003347/images/000118.jpg",
      "accident_id": 0,
      "accident_name": "normal",
      "objects": []
    }
  ]
}