{
  "video_name": "Vtpe3HAIEm4_002565",
  "channel": "AnAn",
  "num_frames": 90,
  "ignore": false,
  "ego_involve": false,
  "night": false,
  "anomaly_start": 24,
  "anomaly_end": 46,
  "video_start": 2565,
  "video_end": 2654,
  "accident_id": "5",
  "accident_name": "turning",
  "labels": [
    {
      "frame_id": 0,
      "image_path": "frames/Vtpe3HAIEm4_002565/images/000000.jpg",
      "accident_id": 0,
      "accident_name": "normal",
      "objects": []
    },
    {
      "frame_id": 1,
      "image_path": "frames/Vtpe3HAIEm4_002565/images/000001.jpg",
      "accident_id": 0,
      "accident_name": "normal",
      "objects": []
    },
    {
      "frame_id": 2,
      "image_path": "frames/Vtpe3HAIEm4_002565/images/000002.jpg",
      "accident_id": 0,
      "accident_name": "normal",
      "objects": []
    },
    {
      "frame_id": 3,
      "image_path": "frames/Vtpe3HAIEm4_002565/images/000003.jpg",
      "accident_id": 0,
      "accident_name": "normal",
      "objects": []
    },
    {
      "frame_id": 4,
      "image_path": "frames/Vtpe3HAIEm4_002565/images/000004.jpg",
      "accident_id": 0,
      "accident_name": "normal",
      "objects": []
    },
    {
      "frame_id": 5,
      "image_path": "frames/Vtpe3HAIEm4_002565/images/000005.jpg",
      "accident_id": 0,
      "accident_name": "normal",
      "objects": []
    },
    {
      "frame_id": 6,
      "image_path": "frames/Vtpe3HAIEm4_002565/images/000006.jpg",
      "accident_id": 0,
      "accident_name": "normal",
      "objects": []
    },
    {
      "frame_id": 7,
      "image_path": "frames/Vtpe3HAIEm4_002565/images/000007.jpg",
      "accident_id": 0,
      "accident_name": "normal",
      "objects": []
    },
    {
      "frame_id": 8,
      "image_path": "frames/Vtpe3HAIEm4_002565/images/000008.jpg",
      "accident_id": 0,
      "accident_name": "normal",
      "objects": []
    },
    {
      "frame_id": 9,
      "image_path": "frames/Vtpe3HAIEm4_002565/images/000009.jpg",
      "accident_id": 0,
      "accident_name": "normal",
      "objects": []
    },
    {
      "frame_id": 10,
      "image_path": "frames/Vtpe3HAIEm4_002565/images/000010.jpg",
      "accident_id": 0,
      "accident_name": "normal",
      "objects": []
    },
    {
      "frame_id": 11,
      "image_path": "frames/Vtpe3HAIEm4_002565/images/000011.jpg",
      "accident_id": 0,
      "accident_name": "normal",
      "objects": []
    },
    {
      "frame_id": 12,
      "image_path": "frames/Vtpe3HAIEm4_002565/images/000012.jpg",
      "accident_id": 0,
      "accident_name": "normal",
      "objects": []
    },
    {
      "frame_id": 13,
      "image_path": "frames/Vtpe3HAIEm4_002565/images/000013.jpg",
      "accident_id": 0,
      "accident_name": "normal",
      "objects": []
    },
    {
      "frame_id": 14,
      "image_path": "frames/Vtpe3HAIEm4_002565/images/000014.jpg",
      "accident_id": 0,
      "accident_name": "normal",
      "objects": []
    },
    {
      "frame_id": 15,
      "image_path": "frames/Vtpe3HAIEm4_002565/images/000015.jpg",
      "accident_id": 0,
      "accident_name": "normal",
      "objects": []
    },
    {
      "frame_id": 16,
      "image_path": "frames/Vtpe3HAIEm4_002565/images/000016.jpg",
      "accident_id": 0,
      "accident_name": "normal",
      "objects": []
    },
    {
      "frame_id": 17,
      "image_path": "frames/Vtpe3HAIEm4_002565/images/000017.jpg",
      "accident_id": 0,
      "accident_name": "normal",
      "objects": []
    },
    {
      "frame_id": 18,
      "image_path": "frames/Vtpe3HAIEm4_002565/images/000018.jpg",
      "accident_id": 0,
      "accident_name": "normal",
      "objects": []
    },
    {
      "frame_id": 19,
      "image_path": "frames/Vtpe3HAIEm4_002565/images/000019.jpg",
      "accident_id": 0,
      "accident_name": "normal",
      "objects": []
    },
    {
      "frame_id": 20,
      "image_path": "frames/Vtpe3HAIEm4_002565/images/000020.jpg",
      "accident_id": 0,
      "accident_name": "normal",
      "objects": []
    },
    {
      "frame_id": 21,
      "image_path": "frames/Vtpe3HAIEm4_002565/images/000021.jpg",
      "accident_id": 0,
      "accident_name": "normal",
      "objects": []
    },
    {
      "frame_id": 22,
      "image_path": "frames/Vtpe3HAIEm4_002565/images/000022.jpg",
      "accident_id": 0,
      "accident_name": "normal",
      "objects": []
    },
    {
      "frame_id": 23,
      "image_path": "frames/Vtpe3HAIEm4_002565/images/000023.jpg",
      "accident_id": 0,
      "accident_name": "normal",
      "objects": []
    },
    {
      "frame_id": 24,
      "image_path": "frames/Vtpe3HAIEm4_002565/images/000024.jpg",
      "accident_id": 5,
      "accident_name": "turning",
      "objects": [
        {
          "obj_track_id": 0,
          "bbox": [
            268.57142857142856,
            409.35064935064935,
            469.09090909090907,
            485.19480519480516
          ],
          "category": "car",
          "category ID": 3,
          "trunc": false
        },
        {
          "obj_track_id": 67,
          "bbox": [
            536.6233766233767,
            451.94805194805195,
            585.4545454545455,
            503.8961038961039
          ],
          "category": "motor",
          "category ID": 7,
          "trunc": false
        },
        {
          "obj_track_id": 134,
          "bbox": [
            544.9350649350649,
            403.1168831168831,
            581.2987012987013,
            468.57142857142856
          ],
          "category": "rider",
          "category ID": 2,
          "trunc": false
        }
      ]
    },
    {
      "frame_id": 25,
      "image_path": "frames/Vtpe3HAIEm4_002565/images/000025.jpg",
      "accident_id": 5,
      "accident_name": "turning",
      "objects": [
        {
          "obj_track_id": 0,
          "bbox": [
            274.8051948051948,
            409.6969696969697,
            478.78787878787875,
            486.5800865800866
          ],
          "category": "car",
          "category ID": 3,
          "trunc": false
        },
        {
          "obj_track_id": 67,
          "bbox": [
            544.9350649350649,
            456.1038961038961,
            591.6883116883117,
            503.8961038961039
          ],
          "category": "motor",
          "category ID": 7,
          "trunc": false
        },
        {
          "obj_track_id": 134,
          "bbox": [
            549.0909090909091,
            403.1168831168831,
            585.4545454545455,
            468.57142857142856
          ],
          "category": "rider",
          "category ID": 2,
          "trunc": false
        }
      ]
    },
    {
      "frame_id": 26,
      "image_path": "frames/Vtpe3HAIEm4_002565/images/000026.jpg",
      "accident_id": 5,
      "accident_name": "turning",
      "objects": [
        {
          "obj_track_id": 0,
          "bbox": [
            281.038961038961,
            410.04329004329,
            488.4848484848485,
            487.96536796536793
          ],
          "category": "car",
          "category ID": 3,
          "trunc": false
        },
        {
          "obj_track_id": 67,
          "bbox": [
            551.1688311688312,
            456.1038961038961,
            593.7662337662338,
            503.8961038961039
          ],
          "category": "motor",
          "category ID": 7,
          "trunc": false
        },
        {
          "obj_track_id": 134,
          "bbox": [
            554.2857142857143,
            404.15584415584414,
            592.7272727272727,
            469.6103896103896
          ],
          "category": "rider",
          "category ID": 2,
          "trunc": false
        }
      ]
    },
    {
      "frame_id": 27,
      "image_path": "frames/Vtpe3HAIEm4_002565/images/000027.jpg",
      "accident_id": 5,
      "accident_name": "turning",
      "objects": [
        {
          "obj_track_id": 0,
          "bbox": [
            287.27272727272725,
            410.38961038961037,
            498.1818181818182,
            489.35064935064935
          ],
          "category": "car",
          "category ID": 3,
          "trunc": false
        },
        {
          "obj_track_id": 67,
          "bbox": [
            559.4805194805194,
            457.1428571428571,
            601.038961038961,
            507.012987012987
          ],
          "category": "motor",
          "category ID": 7,
          "trunc": false
        },
        {
          "obj_track_id": 134,
          "bbox": [
            562.5974025974026,
            403.1168831168831,
            600.0,
            470.64935064935065
          ],
          "category": "rider",
          "category ID": 2,
          "trunc": false
        }
      ]
    },
    {
      "frame_id": 28,
      "image_path": "frames/Vtpe3HAIEm4_002565/images/000028.jpg",
      "accident_id": 5,
      "accident_name": "turning",
      "objects": [
        {
          "obj_track_id": 0,
          "bbox": [
            296.1038961038961,
            410.38961038961037,
            510.12987012987014,
            491.42857142857144
          ],
          "category": "car",
          "category ID": 3,
          "trunc": false
        },
        {
          "obj_track_id": 67,
          "bbox": [
            564.1558441558441,
            455.06493506493507,
            603.1168831168831,
            504.4155844155845
          ],
          "category": "motor",
          "category ID": 7,
          "trunc": false
        },
        {
          "obj_track_id": 134,
          "bbox": [
            566.7532467532467,
            405.1948051948052,
            602.5974025974026,
            470.6493506493507
          ],
          "category": "rider",
          "category ID": 2,
          "trunc": false
        }
      ]
    },
    {
      "frame_id": 29,
      "image_path": "frames/Vtpe3HAIEm4_002565/images/000029.jpg",
      "accident_id": 5,
      "accident_name": "turning",
      "objects": [
        {
          "obj_track_id": 0,
          "bbox": [
            304.93506493506493,
            410.38961038961037,
            522.077922077922,
            493.5064935064935
          ],
          "category": "car",
          "category ID": 3,
          "trunc": false
        },
        {
          "obj_track_id": 67,
          "bbox": [
            568.8311688311688,
            452.987012987013,
            605.1948051948052,
            501.8181818181818
          ],
          "category": "motor",
          "category ID": 7,
          "trunc": false
        },
        {
          "obj_track_id": 134,
          "bbox": [
            570.9090909090909,
            407.27272727272725,
            605.1948051948052,
            470.64935064935065
          ],
          "category": "rider",
          "category ID": 2,
          "trunc": false
        }
      ]
    },
    {
      "frame_id": 30,
      "image_path": "frames/Vtpe3HAIEm4_002565/images/000030.jpg",
      "accident_id": 5,
      "accident_name": "turning",
      "objects": [
        {
          "obj_track_id": 0,
          "bbox": [
            315.3246753246753,
            411.42857142857144,
            535.5844155844155,
            495.5844155844156
          ],
          "category": "car",
          "category ID": 3,
          "trunc": false
        },
        {
          "obj_track_id": 67,
          "bbox": [
            570.9090909090909,
            455.06493506493507,
            611.4285714285714,
            502.85714285714283
          ],
          "category": "motor",
          "category ID": 7,
          "trunc": false
        },
        {
          "obj_track_id": 134,
          "bbox": [
            572.9870129870129,
            407.27272727272725,
            611.4285714285713,
            470.64935064935065
          ],
          "category": "rider",
          "category ID": 2,
          "trunc": false
        }
      ]
    },
    {
      "frame_id": 31,
      "image_path": "frames/Vtpe3HAIEm4_002565/images/000031.jpg",
      "accident_id": 5,
      "accident_name": "turning",
      "objects": [
        {
          "obj_track_id": 0,
          "bbox": [
            330.9090909090909,
            414.54545454545456,
            550.1298701298701,
            495.5844155844156
          ],
          "category": "car",
          "category ID": 3,
          "trunc": false
        },
        {
          "obj_track_id": 67,
          "bbox": [
            577.1428571428571,
            456.1038961038961,
            615.5844155844155,
            500.7792207792208
          ],
          "category": "motor",
          "category ID": 7,
          "trunc": false
        },
        {
          "obj_track_id": 134,
          "bbox": [
            578.181818181818,
            409.35064935064935,
            614.5454545454545,
            470.64935064935065
          ],
          "category": "rider",
          "category ID": 2,
          "trunc": false
        }
      ]
    },
    {
      "frame_id": 32,
      "image_path": "frames/Vtpe3HAIEm4_002565/images/000032.jpg",
      "accident_id": 5,
      "accident_name": "turning",
      "objects": [
        {
          "obj_track_id": 0,
          "bbox": [
            339.2207792207792,
            413.5064935064935,
            562.5974025974026,
            497.6623376623377
          ],
          "category": "car",
          "category ID": 3,
          "trunc": false
        },
        {
          "obj_track_id": 67,
          "bbox": [
            583.3766233766233,
            454.025974025974,
            621.8181818181818,
            498.7012987012987
          ],
          "category": "motor",
          "category ID": 7,
          "trunc": false
        },
        {
          "obj_track_id": 134,
          "bbox": [
            585.4545454545454,
            410.38961038961037,
            621.8181818181819,
            471.68831168831167
          ],
          "category": "rider",
          "category ID": 2,
          "trunc": false
        }
      ]
    },
    {
      "frame_id": 33,
      "image_path": "frames/Vtpe3HAIEm4_002565/images/000033.jpg",
      "accident_id": 5,
      "accident_name": "turning",
      "objects": [
        {
          "obj_track_id": 0,
          "bbox": [
            355.84415584415586,
            414.54545454545456,
            576.1038961038961,
            499.7402597402597
          ],
          "category": "car",
          "category ID": 3,
          "trunc": false
        },
        {
          "obj_track_id": 67,
          "bbox": [
            589.6103896103896,
            455.06493506493507,
            625.974025974026,
            498.7012987012987
          ],
          "category": "motor",
          "category ID": 7,
          "trunc": false
        },
        {
          "obj_track_id": 134,
          "bbox": [
            590.6493506493506,
            410.38961038961037,
            627.0129870129871,
            471.68831168831167
          ],
          "category": "rider",
          "category ID": 2,
          "trunc": false
        }
      ]
    },
    {
      "frame_id": 34,
      "image_path": "frames/Vtpe3HAIEm4_002565/images/000034.jpg",
      "accident_id": 5,
      "accident_name": "turning",
      "objects": [
        {
          "obj_track_id": 0,
          "bbox": [
            367.27272727272725,
            413.5064935064935,
            587.5324675324675,
            499.7402597402597
          ],
          "category": "car",
          "category ID": 3,
          "trunc": false
        },
        {
          "obj_track_id": 67,
          "bbox": [
            595.8441558441558,
            459.2207792207792,
            634.2857142857142,
            499.7402597402597
          ],
          "category": "motor",
          "category ID": 7,
          "trunc": false
        },
        {
          "obj_track_id": 134,
          "bbox": [
            597.9220779220778,
            412.46753246753246,
            634.2857142857142,
            470.64935064935065
          ],
          "category": "rider",
          "category ID": 2,
          "trunc": false
        }
      ]
    },
    {
      "frame_id": 35,
      "image_path": "frames/Vtpe3HAIEm4_002565/images/000035.jpg",
      "accident_id": 5,
      "accident_name": "turning",
      "objects": [
        {
          "obj_track_id": 0,
          "bbox": [
            381.8181818181818,
            414.54545454545456,
            598.961038961039,
            499.7402597402597
          ],
          "category": "car",
          "category ID": 3,
          "trunc": false
        },
        {
          "obj_track_id": 67,
          "bbox": [
            604.1558441558442,
            459.2207792207792,
            641.5584415584416,
            499.7402597402597
          ],
          "category": "motor",
          "category ID": 7,
          "trunc": false
        },
        {
          "obj_track_id": 134,
          "bbox": [
            606.2337662337662,
            415.5844155844156,
            636.3636363636364,
            470.64935064935065
          ],
          "category": "rider",
          "category ID": 2,
          "trunc": false
        }
      ]
    },
    {
      "frame_id": 36,
      "image_path": "frames/Vtpe3HAIEm4_002565/images/000036.jpg",
      "accident_id": 5,
      "accident_name": "turning",
      "objects": [
        {
          "obj_track_id": 0,
          "bbox": [
            397.4025974025974,
            415.5844155844156,
            604.1558441558442,
            501.8181818181818
          ],
          "category": "car",
          "category ID": 3,
          "trunc": false
        },
        {
          "obj_track_id": 67,
          "bbox": [
            607.2727272727273,
            456.1038961038961,
            652.9870129870129,
            497.6623376623377
          ],
          "category": "motor",
          "category ID": 7,
          "trunc": false
        },
        {
          "obj_track_id": 134,
          "bbox": [
            606.2337662337662,
            416.6233766233766,
            646.7532467532467,
            470.64935064935065
          ],
          "category": "rider",
          "category ID": 2,
          "trunc": false
        }
      ]
    },
    {
      "frame_id": 37,
      "image_path": "frames/Vtpe3HAIEm4_002565/images/000037.jpg",
      "accident_id": 5,
      "accident_name": "turning",
      "objects": [
        {
          "obj_track_id": 0,
          "bbox": [
            409.87012987012986,
            415.5844155844156,
            622.8571428571429,
            501.8181818181818
          ],
          "category": "car",
          "category ID": 3,
          "trunc": false
        },
        {
          "obj_track_id": 67,
          "bbox": [
            621.8181818181818,
            457.1428571428571,
            657.1428571428571,
            498.7012987012987
          ],
          "category": "motor",
          "category ID": 7,
          "trunc": false
        },
        {
          "obj_track_id": 134,
          "bbox": [
            613.5064935064935,
            419.7402597402597,
            654.0259740259739,
            473.76623376623377
          ],
          "category": "rider",
          "category ID": 2,
          "trunc": false
        }
      ]
    },
    {
      "frame_id": 38,
      "image_path": "frames/Vtpe3HAIEm4_002565/images/000038.jpg",
      "accident_id": 5,
      "accident_name": "turning",
      "objects": [
        {
          "obj_track_id": 0,
          "bbox": [
            425.45454545454544,
            416.6233766233766,
            622.8571428571429,
            503.8961038961039
          ],
          "category": "car",
          "category ID": 3,
          "trunc": false
        },
        {
          "obj_track_id": 67,
          "bbox": [
            632.2077922077922,
            457.1428571428571,
            661.2987012987013,
            499.7402597402597
          ],
          "category": "motor",
          "category ID": 7,
          "trunc": false
        },
        {
          "obj_track_id": 134,
          "bbox": [
            620.7792207792209,
            417.6623376623377,
            660.2597402597403,
            473.76623376623377
          ],
          "category": "rider",
          "category ID": 2,
          "trunc": false
        }
      ]
    },
    {
      "frame_id": 39,
      "image_path": "frames/Vtpe3HAIEm4_002565/images/000039.jpg",
      "accident_id": 5,
      "accident_name": "turning",
      "objects": [
        {
          "obj_track_id": 0,
          "bbox": [
            440,
            416.6233766233766,
            647.7922077922078,
            504.93506493506493
          ],
          "category": "car",
          "category ID": 3,
          "trunc": false
        },
        {
          "obj_track_id": 67,
          "bbox": [
            647.7922077922078,
            457.1428571428571,
            672.7272727272727,
            497.6623376623377
          ],
          "category": "motor",
          "category ID": 7,
          "trunc": false
        },
        {
          "obj_track_id": 134,
          "bbox": [
            631.1688311688312,
            423.8961038961039,
            668.5714285714286,
            466.49350649350646
          ],
          "category": "rider",
          "category ID": 2,
          "trunc": false
        }
      ]
    },
    {
      "frame_id": 40,
      "image_path": "frames/Vtpe3HAIEm4_002565/images/000040.jpg",
      "accident_id": 5,
      "accident_name": "turning",
      "objects": [
        {
          "obj_track_id": 0,
          "bbox": [
            454.54545454545456,
            418.7012987012987,
            647.7922077922078,
            504.93506493506493
          ],
          "category": "car",
          "category ID": 3,
          "trunc": false
        },
        {
          "obj_track_id": 67,
          "bbox": [
            647.7922077922078,
            457.1428571428571,
            681.038961038961,
            495.5844155844156
          ],
          "category": "motor",
          "category ID": 7,
          "trunc": false
        },
        {
          "obj_track_id": 134,
          "bbox": [
            646.7532467532467,
            421.8181818181818,
            697.6623376623377,
            488.31168831168833
          ],
          "category": "rider",
          "category ID": 2,
          "trunc": false
        }
      ]
    },
    {
      "frame_id": 41,
      "image_path": "frames/Vtpe3HAIEm4_002565/images/000041.jpg",
      "accident_id": 5,
      "accident_name": "turning",
      "objects": [
        {
          "obj_track_id": 0,
          "bbox": [
            472.2077922077922,
            418.7012987012987,
            661.2987012987013,
            502.85714285714283
          ],
          "category": "car",
          "category ID": 3,
          "trunc": false
        },
        {
          "obj_track_id": 67,
          "bbox": [
            661.2987012987013,
            460.2597402597402,
            695.5844155844155,
            494.54545454545456
          ],
          "category": "motor",
          "category ID": 7,
          "trunc": false
        },
        {
          "obj_track_id": 134,
          "bbox": [
            668.5714285714286,
            420.7792207792208,
            701.8181818181818,
            488.31168831168833
          ],
          "category": "rider",
          "category ID": 2,
          "trunc": false
        }
      ]
    },
    {
      "frame_id": 42,
      "image_path": "frames/Vtpe3HAIEm4_002565/images/000042.jpg",
      "accident_id": 5,
      "accident_name": "turning",
      "objects": [
        {
          "obj_track_id": 0,
          "bbox": [
            486.75324675324674,
            420.7792207792208,
            669.6103896103896,
            501.8181818181818
          ],
          "category": "car",
          "category ID": 3,
          "trunc": false
        },
        {
          "obj_track_id": 67,
          "bbox": [
            663.3766233766233,
            463.37662337662334,
            710.1298701298701,
            490.38961038961037
          ],
          "category": "motor",
          "category ID": 7,
          "trunc": false
        },
        {
          "obj_track_id": 134,
          "bbox": [
            675.8441558441558,
            421.8181818181818,
            707.012987012987,
            480.0
          ],
          "category": "rider",
          "category ID": 2,
          "trunc": false
        }
      ]
    },
    {
      "frame_id": 43,
      "image_path": "frames/Vtpe3HAIEm4_002565/images/000043.jpg",
      "accident_id": 5,
      "accident_name": "turning",
      "objects": [
        {
          "obj_track_id": 0,
          "bbox": [
            500.2597402597402,
            417.6623376623377,
            669.6103896103896,
            503.8961038961039
          ],
          "category": "car",
          "category ID": 3,
          "trunc": false
        },
        {
          "obj_track_id": 67,
          "bbox": [
            669.6103896103896,
            463.37662337662334,
            725.7142857142857,
            490.38961038961037
          ],
          "category": "motor",
          "category ID": 7,
          "trunc": false
        },
        {
          "obj_track_id": 134,
          "bbox": [
            691.4285714285714,
            424.93506493506493,
            726.7532467532467,
            480.0
          ],
          "category": "rider",
          "category ID": 2,
          "trunc": false
        }
      ]
    },
    {
      "frame_id": 44,
      "image_path": "frames/Vtpe3HAIEm4_002565/images/000044.jpg",
      "accident_id": 5,
      "accident_name": "turning",
      "objects": [
        {
          "obj_track_id": 0,
          "bbox": [
            510.12987012987014,
            417.1428571428571,
            683.1168831168832,
            502.85714285714283
          ],
          "category": "car",
          "category ID": 3,
          "trunc": false
        },
        {
          "obj_track_id": 67,
          "bbox": [
            682.5974025974026,
            459.7402597402597,
            732.987012987013,
            489.87012987012986
          ],
          "category": "motor",
          "category ID": 7,
          "trunc": false
        },
        {
          "obj_track_id": 134,
          "bbox": [
            695.0649350649351,
            430.64935064935065,
            735.0649350649351,
            480.0
          ],
          "category": "rider",
          "category ID": 2,
          "trunc": false
        }
      ]
    },
    {
      "frame_id": 45,
      "image_path": "frames/Vtpe3HAIEm4_002565/images/000045.jpg",
      "accident_id": 5,
      "accident_name": "turning",
      "objects": [
        {
          "obj_track_id": 0,
          "bbox": [
            520,
            416.6233766233766,
            696.6233766233767,
            501.8181818181818
          ],
          "category": "car",
          "category ID": 3,
          "trunc": false
        },
        {
          "obj_track_id": 67,
          "bbox": [
            695.5844155844155,
            456.1038961038961,
            740.2597402597403,
            489.35064935064935
          ],
          "category": "motor",
          "category ID": 7,
          "trunc": false
        },
        {
          "obj_track_id": 134,
          "bbox": [
            698.7012987012987,
            436.3636363636364,
            743.3766233766233,
            480.0
          ],
          "category": "rider",
          "category ID": 2,
          "trunc": false
        }
      ]
    },
    {
      "frame_id": 46,
      "image_path": "frames/Vtpe3HAIEm4_002565/images/000046.jpg",
      "accident_id": 0,
      "accident_name": "normal",
      "objects": []
    },
    {
      "frame_id": 47,
      "image_path": "frames/Vtpe3HAIEm4_002565/images/000047.jpg",
      "accident_id": 0,
      "accident_name": "normal",
      "objects": []
    },
    {
      "frame_id": 48,
      "image_path": "frames/Vtpe3HAIEm4_002565/images/000048.jpg",
      "accident_id": 0,
      "accident_name": "normal",
      "objects": []
    },
    {
      "frame_id": 49,
      "image_path": "frames/Vtpe3HAIEm4_002565/images/000049.jpg",
      "accident_id": 0,
      "accident_name": "normal",
      "objects": []
    },
    {
      "frame_id": 50,
      "image_path": "frames/Vtpe3HAIEm4_002565/images/000050.jpg",
      "accident_id": 0,
      "accident_name": "normal",
      "objects": []
    },
    {
      "frame_id": 51,
      "image_path": "frames/Vtpe3HAIEm4_002565/images/000051.jpg",
      "accident_id": 0,
      "accident_name": "normal",
      "objects": []
    },
    {
      "frame_id": 52,
      "image_path": "frames/Vtpe3HAIEm4_002565/images/000052.jpg",
      "accident_id": 0,
      "accident_name": "normal",
      "objects": []
    },
    {
      "frame_id": 53,
      "image_path": "frames/Vtpe3HAIEm4_002565/images/000053.jpg",
      "accident_id": 0,
      "accident_name": "normal",
      "objects": []
    },
    {
      "frame_id": 54,
      "image_path": "frames/Vtpe3HAIEm4_002565/images/000054.jpg",
      "accident_id": 0,
      "accident_name": "normal",
      "objects": []
    },
    {
      "frame_id": 55,
      "image_path": "frames/Vtpe3HAIEm4_002565/images/000055.jpg",
      "accident_id": 0,
      "accident_name": "normal",
      "objects": []
    },
    {
      "frame_id": 56,
      "image_path": "frames/Vtpe3HAIEm4_002565/images/000056.jpg",
      "accident_id": 0,
      "accident_name": "normal",
      "objects": []
    },
    {
      "frame_id": 57,
      "image_path": "frames/Vtpe3HAIEm4_002565/images/000057.jpg",
      "accident_id": 0,
      "accident_name": "normal",
      "objects": []
    },
    {
      "frame_id": 58,
      "image_path": "frames/Vtpe3HAIEm4_002565/images/000058.jpg",
      "accident_id": 0,
      "accident_name": "normal",
      "objects": []
    },
    {
      "frame_id": 59,
      "image_path": "frames/Vtpe3HAIEm4_002565/images/000059.jpg",
      "accident_id": 0,
      "accident_name": "normal",
      "objects": []
    },
    {
      "frame_id": 60,
      "image_path": "frames/Vtpe3HAIEm4_002565/images/000060.jpg",
      "accident_id": 0,
      "accident_name": "normal",
      "objects": []
    },
    {
      "frame_id": 61,
      "image_path": "frames/Vtpe3HAIEm4_002565/images/000061.jpg",
      "accident_id": 0,
      "accident_name": "normal",
      "objects": []
    },
    {
      "frame_id": 62,
      "image_path": "frames/Vtpe3HAIEm4_002565/images/000062.jpg",
      "accident_id": 0,
      "accident_name": "normal",
      "objects": []
    },
    {
      "frame_id": 63,
      "image_path": "frames/Vtpe3HAIEm4_002565/images/000063.jpg",
      "accident_id": 0,
      "accident_name": "normal",
      "objects": []
    },
    {
      "frame_id": 64,
      "image_path": "frames/Vtpe3HAIEm4_002565/images/000064.jpg",
      "accident_id": 0,
      "accident_name": "normal",
      "objects": []
    },
    {
      "frame_id": 65,
      "image_path": "frames/Vtpe3HAIEm4_002565/images/000065.jpg",
      "accident_id": 0,
      "accident_name": "normal",
      "objects": []
    },
    {
      "frame_id": 66,
      "image_path": "frames/Vtpe3HAIEm4_002565/images/000066.jpg",
      "accident_id": 0,
      "accident_name": "normal",
      "objects": []
    },
    {
      "frame_id": 67,
      "image_path": "frames/Vtpe3HAIEm4_002565/images/000067.jpg",
      "accident_id": 0,
      "accident_name": "normal",
      "objects": []
    },
    {
      "frame_id": 68,
      "image_path": "frames/Vtpe3HAIEm4_002565/images/000068.jpg",
      "accident_id": 0,
      "accident_name": "normal",
      "objects": []
    },
    {
      "frame_id": 69,
      "image_path": "frames/Vtpe3HAIEm4_002565/images/000069.jpg",
      "accident_id": 0,
      "accident_name": "normal",
      "objects": []
    },
    {
      "frame_id": 70,
      "image_path": "frames/Vtpe3HAIEm4_002565/images/000070.jpg",
      "accident_id": 0,
      "accident_name": "normal",
      "objects": []
    },
    {
      "frame_id": 71,
      "image_path": "frames/Vtpe3HAIEm4_002565/images/000071.jpg",
      "accident_id": 0,
      "accident_name": "normal",
      "objects": []
    },
    {
      "frame_id": 72,
      "image_path": "frames/Vtpe3HAIEm4_002565/images/000072.jpg",
      "accident_id": 0,
      "accident_name": "normal",
      "objects": []
    },
    {
      "frame_id": 73,
      "image_path": "frames/Vtpe3HAIEm4_002565/images/000073.jpg",
      "accident_id": 0,
      "accident_name": "normal",
      "objects": []
    },
    {
      "frame_id": 74,
      "image_path": "frames/Vtpe3HAIEm4_002565/images/000074.jpg",
      "accident_id": 0,
      "accident_name": "normal",
      "objects": []
    },
    {
      "frame_id": 75,
      "image_path": "frames/Vtpe3HAIEm4_002565/images/000075.jpg",
      "accident_id": 0,
      "accident_name": "normal",
      "objects": []
    },
    {
      "frame_id": 76,
      "image_path": "frames/Vtpe3HAIEm4_002565/images/000076.jpg",
      "accident_id": 0,
      "accident_name": "normal",
      "objects": []
    },
    {
      "frame_id": 77,
      "image_path": "frames/Vtpe3HAIEm4_002565/images/000077.jpg",
      "accident_id": 0,
      "accident_name": "normal",
      "objects": []
    },
    {
      "frame_id": 78,
      "image_path": "frames/Vtpe3HAIEm4_002565/images/000078.jpg",
      "accident_id": 0,
      "accident_name": "normal",
      "objects": []
    },
    {
      "frame_id": 79,
      "image_path": "frames/Vtpe3HAIEm4_002565/images/000079.jpg",
      "accident_id": 0,
      "accident_name": "normal",
      "objects": []
    },
    {
      "frame_id": 80,
      "image_path": "frames/Vtpe3HAIEm4_002565/images/000080.jpg",
      "accident_id": 0,
      "accident_name": "normal",
      "objects": []
    },
    {
      "frame_id": 81,
      "image_path": "frames/Vtpe3HAIEm4_002565/images/000081.jpg",
      "accident_id": 0,
      "accident_name": "normal",
      "objects": []
    },
    {
      "frame_id": 82,
      "image_path": "frames/Vtpe3HAIEm4_002565/images/000082.jpg",
      "accident_id": 0,
      "accident_name": "normal",
      "objects": []
    },
    {
      "frame_id": 83,
      "image_path": "frames/Vtpe3HAIEm4_002565/images/000083.jpg",
      "accident_id": 0,
      "accident_name": "normal",
      "objects": []
    },
    {
      "frame_id": 84,
      "image_path": "frames/Vtpe3HAIEm4_002565/images/000084.jpg",
      "accident_id": 0,
      "accident_name": "normal",
      "objects": []
    },
    {
      "frame_id": 85,
      "image_path": "frames/Vtpe3HAIEm4_002565/images/000085.jpg",
      "accident_id": 0,
      "accident_name": "normal",
      "objects": []
    },
    {
      "frame_id": 86,
      "image_path": "frames/Vtpe3HAIEm4_002565/images/000086.jpg",
      "accident_id": 0,
      "accident_name": "normal",
      "objects": []
    },
    {
      "frame_id": 87,
      "image_path": "frames/Vtpe3HAIEm4_002565/images/000087.jpg",
      "accident_id": 0,
      "accident_name": "normal",
      "objects": []
    },
    {
      "frame_id": 88,
      "image_path": "frames/Vtpe3HAIEm4_002565/images/000088.jpg",
      "accident_id": 0,
      "accident_name": "normal",
      "objects": []
    },
    {
      "frame_id": 89,
      "image_path": "frames/Vtpe3HAIEm4_002565/images/000089.jpg",
      "accident_id": 0,
      "accident_name": "normal",
      "objects": []
    }
  ]
}