{
  "video_name": "xpOyD-qrQUw_003846",
  "channel": "AnAn",
  "num_frames": 95,
  "ignore": false,
  "ego_involve": false,
  "night": false,
  "anomaly_start": 40,
  "anomaly_end": 54,
  "video_start": 3846,
  "video_end": 3940,
  "accident_id": "1",
  "accident_name": "start_stop_or_stationary",
  "labels": [
    {
      "frame_id": 0,
      "image_path": "frames/xpOyD-qrQUw_003846/images/000000.jpg",
      "accident_id": 0,
      "accident_name": "normal",
      "objects": []
    },
    {
      "frame_id": 1,
      "image_path": "frames/xpOyD-qrQUw_003846/images/000001.jpg",
      "accident_id": 0,
      "accident_name": "normal",
      "objects": []
    },
    {
      "frame_id": 2,
      "image_path": "frames/xpOyD-qrQUw_003846/images/000002.jpg",
      "accident_id": 0,
      "accident_name": "normal",
      "objects": []
    },
    {
      "frame_id": 3,
      "image_path": "frames/xpOyD-qrQUw_003846/images/000003.jpg",
      "accident_id": 0,
      "accident_name": "normal",
      "objects": []
    },
    {
      "frame_id": 4,
      "image_path": "frames/xpOyD-qrQUw_003846/images/000004.jpg",
      "accident_id": 0,
      "accident_name": "normal",
      "objects": []
    },
    {
      "frame_id": 5,
      "image_path": "frames/xpOyD-qrQUw_003846/images/000005.jpg",
      "accident_id": 0,
      "accident_name": "normal",
      "objects": []
    },
    {
      "frame_id": 6,
      "image_path": "frames/xpOyD-qrQUw_003846/images/000006.jpg",
      "accident_id": 0,
      "accident_name": "normal",
      "objects": []
    },
    {
      "frame_id": 7,
      "image_path": "frames/xpOyD-qrQUw_003846/images/000007.jpg",
      "accident_id": 0,
      "accident_name": "normal",
      "objects": []
    },
    {
      "frame_id": 8,
      "image_path": "frames/xpOyD-qrQUw_003846/images/000008.jpg",
      "accident_id": 0,
      "accident_name": "normal",
      "objects": []
    },
    {
      "frame_id": 9,
      "image_path": "frames/xpOyD-qrQUw_003846/images/000009.jpg",
      "accident_id": 0,
      "accident_name": "normal",
      "objects": []
    },
    {
      "frame_id": 10,
      "image_path": "frames/xpOyD-qrQUw_003846/images/000010.jpg",
      "accident_id": 0,
      "accident_name": "normal",
      "objects": []
    },
    {
      "frame_id": 11,
      "image_path": "frames/xpOyD-qrQUw_003846/images/000011.jpg",
      "accident_id": 0,
      "accident_name": "normal",
      "objects": []
    },
    {
      "frame_id": 12,
      "image_path": "frames/xpOyD-qrQUw_003846/images/000012.jpg",
      "accident_id": 0,
      "accident_name": "normal",
      "objects": []
    },
    {
      "frame_id": 13,
      "image_path": "frames/xpOyD-qrQUw_003846/images/000013.jpg",
      "accident_id": 0,
      "accident_name": "normal",
      "objects": []
    },
    {
      "frame_id": 14,
      "image_path": "frames/xpOyD-qrQUw_003846/images/000014.jpg",
      "accident_id": 0,
      "accident_name": "normal",
      "objects": []
    },
    {
      "frame_id": 15,
      "image_path": "frames/xpOyD-qrQUw_003846/images/000015.jpg",
      "accident_id": 0,
      "accident_name": "normal",
      "objects": []
    },
    {
      "frame_id": 16,
      "image_path": "frames/xpOyD-qrQUw_003846/images/000016.jpg",
      "accident_id": 0,
      "accident_name": "normal",
      "objects": []
    },
    {
      "frame_id": 17,
      "image_path": "frames/xpOyD-qrQUw_003846/images/000017.jpg",
      "accident_id": 0,
      "accident_name": "normal",
      "objects": []
    },
    {
      "frame_id": 18,
      "image_path": "frames/xpOyD-qrQUw_003846/images/000018.jpg",
      "accident_id": 0,
      "accident_name": "normal",
      "objects": []
    },
    {
      "frame_id": 19,
      "image_path": "frames/xpOyD-qrQUw_003846/images/000019.jpg",
      "accident_id": 0,
      "accident_name": "normal",
      "objects": []
    },
    {
      "frame_id": 20,
      "image_path": "frames/xpOyD-qrQUw_003846/images/000020.jpg",
      "accident_id": 0,
      "accident_name": "normal",
      "objects": []
    },
    {
      "frame_id": 21,
      "image_path": "frames/xpOyD-qrQUw_003846/images/000021.jpg",
      "accident_id": 0,
      "accident_name": "normal",
      "objects": []
    },
    {
      "frame_id": 22,
      "image_path": "frames/xpOyD-qrQUw_003846/images/000022.jpg",
      "accident_id": 0,
      "accident_name": "normal",
      "objects": []
    },
    {
      "frame_id": 23,
      "image_path": "frames/xpOyD-qrQUw_003846/images/000023.jpg",
      "accident_id": 0,
      "accident_name": "normal",
      "objects": []
    },
    {
      "frame_id": 24,
      "image_path": "frames/xpOyD-qrQUw_003846/images/000024.jpg",
      "accident_id": 0,
      "accident_name": "normal",
      "objects": []
    },
    {
      "frame_id": 25,
      "image_path": "frames/xpOyD-qrQUw_003846/images/000025.jpg",
      "accident_id": 0,
      "accident_name": "normal",
      "objects": []
    },
    {
      "frame_id": 26,
      "image_path": "frames/xpOyD-qrQUw_003846/images/000026.jpg",
      "accident_id": 0,
      "accident_name": "normal",
      "objects": []
    },
    {
      "frame_id": 27,
      "image_path": "frames/xpOyD-qrQUw_003846/images/000027.jpg",
      "accident_id": 0,
      "accident_name": "normal",
      "objects": []
    },
    {
      "frame_id": 28,
      "image_path": "frames/xpOyD-qrQUw_003846/images/000028.jpg",
      "accident_id": 0,
      "accident_name": "normal",
      "objects": []
    },
    {
      "frame_id": 29,
      "image_path": "frames/xpOyD-qrQUw_003846/images/000029.jpg",
      "accident_id": 0,
      "accident_name": "normal",
      "objects": []
    },
    {
      "frame_id": 30,
      "image_path": "frames/xpOyD-qrQUw_003846/images/000030.jpg",
      "accident_id": 0,
      "accident_name": "normal",
      "objects": []
    },
    {
      "frame_id": 31,
      "image_path": "frames/xpOyD-qrQUw_003846/images/000031.jpg",
      "accident_id": 0,
      "accident_name": "normal",
      "objects": []
    },
    {
      "frame_id": 32,
      "image_path": "frames/xpOyD-qrQUw_003846/images/000032.jpg",
      "accident_id": 0,
      "accident_name": "normal",
      "objects": []
    },
    {
      "frame_id": 33,
      "image_path": "frames/xpOyD-qrQUw_003846/images/000033.jpg",
      "accident_id": 0,
      "accident_name": "normal",
      "objects": []
    },
    {
      "frame_id": 34,
      "image_path": "frames/xpOyD-qrQUw_003846/images/000034.jpg",
      "accident_id": 0,
      "accident_name": "normal",
      "objects": []
    },
    {
      "frame_id": 35,
      "image_path": "frames/xpOyD-qrQUw_003846/images/000035.jpg",
      "accident_id": 0,
      "accident_name": "normal",
      "objects": []
    },
    {
      "frame_id": 36,
      "image_path": "frames/xpOyD-qrQUw_003846/images/000036.jpg",
      "accident_id": 0,
      "accident_name": "normal",
      "objects": []
    },
    {
      "frame_id": 37,
      "image_path": "frames/xpOyD-qrQUw_003846/images/000037.jpg",
      "accident_id": 0,
      "accident_name": "normal",
      "objects": []
    },
    {
      "frame_id": 38,
      "image_path": "frames/xpOyD-qrQUw_003846/images/000038.jpg",
      "accident_id": 0,
      "accident_name": "normal",
      "objects": []
    },
    {
      "frame_id": 39,
      "image_path": "frames/xpOyD-qrQUw_003846/images/000039.jpg",
      "accident_id": 0,
      "accident_name": "normal",
      "objects": []
    },
    {
      "frame_id": 40,
      "image_path": "frames/xpOyD-qrQUw_003846/images/000040.jpg",
      "accident_id": 1,
      "accident_name": "start_stop_or_stationary",
      "objects": [
        {
          "obj_track_id": 0,
          "bbox": [
            1066.4935064935064,
            389.6103896103896,
            1233.7662337662337,
            694.025974025974
          ],
          "category": "rider",
          "category ID": 2,
          "trunc": false
        },
        {
          "obj_track_id": 56,
          "bbox": [
            1197.4025974025974,
            369.87012987012986,
            1280.0,
            716.8831168831168
          ],
          "category": "rider",
          "category ID": 2,
          "trunc": true
        },
        {
          "obj_track_id": 278,
          "bbox": [
            1034.2857142857142,
            473.76623376623377,
            1280.0,
            720.0
          ],
          "category": "motor",
          "category ID": 7,
          "trunc": true
        }
      ]
    },
    {
      "frame_id": 41,
      "image_path": "frames/xpOyD-qrQUw_003846/images/000041.jpg",
      "accident_id": 1,
      "accident_name": "start_stop_or_stationary",
      "objects": [
        {
          "obj_track_id": 0,
          "bbox": [
            1004.1558441558441,
            402.07792207792204,
            1136.103896103896,
            676.3636363636364
          ],
          "category": "rider",
          "category ID": 2,
          "trunc": false
        },
        {
          "obj_track_id": 56,
          "bbox": [
            1070.6493506493507,
            387.53246753246754,
            1255.5844155844156,
            674.2857142857142
          ],
          "category": "rider",
          "category ID": 2,
          "trunc": false
        },
        {
          "obj_track_id": 278,
          "bbox": [
            991.6883116883116,
            465.45454545454544,
            1280.0,
            720.0
          ],
          "category": "motor",
          "category ID": 7,
          "trunc": true
        }
      ]
    },
    {
      "frame_id": 42,
      "image_path": "frames/xpOyD-qrQUw_003846/images/000042.jpg",
      "accident_id": 1,
      "accident_name": "start_stop_or_stationary",
      "objects": [
        {
          "obj_track_id": 0,
          "bbox": [
            959.4805194805194,
            406.2337662337662,
            1051.948051948052,
            632.7272727272727
          ],
          "category": "rider",
          "category ID": 2,
          "trunc": false
        },
        {
          "obj_track_id": 56,
          "bbox": [
            1007.2727272727273,
            397.9220779220779,
            1155.844155844156,
            632.7272727272727
          ],
          "category": "rider",
          "category ID": 2,
          "trunc": false
        },
        {
          "obj_track_id": 278,
          "bbox": [
            940.7792207792207,
            464.4155844155844,
            1241.038961038961,
            705.4545454545454
          ],
          "category": "motor",
          "category ID": 7,
          "trunc": false
        }
      ]
    },
    {
      "frame_id": 43,
      "image_path": "frames/xpOyD-qrQUw_003846/images/000043.jpg",
      "accident_id": 1,
      "accident_name": "start_stop_or_stationary",
      "objects": [
        {
          "obj_track_id": 0,
          "bbox": [
            918.9610389610389,
            411.42857142857133,
            1002.077922077922,
            612.9870129870129
          ],
          "category": "rider",
          "category ID": 2,
          "trunc": false
        },
        {
          "obj_track_id": 56,
          "bbox": [
            958.4415584415584,
            402.0779220779221,
            1080.0,
            609.8701298701299
          ],
          "category": "rider",
          "category ID": 2,
          "trunc": false
        },
        {
          "obj_track_id": 278,
          "bbox": [
            910.6493506493506,
            457.14285714285717,
            1130.909090909091,
            667.012987012987
          ],
          "category": "motor",
          "category ID": 7,
          "trunc": false
        }
      ]
    },
    {
      "frame_id": 44,
      "image_path": "frames/xpOyD-qrQUw_003846/images/000044.jpg",
      "accident_id": 1,
      "accident_name": "start_stop_or_stationary",
      "objects": [
        {
          "obj_track_id": 0,
          "bbox": [
            907.5324675324674,
            414.54545454545445,
            950.1298701298701,
            595.3246753246754
          ],
          "category": "rider",
          "category ID": 2,
          "trunc": false
        },
        {
          "obj_track_id": 56,
          "bbox": [
            926.2337662337662,
            412.46753246753246,
            1031.168831168831,
            583.8961038961039
          ],
          "category": "rider",
          "category ID": 2,
          "trunc": false
        },
        {
          "obj_track_id": 278,
          "bbox": [
            888.8311688311688,
            474.8051948051948,
            1066.4935064935064,
            660.7792207792207
          ],
          "category": "motor",
          "category ID": 7,
          "trunc": false
        }
      ]
    },
    {
      "frame_id": 45,
      "image_path": "frames/xpOyD-qrQUw_003846/images/000045.jpg",
      "accident_id": 1,
      "accident_name": "start_stop_or_stationary",
      "objects": [
        {
          "obj_track_id": 0,
          "bbox": [
            886.7532467532467,
            416.62337662337654,
            929.3506493506494,
            597.4025974025974
          ],
          "category": "rider",
          "category ID": 2,
          "trunc": false
        },
        {
          "obj_track_id": 56,
          "bbox": [
            897.1428571428571,
            420.7792207792208,
            991.6883116883116,
            576.6233766233767
          ],
          "category": "rider",
          "category ID": 2,
          "trunc": false
        },
        {
          "obj_track_id": 278,
          "bbox": [
            872.2077922077922,
            474.8051948051948,
            1047.7922077922078,
            610.9090909090909
          ],
          "category": "motor",
          "category ID": 7,
          "trunc": false
        }
      ]
    },
    {
      "frame_id": 46,
      "image_path": "frames/xpOyD-qrQUw_003846/images/000046.jpg",
      "accident_id": 1,
      "accident_name": "start_stop_or_stationary",
      "objects": [
        {
          "obj_track_id": 0,
          "bbox": [
            873.2467532467532,
            424.93506493506493,
            929.3506493506494,
            572.4675324675325
          ],
          "category": "rider",
          "category ID": 2,
          "trunc": false
        },
        {
          "obj_track_id": 56,
          "bbox": [
            897.1428571428571,
            422.85714285714283,
            979.2207792207791,
            576.6233766233767
          ],
          "category": "rider",
          "category ID": 2,
          "trunc": false
        },
        {
          "obj_track_id": 278,
          "bbox": [
            861.8181818181818,
            474.8051948051948,
            1054.025974025974,
            599.4805194805194
          ],
          "category": "motor",
          "category ID": 7,
          "trunc": false
        }
      ]
    },
    {
      "frame_id": 47,
      "image_path": "frames/xpOyD-qrQUw_003846/images/000047.jpg",
      "accident_id": 1,
      "accident_name": "start_stop_or_stationary",
      "objects": [
        {
          "obj_track_id": 0,
          "bbox": [
            871.1688311688312,
            423.8961038961039,
            922.0779220779222,
            552.7272727272727
          ],
          "category": "rider",
          "category ID": 2,
          "trunc": false
        },
        {
          "obj_track_id": 56,
          "bbox": [
            880.5194805194805,
            422.85714285714283,
            975.0649350649351,
            553.7662337662338
          ],
          "category": "rider",
          "category ID": 2,
          "trunc": false
        },
        {
          "obj_track_id": 278,
          "bbox": [
            861.8181818181818,
            490.38961038961037,
            1039.4805194805194,
            590.1298701298701
          ],
          "category": "motor",
          "category ID": 7,
          "trunc": false
        }
      ]
    },
    {
      "frame_id": 48,
      "image_path": "frames/xpOyD-qrQUw_003846/images/000048.jpg",
      "accident_id": 1,
      "accident_name": "start_stop_or_stationary",
      "objects": [
        {
          "obj_track_id": 0,
          "bbox": [
            871.1688311688312,
            442.5974025974026,
            922.0779220779222,
            552.7272727272727
          ],
          "category": "rider",
          "category ID": 2,
          "trunc": false
        },
        {
          "obj_track_id": 56,
          "bbox": [
            880.5194805194805,
            451.94805194805195,
            979.2207792207791,
            553.7662337662338
          ],
          "category": "rider",
          "category ID": 2,
          "trunc": false
        },
        {
          "obj_track_id": 278,
          "bbox": [
            861.8181818181818,
            497.6623376623377,
            1027.012987012987,
            590.1298701298701
          ],
          "category": "motor",
          "category ID": 7,
          "trunc": false
        }
      ]
    },
    {
      "frame_id": 49,
      "image_path": "frames/xpOyD-qrQUw_003846/images/000049.jpg",
      "accident_id": 1,
      "accident_name": "start_stop_or_stationary",
      "objects": [
        {
          "obj_track_id": 0,
          "bbox": [
            871.1688311688312,
            466.49350649350646,
            941.8181818181818,
            552.7272727272727
          ],
          "category": "rider",
          "category ID": 2,
          "trunc": false
        },
        {
          "obj_track_id": 56,
          "bbox": [
            880.5194805194805,
            457.1428571428571,
            986.4935064935065,
            553.7662337662338
          ],
          "category": "rider",
          "category ID": 2,
          "trunc": false
        },
        {
          "obj_track_id": 278,
          "bbox": [
            861.8181818181818,
            510.12987012987014,
            1011.4285714285714,
            590.1298701298701
          ],
          "category": "motor",
          "category ID": 7,
          "trunc": false
        }
      ]
    },
    {
      "frame_id": 50,
      "image_path": "frames/xpOyD-qrQUw_003846/images/000050.jpg",
      "accident_id": 1,
      "accident_name": "start_stop_or_stationary",
      "objects": [
        {
          "obj_track_id": 0,
          "bbox": [
            889.8701298701299,
            466.49350649350646,
            941.8181818181818,
            552.7272727272727
          ],
          "category": "rider",
          "category ID": 2,
          "trunc": false
        },
        {
          "obj_track_id": 56,
          "bbox": [
            922.077922077922,
            464.4155844155844,
            1009.3506493506493,
            552.7272727272727
          ],
          "category": "rider",
          "category ID": 2,
          "trunc": false
        },
        {
          "obj_track_id": 278,
          "bbox": [
            861.8181818181818,
            510.12987012987014,
            1001.038961038961,
            585.974025974026
          ],
          "category": "motor",
          "category ID": 7,
          "trunc": false
        }
      ]
    },
    {
      "frame_id": 51,
      "image_path": "frames/xpOyD-qrQUw_003846/images/000051.jpg",
      "accident_id": 1,
      "accident_name": "start_stop_or_stationary",
      "objects": [
        {
          "obj_track_id": 0,
          "bbox": [
            889.8701298701299,
            478.9610389610389,
            951.1688311688312,
            552.7272727272727
          ],
          "category": "rider",
          "category ID": 2,
          "trunc": false
        },
        {
          "obj_track_id": 56,
          "bbox": [
            922.077922077922,
            493.5064935064935,
            1029.090909090909,
            552.7272727272727
          ],
          "category": "rider",
          "category ID": 2,
          "trunc": false
        },
        {
          "obj_track_id": 278,
          "bbox": [
            861.8181818181818,
            511.16883116883116,
            991.6883116883116,
            572.4675324675325
          ],
          "category": "motor",
          "category ID": 7,
          "trunc": false
        }
      ]
    },
    {
      "frame_id": 52,
      "image_path": "frames/xpOyD-qrQUw_003846/images/000052.jpg",
      "accident_id": 1,
      "accident_name": "start_stop_or_stationary",
      "objects": [
        {
          "obj_track_id": 0,
          "bbox": [
            889.8701298701299,
            500.7792207792208,
            959.4805194805194,
            552.7272727272727
          ],
          "category": "rider",
          "category ID": 2,
          "trunc": false
        },
        {
          "obj_track_id": 56,
          "bbox": [
            922.077922077922,
            507.012987012987,
            1041.5584415584415,
            552.7272727272727
          ],
          "category": "rider",
          "category ID": 2,
          "trunc": false
        },
        {
          "obj_track_id": 278,
          "bbox": [
            856.6233766233767,
            524.6753246753246,
            982.3376623376623,
            563.1168831168831
          ],
          "category": "motor",
          "category ID": 7,
          "trunc": false
        }
      ]
    },
    {
      "frame_id": 53,
      "image_path": "frames/xpOyD-qrQUw_003846/images/000053.jpg",
      "accident_id": 1,
      "accident_name": "start_stop_or_stationary",
      "objects": [
        {
          "obj_track_id": 0,
          "bbox": [
            889.8701298701299,
            500.7792207792208,
            959.4805194805194,
            552.7272727272727
          ],
          "category": "rider",
          "category ID": 2,
          "trunc": false
        },
        {
          "obj_track_id": 56,
          "bbox": [
            922.077922077922,
            507.012987012987,
            1057.142857142857,
            550.6493506493506
          ],
          "category": "rider",
          "category ID": 2,
          "trunc": false
        },
        {
          "obj_track_id": 278,
          "bbox": [
            857.6623376623378,
            524.6753246753246,
            983.3766233766235,
            563.1168831168831
          ],
          "category": "motor",
          "category ID": 7,
          "trunc": false
        }
      ]
    },
    {
      "frame_id": 54,
      "image_path": "frames/xpOyD-qrQUw_003846/images/000054.jpg",
      "accident_id": 0,
      "accident_name": "normal",
      "objects": []
    },
    {
      "frame_id": 55,
      "image_path": "frames/xpOyD-qrQUw_003846/images/000055.jpg",
      "accident_id": 0,
      "accident_name": "normal",
      "objects": []
    },
    {
      "frame_id": 56,
      "image_path": "frames/xpOyD-qrQUw_003846/images/000056.jpg",
      "accident_id": 0,
      "accident_name": "normal",
      "objects": []
    },
    {
      "frame_id": 57,
      "image_path": "frames/xpOyD-qrQUw_003846/images/000057.jpg",
      "accident_id": 0,
      "accident_name": "normal",
      "objects": []
    },
    {
      "frame_id": 58,
      "image_path": "frames/xpOyD-qrQUw_003846/images/000058.jpg",
      "accident_id": 0,
      "accident_name": "normal",
      "objects": []
    },
    {
      "frame_id": 59,
      "image_path": "frames/xpOyD-qrQUw_003846/images/000059.jpg",
      "accident_id": 0,
      "accident_name": "normal",
      "objects": []
    },
    {
      "frame_id": 60,
      "image_path": "frames/xpOyD-qrQUw_003846/images/000060.jpg",
      "accident_id": 0,
      "accident_name": "normal",
      "objects": []
    },
    {
      "frame_id": 61,
      "image_path": "frames/xpOyD-qrQUw_003846/images/000061.jpg",
      "accident_id": 0,
      "accident_name": "normal",
      "objects": []
    },
    {
      "frame_id": 62,
      "image_path": "frames/xpOyD-qrQUw_003846/images/000062.jpg",
      "accident_id": 0,
      "accident_name": "normal",
      "objects": []
    },
    {
      "frame_id": 63,
      "image_path": "frames/xpOyD-qrQUw_003846/images/000063.jpg",
      "accident_id": 0,
      "accident_name": "normal",
      "objects": []
    },
    {
      "frame_id": 64,
      "image_path": "frames/xpOyD-qrQUw_003846/images/000064.jpg",
      "accident_id": 0,
      "accident_name": "normal",
      "objects": []
    },
    {
      "frame_id": 65,
      "image_path": "frames/xpOyD-qrQUw_003846/images/000065.jpg",
      "accident_id": 0,
      "accident_name": "normal",
      "objects": []
    },
    {
      "frame_id": 66,
      "image_path": "frames/xpOyD-qrQUw_003846/images/000066.jpg",
      "accident_id": 0,
      "accident_name": "normal",
      "objects": []
    },
    {
      "frame_id": 67,
      "image_path": "frames/xpOyD-qrQUw_003846/images/000067.jpg",
      "accident_id": 0,
      "accident_name": "normal",
      "objects": []
    },
    {
      "frame_id": 68,
      "image_path": "frames/xpOyD-qrQUw_003846/images/000068.jpg",
      "accident_id": 0,
      "accident_name": "normal",
      "objects": []
    },
    {
      "frame_id": 69,
      "image_path": "frames/xpOyD-qrQUw_003846/images/000069.jpg",
      "accident_id": 0,
      "accident_name": "normal",
      "objects": []
    },
    {
      "frame_id": 70,
      "image_path": "frames/xpOyD-qrQUw_003846/images/000070.jpg",
      "accident_id": 0,
      "accident_name": "normal",
      "objects": []
    },
    {
      "frame_id": 71,
      "image_path": "frames/xpOyD-qrQUw_003846/images/000071.jpg",
      "accident_id": 0,
      "accident_name": "normal",
      "objects": []
    },
    {
      "frame_id": 72,
      "image_path": "frames/xpOyD-qrQUw_003846/images/000072.jpg",
      "accident_id": 0,
      "accident_name": "normal",
      "objects": []
    },
    {
      "frame_id": 73,
      "image_path": "frames/xpOyD-qrQUw_003846/images/000073.jpg",
      "accident_id": 0,
      "accident_name": "normal",
      "objects": []
    },
    {
      "frame_id": 74,
      "image_path": "frames/xpOyD-qrQUw_003846/images/000074.jpg",
      "accident_id": 0,
      "accident_name": "normal",
      "objects": []
    },
    {
      "frame_id": 75,
      "image_path": "frames/xpOyD-qrQUw_003846/images/000075.jpg",
      "accident_id": 0,
      "accident_name": "normal",
      "objects": []
    },
    {
      "frame_id": 76,
      "image_path": "frames/xpOyD-qrQUw_003846/images/000076.jpg",
      "accident_id": 0,
      "accident_name": "normal",
      "objects": []
    },
    {
      "frame_id": 77,
      "image_path": "frames/xpOyD-qrQUw_003846/images/000077.jpg",
      "accident_id": 0,
      "accident_name": "normal",
      "objects": []
    },
    {
      "frame_id": 78,
      "image_path": "frames/xpOyD-qrQUw_003846/images/000078.jpg",
      "accident_id": 0,
      "accident_name": "normal",
      "objects": []
    },
    {
      "frame_id": 79,
      "image_path": "frames/xpOyD-qrQUw_003846/images/000079.jpg",
      "accident_id": 0,
      "accident_name": "normal",
      "objects": []
    },
    {
      "frame_id": 80,
      "image_path": "frames/xpOyD-qrQUw_003846/images/000080.jpg",
      "accident_id": 0,
      "accident_name": "normal",
      "objects": []
    },
    {
      "frame_id": 81,
      "image_path": "frames/xpOyD-qrQUw_003846/images/000081.jpg",
      "accident_id": 0,
      "accident_name": "normal",
      "objects": []
    },
    {
      "frame_id": 82,
      "image_path": "frames/xpOyD-qrQUw_003846/images/000082.jpg",
      "accident_id": 0,
      "accident_name": "normal",
      "objects": []
    },
    {
      "frame_id": 83,
      "image_path": "frames/xpOyD-qrQUw_003846/images/000083.jpg",
      "accident_id": 0,
      "accident_name": "normal",
      "objects": []
    },
    {
      "frame_id": 84,
      "image_path": "frames/xpOyD-qrQUw_003846/images/000084.jpg",
      "accident_id": 0,
      "accident_name": "normal",
      "objects": []
    },
    {
      "frame_id": 85,
      "image_path": "frames/xpOyD-qrQUw_003846/images/000085.jpg",
      "accident_id": 0,
      "accident_name": "normal",
      "objects": []
    },
    {
      "frame_id": 86,
      "image_path": "frames/xpOyD-qrQUw_003846/images/000086.jpg",
      "accident_id": 0,
      "accident_name": "normal",
      "objects": []
    },
    {
      "frame_id": 87,
      "image_path": "frames/xpOyD-qrQUw_003846/images/000087.jpg",
      "accident_id": 0,
      "accident_name": "normal",
      "objects": []
    },
    {
      "frame_id": 88,
      "image_path": "frames/xpOyD-qrQUw_003846/images/000088.jpg",
      "accident_id": 0,
      "accident_name": "normal",
      "objects": []
    },
    {
      "frame_id": 89,
      "image_path": "frames/xpOyD-qrQUw_003846/images/000089.jpg",
      "accident_id": 0,
      "accident_name": "normal",
      "objects": []
    },
    {
      "frame_id": 90,
      "image_path": "frames/xpOyD-qrQUw_003846/images/000090.jpg",
      "accident_id": 0,
      "accident_name": "normal",
      "objects": []
    },
    {
      "frame_id": 91,
      "image_path": "frames/xpOyD-qrQUw_003846/images/000091.jpg",
      "accident_id": 0,
      "accident_name": "normal",
      "objects": []
    },
    {
      "frame_id": 92,
      "image_path": "frames/xpOyD-qrQUw_003846/images/000092.jpg",
      "accident_id": 0,
      "accident_name": "normal",
      "objects": []
    },
    {
      "frame_id": 93,
      "image_path": "frames/xpOyD-qrQUw_003846/images/000093.jpg",
      "accident_id": 0,
      "accident_name": "normal",
      "objects": []
    },
    {
      "frame_id": 94,
      "image_path": "frames/xpOyD-qrQUw_003846/images/000094.jpg",
      "accident_id": 0,
      "accident_name": "normal",
      "objects": []
    }
  ]
}