{
  "video_name": "xVfPBzDnI2Q_004688",
  "channel": "AnAn",
  "num_frames": 86,
  "ignore": false,
  "ego_involve": true,
  "night": false,
  "anomaly_start": 54,
  "anomaly_end": 67,
  "video_start": 4688,
  "video_end": 4773,
  "accident_id": "4",
  "accident_name": "oncoming",
  "labels": [
    {
      "frame_id": 0,
      "image_path": "frames/xVfPBzDnI2Q_004688/images/000000.jpg",
      "accident_id": 0,
      "accident_name": "normal",
      "objects": []
    },
    {
      "frame_id": 1,
      "image_path": "frames/xVfPBzDnI2Q_004688/images/000001.jpg",
      "accident_id": 0,
      "accident_name": "normal",
      "objects": []
    },
    {
      "frame_id": 2,
      "image_path": "frames/xVfPBzDnI2Q_004688/images/000002.jpg",
      "accident_id": 0,
      "accident_name": "normal",
      "objects": []
    },
    {
      "frame_id": 3,
      "image_path": "frames/xVfPBzDnI2Q_004688/images/000003.jpg",
      "accident_id": 0,
      "accident_name": "normal",
      "objects": []
    },
    {
      "frame_id": 4,
      "image_path": "frames/xVfPBzDnI2Q_004688/images/000004.jpg",
      "accident_id": 0,
      "accident_name": "normal",
      "objects": []
    },
    {
      "frame_id": 5,
      "image_path": "frames/xVfPBzDnI2Q_004688/images/000005.jpg",
      "accident_id": 0,
      "accident_name": "normal",
      "objects": []
    },
    {
      "frame_id": 6,
      "image_path": "frames/xVfPBzDnI2Q_004688/images/000006.jpg",
      "accident_id": 0,
      "accident_name": "normal",
      "objects": []
    },
    {
      "frame_id": 7,
      "image_path": "frames/xVfPBzDnI2Q_004688/images/000007.jpg",
      "accident_id": 0,
      "accident_name": "normal",
      "objects": []
    },
    {
      "frame_id": 8,
      "image_path": "frames/xVfPBzDnI2Q_004688/images/000008.jpg",
      "accident_id": 0,
      "accident_name": "normal",
      "objects": []
    },
    {
      "frame_id": 9,
      "image_path": "frames/xVfPBzDnI2Q_004688/images/000009.jpg",
      "accident_id": 0,
      "accident_name": "normal",
      "objects": []
    },
    {
      "frame_id": 10,
      "image_path": "frames/xVfPBzDnI2Q_004688/images/000010.jpg",
      "accident_id": 0,
      "accident_name": "normal",
      "objects": []
    },
    {
      "frame_id": 11,
      "image_path": "frames/xVfPBzDnI2Q_004688/images/000011.jpg",
      "accident_id": 0,
      "accident_name": "normal",
      "objects": []
    },
    {
      "frame_id": 12,
      "image_path": "frames/xVfPBzDnI2Q_004688/images/000012.jpg",
      "accident_id": 0,
      "accident_name": "normal",
      "objects": []
    },
    {
      "frame_id": 13,
      "image_path": "frames/xVfPBzDnI2Q_004688/images/000013.jpg",
      "accident_id": 0,
      "accident_name": "normal",
      "objects": []
    },
    {
      "frame_id": 14,
      "image_path": "frames/xVfPBzDnI2Q_004688/images/000014.jpg",
      "accident_id": 0,
      "accident_name": "normal",
      "objects": []
    },
    {
      "frame_id": 15,
      "image_path": "frames/xVfPBzDnI2Q_004688/images/000015.jpg",
      "accident_id": 0,
      "accident_name": "normal",
      "objects": []
    },
    {
      "frame_id": 16,
      "image_path": "frames/xVfPBzDnI2Q_004688/images/000016.jpg",
      "accident_id": 0,
      "accident_name": "normal",
      "objects": []
    },
    {
      "frame_id": 17,
      "image_path": "frames/xVfPBzDnI2Q_004688/images/000017.jpg",
      "accident_id": 0,
      "accident_name": "normal",
      "objects": []
    },
    {
      "frame_id": 18,
      "image_path": "frames/xVfPBzDnI2Q_004688/images/000018.jpg",
      "accident_id": 0,
      "accident_name": "normal",
      "objects": []
    },
    {
      "frame_id": 19,
      "image_path": "frames/xVfPBzDnI2Q_004688/images/000019.jpg",
      "accident_id": 0,
      "accident_name": "normal",
      "objects": []
    },
    {
      "frame_id": 20,
      "image_path": "frames/xVfPBzDnI2Q_004688/images/000020.jpg",
      "accident_id": 0,
      "accident_name": "normal",
      "objects": []
    },
    {
      "frame_id": 21,
      "image_path": "frames/xVfPBzDnI2Q_004688/images/000021.jpg",
      "accident_id": 0,
      "accident_name": "normal",
      "objects": []
    },
    {
      "frame_id": 22,
      "image_path": "frames/xVfPBzDnI2Q_004688/images/000022.jpg",
      "accident_id": 0,
      "accident_name": "normal",
      "objects": []
    },
    {
      "frame_id": 23,
      "image_path": "frames/xVfPBzDnI2Q_004688/images/000023.jpg",
      "accident_id": 0,
      "accident_name": "normal",
      "objects": []
    },
    {
      "frame_id": 24,
      "image_path": "frames/xVfPBzDnI2Q_004688/images/000024.jpg",
      "accident_id": 0,
      "accident_name": "normal",
      "objects": []
    },
    {
      "frame_id": 25,
      "image_path": "frames/xVfPBzDnI2Q_004688/images/000025.jpg",
      "accident_id": 0,
      "accident_name": "normal",
      "objects": []
    },
    {
      "frame_id": 26,
      "image_path": "frames/xVfPBzDnI2Q_004688/images/000026.jpg",
      "accident_id": 0,
      "accident_name": "normal",
      "objects": []
    },
    {
      "frame_id": 27,
      "image_path": "frames/xVfPBzDnI2Q_004688/images/000027.jpg",
      "accident_id": 0,
      "accident_name": "normal",
      "objects": []
    },
    {
      "frame_id": 28,
      "image_path": "frames/xVfPBzDnI2Q_004688/images/000028.jpg",
      "accident_id": 0,
      "accident_name": "normal",
      "objects": []
    },
    {
      "frame_id": 29,
      "image_path": "frames/xVfPBzDnI2Q_004688/images/000029.jpg",
      "accident_id": 0,
      "accident_name": "normal",
      "objects": []
    },
    {
      "frame_id": 30,
      "image_path": "frames/xVfPBzDnI2Q_004688/images/000030.jpg",
      "accident_id": 0,
      "accident_name": "normal",
      "objects": []
    },
    {
      "frame_id": 31,
      "image_path": "frames/xVfPBzDnI2Q_004688/images/000031.jpg",
      "accident_id": 0,
      "accident_name": "normal",
      "objects": []
    },
    {
      "frame_id": 32,
      "image_path": "frames/xVfPBzDnI2Q_004688/images/000032.jpg",
      "accident_id": 0,
      "accident_name": "normal",
      "objects": []
    },
    {
      "frame_id": 33,
      "image_path": "frames/xVfPBzDnI2Q_004688/images/000033.jpg",
      "accident_id": 0,
      "accident_name": "normal",
      "objects": []
    },
    {
      "frame_id": 34,
      "image_path": "frames/xVfPBzDnI2Q_004688/images/000034.jpg",
      "accident_id": 0,
      "accident_name": "normal",
      "objects": []
    },
    {
      "frame_id": 35,
      "image_path": "frames/xVfPBzDnI2Q_004688/images/000035.jpg",
      "accident_id": 0,
      "accident_name": "normal",
      "objects": []
    },
    {
      "frame_id": 36,
      "image_path": "frames/xVfPBzDnI2Q_004688/images/000036.jpg",
      "accident_id": 0,
      "accident_name": "normal",
      "objects": []
    },
    {
      "frame_id": 37,
      "image_path": "frames/xVfPBzDnI2Q_004688/images/000037.jpg",
      "accident_id": 0,
      "accident_name": "normal",
      "objects": []
    },
    {
      "frame_id": 38,
      "image_path": "frames/xVfPBzDnI2Q_004688/images/000038.jpg",
      "accident_id": 0,
      "accident_name": "normal",
      "objects": []
    },
    {
      "frame_id": 39,
      "image_path": "frames/xVfPBzDnI2Q_004688/images/000039.jpg",
      "accident_id": 0,
      "accident_name": "normal",
      "objects": []
    },
    {
      "frame_id": 40,
      "image_path": "frames/xVfPBzDnI2Q_004688/images/000040.jpg",
      "accident_id": 0,
      "accident_name": "normal",
      "objects": []
    },
    {
      "frame_id": 41,
      "image_path": "frames/xVfPBzDnI2Q_004688/images/000041.jpg",
      "accident_id": 0,
      "accident_name": "normal",
      "objects": []
    },
    {
      "frame_id": 42,
      "image_path": "frames/xVfPBzDnI2Q_004688/images/000042.jpg",
      "accident_id": 0,
      "accident_name": "normal",
      "objects": []
    },
    {
      "frame_id": 43,
      "image_path": "frames/xVfPBzDnI2Q_004688/images/000043.jpg",
      "accident_id": 0,
      "accident_name": "normal",
      "objects": []
    },
    {
      "frame_id": 44,
      "image_path": "frames/xVfPBzDnI2Q_004688/images/000044.jpg",
      "accident_id": 0,
      "accident_name": "normal",
      "objects": []
    },
    {
      "frame_id": 45,
      "image_path": "frames/xVfPBzDnI2Q_004688/images/000045.jpg",
      "accident_id": 0,
      "accident_name": "normal",
      "objects": []
    },
    {
      "frame_id": 46,
      "image_path": "frames/xVfPBzDnI2Q_004688/images/000046.jpg",
      "accident_id": 0,
      "accident_name": "normal",
      "objects": []
    },
    {
      "frame_id": 47,
      "image_path": "frames/xVfPBzDnI2Q_004688/images/000047.jpg",
      "accident_id": 0,
      "accident_name": "normal",
      "objects": []
    },
    {
      "frame_id": 48,
      "image_path": "frames/xVfPBzDnI2Q_004688/images/000048.jpg",
      "accident_id": 0,
      "accident_name": "normal",
      "objects": []
    },
    {
      "frame_id": 49,
      "image_path": "frames/xVfPBzDnI2Q_004688/images/000049.jpg",
      "accident_id": 0,
      "accident_name": "normal",
      "objects": []
    },
    {
      "frame_id": 50,
      "image_path": "frames/xVfPBzDnI2Q_004688/images/000050.jpg",
      "accident_id": 0,
      "accident_name": "normal",
      "objects": []
    },
    {
      "frame_id": 51,
      "image_path": "frames/xVfPBzDnI2Q_004688/images/000051.jpg",
      "accident_id": 0,
      "accident_name": "normal",
      "objects": []
    },
    {
      "frame_id": 52,
      "image_path": "frames/xVfPBzDnI2Q_004688/images/000052.jpg",
      "accident_id": 0,
      "accident_name": "normal",
      "objects": []
    },
    {
      "frame_id": 53,
      "image_path": "frames/xVfPBzDnI2Q_004688/images/000053.jpg",
      "accident_id": 0,
      "accident_name": "normal",
      "objects": []
    },
    {
      "frame_id": 54,
      "image_path": "frames/xVfPBzDnI2Q_004688/images/000054.jpg",
      "accident_id": 4,
      "accident_name": "oncoming",
      "objects": [
        {
          "obj_track_id": 0,
          "bbox": [
            193.64993215739483,
            372.5373134328358,
            574.0027137042063,
            587.8968792401628
          ],
          "category": "car",
          "category ID": 3,
          "trunc": true
        }
      ]
    },
    {
      "frame_id": 55,
      "image_path": "frames/xVfPBzDnI2Q_004688/images/000055.jpg",
      "accident_id": 4,
      "accident_name": "oncoming",
      "objects": [
        {
          "obj_track_id": 0,
          "bbox": [
            189.8869289914066,
            372.5373134328358,
            580.0814111261873,
            587.8968792401628
          ],
          "category": "car",
          "category ID": 3,
          "trunc": true
        }
      ]
    },
    {
      "frame_id": 56,
      "image_path": "frames/xVfPBzDnI2Q_004688/images/000056.jpg",
      "accident_id": 4,
      "accident_name": "oncoming",
      "objects": [
        {
          "obj_track_id": 0,
          "bbox": [
            186.12392582541835,
            372.5373134328358,
            586.1601085481682,
            587.8968792401628
          ],
          "category": "car",
          "category ID": 3,
          "trunc": true
        }
      ]
    },
    {
      "frame_id": 57,
      "image_path": "frames/xVfPBzDnI2Q_004688/images/000057.jpg",
      "accident_id": 4,
      "accident_name": "oncoming",
      "objects": [
        {
          "obj_track_id": 0,
          "bbox": [
            182.36092265943012,
            372.5373134328358,
            592.2388059701492,
            587.8968792401628
          ],
          "category": "car",
          "category ID": 3,
          "trunc": true
        }
      ]
    },
    {
      "frame_id": 58,
      "image_path": "frames/xVfPBzDnI2Q_004688/images/000058.jpg",
      "accident_id": 4,
      "accident_name": "oncoming",
      "objects": [
        {
          "obj_track_id": 0,
          "bbox": [
            177.58480325644504,
            371.6689280868385,
            601.7910447761194,
            587.8968792401628
          ],
          "category": "car",
          "category ID": 3,
          "trunc": true
        }
      ]
    },
    {
      "frame_id": 59,
      "image_path": "frames/xVfPBzDnI2Q_004688/images/000059.jpg",
      "accident_id": 4,
      "accident_name": "oncoming",
      "objects": [
        {
          "obj_track_id": 0,
          "bbox": [
            172.80868385345997,
            370.80054274084125,
            611.3432835820895,
            587.8968792401628
          ],
          "category": "car",
          "category ID": 3,
          "trunc": true
        }
      ]
    },
    {
      "frame_id": 60,
      "image_path": "frames/xVfPBzDnI2Q_004688/images/000060.jpg",
      "accident_id": 4,
      "accident_name": "oncoming",
      "objects": [
        {
          "obj_track_id": 0,
          "bbox": [
            168.0325644504749,
            369.93215739484395,
            620.8955223880596,
            587.8968792401628
          ],
          "category": "car",
          "category ID": 3,
          "trunc": true
        }
      ]
    },
    {
      "frame_id": 61,
      "image_path": "frames/xVfPBzDnI2Q_004688/images/000061.jpg",
      "accident_id": 4,
      "accident_name": "oncoming",
      "objects": [
        {
          "obj_track_id": 0,
          "bbox": [
            163.25644504748982,
            369.06377204884666,
            630.4477611940298,
            587.8968792401628
          ],
          "category": "car",
          "category ID": 3,
          "trunc": true
        }
      ]
    },
    {
      "frame_id": 62,
      "image_path": "frames/xVfPBzDnI2Q_004688/images/000062.jpg",
      "accident_id": 4,
      "accident_name": "oncoming",
      "objects": [
        {
          "obj_track_id": 0,
          "bbox": [
            159.20398009950247,
            366.4586160108548,
            643.18407960199,
            589.3441881501583
          ],
          "category": "car",
          "category ID": 3,
          "trunc": true
        }
      ]
    },
    {
      "frame_id": 63,
      "image_path": "frames/xVfPBzDnI2Q_004688/images/000063.jpg",
      "accident_id": 4,
      "accident_name": "oncoming",
      "objects": [
        {
          "obj_track_id": 0,
          "bbox": [
            155.15151515151516,
            363.85345997286294,
            655.9203980099502,
            590.7914970601537
          ],
          "category": "car",
          "category ID": 3,
          "trunc": true
        }
      ]
    },
    {
      "frame_id": 64,
      "image_path": "frames/xVfPBzDnI2Q_004688/images/000064.jpg",
      "accident_id": 4,
      "accident_name": "oncoming",
      "objects": [
        {
          "obj_track_id": 0,
          "bbox": [
            151.0990502035278,
            361.2483039348711,
            668.6567164179104,
            592.2388059701492
          ],
          "category": "car",
          "category ID": 3,
          "trunc": true
        }
      ]
    },
    {
      "frame_id": 65,
      "image_path": "frames/xVfPBzDnI2Q_004688/images/000065.jpg",
      "accident_id": 4,
      "accident_name": "oncoming",
      "objects": [
        {
          "obj_track_id": 0,
          "bbox": [
            148.49389416553595,
            363.2745364088648,
            671.5513342379014,
            591.659882406151
          ],
          "category": "car",
          "category ID": 3,
          "trunc": true
        }
      ]
    },
    {
      "frame_id": 66,
      "image_path": "frames/xVfPBzDnI2Q_004688/images/000066.jpg",
      "accident_id": 4,
      "accident_name": "oncoming",
      "objects": [
        {
          "obj_track_id": 0,
          "bbox": [
            145.8887381275441,
            365.3007688828584,
            674.4459520578923,
            591.0809588421528
          ],
          "category": "car",
          "category ID": 3,
          "trunc": true
        }
      ]
    },
    {
      "frame_id": 67,
      "image_path": "frames/xVfPBzDnI2Q_004688/images/000067.jpg",
      "accident_id": 0,
      "accident_name": "normal",
      "objects": []
    },
    {
      "frame_id": 68,
      "image_path": "frames/xVfPBzDnI2Q_004688/images/000068.jpg",
      "accident_id": 0,
      "accident_name": "normal",
      "objects": []
    },
    {
      "frame_id": 69,
      "image_path": "frames/xVfPBzDnI2Q_004688/images/000069.jpg",
      "accident_id": 0,
      "accident_name": "normal",
      "objects": []
    },
    {
      "frame_id": 70,
      "image_path": "frames/xVfPBzDnI2Q_004688/images/000070.jpg",
      "accident_id": 0,
      "accident_name": "normal",
      "objects": []
    },
    {
      "frame_id": 71,
      "image_path": "frames/xVfPBzDnI2Q_004688/images/000071.jpg",
      "accident_id": 0,
      "accident_name": "normal",
      "objects": []
    },
    {
      "frame_id": 72,
      "image_path": "frames/xVfPBzDnI2Q_004688/images/000072.jpg",
      "accident_id": 0,
      "accident_name": "normal",
      "objects": []
    },
    {
      "frame_id": 73,
      "image_path": "frames/xVfPBzDnI2Q_004688/images/000073.jpg",
      "accident_id": 0,
      "accident_name": "normal",
      "objects": []
    },
    {
      "frame_id": 74,
      "image_path": "frames/xVfPBzDnI2Q_004688/images/000074.jpg",
      "accident_id": 0,
      "accident_name": "normal",
      "objects": []
    },
    {
      "frame_id": 75,
      "image_path": "frames/xVfPBzDnI2Q_004688/images/000075.jpg",
      "accident_id": 0,
      "accident_name": "normal",
      "objects": []
    },
    {
      "frame_id": 76,
      "image_path": "frames/xVfPBzDnI2Q_004688/images/000076.jpg",
      "accident_id": 0,
      "accident_name": "normal",
      "objects": []
    },
    {
      "frame_id": 77,
      "image_path": "frames/xVfPBzDnI2Q_004688/images/000077.jpg",
      "accident_id": 0,
      "accident_name": "normal",
      "objects": []
    },
    {
      "frame_id": 78,
      "image_path": "frames/xVfPBzDnI2Q_004688/images/000078.jpg",
      "accident_id": 0,
      "accident_name": "normal",
      "objects": []
    },
    {
      "frame_id": 79,
      "image_path": "frames/xVfPBzDnI2Q_004688/images/000079.jpg",
      "accident_id": 0,
      "accident_name": "normal",
      "objects": []
    },
    {
      "frame_id": 80,
      "image_path": "frames/xVfPBzDnI2Q_004688/images/000080.jpg",
      "accident_id": 0,
      "accident_name": "normal",
      "objects": []
    },
    {
      "frame_id": 81,
      "image_path": "frames/xVfPBzDnI2Q_004688/images/000081.jpg",
      "accident_id": 0,
      "accident_name": "normal",
      "objects": []
    },
    {
      "frame_id": 82,
      "image_path": "frames/xVfPBzDnI2Q_004688/images/000082.jpg",
      "accident_id": 0,
      "accident_name": "normal",
      "objects": []
    },
    {
      "frame_id": 83,
      "image_path": "frames/xVfPBzDnI2Q_004688/images/000083.jpg",
      "accident_id": 0,
      "accident_name": "normal",
      "objects": []
    },
    {
      "frame_id": 84,
      "image_path": "frames/xVfPBzDnI2Q_004688/images/000084.jpg",
      "accident_id": 0,
      "accident_name": "normal",
      "objects": []
    },
    {
      "frame_id": 85,
      "image_path": "frames/xVfPBzDnI2Q_004688/images/000085.jpg",
      "accident_id": 0,
      "accident_name": "normal",
      "objects": []
    }
  ]
}