{
  "video_name": "YBEYOS3A3Ic_003027",
  "channel": "AnAn",
  "num_frames": 94,
  "ignore": false,
  "ego_involve": true,
  "night": false,
  "anomaly_start": 42,
  "anomaly_end": 65,
  "video_start": 3027,
  "video_end": 3120,
  "accident_id": "2",
  "accident_name": "moving_ahead_or_waiting",
  "labels": [
    {
      "frame_id": 0,
      "image_path": "frames/YBEYOS3A3Ic_003027/images/000000.jpg",
      "accident_id": 0,
      "accident_name": "normal",
      "objects": []
    },
    {
      "frame_id": 1,
      "image_path": "frames/YBEYOS3A3Ic_003027/images/000001.jpg",
      "accident_id": 0,
      "accident_name": "normal",
      "objects": []
    },
    {
      "frame_id": 2,
      "image_path": "frames/YBEYOS3A3Ic_003027/images/000002.jpg",
      "accident_id": 0,
      "accident_name": "normal",
      "objects": []
    },
    {
      "frame_id": 3,
      "image_path": "frames/YBEYOS3A3Ic_003027/images/000003.jpg",
      "accident_id": 0,
      "accident_name": "normal",
      "objects": []
    },
    {
      "frame_id": 4,
      "image_path": "frames/YBEYOS3A3Ic_003027/images/000004.jpg",
      "accident_id": 0,
      "accident_name": "normal",
      "objects": []
    },
    {
      "frame_id": 5,
      "image_path": "frames/YBEYOS3A3Ic_003027/images/000005.jpg",
      "accident_id": 0,
      "accident_name": "normal",
      "objects": []
    },
    {
      "frame_id": 6,
      "image_path": "frames/YBEYOS3A3Ic_003027/images/000006.jpg",
      "accident_id": 0,
      "accident_name": "normal",
      "objects": []
    },
    {
      "frame_id": 7,
      "image_path": "frames/YBEYOS3A3Ic_003027/images/000007.jpg",
      "accident_id": 0,
      "accident_name": "normal",
      "objects": []
    },
    {
      "frame_id": 8,
      "image_path": "frames/YBEYOS3A3Ic_003027/images/000008.jpg",
      "accident_id": 0,
      "accident_name": "normal",
      "objects": []
    },
    {
      "frame_id": 9,
      "image_path": "frames/YBEYOS3A3Ic_003027/images/000009.jpg",
      "accident_id": 0,
      "accident_name": "normal",
      "objects": []
    },
    {
      "frame_id": 10,
      "image_path": "frames/YBEYOS3A3Ic_003027/images/000010.jpg",
      "accident_id": 0,
      "accident_name": "normal",
      "objects": []
    },
    {
      "frame_id": 11,
      "image_path": "frames/YBEYOS3A3Ic_003027/images/000011.jpg",
      "accident_id": 0,
      "accident_name": "normal",
      "objects": []
    },
    {
      "frame_id": 12,
      "image_path": "frames/YBEYOS3A3Ic_003027/images/000012.jpg",
      "accident_id": 0,
      "accident_name": "normal",
      "objects": []
    },
    {
      "frame_id": 13,
      "image_path": "frames/YBEYOS3A3Ic_003027/images/000013.jpg",
      "accident_id": 0,
      "accident_name": "normal",
      "objects": []
    },
    {
      "frame_id": 14,
      "image_path": "frames/YBEYOS3A3Ic_003027/images/000014.jpg",
      "accident_id": 0,
      "accident_name": "normal",
      "objects": []
    },
    {
      "frame_id": 15,
      "image_path": "frames/YBEYOS3A3Ic_003027/images/000015.jpg",
      "accident_id": 0,
      "accident_name": "normal",
      "objects": []
    },
    {
      "frame_id": 16,
      "image_path": "frames/YBEYOS3A3Ic_003027/images/000016.jpg",
      "accident_id": 0,
      "accident_name": "normal",
      "objects": []
    },
    {
      "frame_id": 17,
      "image_path": "frames/YBEYOS3A3Ic_003027/images/000017.jpg",
      "accident_id": 0,
      "accident_name": "normal",
      "objects": []
    },
    {
      "frame_id": 18,
      "image_path": "frames/YBEYOS3A3Ic_003027/images/000018.jpg",
      "accident_id": 0,
      "accident_name": "normal",
      "objects": []
    },
    {
      "frame_id": 19,
      "image_path": "frames/YBEYOS3A3Ic_003027/images/000019.jpg",
      "accident_id": 0,
      "accident_name": "normal",
      "objects": []
    },
    {
      "frame_id": 20,
      "image_path": "frames/YBEYOS3A3Ic_003027/images/000020.jpg",
      "accident_id": 0,
      "accident_name": "normal",
      "objects": []
    },
    {
      "frame_id": 21,
      "image_path": "frames/YBEYOS3A3Ic_003027/images/000021.jpg",
      "accident_id": 0,
      "accident_name": "normal",
      "objects": []
    },
    {
      "frame_id": 22,
      "image_path": "frames/YBEYOS3A3Ic_003027/images/000022.jpg",
      "accident_id": 0,
      "accident_name": "normal",
      "objects": []
    },
    {
      "frame_id": 23,
      "image_path": "frames/YBEYOS3A3Ic_003027/images/000023.jpg",
      "accident_id": 0,
      "accident_name": "normal",
      "objects": []
    },
    {
      "frame_id": 24,
      "image_path": "frames/YBEYOS3A3Ic_003027/images/000024.jpg",
      "accident_id": 0,
      "accident_name": "normal",
      "objects": []
    },
    {
      "frame_id": 25,
      "image_path": "frames/YBEYOS3A3Ic_003027/images/000025.jpg",
      "accident_id": 0,
      "accident_name": "normal",
      "objects": []
    },
    {
      "frame_id": 26,
      "image_path": "frames/YBEYOS3A3Ic_003027/images/000026.jpg",
      "accident_id": 0,
      "accident_name": "normal",
      "objects": []
    },
    {
      "frame_id": 27,
      "image_path": "frames/YBEYOS3A3Ic_003027/images/000027.jpg",
      "accident_id": 0,
      "accident_name": "normal",
      "objects": []
    },
    {
      "frame_id": 28,
      "image_path": "frames/YBEYOS3A3Ic_003027/images/000028.jpg",
      "accident_id": 0,
      "accident_name": "normal",
      "objects": []
    },
    {
      "frame_id": 29,
      "image_path": "frames/YBEYOS3A3Ic_003027/images/000029.jpg",
      "accident_id": 0,
      "accident_name": "normal",
      "objects": []
    },
    {
      "frame_id": 30,
      "image_path": "frames/YBEYOS3A3Ic_003027/images/000030.jpg",
      "accident_id": 0,
      "accident_name": "normal",
      "objects": []
    },
    {
      "frame_id": 31,
      "image_path": "frames/YBEYOS3A3Ic_003027/images/000031.jpg",
      "accident_id": 0,
      "accident_name": "normal",
      "objects": []
    },
    {
      "frame_id": 32,
      "image_path": "frames/YBEYOS3A3Ic_003027/images/000032.jpg",
      "accident_id": 0,
      "accident_name": "normal",
      "objects": []
    },
    {
      "frame_id": 33,
      "image_path": "frames/YBEYOS3A3Ic_003027/images/000033.jpg",
      "accident_id": 0,
      "accident_name": "normal",
      "objects": []
    },
    {
      "frame_id": 34,
      "image_path": "frames/YBEYOS3A3Ic_003027/images/000034.jpg",
      "accident_id": 0,
      "accident_name": "normal",
      "objects": []
    },
    {
      "frame_id": 35,
      "image_path": "frames/YBEYOS3A3Ic_003027/images/000035.jpg",
      "accident_id": 0,
      "accident_name": "normal",
      "objects": []
    },
    {
      "frame_id": 36,
      "image_path": "frames/YBEYOS3A3Ic_003027/images/000036.jpg",
      "accident_id": 0,
      "accident_name": "normal",
      "objects": []
    },
    {
      "frame_id": 37,
      "image_path": "frames/YBEYOS3A3Ic_003027/images/000037.jpg",
      "accident_id": 0,
      "accident_name": "normal",
      "objects": []
    },
    {
      "frame_id": 38,
      "image_path": "frames/YBEYOS3A3Ic_003027/images/000038.jpg",
      "accident_id": 0,
      "accident_name": "normal",
      "objects": []
    },
    {
      "frame_id": 39,
      "image_path": "frames/YBEYOS3A3Ic_003027/images/000039.jpg",
      "accident_id": 0,
      "accident_name": "normal",
      "objects": []
    },
    {
      "frame_id": 40,
      "image_path": "frames/YBEYOS3A3Ic_003027/images/000040.jpg",
      "accident_id": 0,
      "accident_name": "normal",
      "objects": []
    },
    {
      "frame_id": 41,
      "image_path": "frames/YBEYOS3A3Ic_003027/images/000041.jpg",
      "accident_id": 0,
      "accident_name": "normal",
      "objects": []
    },
    {
      "frame_id": 42,
      "image_path": "frames/YBEYOS3A3Ic_003027/images/000042.jpg",
      "accident_id": 2,
      "accident_name": "moving_ahead_or_waiting",
      "objects": [
        {
          "obj_track_id": 56,
          "bbox": [
            585.7068062827225,
            278.0104712041885,
            749.6858638743455,
            487.22513089005236
          ],
          "category": "car",
          "category ID": 3,
          "trunc": false
        }
      ]
    },
    {
      "frame_id": 43,
      "image_path": "frames/YBEYOS3A3Ic_003027/images/000043.jpg",
      "accident_id": 2,
      "accident_name": "moving_ahead_or_waiting",
      "objects": [
        {
          "obj_track_id": 56,
          "bbox": [
            582.8795811518324,
            282.72251308900525,
            760.9947643979058,
            506.0732984293194
          ],
          "category": "car",
          "category ID": 3,
          "trunc": false
        }
      ]
    },
    {
      "frame_id": 44,
      "image_path": "frames/YBEYOS3A3Ic_003027/images/000044.jpg",
      "accident_id": 2,
      "accident_name": "moving_ahead_or_waiting",
      "objects": [
        {
          "obj_track_id": 56,
          "bbox": [
            578.1675392670157,
            282.72251308900525,
            773.2460732984293,
            523.979057591623
          ],
          "category": "car",
          "category ID": 3,
          "trunc": false
        }
      ]
    },
    {
      "frame_id": 45,
      "image_path": "frames/YBEYOS3A3Ic_003027/images/000045.jpg",
      "accident_id": 2,
      "accident_name": "moving_ahead_or_waiting",
      "objects": [
        {
          "obj_track_id": 56,
          "bbox": [
            574.3979057591623,
            267.6439790575916,
            790.2094240837696,
            532.4607329842931
          ],
          "category": "car",
          "category ID": 3,
          "trunc": false
        }
      ]
    },
    {
      "frame_id": 46,
      "image_path": "frames/YBEYOS3A3Ic_003027/images/000046.jpg",
      "accident_id": 2,
      "accident_name": "moving_ahead_or_waiting",
      "objects": [
        {
          "obj_track_id": 56,
          "bbox": [
            569.0575916230366,
            255.39267015706804,
            809.371727748691,
            537.4869109947645
          ],
          "category": "car",
          "category ID": 3,
          "trunc": false
        }
      ]
    },
    {
      "frame_id": 47,
      "image_path": "frames/YBEYOS3A3Ic_003027/images/000047.jpg",
      "accident_id": 2,
      "accident_name": "moving_ahead_or_waiting",
      "objects": [
        {
          "obj_track_id": 56,
          "bbox": [
            563.717277486911,
            243.14136125654449,
            828.5340314136126,
            542.5130890052355
          ],
          "category": "car",
          "category ID": 3,
          "trunc": false
        }
      ]
    },
    {
      "frame_id": 48,
      "image_path": "frames/YBEYOS3A3Ic_003027/images/000048.jpg",
      "accident_id": 2,
      "accident_name": "moving_ahead_or_waiting",
      "objects": [
        {
          "obj_track_id": 56,
          "bbox": [
            558.3769633507853,
            230.89005235602093,
            847.696335078534,
            547.5392670157069
          ],
          "category": "car",
          "category ID": 3,
          "trunc": false
        }
      ]
    },
    {
      "frame_id": 49,
      "image_path": "frames/YBEYOS3A3Ic_003027/images/000049.jpg",
      "accident_id": 2,
      "accident_name": "moving_ahead_or_waiting",
      "objects": [
        {
          "obj_track_id": 56,
          "bbox": [
            550.8376963350785,
            219.58115183246073,
            871.2565445026178,
            551.780104712042
          ],
          "category": "car",
          "category ID": 3,
          "trunc": false
        }
      ]
    },
    {
      "frame_id": 50,
      "image_path": "frames/YBEYOS3A3Ic_003027/images/000050.jpg",
      "accident_id": 2,
      "accident_name": "moving_ahead_or_waiting",
      "objects": [
        {
          "obj_track_id": 56,
          "bbox": [
            544.2408376963351,
            208.27225130890054,
            893.8743455497382,
            558.848167539267
          ],
          "category": "car",
          "category ID": 3,
          "trunc": false
        }
      ]
    },
    {
      "frame_id": 51,
      "image_path": "frames/YBEYOS3A3Ic_003027/images/000051.jpg",
      "accident_id": 2,
      "accident_name": "moving_ahead_or_waiting",
      "objects": [
        {
          "obj_track_id": 56,
          "bbox": [
            534.8167539267016,
            194.13612565445027,
            919.3193717277487,
            569.2146596858639
          ],
          "category": "car",
          "category ID": 3,
          "trunc": false
        }
      ]
    },
    {
      "frame_id": 52,
      "image_path": "frames/YBEYOS3A3Ic_003027/images/000052.jpg",
      "accident_id": 2,
      "accident_name": "moving_ahead_or_waiting",
      "objects": [
        {
          "obj_track_id": 56,
          "bbox": [
            523.5078534031413,
            180.94240837696336,
            942.8795811518324,
            579.5811518324607
          ],
          "category": "car",
          "category ID": 3,
          "trunc": false
        }
      ]
    },
    {
      "frame_id": 53,
      "image_path": "frames/YBEYOS3A3Ic_003027/images/000053.jpg",
      "accident_id": 2,
      "accident_name": "moving_ahead_or_waiting",
      "objects": [
        {
          "obj_track_id": 56,
          "bbox": [
            515.0261780104712,
            179.05759162303664,
            953.2460732984293,
            583.3507853403141
          ],
          "category": "car",
          "category ID": 3,
          "trunc": false
        }
      ]
    },
    {
      "frame_id": 54,
      "image_path": "frames/YBEYOS3A3Ic_003027/images/000054.jpg",
      "accident_id": 2,
      "accident_name": "moving_ahead_or_waiting",
      "objects": [
        {
          "obj_track_id": 56,
          "bbox": [
            519.738219895288,
            162.09424083769633,
            947.5916230366493,
            572.9842931937172
          ],
          "category": "car",
          "category ID": 3,
          "trunc": false
        }
      ]
    },
    {
      "frame_id": 55,
      "image_path": "frames/YBEYOS3A3Ic_003027/images/000055.jpg",
      "accident_id": 2,
      "accident_name": "moving_ahead_or_waiting",
      "objects": [
        {
          "obj_track_id": 56,
          "bbox": [
            519.738219895288,
            175.28795811518324,
            932.5130890052355,
            574.869109947644
          ],
          "category": "car",
          "category ID": 3,
          "trunc": false
        }
      ]
    },
    {
      "frame_id": 56,
      "image_path": "frames/YBEYOS3A3Ic_003027/images/000056.jpg",
      "accident_id": 2,
      "accident_name": "moving_ahead_or_waiting",
      "objects": [
        {
          "obj_track_id": 56,
          "bbox": [
            521.6230366492147,
            188.48167539267016,
            912.7225130890052,
            569.2146596858638
          ],
          "category": "car",
          "category ID": 3,
          "trunc": false
        }
      ]
    },
    {
      "frame_id": 57,
      "image_path": "frames/YBEYOS3A3Ic_003027/images/000057.jpg",
      "accident_id": 2,
      "accident_name": "moving_ahead_or_waiting",
      "objects": [
        {
          "obj_track_id": 56,
          "bbox": [
            522.565445026178,
            199.79057591623035,
            890.1047120418848,
            563.5602094240837
          ],
          "category": "car",
          "category ID": 3,
          "trunc": false
        }
      ]
    },
    {
      "frame_id": 58,
      "image_path": "frames/YBEYOS3A3Ic_003027/images/000058.jpg",
      "accident_id": 2,
      "accident_name": "moving_ahead_or_waiting",
      "objects": [
        {
          "obj_track_id": 56,
          "bbox": [
            528.6910994764398,
            201.54076290201942,
            873.1413612565445,
            540.9424083769634
          ],
          "category": "car",
          "category ID": 3,
          "trunc": false
        }
      ]
    },
    {
      "frame_id": 59,
      "image_path": "frames/YBEYOS3A3Ic_003027/images/000059.jpg",
      "accident_id": 2,
      "accident_name": "moving_ahead_or_waiting",
      "objects": [
        {
          "obj_track_id": 56,
          "bbox": [
            535.0523560209424,
            178.38444278234851,
            864.6596858638743,
            498.5340314136126
          ],
          "category": "car",
          "category ID": 3,
          "trunc": false
        }
      ]
    },
    {
      "frame_id": 60,
      "image_path": "frames/YBEYOS3A3Ic_003027/images/000060.jpg",
      "accident_id": 2,
      "accident_name": "moving_ahead_or_waiting",
      "objects": [
        {
          "obj_track_id": 56,
          "bbox": [
            539.5287958115183,
            175.018698578908,
            862.7748691099476,
            491.93717277486917
          ],
          "category": "car",
          "category ID": 3,
          "trunc": false
        }
      ]
    },
    {
      "frame_id": 61,
      "image_path": "frames/YBEYOS3A3Ic_003027/images/000061.jpg",
      "accident_id": 2,
      "accident_name": "moving_ahead_or_waiting",
      "objects": [
        {
          "obj_track_id": 56,
          "bbox": [
            535.7591623036649,
            185.78908002991773,
            863.717277486911,
            501.3612565445026
          ],
          "category": "car",
          "category ID": 3,
          "trunc": false
        }
      ]
    },
    {
      "frame_id": 62,
      "image_path": "frames/YBEYOS3A3Ic_003027/images/000062.jpg",
      "accident_id": 2,
      "accident_name": "moving_ahead_or_waiting",
      "objects": [
        {
          "obj_track_id": 56,
          "bbox": [
            532.4607329842933,
            222.00448765893793,
            862.7748691099476,
            539.0575916230366
          ],
          "category": "car",
          "category ID": 3,
          "trunc": false
        }
      ]
    },
    {
      "frame_id": 63,
      "image_path": "frames/YBEYOS3A3Ic_003027/images/000063.jpg",
      "accident_id": 2,
      "accident_name": "moving_ahead_or_waiting",
      "objects": [
        {
          "obj_track_id": 56,
          "bbox": [
            534.8167539267016,
            211.09947643979058,
            867.4869109947643,
            529.6335078534031
          ],
          "category": "car",
          "category ID": 3,
          "trunc": false
        }
      ]
    },
    {
      "frame_id": 64,
      "image_path": "frames/YBEYOS3A3Ic_003027/images/000064.jpg",
      "accident_id": 2,
      "accident_name": "moving_ahead_or_waiting",
      "objects": [
        {
          "obj_track_id": 56,
          "bbox": [
            534.8167539267016,
            211.09947643979058,
            867.4869109947643,
            529.6335078534031
          ],
          "category": "car",
          "category ID": 3,
          "trunc": false
        }
      ]
    },
    {
      "frame_id": 65,
      "image_path": "frames/YBEYOS3A3Ic_003027/images/000065.jpg",
      "accident_id": 0,
      "accident_name": "normal",
      "objects": []
    },
    {
      "frame_id": 66,
      "image_path": "frames/YBEYOS3A3Ic_003027/images/000066.jpg",
      "accident_id": 0,
      "accident_name": "normal",
      "objects": []
    },
    {
      "frame_id": 67,
      "image_path": "frames/YBEYOS3A3Ic_003027/images/000067.jpg",
      "accident_id": 0,
      "accident_name": "normal",
      "objects": []
    },
    {
      "frame_id": 68,
      "image_path": "frames/YBEYOS3A3Ic_003027/images/000068.jpg",
      "accident_id": 0,
      "accident_name": "normal",
      "objects": []
    },
    {
      "frame_id": 69,
      "image_path": "frames/YBEYOS3A3Ic_003027/images/000069.jpg",
      "accident_id": 0,
      "accident_name": "normal",
      "objects": []
    },
    {
      "frame_id": 70,
      "image_path": "frames/YBEYOS3A3Ic_003027/images/000070.jpg",
      "accident_id": 0,
      "accident_name": "normal",
      "objects": []
    },
    {
      "frame_id": 71,
      "image_path": "frames/YBEYOS3A3Ic_003027/images/000071.jpg",
      "accident_id": 0,
      "accident_name": "normal",
      "objects": []
    },
    {
      "frame_id": 72,
      "image_path": "frames/YBEYOS3A3Ic_003027/images/000072.jpg",
      "accident_id": 0,
      "accident_name": "normal",
      "objects": []
    },
    {
      "frame_id": 73,
      "image_path": "frames/YBEYOS3A3Ic_003027/images/000073.jpg",
      "accident_id": 0,
      "accident_name": "normal",
      "objects": []
    },
    {
      "frame_id": 74,
      "image_path": "frames/YBEYOS3A3Ic_003027/images/000074.jpg",
      "accident_id": 0,
      "accident_name": "normal",
      "objects": []
    },
    {
      "frame_id": 75,
      "image_path": "frames/YBEYOS3A3Ic_003027/images/000075.jpg",
      "accident_id": 0,
      "accident_name": "normal",
      "objects": []
    },
    {
      "frame_id": 76,
      "image_path": "frames/YBEYOS3A3Ic_003027/images/000076.jpg",
      "accident_id": 0,
      "accident_name": "normal",
      "objects": []
    },
    {
      "frame_id": 77,
      "image_path": "frames/YBEYOS3A3Ic_003027/images/000077.jpg",
      "accident_id": 0,
      "accident_name": "normal",
      "objects": []
    },
    {
      "frame_id": 78,
      "image_path": "frames/YBEYOS3A3Ic_003027/images/000078.jpg",
      "accident_id": 0,
      "accident_name": "normal",
      "objects": []
    },
    {
      "frame_id": 79,
      "image_path": "frames/YBEYOS3A3Ic_003027/images/000079.jpg",
      "accident_id": 0,
      "accident_name": "normal",
      "objects": []
    },
    {
      "frame_id": 80,
      "image_path": "frames/YBEYOS3A3Ic_003027/images/000080.jpg",
      "accident_id": 0,
      "accident_name": "normal",
      "objects": []
    },
    {
      "frame_id": 81,
      "image_path": "frames/YBEYOS3A3Ic_003027/images/000081.jpg",
      "accident_id": 0,
      "accident_name": "normal",
      "objects": []
    },
    {
      "frame_id": 82,
      "image_path": "frames/YBEYOS3A3Ic_003027/images/000082.jpg",
      "accident_id": 0,
      "accident_name": "normal",
      "objects": []
    },
    {
      "frame_id": 83,
      "image_path": "frames/YBEYOS3A3Ic_003027/images/000083.jpg",
      "accident_id": 0,
      "accident_name": "normal",
      "objects": []
    },
    {
      "frame_id": 84,
      "image_path": "frames/YBEYOS3A3Ic_003027/images/000084.jpg",
      "accident_id": 0,
      "accident_name": "normal",
      "objects": []
    },
    {
      "frame_id": 85,
      "image_path": "frames/YBEYOS3A3Ic_003027/images/000085.jpg",
      "accident_id": 0,
      "accident_name": "normal",
      "objects": []
    },
    {
      "frame_id": 86,
      "image_path": "frames/YBEYOS3A3Ic_003027/images/000086.jpg",
      "accident_id": 0,
      "accident_name": "normal",
      "objects": []
    },
    {
      "frame_id": 87,
      "image_path": "frames/YBEYOS3A3Ic_003027/images/000087.jpg",
      "accident_id": 0,
      "accident_name": "normal",
      "objects": []
    },
    {
      "frame_id": 88,
      "image_path": "frames/YBEYOS3A3Ic_003027/images/000088.jpg",
      "accident_id": 0,
      "accident_name": "normal",
      "objects": []
    },
    {
      "frame_id": 89,
      "image_path": "frames/YBEYOS3A3Ic_003027/images/000089.jpg",
      "accident_id": 0,
      "accident_name": "normal",
      "objects": []
    },
    {
      "frame_id": 90,
      "image_path": "frames/YBEYOS3A3Ic_003027/images/000090.jpg",
      "accident_id": 0,
      "accident_name": "normal",
      "objects": []
    },
    {
      "frame_id": 91,
      "image_path": "frames/YBEYOS3A3Ic_003027/images/000091.jpg",
      "accident_id": 0,
      "accident_name": "normal",
      "objects": []
    },
    {
      "frame_id": 92,
      "image_path": "frames/YBEYOS3A3Ic_003027/images/000092.jpg",
      "accident_id": 0,
      "accident_name": "normal",
      "objects": []
    },
    {
      "frame_id": 93,
      "image_path": "frames/YBEYOS3A3Ic_003027/images/000093.jpg",
      "accident_id": 0,
      "accident_name": "normal",
      "objects": []
    }
  ]
}