{
  "video_name": "yhtzAKqRyXw_002311",
  "channel": "AnAn",
  "num_frames": 107,
  "ignore": false,
  "ego_involve": true,
  "night": false,
  "anomaly_start": 27,
  "anomaly_end": 45,
  "video_start": 2311,
  "video_end": 2417,
  "accident_id": "5",
  "accident_name": "turning",
  "labels": [
    {
      "frame_id": 0,
      "image_path": "frames/yhtzAKqRyXw_002311/images/000000.jpg",
      "accident_id": 0,
      "accident_name": "normal",
      "objects": []
    },
    {
      "frame_id": 1,
      "image_path": "frames/yhtzAKqRyXw_002311/images/000001.jpg",
      "accident_id": 0,
      "accident_name": "normal",
      "objects": []
    },
    {
      "frame_id": 2,
      "image_path": "frames/yhtzAKqRyXw_002311/images/000002.jpg",
      "accident_id": 0,
      "accident_name": "normal",
      "objects": []
    },
    {
      "frame_id": 3,
      "image_path": "frames/yhtzAKqRyXw_002311/images/000003.jpg",
      "accident_id": 0,
      "accident_name": "normal",
      "objects": []
    },
    {
      "frame_id": 4,
      "image_path": "frames/yhtzAKqRyXw_002311/images/000004.jpg",
      "accident_id": 0,
      "accident_name": "normal",
      "objects": []
    },
    {
      "frame_id": 5,
      "image_path": "frames/yhtzAKqRyXw_002311/images/000005.jpg",
      "accident_id": 0,
      "accident_name": "normal",
      "objects": []
    },
    {
      "frame_id": 6,
      "image_path": "frames/yhtzAKqRyXw_002311/images/000006.jpg",
      "accident_id": 0,
      "accident_name": "normal",
      "objects": []
    },
    {
      "frame_id": 7,
      "image_path": "frames/yhtzAKqRyXw_002311/images/000007.jpg",
      "accident_id": 0,
      "accident_name": "normal",
      "objects": []
    },
    {
      "frame_id": 8,
      "image_path": "frames/yhtzAKqRyXw_002311/images/000008.jpg",
      "accident_id": 0,
      "accident_name": "normal",
      "objects": []
    },
    {
      "frame_id": 9,
      "image_path": "frames/yhtzAKqRyXw_002311/images/000009.jpg",
      "accident_id": 0,
      "accident_name": "normal",
      "objects": []
    },
    {
      "frame_id": 10,
      "image_path": "frames/yhtzAKqRyXw_002311/images/000010.jpg",
      "accident_id": 0,
      "accident_name": "normal",
      "objects": []
    },
    {
      "frame_id": 11,
      "image_path": "frames/yhtzAKqRyXw_002311/images/000011.jpg",
      "accident_id": 0,
      "accident_name": "normal",
      "objects": []
    },
    {
      "frame_id": 12,
      "image_path": "frames/yhtzAKqRyXw_002311/images/000012.jpg",
      "accident_id": 0,
      "accident_name": "normal",
      "objects": []
    },
    {
      "frame_id": 13,
      "image_path": "frames/yhtzAKqRyXw_002311/images/000013.jpg",
      "accident_id": 0,
      "accident_name": "normal",
      "objects": []
    },
    {
      "frame_id": 14,
      "image_path": "frames/yhtzAKqRyXw_002311/images/000014.jpg",
      "accident_id": 0,
      "accident_name": "normal",
      "objects": []
    },
    {
      "frame_id": 15,
      "image_path": "frames/yhtzAKqRyXw_002311/images/000015.jpg",
      "accident_id": 0,
      "accident_name": "normal",
      "objects": []
    },
    {
      "frame_id": 16,
      "image_path": "frames/yhtzAKqRyXw_002311/images/000016.jpg",
      "accident_id": 0,
      "accident_name": "normal",
      "objects": []
    },
    {
      "frame_id": 17,
      "image_path": "frames/yhtzAKqRyXw_002311/images/000017.jpg",
      "accident_id": 0,
      "accident_name": "normal",
      "objects": []
    },
    {
      "frame_id": 18,
      "image_path": "frames/yhtzAKqRyXw_002311/images/000018.jpg",
      "accident_id": 0,
      "accident_name": "normal",
      "objects": []
    },
    {
      "frame_id": 19,
      "image_path": "frames/yhtzAKqRyXw_002311/images/000019.jpg",
      "accident_id": 0,
      "accident_name": "normal",
      "objects": []
    },
    {
      "frame_id": 20,
      "image_path": "frames/yhtzAKqRyXw_002311/images/000020.jpg",
      "accident_id": 0,
      "accident_name": "normal",
      "objects": []
    },
    {
      "frame_id": 21,
      "image_path": "frames/yhtzAKqRyXw_002311/images/000021.jpg",
      "accident_id": 0,
      "accident_name": "normal",
      "objects": []
    },
    {
      "frame_id": 22,
      "image_path": "frames/yhtzAKqRyXw_002311/images/000022.jpg",
      "accident_id": 0,
      "accident_name": "normal",
      "objects": []
    },
    {
      "frame_id": 23,
      "image_path": "frames/yhtzAKqRyXw_002311/images/000023.jpg",
      "accident_id": 0,
      "accident_name": "normal",
      "objects": []
    },
    {
      "frame_id": 24,
      "image_path": "frames/yhtzAKqRyXw_002311/images/000024.jpg",
      "accident_id": 0,
      "accident_name": "normal",
      "objects": []
    },
    {
      "frame_id": 25,
      "image_path": "frames/yhtzAKqRyXw_002311/images/000025.jpg",
      "accident_id": 0,
      "accident_name": "normal",
      "objects": []
    },
    {
      "frame_id": 26,
      "image_path": "frames/yhtzAKqRyXw_002311/images/000026.jpg",
      "accident_id": 0,
      "accident_name": "normal",
      "objects": []
    },
    {
      "frame_id": 27,
      "image_path": "frames/yhtzAKqRyXw_002311/images/000027.jpg",
      "accident_id": 5,
      "accident_name": "turning",
      "objects": [
        {
          "obj_track_id": 0,
          "bbox": [
            1122.703448275862,
            409.1586206896552,
            1280.0,
            524.3586206896551
          ],
          "category": "car",
          "category ID": 3,
          "trunc": true
        }
      ]
    },
    {
      "frame_id": 28,
      "image_path": "frames/yhtzAKqRyXw_002311/images/000028.jpg",
      "accident_id": 5,
      "accident_name": "turning",
      "objects": [
        {
          "obj_track_id": 0,
          "bbox": [
            922.096551724138,
            368.4413793103448,
            1280.0,
            524.3586206896551
          ],
          "category": "car",
          "category ID": 3,
          "trunc": true
        }
      ]
    },
    {
      "frame_id": 29,
      "image_path": "frames/yhtzAKqRyXw_002311/images/000029.jpg",
      "accident_id": 5,
      "accident_name": "turning",
      "objects": [
        {
          "obj_track_id": 0,
          "bbox": [
            702.6206896551724,
            304.8827586206897,
            1280.0,
            524.3586206896551
          ],
          "category": "car",
          "category ID": 3,
          "trunc": true
        }
      ]
    },
    {
      "frame_id": 30,
      "image_path": "frames/yhtzAKqRyXw_002311/images/000030.jpg",
      "accident_id": 5,
      "accident_name": "turning",
      "objects": [
        {
          "obj_track_id": 0,
          "bbox": [
            489.1034482758621,
            265.15862068965515,
            1280.0,
            524.3586206896551
          ],
          "category": "car",
          "category ID": 3,
          "trunc": true
        }
      ]
    },
    {
      "frame_id": 31,
      "image_path": "frames/yhtzAKqRyXw_002311/images/000031.jpg",
      "accident_id": 5,
      "accident_name": "turning",
      "objects": [
        {
          "obj_track_id": 0,
          "bbox": [
            453.35172413793106,
            234.37241379310345,
            1280.0,
            524.3586206896551
          ],
          "category": "car",
          "category ID": 3,
          "trunc": true
        }
      ]
    },
    {
      "frame_id": 32,
      "image_path": "frames/yhtzAKqRyXw_002311/images/000032.jpg",
      "accident_id": 5,
      "accident_name": "turning",
      "objects": [
        {
          "obj_track_id": 0,
          "bbox": [
            504,
            244.30344827586208,
            1280,
            524.3586206896551
          ],
          "category": "car",
          "category ID": 3,
          "trunc": true
        }
      ]
    },
    {
      "frame_id": 33,
      "image_path": "frames/yhtzAKqRyXw_002311/images/000033.jpg",
      "accident_id": 5,
      "accident_name": "turning",
      "objects": [
        {
          "obj_track_id": 0,
          "bbox": [
            525.8482758620689,
            245.29655172413794,
            1280.0,
            524.3586206896551
          ],
          "category": "car",
          "category ID": 3,
          "trunc": true
        }
      ]
    },
    {
      "frame_id": 34,
      "image_path": "frames/yhtzAKqRyXw_002311/images/000034.jpg",
      "accident_id": 5,
      "accident_name": "turning",
      "objects": [
        {
          "obj_track_id": 0,
          "bbox": [
            513.9310344827586,
            244.30344827586208,
            1280.0,
            524.3586206896551
          ],
          "category": "car",
          "category ID": 3,
          "trunc": true
        }
      ]
    },
    {
      "frame_id": 35,
      "image_path": "frames/yhtzAKqRyXw_002311/images/000035.jpg",
      "accident_id": 5,
      "accident_name": "turning",
      "objects": [
        {
          "obj_track_id": 0,
          "bbox": [
            483.9577836411609,
            236.51715039577834,
            1280.0,
            524.3586206896551
          ],
          "category": "car",
          "category ID": 3,
          "trunc": true
        }
      ]
    },
    {
      "frame_id": 36,
      "image_path": "frames/yhtzAKqRyXw_002311/images/000036.jpg",
      "accident_id": 5,
      "accident_name": "turning",
      "objects": [
        {
          "obj_track_id": 0,
          "bbox": [
            432.90302975161495,
            236.51715039577834,
            1279.4722955145119,
            523.377308707124
          ],
          "category": "car",
          "category ID": 3,
          "trunc": true
        }
      ]
    },
    {
      "frame_id": 37,
      "image_path": "frames/yhtzAKqRyXw_002311/images/000037.jpg",
      "accident_id": 5,
      "accident_name": "turning",
      "objects": [
        {
          "obj_track_id": 0,
          "bbox": [
            381.848275862069,
            226.42758620689656,
            1223.0068965517241,
            524.3586206896551
          ],
          "category": "car",
          "category ID": 3,
          "trunc": true
        }
      ]
    },
    {
      "frame_id": 38,
      "image_path": "frames/yhtzAKqRyXw_002311/images/000038.jpg",
      "accident_id": 5,
      "accident_name": "turning",
      "objects": [
        {
          "obj_track_id": 0,
          "bbox": [
            344.02518424165225,
            220.70269857155856,
            1113.7203166226911,
            506.5178709853517
          ],
          "category": "car",
          "category ID": 3,
          "trunc": true
        }
      ]
    },
    {
      "frame_id": 39,
      "image_path": "frames/yhtzAKqRyXw_002311/images/000039.jpg",
      "accident_id": 5,
      "accident_name": "turning",
      "objects": [
        {
          "obj_track_id": 0,
          "bbox": [
            324.2289509598762,
            226.29080520425805,
            1007.3350923482848,
            498.3248985533619
          ],
          "category": "car",
          "category ID": 3,
          "trunc": true
        }
      ]
    },
    {
      "frame_id": 40,
      "image_path": "frames/yhtzAKqRyXw_002311/images/000040.jpg",
      "accident_id": 5,
      "accident_name": "turning",
      "objects": [
        {
          "obj_track_id": 0,
          "bbox": [
            304.43271767810023,
            231.8789118369575,
            900.9498680738786,
            490.13192612137203
          ],
          "category": "car",
          "category ID": 3,
          "trunc": true
        }
      ]
    },
    {
      "frame_id": 41,
      "image_path": "frames/yhtzAKqRyXw_002311/images/000041.jpg",
      "accident_id": 5,
      "accident_name": "turning",
      "objects": [
        {
          "obj_track_id": 0,
          "bbox": [
            293.9841688654353,
            237.46701846965698,
            805.9630606860158,
            484.43271767810023
          ],
          "category": "car",
          "category ID": 3,
          "trunc": true
        }
      ]
    },
    {
      "frame_id": 42,
      "image_path": "frames/yhtzAKqRyXw_002311/images/000042.jpg",
      "accident_id": 5,
      "accident_name": "turning",
      "objects": [
        {
          "obj_track_id": 0,
          "bbox": [
            292.4689655172414,
            245.29655172413794,
            735.3931034482758,
            484.43271767810023
          ],
          "category": "car",
          "category ID": 3,
          "trunc": true
        }
      ]
    },
    {
      "frame_id": 43,
      "image_path": "frames/yhtzAKqRyXw_002311/images/000043.jpg",
      "accident_id": 5,
      "accident_name": "turning",
      "objects": [
        {
          "obj_track_id": 0,
          "bbox": [
            286.5103448275862,
            254.2344827586207,
            670.8413793103448,
            479.6689655172414
          ],
          "category": "car",
          "category ID": 3,
          "trunc": true
        }
      ]
    },
    {
      "frame_id": 44,
      "image_path": "frames/yhtzAKqRyXw_002311/images/000044.jpg",
      "accident_id": 5,
      "accident_name": "turning",
      "objects": [
        {
          "obj_track_id": 0,
          "bbox": [
            280.68601583113457,
            260.26385224274406,
            618.8390501319261,
            479.6833773087071
          ],
          "category": "car",
          "category ID": 3,
          "trunc": true
        }
      ]
    },
    {
      "frame_id": 45,
      "image_path": "frames/yhtzAKqRyXw_002311/images/000045.jpg",
      "accident_id": 0,
      "accident_name": "normal",
      "objects": []
    },
    {
      "frame_id": 46,
      "image_path": "frames/yhtzAKqRyXw_002311/images/000046.jpg",
      "accident_id": 0,
      "accident_name": "normal",
      "objects": []
    },
    {
      "frame_id": 47,
      "image_path": "frames/yhtzAKqRyXw_002311/images/000047.jpg",
      "accident_id": 0,
      "accident_name": "normal",
      "objects": []
    },
    {
      "frame_id": 48,
      "image_path": "frames/yhtzAKqRyXw_002311/images/000048.jpg",
      "accident_id": 0,
      "accident_name": "normal",
      "objects": []
    },
    {
      "frame_id": 49,
      "image_path": "frames/yhtzAKqRyXw_002311/images/000049.jpg",
      "accident_id": 0,
      "accident_name": "normal",
      "objects": []
    },
    {
      "frame_id": 50,
      "image_path": "frames/yhtzAKqRyXw_002311/images/000050.jpg",
      "accident_id": 0,
      "accident_name": "normal",
      "objects": []
    },
    {
      "frame_id": 51,
      "image_path": "frames/yhtzAKqRyXw_002311/images/000051.jpg",
      "accident_id": 0,
      "accident_name": "normal",
      "objects": []
    },
    {
      "frame_id": 52,
      "image_path": "frames/yhtzAKqRyXw_002311/images/000052.jpg",
      "accident_id": 0,
      "accident_name": "normal",
      "objects": []
    },
    {
      "frame_id": 53,
      "image_path": "frames/yhtzAKqRyXw_002311/images/000053.jpg",
      "accident_id": 0,
      "accident_name": "normal",
      "objects": []
    },
    {
      "frame_id": 54,
      "image_path": "frames/yhtzAKqRyXw_002311/images/000054.jpg",
      "accident_id": 0,
      "accident_name": "normal",
      "objects": []
    },
    {
      "frame_id": 55,
      "image_path": "frames/yhtzAKqRyXw_002311/images/000055.jpg",
      "accident_id": 0,
      "accident_name": "normal",
      "objects": []
    },
    {
      "frame_id": 56,
      "image_path": "frames/yhtzAKqRyXw_002311/images/000056.jpg",
      "accident_id": 0,
      "accident_name": "normal",
      "objects": []
    },
    {
      "frame_id": 57,
      "image_path": "frames/yhtzAKqRyXw_002311/images/000057.jpg",
      "accident_id": 0,
      "accident_name": "normal",
      "objects": []
    },
    {
      "frame_id": 58,
      "image_path": "frames/yhtzAKqRyXw_002311/images/000058.jpg",
      "accident_id": 0,
      "accident_name": "normal",
      "objects": []
    },
    {
      "frame_id": 59,
      "image_path": "frames/yhtzAKqRyXw_002311/images/000059.jpg",
      "accident_id": 0,
      "accident_name": "normal",
      "objects": []
    },
    {
      "frame_id": 60,
      "image_path": "frames/yhtzAKqRyXw_002311/images/000060.jpg",
      "accident_id": 0,
      "accident_name": "normal",
      "objects": []
    },
    {
      "frame_id": 61,
      "image_path": "frames/yhtzAKqRyXw_002311/images/000061.jpg",
      "accident_id": 0,
      "accident_name": "normal",
      "objects": []
    },
    {
      "frame_id": 62,
      "image_path": "frames/yhtzAKqRyXw_002311/images/000062.jpg",
      "accident_id": 0,
      "accident_name": "normal",
      "objects": []
    },
    {
      "frame_id": 63,
      "image_path": "frames/yhtzAKqRyXw_002311/images/000063.jpg",
      "accident_id": 0,
      "accident_name": "normal",
      "objects": []
    },
    {
      "frame_id": 64,
      "image_path": "frames/yhtzAKqRyXw_002311/images/000064.jpg",
      "accident_id": 0,
      "accident_name": "normal",
      "objects": []
    },
    {
      "frame_id": 65,
      "image_path": "frames/yhtzAKqRyXw_002311/images/000065.jpg",
      "accident_id": 0,
      "accident_name": "normal",
      "objects": []
    },
    {
      "frame_id": 66,
      "image_path": "frames/yhtzAKqRyXw_002311/images/000066.jpg",
      "accident_id": 0,
      "accident_name": "normal",
      "objects": []
    },
    {
      "frame_id": 67,
      "image_path": "frames/yhtzAKqRyXw_002311/images/000067.jpg",
      "accident_id": 0,
      "accident_name": "normal",
      "objects": []
    },
    {
      "frame_id": 68,
      "image_path": "frames/yhtzAKqRyXw_002311/images/000068.jpg",
      "accident_id": 0,
      "accident_name": "normal",
      "objects": []
    },
    {
      "frame_id": 69,
      "image_path": "frames/yhtzAKqRyXw_002311/images/000069.jpg",
      "accident_id": 0,
      "accident_name": "normal",
      "objects": []
    },
    {
      "frame_id": 70,
      "image_path": "frames/yhtzAKqRyXw_002311/images/000070.jpg",
      "accident_id": 0,
      "accident_name": "normal",
      "objects": []
    },
    {
      "frame_id": 71,
      "image_path": "frames/yhtzAKqRyXw_002311/images/000071.jpg",
      "accident_id": 0,
      "accident_name": "normal",
      "objects": []
    },
    {
      "frame_id": 72,
      "image_path": "frames/yhtzAKqRyXw_002311/images/000072.jpg",
      "accident_id": 0,
      "accident_name": "normal",
      "objects": []
    },
    {
      "frame_id": 73,
      "image_path": "frames/yhtzAKqRyXw_002311/images/000073.jpg",
      "accident_id": 0,
      "accident_name": "normal",
      "objects": []
    },
    {
      "frame_id": 74,
      "image_path": "frames/yhtzAKqRyXw_002311/images/000074.jpg",
      "accident_id": 0,
      "accident_name": "normal",
      "objects": []
    },
    {
      "frame_id": 75,
      "image_path": "frames/yhtzAKqRyXw_002311/images/000075.jpg",
      "accident_id": 0,
      "accident_name": "normal",
      "objects": []
    },
    {
      "frame_id": 76,
      "image_path": "frames/yhtzAKqRyXw_002311/images/000076.jpg",
      "accident_id": 0,
      "accident_name": "normal",
      "objects": []
    },
    {
      "frame_id": 77,
      "image_path": "frames/yhtzAKqRyXw_002311/images/000077.jpg",
      "accident_id": 0,
      "accident_name": "normal",
      "objects": []
    },
    {
      "frame_id": 78,
      "image_path": "frames/yhtzAKqRyXw_002311/images/000078.jpg",
      "accident_id": 0,
      "accident_name": "normal",
      "objects": []
    },
    {
      "frame_id": 79,
      "image_path": "frames/yhtzAKqRyXw_002311/images/000079.jpg",
      "accident_id": 0,
      "accident_name": "normal",
      "objects": []
    },
    {
      "frame_id": 80,
      "image_path": "frames/yhtzAKqRyXw_002311/images/000080.jpg",
      "accident_id": 0,
      "accident_name": "normal",
      "objects": []
    },
    {
      "frame_id": 81,
      "image_path": "frames/yhtzAKqRyXw_002311/images/000081.jpg",
      "accident_id": 0,
      "accident_name": "normal",
      "objects": []
    },
    {
      "frame_id": 82,
      "image_path": "frames/yhtzAKqRyXw_002311/images/000082.jpg",
      "accident_id": 0,
      "accident_name": "normal",
      "objects": []
    },
    {
      "frame_id": 83,
      "image_path": "frames/yhtzAKqRyXw_002311/images/000083.jpg",
      "accident_id": 0,
      "accident_name": "normal",
      "objects": []
    },
    {
      "frame_id": 84,
      "image_path": "frames/yhtzAKqRyXw_002311/images/000084.jpg",
      "accident_id": 0,
      "accident_name": "normal",
      "objects": []
    },
    {
      "frame_id": 85,
      "image_path": "frames/yhtzAKqRyXw_002311/images/000085.jpg",
      "accident_id": 0,
      "accident_name": "normal",
      "objects": []
    },
    {
      "frame_id": 86,
      "image_path": "frames/yhtzAKqRyXw_002311/images/000086.jpg",
      "accident_id": 0,
      "accident_name": "normal",
      "objects": []
    },
    {
      "frame_id": 87,
      "image_path": "frames/yhtzAKqRyXw_002311/images/000087.jpg",
      "accident_id": 0,
      "accident_name": "normal",
      "objects": []
    },
    {
      "frame_id": 88,
      "image_path": "frames/yhtzAKqRyXw_002311/images/000088.jpg",
      "accident_id": 0,
      "accident_name": "normal",
      "objects": []
    },
    {
      "frame_id": 89,
      "image_path": "frames/yhtzAKqRyXw_002311/images/000089.jpg",
      "accident_id": 0,
      "accident_name": "normal",
      "objects": []
    },
    {
      "frame_id": 90,
      "image_path": "frames/yhtzAKqRyXw_002311/images/000090.jpg",
      "accident_id": 0,
      "accident_name": "normal",
      "objects": []
    },
    {
      "frame_id": 91,
      "image_path": "frames/yhtzAKqRyXw_002311/images/000091.jpg",
      "accident_id": 0,
      "accident_name": "normal",
      "objects": []
    },
    {
      "frame_id": 92,
      "image_path": "frames/yhtzAKqRyXw_002311/images/000092.jpg",
      "accident_id": 0,
      "accident_name": "normal",
      "objects": []
    },
    {
      "frame_id": 93,
      "image_path": "frames/yhtzAKqRyXw_002311/images/000093.jpg",
      "accident_id": 0,
      "accident_name": "normal",
      "objects": []
    },
    {
      "frame_id": 94,
      "image_path": "frames/yhtzAKqRyXw_002311/images/000094.jpg",
      "accident_id": 0,
      "accident_name": "normal",
      "objects": []
    },
    {
      "frame_id": 95,
      "image_path": "frames/yhtzAKqRyXw_002311/images/000095.jpg",
      "accident_id": 0,
      "accident_name": "normal",
      "objects": []
    },
    {
      "frame_id": 96,
      "image_path": "frames/yhtzAKqRyXw_002311/images/000096.jpg",
      "accident_id": 0,
      "accident_name": "normal",
      "objects": []
    },
    {
      "frame_id": 97,
      "image_path": "frames/yhtzAKqRyXw_002311/images/000097.jpg",
      "accident_id": 0,
      "accident_name": "normal",
      "objects": []
    },
    {
      "frame_id": 98,
      "image_path": "frames/yhtzAKqRyXw_002311/images/000098.jpg",
      "accident_id": 0,
      "accident_name": "normal",
      "objects": []
    },
    {
      "frame_id": 99,
      "image_path": "frames/yhtzAKqRyXw_002311/images/000099.jpg",
      "accident_id": 0,
      "accident_name": "normal",
      "objects": []
    },
    {
      "frame_id": 100,
      "image_path": "frames/yhtzAKqRyXw_002311/images/000100.jpg",
      "accident_id": 0,
      "accident_name": "normal",
      "objects": []
    },
    {
      "frame_id": 101,
      "image_path": "frames/yhtzAKqRyXw_002311/images/000101.jpg",
      "accident_id": 0,
      "accident_name": "normal",
      "objects": []
    },
    {
      "frame_id": 102,
      "image_path": "frames/yhtzAKqRyXw_002311/images/000102.jpg",
      "accident_id": 0,
      "accident_name": "normal",
      "objects": []
    },
    {
      "frame_id": 103,
      "image_path": "frames/yhtzAKqRyXw_002311/images/000103.jpg",
      "accident_id": 0,
      "accident_name": "normal",
      "objects": []
    },
    {
      "frame_id": 104,
      "image_path": "frames/yhtzAKqRyXw_002311/images/000104.jpg",
      "accident_id": 0,
      "accident_name": "normal",
      "objects": []
    },
    {
      "frame_id": 105,
      "image_path": "frames/yhtzAKqRyXw_002311/images/000105.jpg",
      "accident_id": 0,
      "accident_name": "normal",
      "objects": []
    },
    {
      "frame_id": 106,
      "image_path": "frames/yhtzAKqRyXw_002311/images/000106.jpg",
      "accident_id": 0,
      "accident_name": "normal",
      "objects": []
    }
  ]
}