{
  "video_name": "yhtzAKqRyXw_002489",
  "channel": "AnAn",
  "num_frames": 81,
  "ignore": false,
  "ego_involve": true,
  "night": false,
  "anomaly_start": 27,
  "anomaly_end": 43,
  "video_start": 2489,
  "video_end": 2569,
  "accident_id": "5",
  "accident_name": "turning",
  "labels": [
    {
      "frame_id": 0,
      "image_path": "frames/yhtzAKqRyXw_002489/images/000000.jpg",
      "accident_id": 0,
      "accident_name": "normal",
      "objects": []
    },
    {
      "frame_id": 1,
      "image_path": "frames/yhtzAKqRyXw_002489/images/000001.jpg",
      "accident_id": 0,
      "accident_name": "normal",
      "objects": []
    },
    {
      "frame_id": 2,
      "image_path": "frames/yhtzAKqRyXw_002489/images/000002.jpg",
      "accident_id": 0,
      "accident_name": "normal",
      "objects": []
    },
    {
      "frame_id": 3,
      "image_path": "frames/yhtzAKqRyXw_002489/images/000003.jpg",
      "accident_id": 0,
      "accident_name": "normal",
      "objects": []
    },
    {
      "frame_id": 4,
      "image_path": "frames/yhtzAKqRyXw_002489/images/000004.jpg",
      "accident_id": 0,
      "accident_name": "normal",
      "objects": []
    },
    {
      "frame_id": 5,
      "image_path": "frames/yhtzAKqRyXw_002489/images/000005.jpg",
      "accident_id": 0,
      "accident_name": "normal",
      "objects": []
    },
    {
      "frame_id": 6,
      "image_path": "frames/yhtzAKqRyXw_002489/images/000006.jpg",
      "accident_id": 0,
      "accident_name": "normal",
      "objects": []
    },
    {
      "frame_id": 7,
      "image_path": "frames/yhtzAKqRyXw_002489/images/000007.jpg",
      "accident_id": 0,
      "accident_name": "normal",
      "objects": []
    },
    {
      "frame_id": 8,
      "image_path": "frames/yhtzAKqRyXw_002489/images/000008.jpg",
      "accident_id": 0,
      "accident_name": "normal",
      "objects": []
    },
    {
      "frame_id": 9,
      "image_path": "frames/yhtzAKqRyXw_002489/images/000009.jpg",
      "accident_id": 0,
      "accident_name": "normal",
      "objects": []
    },
    {
      "frame_id": 10,
      "image_path": "frames/yhtzAKqRyXw_002489/images/000010.jpg",
      "accident_id": 0,
      "accident_name": "normal",
      "objects": []
    },
    {
      "frame_id": 11,
      "image_path": "frames/yhtzAKqRyXw_002489/images/000011.jpg",
      "accident_id": 0,
      "accident_name": "normal",
      "objects": []
    },
    {
      "frame_id": 12,
      "image_path": "frames/yhtzAKqRyXw_002489/images/000012.jpg",
      "accident_id": 0,
      "accident_name": "normal",
      "objects": []
    },
    {
      "frame_id": 13,
      "image_path": "frames/yhtzAKqRyXw_002489/images/000013.jpg",
      "accident_id": 0,
      "accident_name": "normal",
      "objects": []
    },
    {
      "frame_id": 14,
      "image_path": "frames/yhtzAKqRyXw_002489/images/000014.jpg",
      "accident_id": 0,
      "accident_name": "normal",
      "objects": []
    },
    {
      "frame_id": 15,
      "image_path": "frames/yhtzAKqRyXw_002489/images/000015.jpg",
      "accident_id": 0,
      "accident_name": "normal",
      "objects": []
    },
    {
      "frame_id": 16,
      "image_path": "frames/yhtzAKqRyXw_002489/images/000016.jpg",
      "accident_id": 0,
      "accident_name": "normal",
      "objects": []
    },
    {
      "frame_id": 17,
      "image_path": "frames/yhtzAKqRyXw_002489/images/000017.jpg",
      "accident_id": 0,
      "accident_name": "normal",
      "objects": []
    },
    {
      "frame_id": 18,
      "image_path": "frames/yhtzAKqRyXw_002489/images/000018.jpg",
      "accident_id": 0,
      "accident_name": "normal",
      "objects": []
    },
    {
      "frame_id": 19,
      "image_path": "frames/yhtzAKqRyXw_002489/images/000019.jpg",
      "accident_id": 0,
      "accident_name": "normal",
      "objects": []
    },
    {
      "frame_id": 20,
      "image_path": "frames/yhtzAKqRyXw_002489/images/000020.jpg",
      "accident_id": 0,
      "accident_name": "normal",
      "objects": []
    },
    {
      "frame_id": 21,
      "image_path": "frames/yhtzAKqRyXw_002489/images/000021.jpg",
      "accident_id": 0,
      "accident_name": "normal",
      "objects": []
    },
    {
      "frame_id": 22,
      "image_path": "frames/yhtzAKqRyXw_002489/images/000022.jpg",
      "accident_id": 0,
      "accident_name": "normal",
      "objects": []
    },
    {
      "frame_id": 23,
      "image_path": "frames/yhtzAKqRyXw_002489/images/000023.jpg",
      "accident_id": 0,
      "accident_name": "normal",
      "objects": []
    },
    {
      "frame_id": 24,
      "image_path": "frames/yhtzAKqRyXw_002489/images/000024.jpg",
      "accident_id": 0,
      "accident_name": "normal",
      "objects": []
    },
    {
      "frame_id": 25,
      "image_path": "frames/yhtzAKqRyXw_002489/images/000025.jpg",
      "accident_id": 0,
      "accident_name": "normal",
      "objects": []
    },
    {
      "frame_id": 26,
      "image_path": "frames/yhtzAKqRyXw_002489/images/000026.jpg",
      "accident_id": 0,
      "accident_name": "normal",
      "objects": []
    },
    {
      "frame_id": 27,
      "image_path": "frames/yhtzAKqRyXw_002489/images/000027.jpg",
      "accident_id": 5,
      "accident_name": "turning",
      "objects": [
        {
          "obj_track_id": 0,
          "bbox": [
            272.2077922077922,
            337.6623376623377,
            304.4155844155844,
            415.5844155844156
          ],
          "category": "rider",
          "category ID": 2,
          "trunc": false
        },
        {
          "obj_track_id": 110,
          "bbox": [
            256.6233766233766,
            355.3246753246753,
            342.85714285714283,
            424.93506493506493
          ],
          "category": "motor",
          "category ID": 7,
          "trunc": false
        }
      ]
    },
    {
      "frame_id": 28,
      "image_path": "frames/yhtzAKqRyXw_002489/images/000028.jpg",
      "accident_id": 5,
      "accident_name": "turning",
      "objects": [
        {
          "obj_track_id": 0,
          "bbox": [
            281.038961038961,
            335.06493506493507,
            315.8441558441558,
            417.1428571428571
          ],
          "category": "rider",
          "category ID": 2,
          "trunc": false
        },
        {
          "obj_track_id": 110,
          "bbox": [
            260.2597402597403,
            352.2077922077922,
            357.92207792207796,
            428.05194805194805
          ],
          "category": "motor",
          "category ID": 7,
          "trunc": false
        }
      ]
    },
    {
      "frame_id": 29,
      "image_path": "frames/yhtzAKqRyXw_002489/images/000029.jpg",
      "accident_id": 5,
      "accident_name": "turning",
      "objects": [
        {
          "obj_track_id": 0,
          "bbox": [
            289.87012987012986,
            332.46753246753246,
            327.27272727272725,
            418.7012987012987
          ],
          "category": "rider",
          "category ID": 2,
          "trunc": false
        },
        {
          "obj_track_id": 110,
          "bbox": [
            263.8961038961039,
            349.09090909090907,
            372.987012987013,
            431.16883116883116
          ],
          "category": "motor",
          "category ID": 7,
          "trunc": false
        }
      ]
    },
    {
      "frame_id": 30,
      "image_path": "frames/yhtzAKqRyXw_002489/images/000030.jpg",
      "accident_id": 5,
      "accident_name": "turning",
      "objects": [
        {
          "obj_track_id": 0,
          "bbox": [
            296.6233766233766,
            323.1168831168831,
            343.37662337662334,
            423.37662337662334
          ],
          "category": "rider",
          "category ID": 2,
          "trunc": false
        },
        {
          "obj_track_id": 110,
          "bbox": [
            261.2987012987013,
            344.93506493506493,
            396.3636363636364,
            447.7922077922078
          ],
          "category": "motor",
          "category ID": 7,
          "trunc": false
        }
      ]
    },
    {
      "frame_id": 31,
      "image_path": "frames/yhtzAKqRyXw_002489/images/000031.jpg",
      "accident_id": 5,
      "accident_name": "turning",
      "objects": [
        {
          "obj_track_id": 0,
          "bbox": [
            303.37662337662334,
            313.76623376623377,
            359.4805194805195,
            428.05194805194805
          ],
          "category": "rider",
          "category ID": 2,
          "trunc": false
        },
        {
          "obj_track_id": 110,
          "bbox": [
            258.7012987012987,
            340.7792207792208,
            419.7402597402597,
            464.4155844155844
          ],
          "category": "motor",
          "category ID": 7,
          "trunc": false
        }
      ]
    },
    {
      "frame_id": 32,
      "image_path": "frames/yhtzAKqRyXw_002489/images/000032.jpg",
      "accident_id": 5,
      "accident_name": "turning",
      "objects": [
        {
          "obj_track_id": 0,
          "bbox": [
            313.2467532467532,
            308.57142857142856,
            377.1428571428571,
            451.9480519480519
          ],
          "category": "rider",
          "category ID": 2,
          "trunc": false
        },
        {
          "obj_track_id": 110,
          "bbox": [
            257.6623376623377,
            338.7012987012987,
            457.14285714285717,
            493.5064935064935
          ],
          "category": "motor",
          "category ID": 7,
          "trunc": false
        }
      ]
    },
    {
      "frame_id": 33,
      "image_path": "frames/yhtzAKqRyXw_002489/images/000033.jpg",
      "accident_id": 5,
      "accident_name": "turning",
      "objects": [
        {
          "obj_track_id": 0,
          "bbox": [
            323.1168831168831,
            303.37662337662334,
            394.8051948051948,
            475.8441558441558
          ],
          "category": "rider",
          "category ID": 2,
          "trunc": false
        },
        {
          "obj_track_id": 110,
          "bbox": [
            256.6233766233766,
            336.6233766233766,
            494.54545454545456,
            522.5974025974026
          ],
          "category": "motor",
          "category ID": 7,
          "trunc": false
        }
      ]
    },
    {
      "frame_id": 34,
      "image_path": "frames/yhtzAKqRyXw_002489/images/000034.jpg",
      "accident_id": 5,
      "accident_name": "turning",
      "objects": [
        {
          "obj_track_id": 0,
          "bbox": [
            345.97402597402595,
            297.1428571428571,
            439.4805194805195,
            495.5844155844156
          ],
          "category": "rider",
          "category ID": 2,
          "trunc": false
        },
        {
          "obj_track_id": 110,
          "bbox": [
            267.012987012987,
            336.6233766233766,
            560.0,
            565.1948051948052
          ],
          "category": "motor",
          "category ID": 7,
          "trunc": false
        }
      ]
    },
    {
      "frame_id": 35,
      "image_path": "frames/yhtzAKqRyXw_002489/images/000035.jpg",
      "accident_id": 5,
      "accident_name": "turning",
      "objects": [
        {
          "obj_track_id": 0,
          "bbox": [
            375.06493506493507,
            284.67532467532465,
            510.12987012987014,
            541.2987012987013
          ],
          "category": "rider",
          "category ID": 2,
          "trunc": false
        },
        {
          "obj_track_id": 110,
          "bbox": [
            292.987012987013,
            338.7012987012987,
            654.5454545454545,
            571.4285714285714
          ],
          "category": "motor",
          "category ID": 7,
          "trunc": true
        }
      ]
    },
    {
      "frame_id": 36,
      "image_path": "frames/yhtzAKqRyXw_002489/images/000036.jpg",
      "accident_id": 5,
      "accident_name": "turning",
      "objects": [
        {
          "obj_track_id": 0,
          "bbox": [
            437.4025974025974,
            270.12987012987014,
            599.4805194805194,
            565.1948051948052
          ],
          "category": "rider",
          "category ID": 2,
          "trunc": true
        },
        {
          "obj_track_id": 110,
          "bbox": [
            318.961038961039,
            331.42857142857144,
            766.7532467532467,
            566.2337662337662
          ],
          "category": "motor",
          "category ID": 7,
          "trunc": true
        }
      ]
    },
    {
      "frame_id": 37,
      "image_path": "frames/yhtzAKqRyXw_002489/images/000037.jpg",
      "accident_id": 5,
      "accident_name": "turning",
      "objects": [
        {
          "obj_track_id": 0,
          "bbox": [
            550.6493506493506,
            251.42857142857142,
            819.7402597402597,
            562.077922077922
          ],
          "category": "rider",
          "category ID": 2,
          "trunc": true
        },
        {
          "obj_track_id": 110,
          "bbox": [
            395.8441558441558,
            302.3376623376623,
            940.2597402597403,
            561.038961038961
          ],
          "category": "motor",
          "category ID": 7,
          "trunc": true
        }
      ]
    },
    {
      "frame_id": 38,
      "image_path": "frames/yhtzAKqRyXw_002489/images/000038.jpg",
      "accident_id": 5,
      "accident_name": "turning",
      "objects": [
        {
          "obj_track_id": 0,
          "bbox": [
            696.1038961038961,
            216.1038961038961,
            1065.974025974026,
            536.1038961038961
          ],
          "category": "rider",
          "category ID": 2,
          "trunc": true
        }
      ]
    },
    {
      "frame_id": 39,
      "image_path": "frames/yhtzAKqRyXw_002489/images/000039.jpg",
      "accident_id": 5,
      "accident_name": "turning",
      "objects": [
        {
          "obj_track_id": 0,
          "bbox": [
            876.8831168831168,
            336.6233766233766,
            1268.5714285714284,
            477.9220779220779
          ],
          "category": "rider",
          "category ID": 2,
          "trunc": true
        },
        {
          "obj_track_id": 110,
          "bbox": [
            617.1428571428571,
            500.7792207792208,
            778.1818181818181,
            566.2337662337662
          ],
          "category": "bike",
          "category ID": 6,
          "trunc": true
        }
      ]
    },
    {
      "frame_id": 40,
      "image_path": "frames/yhtzAKqRyXw_002489/images/000040.jpg",
      "accident_id": 5,
      "accident_name": "turning",
      "objects": [
        {
          "obj_track_id": 0,
          "bbox": [
            1011.9480519480519,
            340.7792207792208,
            1280.0,
            487.27272727272725
          ],
          "category": "rider",
          "category ID": 2,
          "trunc": true
        },
        {
          "obj_track_id": 110,
          "bbox": [
            707.5324675324675,
            488.31168831168833,
            1010.9090909090909,
            548.5714285714286
          ],
          "category": "bike",
          "category ID": 6,
          "trunc": true
        }
      ]
    },
    {
      "frame_id": 41,
      "image_path": "frames/yhtzAKqRyXw_002489/images/000041.jpg",
      "accident_id": 5,
      "accident_name": "turning",
      "objects": [
        {
          "obj_track_id": 0,
          "bbox": [
            1017.1428571428571,
            259.7402597402597,
            1280.0,
            487.27272727272725
          ],
          "category": "rider",
          "category ID": 2,
          "trunc": true
        },
        {
          "obj_track_id": 110,
          "bbox": [
            608.8311688311688,
            488.31168831168833,
            1143.8961038961038,
            551.6883116883117
          ],
          "category": "bike",
          "category ID": 6,
          "trunc": true
        }
      ]
    },
    {
      "frame_id": 42,
      "image_path": "frames/yhtzAKqRyXw_002489/images/000042.jpg",
      "accident_id": 5,
      "accident_name": "turning",
      "objects": [
        {
          "obj_track_id": 0,
          "bbox": [
            1118.9610389610389,
            367.79220779220776,
            1280.0,
            487.27272727272725
          ],
          "category": "rider",
          "category ID": 2,
          "trunc": true
        },
        {
          "obj_track_id": 110,
          "bbox": [
            732.4675324675325,
            480,
            1162.5974025974026,
            567.2727272727273
          ],
          "category": "bike",
          "category ID": 6,
          "trunc": true
        }
      ]
    },
    {
      "frame_id": 43,
      "image_path": "frames/yhtzAKqRyXw_002489/images/000043.jpg",
      "accident_id": 0,
      "accident_name": "normal",
      "objects": []
    },
    {
      "frame_id": 44,
      "image_path": "frames/yhtzAKqRyXw_002489/images/000044.jpg",
      "accident_id": 0,
      "accident_name": "normal",
      "objects": []
    },
    {
      "frame_id": 45,
      "image_path": "frames/yhtzAKqRyXw_002489/images/000045.jpg",
      "accident_id": 0,
      "accident_name": "normal",
      "objects": []
    },
    {
      "frame_id": 46,
      "image_path": "frames/yhtzAKqRyXw_002489/images/000046.jpg",
      "accident_id": 0,
      "accident_name": "normal",
      "objects": []
    },
    {
      "frame_id": 47,
      "image_path": "frames/yhtzAKqRyXw_002489/images/000047.jpg",
      "accident_id": 0,
      "accident_name": "normal",
      "objects": []
    },
    {
      "frame_id": 48,
      "image_path": "frames/yhtzAKqRyXw_002489/images/000048.jpg",
      "accident_id": 0,
      "accident_name": "normal",
      "objects": []
    },
    {
      "frame_id": 49,
      "image_path": "frames/yhtzAKqRyXw_002489/images/000049.jpg",
      "accident_id": 0,
      "accident_name": "normal",
      "objects": []
    },
    {
      "frame_id": 50,
      "image_path": "frames/yhtzAKqRyXw_002489/images/000050.jpg",
      "accident_id": 0,
      "accident_name": "normal",
      "objects": []
    },
    {
      "frame_id": 51,
      "image_path": "frames/yhtzAKqRyXw_002489/images/000051.jpg",
      "accident_id": 0,
      "accident_name": "normal",
      "objects": []
    },
    {
      "frame_id": 52,
      "image_path": "frames/yhtzAKqRyXw_002489/images/000052.jpg",
      "accident_id": 0,
      "accident_name": "normal",
      "objects": []
    },
    {
      "frame_id": 53,
      "image_path": "frames/yhtzAKqRyXw_002489/images/000053.jpg",
      "accident_id": 0,
      "accident_name": "normal",
      "objects": []
    },
    {
      "frame_id": 54,
      "image_path": "frames/yhtzAKqRyXw_002489/images/000054.jpg",
      "accident_id": 0,
      "accident_name": "normal",
      "objects": []
    },
    {
      "frame_id": 55,
      "image_path": "frames/yhtzAKqRyXw_002489/images/000055.jpg",
      "accident_id": 0,
      "accident_name": "normal",
      "objects": []
    },
    {
      "frame_id": 56,
      "image_path": "frames/yhtzAKqRyXw_002489/images/000056.jpg",
      "accident_id": 0,
      "accident_name": "normal",
      "objects": []
    },
    {
      "frame_id": 57,
      "image_path": "frames/yhtzAKqRyXw_002489/images/000057.jpg",
      "accident_id": 0,
      "accident_name": "normal",
      "objects": []
    },
    {
      "frame_id": 58,
      "image_path": "frames/yhtzAKqRyXw_002489/images/000058.jpg",
      "accident_id": 0,
      "accident_name": "normal",
      "objects": []
    },
    {
      "frame_id": 59,
      "image_path": "frames/yhtzAKqRyXw_002489/images/000059.jpg",
      "accident_id": 0,
      "accident_name": "normal",
      "objects": []
    },
    {
      "frame_id": 60,
      "image_path": "frames/yhtzAKqRyXw_002489/images/000060.jpg",
      "accident_id": 0,
      "accident_name": "normal",
      "objects": []
    },
    {
      "frame_id": 61,
      "image_path": "frames/yhtzAKqRyXw_002489/images/000061.jpg",
      "accident_id": 0,
      "accident_name": "normal",
      "objects": []
    },
    {
      "frame_id": 62,
      "image_path": "frames/yhtzAKqRyXw_002489/images/000062.jpg",
      "accident_id": 0,
      "accident_name": "normal",
      "objects": []
    },
    {
      "frame_id": 63,
      "image_path": "frames/yhtzAKqRyXw_002489/images/000063.jpg",
      "accident_id": 0,
      "accident_name": "normal",
      "objects": []
    },
    {
      "frame_id": 64,
      "image_path": "frames/yhtzAKqRyXw_002489/images/000064.jpg",
      "accident_id": 0,
      "accident_name": "normal",
      "objects": []
    },
    {
      "frame_id": 65,
      "image_path": "frames/yhtzAKqRyXw_002489/images/000065.jpg",
      "accident_id": 0,
      "accident_name": "normal",
      "objects": []
    },
    {
      "frame_id": 66,
      "image_path": "frames/yhtzAKqRyXw_002489/images/000066.jpg",
      "accident_id": 0,
      "accident_name": "normal",
      "objects": []
    },
    {
      "frame_id": 67,
      "image_path": "frames/yhtzAKqRyXw_002489/images/000067.jpg",
      "accident_id": 0,
      "accident_name": "normal",
      "objects": []
    },
    {
      "frame_id": 68,
      "image_path": "frames/yhtzAKqRyXw_002489/images/000068.jpg",
      "accident_id": 0,
      "accident_name": "normal",
      "objects": []
    },
    {
      "frame_id": 69,
      "image_path": "frames/yhtzAKqRyXw_002489/images/000069.jpg",
      "accident_id": 0,
      "accident_name": "normal",
      "objects": []
    },
    {
      "frame_id": 70,
      "image_path": "frames/yhtzAKqRyXw_002489/images/000070.jpg",
      "accident_id": 0,
      "accident_name": "normal",
      "objects": []
    },
    {
      "frame_id": 71,
      "image_path": "frames/yhtzAKqRyXw_002489/images/000071.jpg",
      "accident_id": 0,
      "accident_name": "normal",
      "objects": []
    },
    {
      "frame_id": 72,
      "image_path": "frames/yhtzAKqRyXw_002489/images/000072.jpg",
      "accident_id": 0,
      "accident_name": "normal",
      "objects": []
    },
    {
      "frame_id": 73,
      "image_path": "frames/yhtzAKqRyXw_002489/images/000073.jpg",
      "accident_id": 0,
      "accident_name": "normal",
      "objects": []
    },
    {
      "frame_id": 74,
      "image_path": "frames/yhtzAKqRyXw_002489/images/000074.jpg",
      "accident_id": 0,
      "accident_name": "normal",
      "objects": []
    },
    {
      "frame_id": 75,
      "image_path": "frames/yhtzAKqRyXw_002489/images/000075.jpg",
      "accident_id": 0,
      "accident_name": "normal",
      "objects": []
    },
    {
      "frame_id": 76,
      "image_path": "frames/yhtzAKqRyXw_002489/images/000076.jpg",
      "accident_id": 0,
      "accident_name": "normal",
      "objects": []
    },
    {
      "frame_id": 77,
      "image_path": "frames/yhtzAKqRyXw_002489/images/000077.jpg",
      "accident_id": 0,
      "accident_name": "normal",
      "objects": []
    },
    {
      "frame_id": 78,
      "image_path": "frames/yhtzAKqRyXw_002489/images/000078.jpg",
      "accident_id": 0,
      "accident_name": "normal",
      "objects": []
    },
    {
      "frame_id": 79,
      "image_path": "frames/yhtzAKqRyXw_002489/images/000079.jpg",
      "accident_id": 0,
      "accident_name": "normal",
      "objects": []
    },
    {
      "frame_id": 80,
      "image_path": "frames/yhtzAKqRyXw_002489/images/000080.jpg",
      "accident_id": 0,
      "accident_name": "normal",
      "objects": []
    }
  ]
}