{
  "video_name": "yr0gNIxRluE_003778",
  "channel": "CarCrashesTime",
  "num_frames": 193,
  "ignore": false,
  "ego_involve": false,
  "night": false,
  "anomaly_start": 35,
  "anomaly_end": 169,
  "video_start": 3778,
  "video_end": 3970,
  "accident_id": "9",
  "accident_name": "leave_to_left",
  "labels": [
    {
      "frame_id": 0,
      "image_path": "frames/yr0gNIxRluE_003778/images/000000.jpg",
      "accident_id": 0,
      "accident_name": "normal",
      "objects": []
    },
    {
      "frame_id": 1,
      "image_path": "frames/yr0gNIxRluE_003778/images/000001.jpg",
      "accident_id": 0,
      "accident_name": "normal",
      "objects": []
    },
    {
      "frame_id": 2,
      "image_path": "frames/yr0gNIxRluE_003778/images/000002.jpg",
      "accident_id": 0,
      "accident_name": "normal",
      "objects": []
    },
    {
      "frame_id": 3,
      "image_path": "frames/yr0gNIxRluE_003778/images/000003.jpg",
      "accident_id": 0,
      "accident_name": "normal",
      "objects": []
    },
    {
      "frame_id": 4,
      "image_path": "frames/yr0gNIxRluE_003778/images/000004.jpg",
      "accident_id": 0,
      "accident_name": "normal",
      "objects": []
    },
    {
      "frame_id": 5,
      "image_path": "frames/yr0gNIxRluE_003778/images/000005.jpg",
      "accident_id": 0,
      "accident_name": "normal",
      "objects": []
    },
    {
      "frame_id": 6,
      "image_path": "frames/yr0gNIxRluE_003778/images/000006.jpg",
      "accident_id": 0,
      "accident_name": "normal",
      "objects": []
    },
    {
      "frame_id": 7,
      "image_path": "frames/yr0gNIxRluE_003778/images/000007.jpg",
      "accident_id": 0,
      "accident_name": "normal",
      "objects": []
    },
    {
      "frame_id": 8,
      "image_path": "frames/yr0gNIxRluE_003778/images/000008.jpg",
      "accident_id": 0,
      "accident_name": "normal",
      "objects": []
    },
    {
      "frame_id": 9,
      "image_path": "frames/yr0gNIxRluE_003778/images/000009.jpg",
      "accident_id": 0,
      "accident_name": "normal",
      "objects": []
    },
    {
      "frame_id": 10,
      "image_path": "frames/yr0gNIxRluE_003778/images/000010.jpg",
      "accident_id": 0,
      "accident_name": "normal",
      "objects": []
    },
    {
      "frame_id": 11,
      "image_path": "frames/yr0gNIxRluE_003778/images/000011.jpg",
      "accident_id": 0,
      "accident_name": "normal",
      "objects": []
    },
    {
      "frame_id": 12,
      "image_path": "frames/yr0gNIxRluE_003778/images/000012.jpg",
      "accident_id": 0,
      "accident_name": "normal",
      "objects": []
    },
    {
      "frame_id": 13,
      "image_path": "frames/yr0gNIxRluE_003778/images/000013.jpg",
      "accident_id": 0,
      "accident_name": "normal",
      "objects": []
    },
    {
      "frame_id": 14,
      "image_path": "frames/yr0gNIxRluE_003778/images/000014.jpg",
      "accident_id": 0,
      "accident_name": "normal",
      "objects": []
    },
    {
      "frame_id": 15,
      "image_path": "frames/yr0gNIxRluE_003778/images/000015.jpg",
      "accident_id": 0,
      "accident_name": "normal",
      "objects": []
    },
    {
      "frame_id": 16,
      "image_path": "frames/yr0gNIxRluE_003778/images/000016.jpg",
      "accident_id": 0,
      "accident_name": "normal",
      "objects": []
    },
    {
      "frame_id": 17,
      "image_path": "frames/yr0gNIxRluE_003778/images/000017.jpg",
      "accident_id": 0,
      "accident_name": "normal",
      "objects": []
    },
    {
      "frame_id": 18,
      "image_path": "frames/yr0gNIxRluE_003778/images/000018.jpg",
      "accident_id": 0,
      "accident_name": "normal",
      "objects": []
    },
    {
      "frame_id": 19,
      "image_path": "frames/yr0gNIxRluE_003778/images/000019.jpg",
      "accident_id": 0,
      "accident_name": "normal",
      "objects": []
    },
    {
      "frame_id": 20,
      "image_path": "frames/yr0gNIxRluE_003778/images/000020.jpg",
      "accident_id": 0,
      "accident_name": "normal",
      "objects": []
    },
    {
      "frame_id": 21,
      "image_path": "frames/yr0gNIxRluE_003778/images/000021.jpg",
      "accident_id": 0,
      "accident_name": "normal",
      "objects": []
    },
    {
      "frame_id": 22,
      "image_path": "frames/yr0gNIxRluE_003778/images/000022.jpg",
      "accident_id": 0,
      "accident_name": "normal",
      "objects": []
    },
    {
      "frame_id": 23,
      "image_path": "frames/yr0gNIxRluE_003778/images/000023.jpg",
      "accident_id": 0,
      "accident_name": "normal",
      "objects": []
    },
    {
      "frame_id": 24,
      "image_path": "frames/yr0gNIxRluE_003778/images/000024.jpg",
      "accident_id": 0,
      "accident_name": "normal",
      "objects": []
    },
    {
      "frame_id": 25,
      "image_path": "frames/yr0gNIxRluE_003778/images/000025.jpg",
      "accident_id": 0,
      "accident_name": "normal",
      "objects": []
    },
    {
      "frame_id": 26,
      "image_path": "frames/yr0gNIxRluE_003778/images/000026.jpg",
      "accident_id": 0,
      "accident_name": "normal",
      "objects": []
    },
    {
      "frame_id": 27,
      "image_path": "frames/yr0gNIxRluE_003778/images/000027.jpg",
      "accident_id": 0,
      "accident_name": "normal",
      "objects": []
    },
    {
      "frame_id": 28,
      "image_path": "frames/yr0gNIxRluE_003778/images/000028.jpg",
      "accident_id": 0,
      "accident_name": "normal",
      "objects": []
    },
    {
      "frame_id": 29,
      "image_path": "frames/yr0gNIxRluE_003778/images/000029.jpg",
      "accident_id": 0,
      "accident_name": "normal",
      "objects": []
    },
    {
      "frame_id": 30,
      "image_path": "frames/yr0gNIxRluE_003778/images/000030.jpg",
      "accident_id": 0,
      "accident_name": "normal",
      "objects": []
    },
    {
      "frame_id": 31,
      "image_path": "frames/yr0gNIxRluE_003778/images/000031.jpg",
      "accident_id": 0,
      "accident_name": "normal",
      "objects": []
    },
    {
      "frame_id": 32,
      "image_path": "frames/yr0gNIxRluE_003778/images/000032.jpg",
      "accident_id": 0,
      "accident_name": "normal",
      "objects": []
    },
    {
      "frame_id": 33,
      "image_path": "frames/yr0gNIxRluE_003778/images/000033.jpg",
      "accident_id": 0,
      "accident_name": "normal",
      "objects": []
    },
    {
      "frame_id": 34,
      "image_path": "frames/yr0gNIxRluE_003778/images/000034.jpg",
      "accident_id": 0,
      "accident_name": "normal",
      "objects": []
    },
    {
      "frame_id": 35,
      "image_path": "frames/yr0gNIxRluE_003778/images/000035.jpg",
      "accident_id": 9,
      "accident_name": "leave_to_left",
      "objects": [
        {
          "obj_track_id": 0,
          "bbox": [
            508.3561643835617,
            390.41095890410963,
            638.2191780821919,
            437.26027397260276
          ],
          "category": "car",
          "category ID": 3,
          "trunc": false
        }
      ]
    },
    {
      "frame_id": 36,
      "image_path": "frames/yr0gNIxRluE_003778/images/000036.jpg",
      "accident_id": 9,
      "accident_name": "leave_to_left",
      "objects": [
        {
          "obj_track_id": 0,
          "bbox": [
            488.6301369863014,
            387.9452054794521,
            619.3150684931508,
            437.26027397260276
          ],
          "category": "car",
          "category ID": 3,
          "trunc": false
        }
      ]
    },
    {
      "frame_id": 37,
      "image_path": "frames/yr0gNIxRluE_003778/images/000037.jpg",
      "accident_id": 9,
      "accident_name": "leave_to_left",
      "objects": [
        {
          "obj_track_id": 0,
          "bbox": [
            472.19178082191786,
            387.9452054794521,
            601.2328767123288,
            436.4383561643836
          ],
          "category": "car",
          "category ID": 3,
          "trunc": false
        }
      ]
    },
    {
      "frame_id": 38,
      "image_path": "frames/yr0gNIxRluE_003778/images/000038.jpg",
      "accident_id": 9,
      "accident_name": "leave_to_left",
      "objects": [
        {
          "obj_track_id": 0,
          "bbox": [
            459.041095890411,
            385.47945205479454,
            586.4383561643837,
            435.6164383561644
          ],
          "category": "car",
          "category ID": 3,
          "trunc": false
        }
      ]
    },
    {
      "frame_id": 39,
      "image_path": "frames/yr0gNIxRluE_003778/images/000039.jpg",
      "accident_id": 9,
      "accident_name": "leave_to_left",
      "objects": [
        {
          "obj_track_id": 0,
          "bbox": [
            445.89041095890417,
            385.47945205479454,
            574.1095890410959,
            433.9726027397261
          ],
          "category": "car",
          "category ID": 3,
          "trunc": false
        }
      ]
    },
    {
      "frame_id": 40,
      "image_path": "frames/yr0gNIxRluE_003778/images/000040.jpg",
      "accident_id": 9,
      "accident_name": "leave_to_left",
      "objects": [
        {
          "obj_track_id": 0,
          "bbox": [
            436.8493150684932,
            383.83561643835617,
            560.9589041095891,
            433.9726027397261
          ],
          "category": "car",
          "category ID": 3,
          "trunc": false
        }
      ]
    },
    {
      "frame_id": 41,
      "image_path": "frames/yr0gNIxRluE_003778/images/000041.jpg",
      "accident_id": 9,
      "accident_name": "leave_to_left",
      "objects": [
        {
          "obj_track_id": 0,
          "bbox": [
            430.2739726027398,
            383.83561643835617,
            554.3835616438357,
            432.3287671232877
          ],
          "category": "car",
          "category ID": 3,
          "trunc": false
        }
      ]
    },
    {
      "frame_id": 42,
      "image_path": "frames/yr0gNIxRluE_003778/images/000042.jpg",
      "accident_id": 9,
      "accident_name": "leave_to_left",
      "objects": [
        {
          "obj_track_id": 0,
          "bbox": [
            426.98630136986304,
            383.013698630137,
            549.4520547945206,
            431.5068493150685
          ],
          "category": "car",
          "category ID": 3,
          "trunc": false
        }
      ]
    },
    {
      "frame_id": 43,
      "image_path": "frames/yr0gNIxRluE_003778/images/000043.jpg",
      "accident_id": 9,
      "accident_name": "leave_to_left",
      "objects": [
        {
          "obj_track_id": 0,
          "bbox": [
            425.3424657534247,
            383.013698630137,
            548.6301369863014,
            430.68493150684935
          ],
          "category": "car",
          "category ID": 3,
          "trunc": false
        }
      ]
    },
    {
      "frame_id": 44,
      "image_path": "frames/yr0gNIxRluE_003778/images/000044.jpg",
      "accident_id": 9,
      "accident_name": "leave_to_left",
      "objects": [
        {
          "obj_track_id": 0,
          "bbox": [
            424.5205479452055,
            382.19178082191786,
            546.9863013698631,
            430.68493150684935
          ],
          "category": "car",
          "category ID": 3,
          "trunc": false
        }
      ]
    },
    {
      "frame_id": 45,
      "image_path": "frames/yr0gNIxRluE_003778/images/000045.jpg",
      "accident_id": 9,
      "accident_name": "leave_to_left",
      "objects": [
        {
          "obj_track_id": 0,
          "bbox": [
            424.5205479452055,
            382.80821917808225,
            547.3972602739727,
            430.68493150684935
          ],
          "category": "car",
          "category ID": 3,
          "trunc": false
        }
      ]
    },
    {
      "frame_id": 46,
      "image_path": "frames/yr0gNIxRluE_003778/images/000046.jpg",
      "accident_id": 9,
      "accident_name": "leave_to_left",
      "objects": [
        {
          "obj_track_id": 0,
          "bbox": [
            424.5205479452055,
            383.42465753424665,
            547.8082191780823,
            430.68493150684935
          ],
          "category": "car",
          "category ID": 3,
          "trunc": false
        }
      ]
    },
    {
      "frame_id": 47,
      "image_path": "frames/yr0gNIxRluE_003778/images/000047.jpg",
      "accident_id": 9,
      "accident_name": "leave_to_left",
      "objects": []
    },
    {
      "frame_id": 48,
      "image_path": "frames/yr0gNIxRluE_003778/images/000048.jpg",
      "accident_id": 9,
      "accident_name": "leave_to_left",
      "objects": []
    },
    {
      "frame_id": 49,
      "image_path": "frames/yr0gNIxRluE_003778/images/000049.jpg",
      "accident_id": 9,
      "accident_name": "leave_to_left",
      "objects": []
    },
    {
      "frame_id": 50,
      "image_path": "frames/yr0gNIxRluE_003778/images/000050.jpg",
      "accident_id": 9,
      "accident_name": "leave_to_left",
      "objects": []
    },
    {
      "frame_id": 51,
      "image_path": "frames/yr0gNIxRluE_003778/images/000051.jpg",
      "accident_id": 9,
      "accident_name": "leave_to_left",
      "objects": []
    },
    {
      "frame_id": 52,
      "image_path": "frames/yr0gNIxRluE_003778/images/000052.jpg",
      "accident_id": 9,
      "accident_name": "leave_to_left",
      "objects": []
    },
    {
      "frame_id": 53,
      "image_path": "frames/yr0gNIxRluE_003778/images/000053.jpg",
      "accident_id": 9,
      "accident_name": "leave_to_left",
      "objects": []
    },
    {
      "frame_id": 54,
      "image_path": "frames/yr0gNIxRluE_003778/images/000054.jpg",
      "accident_id": 9,
      "accident_name": "leave_to_left",
      "objects": []
    },
    {
      "frame_id": 55,
      "image_path": "frames/yr0gNIxRluE_003778/images/000055.jpg",
      "accident_id": 9,
      "accident_name": "leave_to_left",
      "objects": []
    },
    {
      "frame_id": 56,
      "image_path": "frames/yr0gNIxRluE_003778/images/000056.jpg",
      "accident_id": 9,
      "accident_name": "leave_to_left",
      "objects": []
    },
    {
      "frame_id": 57,
      "image_path": "frames/yr0gNIxRluE_003778/images/000057.jpg",
      "accident_id": 9,
      "accident_name": "leave_to_left",
      "objects": []
    },
    {
      "frame_id": 58,
      "image_path": "frames/yr0gNIxRluE_003778/images/000058.jpg",
      "accident_id": 9,
      "accident_name": "leave_to_left",
      "objects": []
    },
    {
      "frame_id": 59,
      "image_path": "frames/yr0gNIxRluE_003778/images/000059.jpg",
      "accident_id": 9,
      "accident_name": "leave_to_left",
      "objects": []
    },
    {
      "frame_id": 60,
      "image_path": "frames/yr0gNIxRluE_003778/images/000060.jpg",
      "accident_id": 9,
      "accident_name": "leave_to_left",
      "objects": []
    },
    {
      "frame_id": 61,
      "image_path": "frames/yr0gNIxRluE_003778/images/000061.jpg",
      "accident_id": 9,
      "accident_name": "leave_to_left",
      "objects": []
    },
    {
      "frame_id": 62,
      "image_path": "frames/yr0gNIxRluE_003778/images/000062.jpg",
      "accident_id": 9,
      "accident_name": "leave_to_left",
      "objects": []
    },
    {
      "frame_id": 63,
      "image_path": "frames/yr0gNIxRluE_003778/images/000063.jpg",
      "accident_id": 9,
      "accident_name": "leave_to_left",
      "objects": []
    },
    {
      "frame_id": 64,
      "image_path": "frames/yr0gNIxRluE_003778/images/000064.jpg",
      "accident_id": 9,
      "accident_name": "leave_to_left",
      "objects": []
    },
    {
      "frame_id": 65,
      "image_path": "frames/yr0gNIxRluE_003778/images/000065.jpg",
      "accident_id": 9,
      "accident_name": "leave_to_left",
      "objects": []
    },
    {
      "frame_id": 66,
      "image_path": "frames/yr0gNIxRluE_003778/images/000066.jpg",
      "accident_id": 9,
      "accident_name": "leave_to_left",
      "objects": []
    },
    {
      "frame_id": 67,
      "image_path": "frames/yr0gNIxRluE_003778/images/000067.jpg",
      "accident_id": 9,
      "accident_name": "leave_to_left",
      "objects": []
    },
    {
      "frame_id": 68,
      "image_path": "frames/yr0gNIxRluE_003778/images/000068.jpg",
      "accident_id": 9,
      "accident_name": "leave_to_left",
      "objects": []
    },
    {
      "frame_id": 69,
      "image_path": "frames/yr0gNIxRluE_003778/images/000069.jpg",
      "accident_id": 9,
      "accident_name": "leave_to_left",
      "objects": []
    },
    {
      "frame_id": 70,
      "image_path": "frames/yr0gNIxRluE_003778/images/000070.jpg",
      "accident_id": 9,
      "accident_name": "leave_to_left",
      "objects": []
    },
    {
      "frame_id": 71,
      "image_path": "frames/yr0gNIxRluE_003778/images/000071.jpg",
      "accident_id": 9,
      "accident_name": "leave_to_left",
      "objects": []
    },
    {
      "frame_id": 72,
      "image_path": "frames/yr0gNIxRluE_003778/images/000072.jpg",
      "accident_id": 9,
      "accident_name": "leave_to_left",
      "objects": []
    },
    {
      "frame_id": 73,
      "image_path": "frames/yr0gNIxRluE_003778/images/000073.jpg",
      "accident_id": 9,
      "accident_name": "leave_to_left",
      "objects": []
    },
    {
      "frame_id": 74,
      "image_path": "frames/yr0gNIxRluE_003778/images/000074.jpg",
      "accident_id": 9,
      "accident_name": "leave_to_left",
      "objects": []
    },
    {
      "frame_id": 75,
      "image_path": "frames/yr0gNIxRluE_003778/images/000075.jpg",
      "accident_id": 9,
      "accident_name": "leave_to_left",
      "objects": []
    },
    {
      "frame_id": 76,
      "image_path": "frames/yr0gNIxRluE_003778/images/000076.jpg",
      "accident_id": 9,
      "accident_name": "leave_to_left",
      "objects": []
    },
    {
      "frame_id": 77,
      "image_path": "frames/yr0gNIxRluE_003778/images/000077.jpg",
      "accident_id": 9,
      "accident_name": "leave_to_left",
      "objects": []
    },
    {
      "frame_id": 78,
      "image_path": "frames/yr0gNIxRluE_003778/images/000078.jpg",
      "accident_id": 9,
      "accident_name": "leave_to_left",
      "objects": []
    },
    {
      "frame_id": 79,
      "image_path": "frames/yr0gNIxRluE_003778/images/000079.jpg",
      "accident_id": 9,
      "accident_name": "leave_to_left",
      "objects": []
    },
    {
      "frame_id": 80,
      "image_path": "frames/yr0gNIxRluE_003778/images/000080.jpg",
      "accident_id": 9,
      "accident_name": "leave_to_left",
      "objects": []
    },
    {
      "frame_id": 81,
      "image_path": "frames/yr0gNIxRluE_003778/images/000081.jpg",
      "accident_id": 9,
      "accident_name": "leave_to_left",
      "objects": []
    },
    {
      "frame_id": 82,
      "image_path": "frames/yr0gNIxRluE_003778/images/000082.jpg",
      "accident_id": 9,
      "accident_name": "leave_to_left",
      "objects": []
    },
    {
      "frame_id": 83,
      "image_path": "frames/yr0gNIxRluE_003778/images/000083.jpg",
      "accident_id": 9,
      "accident_name": "leave_to_left",
      "objects": []
    },
    {
      "frame_id": 84,
      "image_path": "frames/yr0gNIxRluE_003778/images/000084.jpg",
      "accident_id": 9,
      "accident_name": "leave_to_left",
      "objects": []
    },
    {
      "frame_id": 85,
      "image_path": "frames/yr0gNIxRluE_003778/images/000085.jpg",
      "accident_id": 9,
      "accident_name": "leave_to_left",
      "objects": []
    },
    {
      "frame_id": 86,
      "image_path": "frames/yr0gNIxRluE_003778/images/000086.jpg",
      "accident_id": 9,
      "accident_name": "leave_to_left",
      "objects": []
    },
    {
      "frame_id": 87,
      "image_path": "frames/yr0gNIxRluE_003778/images/000087.jpg",
      "accident_id": 9,
      "accident_name": "leave_to_left",
      "objects": []
    },
    {
      "frame_id": 88,
      "image_path": "frames/yr0gNIxRluE_003778/images/000088.jpg",
      "accident_id": 9,
      "accident_name": "leave_to_left",
      "objects": []
    },
    {
      "frame_id": 89,
      "image_path": "frames/yr0gNIxRluE_003778/images/000089.jpg",
      "accident_id": 9,
      "accident_name": "leave_to_left",
      "objects": []
    },
    {
      "frame_id": 90,
      "image_path": "frames/yr0gNIxRluE_003778/images/000090.jpg",
      "accident_id": 9,
      "accident_name": "leave_to_left",
      "objects": []
    },
    {
      "frame_id": 91,
      "image_path": "frames/yr0gNIxRluE_003778/images/000091.jpg",
      "accident_id": 9,
      "accident_name": "leave_to_left",
      "objects": []
    },
    {
      "frame_id": 92,
      "image_path": "frames/yr0gNIxRluE_003778/images/000092.jpg",
      "accident_id": 9,
      "accident_name": "leave_to_left",
      "objects": []
    },
    {
      "frame_id": 93,
      "image_path": "frames/yr0gNIxRluE_003778/images/000093.jpg",
      "accident_id": 9,
      "accident_name": "leave_to_left",
      "objects": []
    },
    {
      "frame_id": 94,
      "image_path": "frames/yr0gNIxRluE_003778/images/000094.jpg",
      "accident_id": 9,
      "accident_name": "leave_to_left",
      "objects": []
    },
    {
      "frame_id": 95,
      "image_path": "frames/yr0gNIxRluE_003778/images/000095.jpg",
      "accident_id": 9,
      "accident_name": "leave_to_left",
      "objects": []
    },
    {
      "frame_id": 96,
      "image_path": "frames/yr0gNIxRluE_003778/images/000096.jpg",
      "accident_id": 9,
      "accident_name": "leave_to_left",
      "objects": []
    },
    {
      "frame_id": 97,
      "image_path": "frames/yr0gNIxRluE_003778/images/000097.jpg",
      "accident_id": 9,
      "accident_name": "leave_to_left",
      "objects": []
    },
    {
      "frame_id": 98,
      "image_path": "frames/yr0gNIxRluE_003778/images/000098.jpg",
      "accident_id": 9,
      "accident_name": "leave_to_left",
      "objects": []
    },
    {
      "frame_id": 99,
      "image_path": "frames/yr0gNIxRluE_003778/images/000099.jpg",
      "accident_id": 9,
      "accident_name": "leave_to_left",
      "objects": []
    },
    {
      "frame_id": 100,
      "image_path": "frames/yr0gNIxRluE_003778/images/000100.jpg",
      "accident_id": 9,
      "accident_name": "leave_to_left",
      "objects": []
    },
    {
      "frame_id": 101,
      "image_path": "frames/yr0gNIxRluE_003778/images/000101.jpg",
      "accident_id": 9,
      "accident_name": "leave_to_left",
      "objects": []
    },
    {
      "frame_id": 102,
      "image_path": "frames/yr0gNIxRluE_003778/images/000102.jpg",
      "accident_id": 9,
      "accident_name": "leave_to_left",
      "objects": []
    },
    {
      "frame_id": 103,
      "image_path": "frames/yr0gNIxRluE_003778/images/000103.jpg",
      "accident_id": 9,
      "accident_name": "leave_to_left",
      "objects": []
    },
    {
      "frame_id": 104,
      "image_path": "frames/yr0gNIxRluE_003778/images/000104.jpg",
      "accident_id": 9,
      "accident_name": "leave_to_left",
      "objects": []
    },
    {
      "frame_id": 105,
      "image_path": "frames/yr0gNIxRluE_003778/images/000105.jpg",
      "accident_id": 9,
      "accident_name": "leave_to_left",
      "objects": []
    },
    {
      "frame_id": 106,
      "image_path": "frames/yr0gNIxRluE_003778/images/000106.jpg",
      "accident_id": 9,
      "accident_name": "leave_to_left",
      "objects": []
    },
    {
      "frame_id": 107,
      "image_path": "frames/yr0gNIxRluE_003778/images/000107.jpg",
      "accident_id": 9,
      "accident_name": "leave_to_left",
      "objects": []
    },
    {
      "frame_id": 108,
      "image_path": "frames/yr0gNIxRluE_003778/images/000108.jpg",
      "accident_id": 9,
      "accident_name": "leave_to_left",
      "objects": []
    },
    {
      "frame_id": 109,
      "image_path": "frames/yr0gNIxRluE_003778/images/000109.jpg",
      "accident_id": 9,
      "accident_name": "leave_to_left",
      "objects": []
    },
    {
      "frame_id": 110,
      "image_path": "frames/yr0gNIxRluE_003778/images/000110.jpg",
      "accident_id": 9,
      "accident_name": "leave_to_left",
      "objects": []
    },
    {
      "frame_id": 111,
      "image_path": "frames/yr0gNIxRluE_003778/images/000111.jpg",
      "accident_id": 9,
      "accident_name": "leave_to_left",
      "objects": []
    },
    {
      "frame_id": 112,
      "image_path": "frames/yr0gNIxRluE_003778/images/000112.jpg",
      "accident_id": 9,
      "accident_name": "leave_to_left",
      "objects": []
    },
    {
      "frame_id": 113,
      "image_path": "frames/yr0gNIxRluE_003778/images/000113.jpg",
      "accident_id": 9,
      "accident_name": "leave_to_left",
      "objects": []
    },
    {
      "frame_id": 114,
      "image_path": "frames/yr0gNIxRluE_003778/images/000114.jpg",
      "accident_id": 9,
      "accident_name": "leave_to_left",
      "objects": []
    },
    {
      "frame_id": 115,
      "image_path": "frames/yr0gNIxRluE_003778/images/000115.jpg",
      "accident_id": 9,
      "accident_name": "leave_to_left",
      "objects": []
    },
    {
      "frame_id": 116,
      "image_path": "frames/yr0gNIxRluE_003778/images/000116.jpg",
      "accident_id": 9,
      "accident_name": "leave_to_left",
      "objects": []
    },
    {
      "frame_id": 117,
      "image_path": "frames/yr0gNIxRluE_003778/images/000117.jpg",
      "accident_id": 9,
      "accident_name": "leave_to_left",
      "objects": []
    },
    {
      "frame_id": 118,
      "image_path": "frames/yr0gNIxRluE_003778/images/000118.jpg",
      "accident_id": 9,
      "accident_name": "leave_to_left",
      "objects": []
    },
    {
      "frame_id": 119,
      "image_path": "frames/yr0gNIxRluE_003778/images/000119.jpg",
      "accident_id": 9,
      "accident_name": "leave_to_left",
      "objects": []
    },
    {
      "frame_id": 120,
      "image_path": "frames/yr0gNIxRluE_003778/images/000120.jpg",
      "accident_id": 9,
      "accident_name": "leave_to_left",
      "objects": []
    },
    {
      "frame_id": 121,
      "image_path": "frames/yr0gNIxRluE_003778/images/000121.jpg",
      "accident_id": 9,
      "accident_name": "leave_to_left",
      "objects": []
    },
    {
      "frame_id": 122,
      "image_path": "frames/yr0gNIxRluE_003778/images/000122.jpg",
      "accident_id": 9,
      "accident_name": "leave_to_left",
      "objects": []
    },
    {
      "frame_id": 123,
      "image_path": "frames/yr0gNIxRluE_003778/images/000123.jpg",
      "accident_id": 9,
      "accident_name": "leave_to_left",
      "objects": []
    },
    {
      "frame_id": 124,
      "image_path": "frames/yr0gNIxRluE_003778/images/000124.jpg",
      "accident_id": 9,
      "accident_name": "leave_to_left",
      "objects": []
    },
    {
      "frame_id": 125,
      "image_path": "frames/yr0gNIxRluE_003778/images/000125.jpg",
      "accident_id": 9,
      "accident_name": "leave_to_left",
      "objects": []
    },
    {
      "frame_id": 126,
      "image_path": "frames/yr0gNIxRluE_003778/images/000126.jpg",
      "accident_id": 9,
      "accident_name": "leave_to_left",
      "objects": []
    },
    {
      "frame_id": 127,
      "image_path": "frames/yr0gNIxRluE_003778/images/000127.jpg",
      "accident_id": 9,
      "accident_name": "leave_to_left",
      "objects": []
    },
    {
      "frame_id": 128,
      "image_path": "frames/yr0gNIxRluE_003778/images/000128.jpg",
      "accident_id": 9,
      "accident_name": "leave_to_left",
      "objects": []
    },
    {
      "frame_id": 129,
      "image_path": "frames/yr0gNIxRluE_003778/images/000129.jpg",
      "accident_id": 9,
      "accident_name": "leave_to_left",
      "objects": []
    },
    {
      "frame_id": 130,
      "image_path": "frames/yr0gNIxRluE_003778/images/000130.jpg",
      "accident_id": 9,
      "accident_name": "leave_to_left",
      "objects": []
    },
    {
      "frame_id": 131,
      "image_path": "frames/yr0gNIxRluE_003778/images/000131.jpg",
      "accident_id": 9,
      "accident_name": "leave_to_left",
      "objects": []
    },
    {
      "frame_id": 132,
      "image_path": "frames/yr0gNIxRluE_003778/images/000132.jpg",
      "accident_id": 9,
      "accident_name": "leave_to_left",
      "objects": []
    },
    {
      "frame_id": 133,
      "image_path": "frames/yr0gNIxRluE_003778/images/000133.jpg",
      "accident_id": 9,
      "accident_name": "leave_to_left",
      "objects": []
    },
    {
      "frame_id": 134,
      "image_path": "frames/yr0gNIxRluE_003778/images/000134.jpg",
      "accident_id": 9,
      "accident_name": "leave_to_left",
      "objects": []
    },
    {
      "frame_id": 135,
      "image_path": "frames/yr0gNIxRluE_003778/images/000135.jpg",
      "accident_id": 9,
      "accident_name": "leave_to_left",
      "objects": []
    },
    {
      "frame_id": 136,
      "image_path": "frames/yr0gNIxRluE_003778/images/000136.jpg",
      "accident_id": 9,
      "accident_name": "leave_to_left",
      "objects": []
    },
    {
      "frame_id": 137,
      "image_path": "frames/yr0gNIxRluE_003778/images/000137.jpg",
      "accident_id": 9,
      "accident_name": "leave_to_left",
      "objects": []
    },
    {
      "frame_id": 138,
      "image_path": "frames/yr0gNIxRluE_003778/images/000138.jpg",
      "accident_id": 9,
      "accident_name": "leave_to_left",
      "objects": []
    },
    {
      "frame_id": 139,
      "image_path": "frames/yr0gNIxRluE_003778/images/000139.jpg",
      "accident_id": 9,
      "accident_name": "leave_to_left",
      "objects": []
    },
    {
      "frame_id": 140,
      "image_path": "frames/yr0gNIxRluE_003778/images/000140.jpg",
      "accident_id": 9,
      "accident_name": "leave_to_left",
      "objects": []
    },
    {
      "frame_id": 141,
      "image_path": "frames/yr0gNIxRluE_003778/images/000141.jpg",
      "accident_id": 9,
      "accident_name": "leave_to_left",
      "objects": []
    },
    {
      "frame_id": 142,
      "image_path": "frames/yr0gNIxRluE_003778/images/000142.jpg",
      "accident_id": 9,
      "accident_name": "leave_to_left",
      "objects": []
    },
    {
      "frame_id": 143,
      "image_path": "frames/yr0gNIxRluE_003778/images/000143.jpg",
      "accident_id": 9,
      "accident_name": "leave_to_left",
      "objects": []
    },
    {
      "frame_id": 144,
      "image_path": "frames/yr0gNIxRluE_003778/images/000144.jpg",
      "accident_id": 9,
      "accident_name": "leave_to_left",
      "objects": []
    },
    {
      "frame_id": 145,
      "image_path": "frames/yr0gNIxRluE_003778/images/000145.jpg",
      "accident_id": 9,
      "accident_name": "leave_to_left",
      "objects": []
    },
    {
      "frame_id": 146,
      "image_path": "frames/yr0gNIxRluE_003778/images/000146.jpg",
      "accident_id": 9,
      "accident_name": "leave_to_left",
      "objects": []
    },
    {
      "frame_id": 147,
      "image_path": "frames/yr0gNIxRluE_003778/images/000147.jpg",
      "accident_id": 9,
      "accident_name": "leave_to_left",
      "objects": []
    },
    {
      "frame_id": 148,
      "image_path": "frames/yr0gNIxRluE_003778/images/000148.jpg",
      "accident_id": 9,
      "accident_name": "leave_to_left",
      "objects": []
    },
    {
      "frame_id": 149,
      "image_path": "frames/yr0gNIxRluE_003778/images/000149.jpg",
      "accident_id": 9,
      "accident_name": "leave_to_left",
      "objects": []
    },
    {
      "frame_id": 150,
      "image_path": "frames/yr0gNIxRluE_003778/images/000150.jpg",
      "accident_id": 9,
      "accident_name": "leave_to_left",
      "objects": [
        {
          "obj_track_id": 16,
          "bbox": [
            75.81737849779087,
            376.4359351988218,
            396.05301914580264,
            573.6671575846834
          ],
          "category": "car",
          "category ID": 3,
          "trunc": false
        }
      ]
    },
    {
      "frame_id": 151,
      "image_path": "frames/yr0gNIxRluE_003778/images/000151.jpg",
      "accident_id": 9,
      "accident_name": "leave_to_left",
      "objects": [
        {
          "obj_track_id": 16,
          "bbox": [
            56.73048600883652,
            372.72459499263624,
            387.039764359352,
            577.378497790869
          ],
          "category": "car",
          "category ID": 3,
          "trunc": false
        }
      ]
    },
    {
      "frame_id": 152,
      "image_path": "frames/yr0gNIxRluE_003778/images/000152.jpg",
      "accident_id": 9,
      "accident_name": "leave_to_left",
      "objects": [
        {
          "obj_track_id": 16,
          "bbox": [
            37.64359351988218,
            369.01325478645066,
            378.0265095729013,
            581.0898379970545
          ],
          "category": "car",
          "category ID": 3,
          "trunc": false
        }
      ]
    },
    {
      "frame_id": 153,
      "image_path": "frames/yr0gNIxRluE_003778/images/000153.jpg",
      "accident_id": 9,
      "accident_name": "leave_to_left",
      "objects": [
        {
          "obj_track_id": 16,
          "bbox": [
            20.677466863033874,
            358.4094256259205,
            344.0942562592047,
            581.0898379970545
          ],
          "category": "car",
          "category ID": 3,
          "trunc": false
        }
      ]
    },
    {
      "frame_id": 154,
      "image_path": "frames/yr0gNIxRluE_003778/images/000154.jpg",
      "accident_id": 9,
      "accident_name": "leave_to_left",
      "objects": [
        {
          "obj_track_id": 16,
          "bbox": [
            0,
            358.4094256259205,
            286.8335787923417,
            581.0898379970545
          ],
          "category": "car",
          "category ID": 3,
          "trunc": false
        }
      ]
    },
    {
      "frame_id": 155,
      "image_path": "frames/yr0gNIxRluE_003778/images/000155.jpg",
      "accident_id": 9,
      "accident_name": "leave_to_left",
      "objects": [
        {
          "obj_track_id": 16,
          "bbox": [
            0,
            358.4094256259205,
            182.9160530191458,
            581.0898379970545
          ],
          "category": "car",
          "category ID": 3,
          "trunc": false
        }
      ]
    },
    {
      "frame_id": 156,
      "image_path": "frames/yr0gNIxRluE_003778/images/000156.jpg",
      "accident_id": 9,
      "accident_name": "leave_to_left",
      "objects": [
        {
          "obj_track_id": 16,
          "bbox": [
            0,
            358.4094256259205,
            104.44771723122238,
            581.0898379970545
          ],
          "category": "car",
          "category ID": 3,
          "trunc": false
        }
      ]
    },
    {
      "frame_id": 157,
      "image_path": "frames/yr0gNIxRluE_003778/images/000157.jpg",
      "accident_id": 9,
      "accident_name": "leave_to_left",
      "objects": []
    },
    {
      "frame_id": 158,
      "image_path": "frames/yr0gNIxRluE_003778/images/000158.jpg",
      "accident_id": 9,
      "accident_name": "leave_to_left",
      "objects": []
    },
    {
      "frame_id": 159,
      "image_path": "frames/yr0gNIxRluE_003778/images/000159.jpg",
      "accident_id": 9,
      "accident_name": "leave_to_left",
      "objects": []
    },
    {
      "frame_id": 160,
      "image_path": "frames/yr0gNIxRluE_003778/images/000160.jpg",
      "accident_id": 9,
      "accident_name": "leave_to_left",
      "objects": []
    },
    {
      "frame_id": 161,
      "image_path": "frames/yr0gNIxRluE_003778/images/000161.jpg",
      "accident_id": 9,
      "accident_name": "leave_to_left",
      "objects": []
    },
    {
      "frame_id": 162,
      "image_path": "frames/yr0gNIxRluE_003778/images/000162.jpg",
      "accident_id": 9,
      "accident_name": "leave_to_left",
      "objects": []
    },
    {
      "frame_id": 163,
      "image_path": "frames/yr0gNIxRluE_003778/images/000163.jpg",
      "accident_id": 9,
      "accident_name": "leave_to_left",
      "objects": []
    },
    {
      "frame_id": 164,
      "image_path": "frames/yr0gNIxRluE_003778/images/000164.jpg",
      "accident_id": 9,
      "accident_name": "leave_to_left",
      "objects": []
    },
    {
      "frame_id": 165,
      "image_path": "frames/yr0gNIxRluE_003778/images/000165.jpg",
      "accident_id": 9,
      "accident_name": "leave_to_left",
      "objects": []
    },
    {
      "frame_id": 166,
      "image_path": "frames/yr0gNIxRluE_003778/images/000166.jpg",
      "accident_id": 9,
      "accident_name": "leave_to_left",
      "objects": []
    },
    {
      "frame_id": 167,
      "image_path": "frames/yr0gNIxRluE_003778/images/000167.jpg",
      "accident_id": 9,
      "accident_name": "leave_to_left",
      "objects": []
    },
    {
      "frame_id": 168,
      "image_path": "frames/yr0gNIxRluE_003778/images/000168.jpg",
      "accident_id": 9,
      "accident_name": "leave_to_left",
      "objects": []
    },
    {
      "frame_id": 169,
      "image_path": "frames/yr0gNIxRluE_003778/images/000169.jpg",
      "accident_id": 0,
      "accident_name": "normal",
      "objects": []
    },
    {
      "frame_id": 170,
      "image_path": "frames/yr0gNIxRluE_003778/images/000170.jpg",
      "accident_id": 0,
      "accident_name": "normal",
      "objects": []
    },
    {
      "frame_id": 171,
      "image_path": "frames/yr0gNIxRluE_003778/images/000171.jpg",
      "accident_id": 0,
      "accident_name": "normal",
      "objects": []
    },
    {
      "frame_id": 172,
      "image_path": "frames/yr0gNIxRluE_003778/images/000172.jpg",
      "accident_id": 0,
      "accident_name": "normal",
      "objects": []
    },
    {
      "frame_id": 173,
      "image_path": "frames/yr0gNIxRluE_003778/images/000173.jpg",
      "accident_id": 0,
      "accident_name": "normal",
      "objects": []
    },
    {
      "frame_id": 174,
      "image_path": "frames/yr0gNIxRluE_003778/images/000174.jpg",
      "accident_id": 0,
      "accident_name": "normal",
      "objects": []
    },
    {
      "frame_id": 175,
      "image_path": "frames/yr0gNIxRluE_003778/images/000175.jpg",
      "accident_id": 0,
      "accident_name": "normal",
      "objects": []
    },
    {
      "frame_id": 176,
      "image_path": "frames/yr0gNIxRluE_003778/images/000176.jpg",
      "accident_id": 0,
      "accident_name": "normal",
      "objects": []
    },
    {
      "frame_id": 177,
      "image_path": "frames/yr0gNIxRluE_003778/images/000177.jpg",
      "accident_id": 0,
      "accident_name": "normal",
      "objects": []
    },
    {
      "frame_id": 178,
      "image_path": "frames/yr0gNIxRluE_003778/images/000178.jpg",
      "accident_id": 0,
      "accident_name": "normal",
      "objects": []
    },
    {
      "frame_id": 179,
      "image_path": "frames/yr0gNIxRluE_003778/images/000179.jpg",
      "accident_id": 0,
      "accident_name": "normal",
      "objects": []
    },
    {
      "frame_id": 180,
      "image_path": "frames/yr0gNIxRluE_003778/images/000180.jpg",
      "accident_id": 0,
      "accident_name": "normal",
      "objects": []
    },
    {
      "frame_id": 181,
      "image_path": "frames/yr0gNIxRluE_003778/images/000181.jpg",
      "accident_id": 0,
      "accident_name": "normal",
      "objects": []
    },
    {
      "frame_id": 182,
      "image_path": "frames/yr0gNIxRluE_003778/images/000182.jpg",
      "accident_id": 0,
      "accident_name": "normal",
      "objects": []
    },
    {
      "frame_id": 183,
      "image_path": "frames/yr0gNIxRluE_003778/images/000183.jpg",
      "accident_id": 0,
      "accident_name": "normal",
      "objects": []
    },
    {
      "frame_id": 184,
      "image_path": "frames/yr0gNIxRluE_003778/images/000184.jpg",
      "accident_id": 0,
      "accident_name": "normal",
      "objects": []
    },
    {
      "frame_id": 185,
      "image_path": "frames/yr0gNIxRluE_003778/images/000185.jpg",
      "accident_id": 0,
      "accident_name": "normal",
      "objects": []
    },
    {
      "frame_id": 186,
      "image_path": "frames/yr0gNIxRluE_003778/images/000186.jpg",
      "accident_id": 0,
      "accident_name": "normal",
      "objects": []
    },
    {
      "frame_id": 187,
      "image_path": "frames/yr0gNIxRluE_003778/images/000187.jpg",
      "accident_id": 0,
      "accident_name": "normal",
      "objects": []
    },
    {
      "frame_id": 188,
      "image_path": "frames/yr0gNIxRluE_003778/images/000188.jpg",
      "accident_id": 0,
      "accident_name": "normal",
      "objects": []
    },
    {
      "frame_id": 189,
      "image_path": "frames/yr0gNIxRluE_003778/images/000189.jpg",
      "accident_id": 0,
      "accident_name": "normal",
      "objects": []
    },
    {
      "frame_id": 190,
      "image_path": "frames/yr0gNIxRluE_003778/images/000190.jpg",
      "accident_id": 0,
      "accident_name": "normal",
      "objects": []
    },
    {
      "frame_id": 191,
      "image_path": "frames/yr0gNIxRluE_003778/images/000191.jpg",
      "accident_id": 0,
      "accident_name": "normal",
      "objects": []
    },
    {
      "frame_id": 192,
      "image_path": "frames/yr0gNIxRluE_003778/images/000192.jpg",
      "accident_id": 0,
      "accident_name": "normal",
      "objects": []
    }
  ]
}