{
  "video_name": "zRZ9PJguIfE_000735",
  "channel": "CarCrashesTime",
  "num_frames": 100,
  "ignore": false,
  "ego_involve": false,
  "night": false,
  "anomaly_start": 36,
  "anomaly_end": 51,
  "video_start": 735,
  "video_end": 834,
  "accident_id": "2",
  "accident_name": "moving_ahead_or_waiting",
  "labels": [
    {
      "frame_id": 0,
      "image_path": "frames/zRZ9PJguIfE_000735/images/000000.jpg",
      "accident_id": 0,
      "accident_name": "normal",
      "objects": []
    },
    {
      "frame_id": 1,
      "image_path": "frames/zRZ9PJguIfE_000735/images/000001.jpg",
      "accident_id": 0,
      "accident_name": "normal",
      "objects": []
    },
    {
      "frame_id": 2,
      "image_path": "frames/zRZ9PJguIfE_000735/images/000002.jpg",
      "accident_id": 0,
      "accident_name": "normal",
      "objects": []
    },
    {
      "frame_id": 3,
      "image_path": "frames/zRZ9PJguIfE_000735/images/000003.jpg",
      "accident_id": 0,
      "accident_name": "normal",
      "objects": []
    },
    {
      "frame_id": 4,
      "image_path": "frames/zRZ9PJguIfE_000735/images/000004.jpg",
      "accident_id": 0,
      "accident_name": "normal",
      "objects": []
    },
    {
      "frame_id": 5,
      "image_path": "frames/zRZ9PJguIfE_000735/images/000005.jpg",
      "accident_id": 0,
      "accident_name": "normal",
      "objects": []
    },
    {
      "frame_id": 6,
      "image_path": "frames/zRZ9PJguIfE_000735/images/000006.jpg",
      "accident_id": 0,
      "accident_name": "normal",
      "objects": []
    },
    {
      "frame_id": 7,
      "image_path": "frames/zRZ9PJguIfE_000735/images/000007.jpg",
      "accident_id": 0,
      "accident_name": "normal",
      "objects": []
    },
    {
      "frame_id": 8,
      "image_path": "frames/zRZ9PJguIfE_000735/images/000008.jpg",
      "accident_id": 0,
      "accident_name": "normal",
      "objects": []
    },
    {
      "frame_id": 9,
      "image_path": "frames/zRZ9PJguIfE_000735/images/000009.jpg",
      "accident_id": 0,
      "accident_name": "normal",
      "objects": []
    },
    {
      "frame_id": 10,
      "image_path": "frames/zRZ9PJguIfE_000735/images/000010.jpg",
      "accident_id": 0,
      "accident_name": "normal",
      "objects": []
    },
    {
      "frame_id": 11,
      "image_path": "frames/zRZ9PJguIfE_000735/images/000011.jpg",
      "accident_id": 0,
      "accident_name": "normal",
      "objects": []
    },
    {
      "frame_id": 12,
      "image_path": "frames/zRZ9PJguIfE_000735/images/000012.jpg",
      "accident_id": 0,
      "accident_name": "normal",
      "objects": []
    },
    {
      "frame_id": 13,
      "image_path": "frames/zRZ9PJguIfE_000735/images/000013.jpg",
      "accident_id": 0,
      "accident_name": "normal",
      "objects": []
    },
    {
      "frame_id": 14,
      "image_path": "frames/zRZ9PJguIfE_000735/images/000014.jpg",
      "accident_id": 0,
      "accident_name": "normal",
      "objects": []
    },
    {
      "frame_id": 15,
      "image_path": "frames/zRZ9PJguIfE_000735/images/000015.jpg",
      "accident_id": 0,
      "accident_name": "normal",
      "objects": []
    },
    {
      "frame_id": 16,
      "image_path": "frames/zRZ9PJguIfE_000735/images/000016.jpg",
      "accident_id": 0,
      "accident_name": "normal",
      "objects": []
    },
    {
      "frame_id": 17,
      "image_path": "frames/zRZ9PJguIfE_000735/images/000017.jpg",
      "accident_id": 0,
      "accident_name": "normal",
      "objects": []
    },
    {
      "frame_id": 18,
      "image_path": "frames/zRZ9PJguIfE_000735/images/000018.jpg",
      "accident_id": 0,
      "accident_name": "normal",
      "objects": []
    },
    {
      "frame_id": 19,
      "image_path": "frames/zRZ9PJguIfE_000735/images/000019.jpg",
      "accident_id": 0,
      "accident_name": "normal",
      "objects": []
    },
    {
      "frame_id": 20,
      "image_path": "frames/zRZ9PJguIfE_000735/images/000020.jpg",
      "accident_id": 0,
      "accident_name": "normal",
      "objects": []
    },
    {
      "frame_id": 21,
      "image_path": "frames/zRZ9PJguIfE_000735/images/000021.jpg",
      "accident_id": 0,
      "accident_name": "normal",
      "objects": []
    },
    {
      "frame_id": 22,
      "image_path": "frames/zRZ9PJguIfE_000735/images/000022.jpg",
      "accident_id": 0,
      "accident_name": "normal",
      "objects": []
    },
    {
      "frame_id": 23,
      "image_path": "frames/zRZ9PJguIfE_000735/images/000023.jpg",
      "accident_id": 0,
      "accident_name": "normal",
      "objects": []
    },
    {
      "frame_id": 24,
      "image_path": "frames/zRZ9PJguIfE_000735/images/000024.jpg",
      "accident_id": 0,
      "accident_name": "normal",
      "objects": []
    },
    {
      "frame_id": 25,
      "image_path": "frames/zRZ9PJguIfE_000735/images/000025.jpg",
      "accident_id": 0,
      "accident_name": "normal",
      "objects": []
    },
    {
      "frame_id": 26,
      "image_path": "frames/zRZ9PJguIfE_000735/images/000026.jpg",
      "accident_id": 0,
      "accident_name": "normal",
      "objects": []
    },
    {
      "frame_id": 27,
      "image_path": "frames/zRZ9PJguIfE_000735/images/000027.jpg",
      "accident_id": 0,
      "accident_name": "normal",
      "objects": []
    },
    {
      "frame_id": 28,
      "image_path": "frames/zRZ9PJguIfE_000735/images/000028.jpg",
      "accident_id": 0,
      "accident_name": "normal",
      "objects": []
    },
    {
      "frame_id": 29,
      "image_path": "frames/zRZ9PJguIfE_000735/images/000029.jpg",
      "accident_id": 0,
      "accident_name": "normal",
      "objects": []
    },
    {
      "frame_id": 30,
      "image_path": "frames/zRZ9PJguIfE_000735/images/000030.jpg",
      "accident_id": 0,
      "accident_name": "normal",
      "objects": []
    },
    {
      "frame_id": 31,
      "image_path": "frames/zRZ9PJguIfE_000735/images/000031.jpg",
      "accident_id": 0,
      "accident_name": "normal",
      "objects": []
    },
    {
      "frame_id": 32,
      "image_path": "frames/zRZ9PJguIfE_000735/images/000032.jpg",
      "accident_id": 0,
      "accident_name": "normal",
      "objects": []
    },
    {
      "frame_id": 33,
      "image_path": "frames/zRZ9PJguIfE_000735/images/000033.jpg",
      "accident_id": 0,
      "accident_name": "normal",
      "objects": []
    },
    {
      "frame_id": 34,
      "image_path": "frames/zRZ9PJguIfE_000735/images/000034.jpg",
      "accident_id": 0,
      "accident_name": "normal",
      "objects": []
    },
    {
      "frame_id": 35,
      "image_path": "frames/zRZ9PJguIfE_000735/images/000035.jpg",
      "accident_id": 0,
      "accident_name": "normal",
      "objects": []
    },
    {
      "frame_id": 36,
      "image_path": "frames/zRZ9PJguIfE_000735/images/000036.jpg",
      "accident_id": 2,
      "accident_name": "moving_ahead_or_waiting",
      "objects": [
        {
          "obj_track_id": 68,
          "bbox": [
            13.188602442333787,
            364.3962008141113,
            381.4925373134329,
            592.9986431478969
          ],
          "category": "car",
          "category ID": 3,
          "trunc": false
        },
        {
          "obj_track_id": 136,
          "bbox": [
            389.30800542740843,
            356.58073270013574,
            558.3175033921303,
            463.066485753053
          ],
          "category": "car",
          "category ID": 3,
          "trunc": false
        }
      ]
    },
    {
      "frame_id": 37,
      "image_path": "frames/zRZ9PJguIfE_000735/images/000037.jpg",
      "accident_id": 2,
      "accident_name": "moving_ahead_or_waiting",
      "objects": [
        {
          "obj_track_id": 68,
          "bbox": [
            0,
            363.4192672998644,
            374.65400271370424,
            589.0909090909091
          ],
          "category": "car",
          "category ID": 3,
          "trunc": false
        },
        {
          "obj_track_id": 136,
          "bbox": [
            367.8154681139756,
            352.67299864314793,
            544.6404341926731,
            469.9050203527816
          ],
          "category": "car",
          "category ID": 3,
          "trunc": false
        }
      ]
    },
    {
      "frame_id": 38,
      "image_path": "frames/zRZ9PJguIfE_000735/images/000038.jpg",
      "accident_id": 2,
      "accident_name": "moving_ahead_or_waiting",
      "objects": [
        {
          "obj_track_id": 68,
          "bbox": [
            0,
            363.4192672998644,
            367.8154681139756,
            602.7679782903664
          ],
          "category": "car",
          "category ID": 3,
          "trunc": true
        },
        {
          "obj_track_id": 136,
          "bbox": [
            344.3690637720489,
            345.8344640434193,
            533.8941655359566,
            477.72048846675716
          ],
          "category": "car",
          "category ID": 3,
          "trunc": false
        }
      ]
    },
    {
      "frame_id": 39,
      "image_path": "frames/zRZ9PJguIfE_000735/images/000039.jpg",
      "accident_id": 2,
      "accident_name": "moving_ahead_or_waiting",
      "objects": [
        {
          "obj_track_id": 68,
          "bbox": [
            0,
            363.4192672998644,
            360.00000000000006,
            606.6757123473542
          ],
          "category": "car",
          "category ID": 3,
          "trunc": true
        },
        {
          "obj_track_id": 136,
          "bbox": [
            329.71506105834465,
            342.9036635006785,
            520.2170963364994,
            486.5128900949797
          ],
          "category": "car",
          "category ID": 3,
          "trunc": false
        }
      ]
    },
    {
      "frame_id": 40,
      "image_path": "frames/zRZ9PJguIfE_000735/images/000040.jpg",
      "accident_id": 2,
      "accident_name": "moving_ahead_or_waiting",
      "objects": [
        {
          "obj_track_id": 68,
          "bbox": [
            0,
            362.4423337856174,
            354.13839891451835,
            606.6757123473542
          ],
          "category": "car",
          "category ID": 3,
          "trunc": true
        },
        {
          "obj_track_id": 136,
          "bbox": [
            312.13025780189963,
            339.9728629579376,
            508.493894165536,
            496.28222523744915
          ],
          "category": "car",
          "category ID": 3,
          "trunc": false
        }
      ]
    },
    {
      "frame_id": 41,
      "image_path": "frames/zRZ9PJguIfE_000735/images/000041.jpg",
      "accident_id": 2,
      "accident_name": "moving_ahead_or_waiting",
      "objects": [
        {
          "obj_track_id": 68,
          "bbox": [
            0,
            361.46540027137047,
            346.3229308005428,
            606.6757123473542
          ],
          "category": "car",
          "category ID": 3,
          "trunc": true
        },
        {
          "obj_track_id": 136,
          "bbox": [
            294.54545454545456,
            338.0189959294437,
            495.79375848032566,
            505.0746268656717
          ],
          "category": "car",
          "category ID": 3,
          "trunc": false
        }
      ]
    },
    {
      "frame_id": 42,
      "image_path": "frames/zRZ9PJguIfE_000735/images/000042.jpg",
      "accident_id": 2,
      "accident_name": "moving_ahead_or_waiting",
      "objects": [
        {
          "obj_track_id": 68,
          "bbox": [
            0,
            360.4884667571235,
            339.48439620081416,
            605.6987788331072
          ],
          "category": "car",
          "category ID": 3,
          "trunc": true
        },
        {
          "obj_track_id": 136,
          "bbox": [
            277.93758480325647,
            336.06512890094984,
            484.0705563093623,
            516.797829036635
          ],
          "category": "car",
          "category ID": 3,
          "trunc": false
        }
      ]
    },
    {
      "frame_id": 43,
      "image_path": "frames/zRZ9PJguIfE_000735/images/000043.jpg",
      "accident_id": 2,
      "accident_name": "moving_ahead_or_waiting",
      "objects": [
        {
          "obj_track_id": 68,
          "bbox": [
            0,
            361.46540027137047,
            324.8303934871099,
            602.7679782903664
          ],
          "category": "car",
          "category ID": 3,
          "trunc": true
        },
        {
          "obj_track_id": 136,
          "bbox": [
            262.3066485753053,
            334.11126187245594,
            475.27815468113977,
            524.6132971506106
          ],
          "category": "car",
          "category ID": 3,
          "trunc": false
        }
      ]
    },
    {
      "frame_id": 44,
      "image_path": "frames/zRZ9PJguIfE_000735/images/000044.jpg",
      "accident_id": 2,
      "accident_name": "moving_ahead_or_waiting",
      "objects": [
        {
          "obj_track_id": 68,
          "bbox": [
            0,
            357.55766621438266,
            298.45318860244237,
            602.7679782903664
          ],
          "category": "car",
          "category ID": 3,
          "trunc": true
        },
        {
          "obj_track_id": 136,
          "bbox": [
            239.83717774762553,
            333.13432835820896,
            470.39348710990504,
            530.4748982360923
          ],
          "category": "car",
          "category ID": 3,
          "trunc": false
        }
      ]
    },
    {
      "frame_id": 45,
      "image_path": "frames/zRZ9PJguIfE_000735/images/000045.jpg",
      "accident_id": 2,
      "accident_name": "moving_ahead_or_waiting",
      "objects": [
        {
          "obj_track_id": 68,
          "bbox": [
            0,
            352.6729986431479,
            271.09905020352784,
            601.7910447761194
          ],
          "category": "car",
          "category ID": 3,
          "trunc": true
        },
        {
          "obj_track_id": 136,
          "bbox": [
            210.5291723202171,
            334.11126187245594,
            469.4165535956581,
            533.4056987788332
          ],
          "category": "car",
          "category ID": 3,
          "trunc": false
        }
      ]
    },
    {
      "frame_id": 46,
      "image_path": "frames/zRZ9PJguIfE_000735/images/000046.jpg",
      "accident_id": 2,
      "accident_name": "moving_ahead_or_waiting",
      "objects": [
        {
          "obj_track_id": 68,
          "bbox": [
            0,
            352.67299864314793,
            242.76797829036636,
            601.7910447761194
          ],
          "category": "car",
          "category ID": 3,
          "trunc": true
        },
        {
          "obj_track_id": 136,
          "bbox": [
            177.31343283582092,
            331.1804613297151,
            461.6010854816825,
            539.2672998643149
          ],
          "category": "car",
          "category ID": 3,
          "trunc": false
        }
      ]
    },
    {
      "frame_id": 47,
      "image_path": "frames/zRZ9PJguIfE_000735/images/000047.jpg",
      "accident_id": 2,
      "accident_name": "moving_ahead_or_waiting",
      "objects": [
        {
          "obj_track_id": 68,
          "bbox": [
            0,
            353.64993215739486,
            206.62143826322932,
            601.7910447761194
          ],
          "category": "car",
          "category ID": 3,
          "trunc": true
        },
        {
          "obj_track_id": 136,
          "bbox": [
            147.02849389416554,
            333.13432835820896,
            458.6702849389417,
            544.1519674355495
          ],
          "category": "car",
          "category ID": 3,
          "trunc": false
        }
      ]
    },
    {
      "frame_id": 48,
      "image_path": "frames/zRZ9PJguIfE_000735/images/000048.jpg",
      "accident_id": 2,
      "accident_name": "moving_ahead_or_waiting",
      "objects": [
        {
          "obj_track_id": 68,
          "bbox": [
            0,
            355.60379918588876,
            164.6132971506106,
            601.7910447761194
          ],
          "category": "car",
          "category ID": 3,
          "trunc": true
        },
        {
          "obj_track_id": 136,
          "bbox": [
            142.1438263229308,
            331.1804613297151,
            455.73948439620085,
            548.0597014925373
          ],
          "category": "car",
          "category ID": 3,
          "trunc": false
        }
      ]
    },
    {
      "frame_id": 49,
      "image_path": "frames/zRZ9PJguIfE_000735/images/000049.jpg",
      "accident_id": 2,
      "accident_name": "moving_ahead_or_waiting",
      "objects": [
        {
          "obj_track_id": 68,
          "bbox": [
            0,
            403.4735413839892,
            116.74355495251018,
            601.7910447761194
          ],
          "category": "car",
          "category ID": 3,
          "trunc": true
        },
        {
          "obj_track_id": 136,
          "bbox": [
            125.53595658073272,
            331.1804613297151,
            453.78561736770695,
            548.0597014925373
          ],
          "category": "car",
          "category ID": 3,
          "trunc": false
        }
      ]
    },
    {
      "frame_id": 50,
      "image_path": "frames/zRZ9PJguIfE_000735/images/000050.jpg",
      "accident_id": 2,
      "accident_name": "moving_ahead_or_waiting",
      "objects": [
        {
          "obj_track_id": 68,
          "bbox": [
            0,
            432.7815468113976,
            62.035278154681144,
            601.7910447761194
          ],
          "category": "car",
          "category ID": 3,
          "trunc": true
        },
        {
          "obj_track_id": 136,
          "bbox": [
            124.55902306648576,
            329.2265943012212,
            451.83175033921304,
            549.0366350067843
          ],
          "category": "car",
          "category ID": 3,
          "trunc": false
        }
      ]
    },
    {
      "frame_id": 51,
      "image_path": "frames/zRZ9PJguIfE_000735/images/000051.jpg",
      "accident_id": 0,
      "accident_name": "normal",
      "objects": []
    },
    {
      "frame_id": 52,
      "image_path": "frames/zRZ9PJguIfE_000735/images/000052.jpg",
      "accident_id": 0,
      "accident_name": "normal",
      "objects": []
    },
    {
      "frame_id": 53,
      "image_path": "frames/zRZ9PJguIfE_000735/images/000053.jpg",
      "accident_id": 0,
      "accident_name": "normal",
      "objects": []
    },
    {
      "frame_id": 54,
      "image_path": "frames/zRZ9PJguIfE_000735/images/000054.jpg",
      "accident_id": 0,
      "accident_name": "normal",
      "objects": []
    },
    {
      "frame_id": 55,
      "image_path": "frames/zRZ9PJguIfE_000735/images/000055.jpg",
      "accident_id": 0,
      "accident_name": "normal",
      "objects": []
    },
    {
      "frame_id": 56,
      "image_path": "frames/zRZ9PJguIfE_000735/images/000056.jpg",
      "accident_id": 0,
      "accident_name": "normal",
      "objects": []
    },
    {
      "frame_id": 57,
      "image_path": "frames/zRZ9PJguIfE_000735/images/000057.jpg",
      "accident_id": 0,
      "accident_name": "normal",
      "objects": []
    },
    {
      "frame_id": 58,
      "image_path": "frames/zRZ9PJguIfE_000735/images/000058.jpg",
      "accident_id": 0,
      "accident_name": "normal",
      "objects": []
    },
    {
      "frame_id": 59,
      "image_path": "frames/zRZ9PJguIfE_000735/images/000059.jpg",
      "accident_id": 0,
      "accident_name": "normal",
      "objects": []
    },
    {
      "frame_id": 60,
      "image_path": "frames/zRZ9PJguIfE_000735/images/000060.jpg",
      "accident_id": 0,
      "accident_name": "normal",
      "objects": []
    },
    {
      "frame_id": 61,
      "image_path": "frames/zRZ9PJguIfE_000735/images/000061.jpg",
      "accident_id": 0,
      "accident_name": "normal",
      "objects": []
    },
    {
      "frame_id": 62,
      "image_path": "frames/zRZ9PJguIfE_000735/images/000062.jpg",
      "accident_id": 0,
      "accident_name": "normal",
      "objects": []
    },
    {
      "frame_id": 63,
      "image_path": "frames/zRZ9PJguIfE_000735/images/000063.jpg",
      "accident_id": 0,
      "accident_name": "normal",
      "objects": []
    },
    {
      "frame_id": 64,
      "image_path": "frames/zRZ9PJguIfE_000735/images/000064.jpg",
      "accident_id": 0,
      "accident_name": "normal",
      "objects": []
    },
    {
      "frame_id": 65,
      "image_path": "frames/zRZ9PJguIfE_000735/images/000065.jpg",
      "accident_id": 0,
      "accident_name": "normal",
      "objects": []
    },
    {
      "frame_id": 66,
      "image_path": "frames/zRZ9PJguIfE_000735/images/000066.jpg",
      "accident_id": 0,
      "accident_name": "normal",
      "objects": []
    },
    {
      "frame_id": 67,
      "image_path": "frames/zRZ9PJguIfE_000735/images/000067.jpg",
      "accident_id": 0,
      "accident_name": "normal",
      "objects": []
    },
    {
      "frame_id": 68,
      "image_path": "frames/zRZ9PJguIfE_000735/images/000068.jpg",
      "accident_id": 0,
      "accident_name": "normal",
      "objects": []
    },
    {
      "frame_id": 69,
      "image_path": "frames/zRZ9PJguIfE_000735/images/000069.jpg",
      "accident_id": 0,
      "accident_name": "normal",
      "objects": []
    },
    {
      "frame_id": 70,
      "image_path": "frames/zRZ9PJguIfE_000735/images/000070.jpg",
      "accident_id": 0,
      "accident_name": "normal",
      "objects": []
    },
    {
      "frame_id": 71,
      "image_path": "frames/zRZ9PJguIfE_000735/images/000071.jpg",
      "accident_id": 0,
      "accident_name": "normal",
      "objects": []
    },
    {
      "frame_id": 72,
      "image_path": "frames/zRZ9PJguIfE_000735/images/000072.jpg",
      "accident_id": 0,
      "accident_name": "normal",
      "objects": []
    },
    {
      "frame_id": 73,
      "image_path": "frames/zRZ9PJguIfE_000735/images/000073.jpg",
      "accident_id": 0,
      "accident_name": "normal",
      "objects": []
    },
    {
      "frame_id": 74,
      "image_path": "frames/zRZ9PJguIfE_000735/images/000074.jpg",
      "accident_id": 0,
      "accident_name": "normal",
      "objects": []
    },
    {
      "frame_id": 75,
      "image_path": "frames/zRZ9PJguIfE_000735/images/000075.jpg",
      "accident_id": 0,
      "accident_name": "normal",
      "objects": []
    },
    {
      "frame_id": 76,
      "image_path": "frames/zRZ9PJguIfE_000735/images/000076.jpg",
      "accident_id": 0,
      "accident_name": "normal",
      "objects": []
    },
    {
      "frame_id": 77,
      "image_path": "frames/zRZ9PJguIfE_000735/images/000077.jpg",
      "accident_id": 0,
      "accident_name": "normal",
      "objects": []
    },
    {
      "frame_id": 78,
      "image_path": "frames/zRZ9PJguIfE_000735/images/000078.jpg",
      "accident_id": 0,
      "accident_name": "normal",
      "objects": []
    },
    {
      "frame_id": 79,
      "image_path": "frames/zRZ9PJguIfE_000735/images/000079.jpg",
      "accident_id": 0,
      "accident_name": "normal",
      "objects": []
    },
    {
      "frame_id": 80,
      "image_path": "frames/zRZ9PJguIfE_000735/images/000080.jpg",
      "accident_id": 0,
      "accident_name": "normal",
      "objects": []
    },
    {
      "frame_id": 81,
      "image_path": "frames/zRZ9PJguIfE_000735/images/000081.jpg",
      "accident_id": 0,
      "accident_name": "normal",
      "objects": []
    },
    {
      "frame_id": 82,
      "image_path": "frames/zRZ9PJguIfE_000735/images/000082.jpg",
      "accident_id": 0,
      "accident_name": "normal",
      "objects": []
    },
    {
      "frame_id": 83,
      "image_path": "frames/zRZ9PJguIfE_000735/images/000083.jpg",
      "accident_id": 0,
      "accident_name": "normal",
      "objects": []
    },
    {
      "frame_id": 84,
      "image_path": "frames/zRZ9PJguIfE_000735/images/000084.jpg",
      "accident_id": 0,
      "accident_name": "normal",
      "objects": []
    },
    {
      "frame_id": 85,
      "image_path": "frames/zRZ9PJguIfE_000735/images/000085.jpg",
      "accident_id": 0,
      "accident_name": "normal",
      "objects": []
    },
    {
      "frame_id": 86,
      "image_path": "frames/zRZ9PJguIfE_000735/images/000086.jpg",
      "accident_id": 0,
      "accident_name": "normal",
      "objects": []
    },
    {
      "frame_id": 87,
      "image_path": "frames/zRZ9PJguIfE_000735/images/000087.jpg",
      "accident_id": 0,
      "accident_name": "normal",
      "objects": []
    },
    {
      "frame_id": 88,
      "image_path": "frames/zRZ9PJguIfE_000735/images/000088.jpg",
      "accident_id": 0,
      "accident_name": "normal",
      "objects": []
    },
    {
      "frame_id": 89,
      "image_path": "frames/zRZ9PJguIfE_000735/images/000089.jpg",
      "accident_id": 0,
      "accident_name": "normal",
      "objects": []
    },
    {
      "frame_id": 90,
      "image_path": "frames/zRZ9PJguIfE_000735/images/000090.jpg",
      "accident_id": 0,
      "accident_name": "normal",
      "objects": []
    },
    {
      "frame_id": 91,
      "image_path": "frames/zRZ9PJguIfE_000735/images/000091.jpg",
      "accident_id": 0,
      "accident_name": "normal",
      "objects": []
    },
    {
      "frame_id": 92,
      "image_path": "frames/zRZ9PJguIfE_000735/images/000092.jpg",
      "accident_id": 0,
      "accident_name": "normal",
      "objects": []
    },
    {
      "frame_id": 93,
      "image_path": "frames/zRZ9PJguIfE_000735/images/000093.jpg",
      "accident_id": 0,
      "accident_name": "normal",
      "objects": []
    },
    {
      "frame_id": 94,
      "image_path": "frames/zRZ9PJguIfE_000735/images/000094.jpg",
      "accident_id": 0,
      "accident_name": "normal",
      "objects": []
    },
    {
      "frame_id": 95,
      "image_path": "frames/zRZ9PJguIfE_000735/images/000095.jpg",
      "accident_id": 0,
      "accident_name": "normal",
      "objects": []
    },
    {
      "frame_id": 96,
      "image_path": "frames/zRZ9PJguIfE_000735/images/000096.jpg",
      "accident_id": 0,
      "accident_name": "normal",
      "objects": []
    },
    {
      "frame_id": 97,
      "image_path": "frames/zRZ9PJguIfE_000735/images/000097.jpg",
      "accident_id": 0,
      "accident_name": "normal",
      "objects": []
    },
    {
      "frame_id": 98,
      "image_path": "frames/zRZ9PJguIfE_000735/images/000098.jpg",
      "accident_id": 0,
      "accident_name": "normal",
      "objects": []
    },
    {
      "frame_id": 99,
      "image_path": "frames/zRZ9PJguIfE_000735/images/000099.jpg",
      "accident_id": 0,
      "accident_name": "normal",
      "objects": []
    }
  ]
}