{
  "video_name": "0z7J7rOpTic_000191",
  "channel": "CarCrashesTime",
  "num_frames": 69,
  "ignore": false,
  "ego_involve": false,
  "night": false,
  "anomaly_start": 37,
  "anomaly_end": 50,
  "video_start": 191,
  "video_end": 259,
  "accident_id": "5",
  "accident_name": "turning",
  "labels": [
    {
      "frame_id": 0,
      "image_path": "frames/0z7J7rOpTic_000191/images/000000.jpg",
      "accident_id": 0,
      "accident_name": "normal",
      "objects": []
    },
    {
      "frame_id": 1,
      "image_path": "frames/0z7J7rOpTic_000191/images/000001.jpg",
      "accident_id": 0,
      "accident_name": "normal",
      "objects": []
    },
    {
      "frame_id": 2,
      "image_path": "frames/0z7J7rOpTic_000191/images/000002.jpg",
      "accident_id": 0,
      "accident_name": "normal",
      "objects": []
    },
    {
      "frame_id": 3,
      "image_path": "frames/0z7J7rOpTic_000191/images/000003.jpg",
      "accident_id": 0,
      "accident_name": "normal",
      "objects": []
    },
    {
      "frame_id": 4,
      "image_path": "frames/0z7J7rOpTic_000191/images/000004.jpg",
      "accident_id": 0,
      "accident_name": "normal",
      "objects": []
    },
    {
      "frame_id": 5,
      "image_path": "frames/0z7J7rOpTic_000191/images/000005.jpg",
      "accident_id": 0,
      "accident_name": "normal",
      "objects": []
    },
    {
      "frame_id": 6,
      "image_path": "frames/0z7J7rOpTic_000191/images/000006.jpg",
      "accident_id": 0,
      "accident_name": "normal",
      "objects": []
    },
    {
      "frame_id": 7,
      "image_path": "frames/0z7J7rOpTic_000191/images/000007.jpg",
      "accident_id": 0,
      "accident_name": "normal",
      "objects": []
    },
    {
      "frame_id": 8,
      "image_path": "frames/0z7J7rOpTic_000191/images/000008.jpg",
      "accident_id": 0,
      "accident_name": "normal",
      "objects": []
    },
    {
      "frame_id": 9,
      "image_path": "frames/0z7J7rOpTic_000191/images/000009.jpg",
      "accident_id": 0,
      "accident_name": "normal",
      "objects": []
    },
    {
      "frame_id": 10,
      "image_path": "frames/0z7J7rOpTic_000191/images/000010.jpg",
      "accident_id": 0,
      "accident_name": "normal",
      "objects": []
    },
    {
      "frame_id": 11,
      "image_path": "frames/0z7J7rOpTic_000191/images/000011.jpg",
      "accident_id": 0,
      "accident_name": "normal",
      "objects": []
    },
    {
      "frame_id": 12,
      "image_path": "frames/0z7J7rOpTic_000191/images/000012.jpg",
      "accident_id": 0,
      "accident_name": "normal",
      "objects": []
    },
    {
      "frame_id": 13,
      "image_path": "frames/0z7J7rOpTic_000191/images/000013.jpg",
      "accident_id": 0,
      "accident_name": "normal",
      "objects": []
    },
    {
      "frame_id": 14,
      "image_path": "frames/0z7J7rOpTic_000191/images/000014.jpg",
      "accident_id": 0,
      "accident_name": "normal",
      "objects": []
    },
    {
      "frame_id": 15,
      "image_path": "frames/0z7J7rOpTic_000191/images/000015.jpg",
      "accident_id": 0,
      "accident_name": "normal",
      "objects": []
    },
    {
      "frame_id": 16,
      "image_path": "frames/0z7J7rOpTic_000191/images/000016.jpg",
      "accident_id": 0,
      "accident_name": "normal",
      "objects": []
    },
    {
      "frame_id": 17,
      "image_path": "frames/0z7J7rOpTic_000191/images/000017.jpg",
      "accident_id": 0,
      "accident_name": "normal",
      "objects": []
    },
    {
      "frame_id": 18,
      "image_path": "frames/0z7J7rOpTic_000191/images/000018.jpg",
      "accident_id": 0,
      "accident_name": "normal",
      "objects": []
    },
    {
      "frame_id": 19,
      "image_path": "frames/0z7J7rOpTic_000191/images/000019.jpg",
      "accident_id": 0,
      "accident_name": "normal",
      "objects": []
    },
    {
      "frame_id": 20,
      "image_path": "frames/0z7J7rOpTic_000191/images/000020.jpg",
      "accident_id": 0,
      "accident_name": "normal",
      "objects": []
    },
    {
      "frame_id": 21,
      "image_path": "frames/0z7J7rOpTic_000191/images/000021.jpg",
      "accident_id": 0,
      "accident_name": "normal",
      "objects": []
    },
    {
      "frame_id": 22,
      "image_path": "frames/0z7J7rOpTic_000191/images/000022.jpg",
      "accident_id": 0,
      "accident_name": "normal",
      "objects": []
    },
    {
      "frame_id": 23,
      "image_path": "frames/0z7J7rOpTic_000191/images/000023.jpg",
      "accident_id": 0,
      "accident_name": "normal",
      "objects": []
    },
    {
      "frame_id": 24,
      "image_path": "frames/0z7J7rOpTic_000191/images/000024.jpg",
      "accident_id": 0,
      "accident_name": "normal",
      "objects": []
    },
    {
      "frame_id": 25,
      "image_path": "frames/0z7J7rOpTic_000191/images/000025.jpg",
      "accident_id": 0,
      "accident_name": "normal",
      "objects": []
    },
    {
      "frame_id": 26,
      "image_path": "frames/0z7J7rOpTic_000191/images/000026.jpg",
      "accident_id": 0,
      "accident_name": "normal",
      "objects": []
    },
    {
      "frame_id": 27,
      "image_path": "frames/0z7J7rOpTic_000191/images/000027.jpg",
      "accident_id": 0,
      "accident_name": "normal",
      "objects": []
    },
    {
      "frame_id": 28,
      "image_path": "frames/0z7J7rOpTic_000191/images/000028.jpg",
      "accident_id": 0,
      "accident_name": "normal",
      "objects": []
    },
    {
      "frame_id": 29,
      "image_path": "frames/0z7J7rOpTic_000191/images/000029.jpg",
      "accident_id": 0,
      "accident_name": "normal",
      "objects": []
    },
    {
      "frame_id": 30,
      "image_path": "frames/0z7J7rOpTic_000191/images/000030.jpg",
      "accident_id": 0,
      "accident_name": "normal",
      "objects": []
    },
    {
      "frame_id": 31,
      "image_path": "frames/0z7J7rOpTic_000191/images/000031.jpg",
      "accident_id": 0,
      "accident_name": "normal",
      "objects": []
    },
    {
      "frame_id": 32,
      "image_path": "frames/0z7J7rOpTic_000191/images/000032.jpg",
      "accident_id": 0,
      "accident_name": "normal",
      "objects": []
    },
    {
      "frame_id": 33,
      "image_path": "frames/0z7J7rOpTic_000191/images/000033.jpg",
      "accident_id": 0,
      "accident_name": "normal",
      "objects": []
    },
    {
      "frame_id": 34,
      "image_path": "frames/0z7J7rOpTic_000191/images/000034.jpg",
      "accident_id": 0,
      "accident_name": "normal",
      "objects": []
    },
    {
      "frame_id": 35,
      "image_path": "frames/0z7J7rOpTic_000191/images/000035.jpg",
      "accident_id": 0,
      "accident_name": "normal",
      "objects": []
    },
    {
      "frame_id": 36,
      "image_path": "frames/0z7J7rOpTic_000191/images/000036.jpg",
      "accident_id": 0,
      "accident_name": "normal",
      "objects": []
    },
    {
      "frame_id": 37,
      "image_path": "frames/0z7J7rOpTic_000191/images/000037.jpg",
      "accident_id": 5,
      "accident_name": "turning",
      "objects": [
        {
          "obj_track_id": 37,
          "bbox": [
            206.24447717231223,
            500.500736377025,
            440.58910162002945,
            644.7128129602356
          ],
          "category": "car",
          "category ID": 3,
          "trunc": false
        },
        {
          "obj_track_id": 103,
          "bbox": [
            602.8276877761414,
            451.72312223858614,
            940.0294550810015,
            558.8217967599411
          ],
          "category": "bus",
          "category ID": 4,
          "trunc": false
        }
      ]
    },
    {
      "frame_id": 38,
      "image_path": "frames/0z7J7rOpTic_000191/images/000038.jpg",
      "accident_id": 5,
      "accident_name": "turning",
      "objects": [
        {
          "obj_track_id": 37,
          "bbox": [
            303.79970544919,
            501.5611192930781,
            476.6421207658321,
            619.2636229749631
          ],
          "category": "car",
          "category ID": 3,
          "trunc": false
        },
        {
          "obj_track_id": 103,
          "bbox": [
            587.4521354933727,
            450.6627393225331,
            932.076583210604,
            559.3519882179676
          ],
          "category": "bus",
          "category ID": 4,
          "trunc": false
        }
      ]
    },
    {
      "frame_id": 39,
      "image_path": "frames/0z7J7rOpTic_000191/images/000039.jpg",
      "accident_id": 5,
      "accident_name": "turning",
      "objects": [
        {
          "obj_track_id": 103,
          "bbox": [
            572.0765832106039,
            449.6023564064801,
            924.1237113402062,
            559.8821796759942
          ],
          "category": "bus",
          "category ID": 4,
          "trunc": false
        },
        {
          "obj_track_id": 37,
          "bbox": [
            369.5434462444772,
            501.03092783505156,
            497.8497790868925,
            599.1163475699558
          ],
          "category": "car",
          "category ID": 3,
          "trunc": false
        }
      ]
    },
    {
      "frame_id": 40,
      "image_path": "frames/0z7J7rOpTic_000191/images/000040.jpg",
      "accident_id": 5,
      "accident_name": "turning",
      "objects": [
        {
          "obj_track_id": 37,
          "bbox": [
            413.01914580265094,
            501.2960235640648,
            515.8762886597938,
            584.2709867452136
          ],
          "category": "car",
          "category ID": 3,
          "trunc": false
        },
        {
          "obj_track_id": 103,
          "bbox": [
            555.6406480117821,
            449.6023564064801,
            895.4933726067746,
            561.4727540500737
          ],
          "category": "bus",
          "category ID": 4,
          "trunc": false
        }
      ]
    },
    {
      "frame_id": 41,
      "image_path": "frames/0z7J7rOpTic_000191/images/000041.jpg",
      "accident_id": 5,
      "accident_name": "turning",
      "objects": [
        {
          "obj_track_id": 37,
          "bbox": [
            442.70986745213554,
            501.56111929307804,
            526.480117820324,
            574.7275405007364
          ],
          "category": "car",
          "category ID": 3,
          "trunc": false
        },
        {
          "obj_track_id": 103,
          "bbox": [
            542.3858615611193,
            447.481590574374,
            897.6141384388807,
            560.9425625920471
          ],
          "category": "bus",
          "category ID": 4,
          "trunc": false
        }
      ]
    },
    {
      "frame_id": 42,
      "image_path": "frames/0z7J7rOpTic_000191/images/000042.jpg",
      "accident_id": 5,
      "accident_name": "turning",
      "objects": [
        {
          "obj_track_id": 37,
          "bbox": [
            463.9175257731959,
            503.6818851251841,
            528.6008836524301,
            564.1237113402062
          ],
          "category": "car",
          "category ID": 3,
          "trunc": false
        },
        {
          "obj_track_id": 103,
          "bbox": [
            530.7216494845361,
            447.481590574374,
            897.6141384388807,
            560.9425625920471
          ],
          "category": "bus",
          "category ID": 4,
          "trunc": false
        }
      ]
    },
    {
      "frame_id": 43,
      "image_path": "frames/0z7J7rOpTic_000191/images/000043.jpg",
      "accident_id": 5,
      "accident_name": "turning",
      "objects": [
        {
          "obj_track_id": 37,
          "bbox": [
            461.7967599410898,
            504.21207658321066,
            522.2385861561119,
            558.2916053019146
          ],
          "category": "car",
          "category ID": 3,
          "trunc": false
        },
        {
          "obj_track_id": 103,
          "bbox": [
            521.1782032400589,
            447.481590574374,
            891.2518409425626,
            560.9425625920471
          ],
          "category": "bus",
          "category ID": 4,
          "trunc": false
        }
      ]
    },
    {
      "frame_id": 44,
      "image_path": "frames/0z7J7rOpTic_000191/images/000044.jpg",
      "accident_id": 5,
      "accident_name": "turning",
      "objects": [
        {
          "obj_track_id": 37,
          "bbox": [
            459.6759941089838,
            504.74226804123714,
            515.8762886597938,
            552.459499263623
          ],
          "category": "car",
          "category ID": 3,
          "trunc": false
        },
        {
          "obj_track_id": 103,
          "bbox": [
            514.2449548057455,
            447.481590574374,
            886.6809736961243,
            561.319277158555
          ],
          "category": "bus",
          "category ID": 4,
          "trunc": false
        }
      ]
    },
    {
      "frame_id": 45,
      "image_path": "frames/0z7J7rOpTic_000191/images/000045.jpg",
      "accident_id": 5,
      "accident_name": "turning",
      "objects": [
        {
          "obj_track_id": 37,
          "bbox": [
            459.6759941089838,
            504.74226804123714,
            507.39322533136965,
            546.6273932253314
          ],
          "category": "car",
          "category ID": 3,
          "trunc": false
        },
        {
          "obj_track_id": 103,
          "bbox": [
            507.311706371432,
            447.481590574374,
            882.1101064496861,
            561.6959917250629
          ],
          "category": "bus",
          "category ID": 4,
          "trunc": false
        }
      ]
    },
    {
      "frame_id": 46,
      "image_path": "frames/0z7J7rOpTic_000191/images/000046.jpg",
      "accident_id": 5,
      "accident_name": "turning",
      "objects": [
        {
          "obj_track_id": 37,
          "bbox": [
            459.6759941089838,
            504.74226804123714,
            498.9101620029455,
            540.7952871870398
          ],
          "category": "car",
          "category ID": 3,
          "trunc": false
        },
        {
          "obj_track_id": 103,
          "bbox": [
            500.3784579371186,
            447.481590574374,
            877.5392392032479,
            562.0727062915709
          ],
          "category": "bus",
          "category ID": 4,
          "trunc": false
        }
      ]
    },
    {
      "frame_id": 47,
      "image_path": "frames/0z7J7rOpTic_000191/images/000047.jpg",
      "accident_id": 5,
      "accident_name": "turning",
      "objects": [
        {
          "obj_track_id": 37,
          "bbox": [
            462.8571428571429,
            503.6818851251841,
            490.42709867452135,
            537.6141384388807
          ],
          "category": "car",
          "category ID": 3,
          "trunc": false
        },
        {
          "obj_track_id": 103,
          "bbox": [
            493.44520950280514,
            447.481590574374,
            872.9683719568096,
            562.4494208580787
          ],
          "category": "bus",
          "category ID": 4,
          "trunc": false
        }
      ]
    },
    {
      "frame_id": 48,
      "image_path": "frames/0z7J7rOpTic_000191/images/000048.jpg",
      "accident_id": 5,
      "accident_name": "turning",
      "objects": [
        {
          "obj_track_id": 37,
          "bbox": [
            468.0878667855483,
            503.6818851251841,
            490.42709867452135,
            531.326227596311
          ],
          "category": "car",
          "category ID": 3,
          "trunc": false
        },
        {
          "obj_track_id": 103,
          "bbox": [
            491.647256107205,
            447.481590574374,
            871.6974049012991,
            563.5653919312098
          ],
          "category": "bus",
          "category ID": 4,
          "trunc": false
        }
      ]
    },
    {
      "frame_id": 49,
      "image_path": "frames/0z7J7rOpTic_000191/images/000049.jpg",
      "accident_id": 5,
      "accident_name": "turning",
      "objects": [
        {
          "obj_track_id": 103,
          "bbox": [
            491.647256107205,
            447.481590574374,
            871.6974049012991,
            563.5653919312098
          ],
          "category": "bus",
          "category ID": 4,
          "trunc": false
        }
      ]
    },
    {
      "frame_id": 50,
      "image_path": "frames/0z7J7rOpTic_000191/images/000050.jpg",
      "accident_id": 0,
      "accident_name": "normal",
      "objects": []
    },
    {
      "frame_id": 51,
      "image_path": "frames/0z7J7rOpTic_000191/images/000051.jpg",
      "accident_id": 0,
      "accident_name": "normal",
      "objects": []
    },
    {
      "frame_id": 52,
      "image_path": "frames/0z7J7rOpTic_000191/images/000052.jpg",
      "accident_id": 0,
      "accident_name": "normal",
      "objects": []
    },
    {
      "frame_id": 53,
      "image_path": "frames/0z7J7rOpTic_000191/images/000053.jpg",
      "accident_id": 0,
      "accident_name": "normal",
      "objects": []
    },
    {
      "frame_id": 54,
      "image_path": "frames/0z7J7rOpTic_000191/images/000054.jpg",
      "accident_id": 0,
      "accident_name": "normal",
      "objects": []
    },
    {
      "frame_id": 55,
      "image_path": "frames/0z7J7rOpTic_000191/images/000055.jpg",
      "accident_id": 0,
      "accident_name": "normal",
      "objects": []
    },
    {
      "frame_id": 56,
      "image_path": "frames/0z7J7rOpTic_000191/images/000056.jpg",
      "accident_id": 0,
      "accident_name": "normal",
      "objects": []
    },
    {
      "frame_id": 57,
      "image_path": "frames/0z7J7rOpTic_000191/images/000057.jpg",
      "accident_id": 0,
      "accident_name": "normal",
      "objects": []
    },
    {
      "frame_id": 58,
      "image_path": "frames/0z7J7rOpTic_000191/images/000058.jpg",
      "accident_id": 0,
      "accident_name": "normal",
      "objects": []
    },
    {
      "frame_id": 59,
      "image_path": "frames/0z7J7rOpTic_000191/images/000059.jpg",
      "accident_id": 0,
      "accident_name": "normal",
      "objects": []
    },
    {
      "frame_id": 60,
      "image_path": "frames/0z7J7rOpTic_000191/images/000060.jpg",
      "accident_id": 0,
      "accident_name": "normal",
      "objects": []
    },
    {
      "frame_id": 61,
      "image_path": "frames/0z7J7rOpTic_000191/images/000061.jpg",
      "accident_id": 0,
      "accident_name": "normal",
      "objects": []
    },
    {
      "frame_id": 62,
      "image_path": "frames/0z7J7rOpTic_000191/images/000062.jpg",
      "accident_id": 0,
      "accident_name": "normal",
      "objects": []
    },
    {
      "frame_id": 63,
      "image_path": "frames/0z7J7rOpTic_000191/images/000063.jpg",
      "accident_id": 0,
      "accident_name": "normal",
      "objects": []
    },
    {
      "frame_id": 64,
      "image_path": "frames/0z7J7rOpTic_000191/images/000064.jpg",
      "accident_id": 0,
      "accident_name": "normal",
      "objects": []
    },
    {
      "frame_id": 65,
      "image_path": "frames/0z7J7rOpTic_000191/images/000065.jpg",
      "accident_id": 0,
      "accident_name": "normal",
      "objects": []
    },
    {
      "frame_id": 66,
      "image_path": "frames/0z7J7rOpTic_000191/images/000066.jpg",
      "accident_id": 0,
      "accident_name": "normal",
      "objects": []
    },
    {
      "frame_id": 67,
      "image_path": "frames/0z7J7rOpTic_000191/images/000067.jpg",
      "accident_id": 0,
      "accident_name": "normal",
      "objects": []
    },
    {
      "frame_id": 68,
      "image_path": "frames/0z7J7rOpTic_000191/images/000068.jpg",
      "accident_id": 0,
      "accident_name": "normal",
      "objects": []
    }
  ]
}