{
  "video_name": "1u69z-wsDIc_001575",
  "channel": "CarCrashesTime",
  "num_frames": 109,
  "ignore": false,
  "ego_involve": false,
  "night": false,
  "anomaly_start": 39,
  "anomaly_end": 82,
  "video_start": 1575,
  "video_end": 1683,
  "accident_id": "9",
  "accident_name": "leave_to_left",
  "labels": [
    {
      "frame_id": 0,
      "image_path": "frames/1u69z-wsDIc_001575/images/000000.jpg",
      "accident_id": 0,
      "accident_name": "normal",
      "objects": []
    },
    {
      "frame_id": 1,
      "image_path": "frames/1u69z-wsDIc_001575/images/000001.jpg",
      "accident_id": 0,
      "accident_name": "normal",
      "objects": []
    },
    {
      "frame_id": 2,
      "image_path": "frames/1u69z-wsDIc_001575/images/000002.jpg",
      "accident_id": 0,
      "accident_name": "normal",
      "objects": []
    },
    {
      "frame_id": 3,
      "image_path": "frames/1u69z-wsDIc_001575/images/000003.jpg",
      "accident_id": 0,
      "accident_name": "normal",
      "objects": []
    },
    {
      "frame_id": 4,
      "image_path": "frames/1u69z-wsDIc_001575/images/000004.jpg",
      "accident_id": 0,
      "accident_name": "normal",
      "objects": []
    },
    {
      "frame_id": 5,
      "image_path": "frames/1u69z-wsDIc_001575/images/000005.jpg",
      "accident_id": 0,
      "accident_name": "normal",
      "objects": []
    },
    {
      "frame_id": 6,
      "image_path": "frames/1u69z-wsDIc_001575/images/000006.jpg",
      "accident_id": 0,
      "accident_name": "normal",
      "objects": []
    },
    {
      "frame_id": 7,
      "image_path": "frames/1u69z-wsDIc_001575/images/000007.jpg",
      "accident_id": 0,
      "accident_name": "normal",
      "objects": []
    },
    {
      "frame_id": 8,
      "image_path": "frames/1u69z-wsDIc_001575/images/000008.jpg",
      "accident_id": 0,
      "accident_name": "normal",
      "objects": []
    },
    {
      "frame_id": 9,
      "image_path": "frames/1u69z-wsDIc_001575/images/000009.jpg",
      "accident_id": 0,
      "accident_name": "normal",
      "objects": []
    },
    {
      "frame_id": 10,
      "image_path": "frames/1u69z-wsDIc_001575/images/000010.jpg",
      "accident_id": 0,
      "accident_name": "normal",
      "objects": []
    },
    {
      "frame_id": 11,
      "image_path": "frames/1u69z-wsDIc_001575/images/000011.jpg",
      "accident_id": 0,
      "accident_name": "normal",
      "objects": []
    },
    {
      "frame_id": 12,
      "image_path": "frames/1u69z-wsDIc_001575/images/000012.jpg",
      "accident_id": 0,
      "accident_name": "normal",
      "objects": []
    },
    {
      "frame_id": 13,
      "image_path": "frames/1u69z-wsDIc_001575/images/000013.jpg",
      "accident_id": 0,
      "accident_name": "normal",
      "objects": []
    },
    {
      "frame_id": 14,
      "image_path": "frames/1u69z-wsDIc_001575/images/000014.jpg",
      "accident_id": 0,
      "accident_name": "normal",
      "objects": []
    },
    {
      "frame_id": 15,
      "image_path": "frames/1u69z-wsDIc_001575/images/000015.jpg",
      "accident_id": 0,
      "accident_name": "normal",
      "objects": []
    },
    {
      "frame_id": 16,
      "image_path": "frames/1u69z-wsDIc_001575/images/000016.jpg",
      "accident_id": 0,
      "accident_name": "normal",
      "objects": []
    },
    {
      "frame_id": 17,
      "image_path": "frames/1u69z-wsDIc_001575/images/000017.jpg",
      "accident_id": 0,
      "accident_name": "normal",
      "objects": []
    },
    {
      "frame_id": 18,
      "image_path": "frames/1u69z-wsDIc_001575/images/000018.jpg",
      "accident_id": 0,
      "accident_name": "normal",
      "objects": []
    },
    {
      "frame_id": 19,
      "image_path": "frames/1u69z-wsDIc_001575/images/000019.jpg",
      "accident_id": 0,
      "accident_name": "normal",
      "objects": []
    },
    {
      "frame_id": 20,
      "image_path": "frames/1u69z-wsDIc_001575/images/000020.jpg",
      "accident_id": 0,
      "accident_name": "normal",
      "objects": []
    },
    {
      "frame_id": 21,
      "image_path": "frames/1u69z-wsDIc_001575/images/000021.jpg",
      "accident_id": 0,
      "accident_name": "normal",
      "objects": []
    },
    {
      "frame_id": 22,
      "image_path": "frames/1u69z-wsDIc_001575/images/000022.jpg",
      "accident_id": 0,
      "accident_name": "normal",
      "objects": []
    },
    {
      "frame_id": 23,
      "image_path": "frames/1u69z-wsDIc_001575/images/000023.jpg",
      "accident_id": 0,
      "accident_name": "normal",
      "objects": []
    },
    {
      "frame_id": 24,
      "image_path": "frames/1u69z-wsDIc_001575/images/000024.jpg",
      "accident_id": 0,
      "accident_name": "normal",
      "objects": []
    },
    {
      "frame_id": 25,
      "image_path": "frames/1u69z-wsDIc_001575/images/000025.jpg",
      "accident_id": 0,
      "accident_name": "normal",
      "objects": []
    },
    {
      "frame_id": 26,
      "image_path": "frames/1u69z-wsDIc_001575/images/000026.jpg",
      "accident_id": 0,
      "accident_name": "normal",
      "objects": []
    },
    {
      "frame_id": 27,
      "image_path": "frames/1u69z-wsDIc_001575/images/000027.jpg",
      "accident_id": 0,
      "accident_name": "normal",
      "objects": []
    },
    {
      "frame_id": 28,
      "image_path": "frames/1u69z-wsDIc_001575/images/000028.jpg",
      "accident_id": 0,
      "accident_name": "normal",
      "objects": []
    },
    {
      "frame_id": 29,
      "image_path": "frames/1u69z-wsDIc_001575/images/000029.jpg",
      "accident_id": 0,
      "accident_name": "normal",
      "objects": []
    },
    {
      "frame_id": 30,
      "image_path": "frames/1u69z-wsDIc_001575/images/000030.jpg",
      "accident_id": 0,
      "accident_name": "normal",
      "objects": []
    },
    {
      "frame_id": 31,
      "image_path": "frames/1u69z-wsDIc_001575/images/000031.jpg",
      "accident_id": 0,
      "accident_name": "normal",
      "objects": []
    },
    {
      "frame_id": 32,
      "image_path": "frames/1u69z-wsDIc_001575/images/000032.jpg",
      "accident_id": 0,
      "accident_name": "normal",
      "objects": []
    },
    {
      "frame_id": 33,
      "image_path": "frames/1u69z-wsDIc_001575/images/000033.jpg",
      "accident_id": 0,
      "accident_name": "normal",
      "objects": []
    },
    {
      "frame_id": 34,
      "image_path": "frames/1u69z-wsDIc_001575/images/000034.jpg",
      "accident_id": 0,
      "accident_name": "normal",
      "objects": []
    },
    {
      "frame_id": 35,
      "image_path": "frames/1u69z-wsDIc_001575/images/000035.jpg",
      "accident_id": 0,
      "accident_name": "normal",
      "objects": []
    },
    {
      "frame_id": 36,
      "image_path": "frames/1u69z-wsDIc_001575/images/000036.jpg",
      "accident_id": 0,
      "accident_name": "normal",
      "objects": []
    },
    {
      "frame_id": 37,
      "image_path": "frames/1u69z-wsDIc_001575/images/000037.jpg",
      "accident_id": 0,
      "accident_name": "normal",
      "objects": []
    },
    {
      "frame_id": 38,
      "image_path": "frames/1u69z-wsDIc_001575/images/000038.jpg",
      "accident_id": 0,
      "accident_name": "normal",
      "objects": []
    },
    {
      "frame_id": 39,
      "image_path": "frames/1u69z-wsDIc_001575/images/000039.jpg",
      "accident_id": 9,
      "accident_name": "leave_to_left",
      "objects": [
        {
          "obj_track_id": 0,
          "bbox": [
            442.13961922030825,
            308.105167724388,
            652.1849501359927,
            476.37352674524027
          ],
          "category": "car",
          "category ID": 3,
          "trunc": false
        }
      ]
    },
    {
      "frame_id": 40,
      "image_path": "frames/1u69z-wsDIc_001575/images/000040.jpg",
      "accident_id": 9,
      "accident_name": "leave_to_left",
      "objects": [
        {
          "obj_track_id": 0,
          "bbox": [
            427.0534904805077,
            301.1423390752493,
            641.7407071622847,
            470.57116953762466
          ],
          "category": "car",
          "category ID": 3,
          "trunc": false
        }
      ]
    },
    {
      "frame_id": 41,
      "image_path": "frames/1u69z-wsDIc_001575/images/000041.jpg",
      "accident_id": 9,
      "accident_name": "leave_to_left",
      "objects": [
        {
          "obj_track_id": 0,
          "bbox": [
            420.090661831369,
            296.50045330915685,
            645.222121486854,
            462.44786944696284
          ],
          "category": "car",
          "category ID": 3,
          "trunc": false
        }
      ]
    },
    {
      "frame_id": 42,
      "image_path": "frames/1u69z-wsDIc_001575/images/000042.jpg",
      "accident_id": 9,
      "accident_name": "leave_to_left",
      "objects": [
        {
          "obj_track_id": 0,
          "bbox": [
            418.9301903898459,
            302.30281051677247,
            649.8640072529465,
            458.9664551223935
          ],
          "category": "car",
          "category ID": 3,
          "trunc": false
        }
      ]
    },
    {
      "frame_id": 43,
      "image_path": "frames/1u69z-wsDIc_001575/images/000043.jpg",
      "accident_id": 9,
      "accident_name": "leave_to_left",
      "objects": [
        {
          "obj_track_id": 0,
          "bbox": [
            420.090661831369,
            302.30281051677247,
            655.6663644605621,
            458.9664551223935
          ],
          "category": "car",
          "category ID": 3,
          "trunc": false
        }
      ]
    },
    {
      "frame_id": 44,
      "image_path": "frames/1u69z-wsDIc_001575/images/000044.jpg",
      "accident_id": 9,
      "accident_name": "leave_to_left",
      "objects": [
        {
          "obj_track_id": 0,
          "bbox": [
            431.6953762466002,
            298.8213961922031,
            666.1106074342702,
            448.5222121486854
          ],
          "category": "car",
          "category ID": 3,
          "trunc": false
        }
      ]
    },
    {
      "frame_id": 45,
      "image_path": "frames/1u69z-wsDIc_001575/images/000045.jpg",
      "accident_id": 9,
      "accident_name": "leave_to_left",
      "objects": [
        {
          "obj_track_id": 0,
          "bbox": [
            446.78150498640076,
            297.66092475067995,
            678.8757932910245,
            446.20126926563916
          ],
          "category": "car",
          "category ID": 3,
          "trunc": false
        }
      ]
    },
    {
      "frame_id": 46,
      "image_path": "frames/1u69z-wsDIc_001575/images/000046.jpg",
      "accident_id": 9,
      "accident_name": "leave_to_left",
      "objects": [
        {
          "obj_track_id": 0,
          "bbox": [
            464.1885766092475,
            296.50045330915685,
            688.1595648232094,
            441.5593834995467
          ],
          "category": "car",
          "category ID": 3,
          "trunc": false
        }
      ]
    },
    {
      "frame_id": 47,
      "image_path": "frames/1u69z-wsDIc_001575/images/000047.jpg",
      "accident_id": 9,
      "accident_name": "leave_to_left",
      "objects": [
        {
          "obj_track_id": 0,
          "bbox": [
            496.68177697189486,
            298.8213961922031,
            692.8014505893019,
            439.23844061650044
          ],
          "category": "car",
          "category ID": 3,
          "trunc": false
        }
      ]
    },
    {
      "frame_id": 48,
      "image_path": "frames/1u69z-wsDIc_001575/images/000048.jpg",
      "accident_id": 9,
      "accident_name": "leave_to_left",
      "objects": [
        {
          "obj_track_id": 0,
          "bbox": [
            522.2121486854035,
            303.46328195829557,
            696.2828649138713,
            438.07796917497734
          ],
          "category": "car",
          "category ID": 3,
          "trunc": false
        }
      ]
    },
    {
      "frame_id": 49,
      "image_path": "frames/1u69z-wsDIc_001575/images/000049.jpg",
      "accident_id": 9,
      "accident_name": "leave_to_left",
      "objects": [
        {
          "obj_track_id": 0,
          "bbox": [
            560.5077062556663,
            304.62375339981867,
            728.7760652765186,
            438.07796917497734
          ],
          "category": "car",
          "category ID": 3,
          "trunc": false
        }
      ]
    },
    {
      "frame_id": 50,
      "image_path": "frames/1u69z-wsDIc_001575/images/000050.jpg",
      "accident_id": 9,
      "accident_name": "leave_to_left",
      "objects": [
        {
          "obj_track_id": 0,
          "bbox": [
            555.8658204895739,
            308.105167724388,
            755.4669084315503,
            439.23844061650044
          ],
          "category": "car",
          "category ID": 3,
          "trunc": false
        }
      ]
    },
    {
      "frame_id": 51,
      "image_path": "frames/1u69z-wsDIc_001575/images/000051.jpg",
      "accident_id": 9,
      "accident_name": "leave_to_left",
      "objects": [
        {
          "obj_track_id": 0,
          "bbox": [
            546.5820489573889,
            310.4261106074343,
            772.8739800543971,
            436.91749773345424
          ],
          "category": "car",
          "category ID": 3,
          "trunc": false
        }
      ]
    },
    {
      "frame_id": 52,
      "image_path": "frames/1u69z-wsDIc_001575/images/000052.jpg",
      "accident_id": 9,
      "accident_name": "leave_to_left",
      "objects": [
        {
          "obj_track_id": 0,
          "bbox": [
            530.3354487760653,
            309.2656391659112,
            780.997280145059,
            433.4360834088849
          ],
          "category": "car",
          "category ID": 3,
          "trunc": false
        }
      ]
    },
    {
      "frame_id": 53,
      "image_path": "frames/1u69z-wsDIc_001575/images/000053.jpg",
      "accident_id": 9,
      "accident_name": "leave_to_left",
      "objects": [
        {
          "obj_track_id": 0,
          "bbox": [
            514.0888485947416,
            310.4261106074343,
            782.1577515865821,
            429.9546690843155
          ],
          "category": "car",
          "category ID": 3,
          "trunc": false
        }
      ]
    },
    {
      "frame_id": 54,
      "image_path": "frames/1u69z-wsDIc_001575/images/000054.jpg",
      "accident_id": 9,
      "accident_name": "leave_to_left",
      "objects": [
        {
          "obj_track_id": 0,
          "bbox": [
            479.2747053490481,
            309.2656391659112,
            769.3925657298278,
            424.1523118766999
          ],
          "category": "car",
          "category ID": 3,
          "trunc": false
        }
      ]
    },
    {
      "frame_id": 55,
      "image_path": "frames/1u69z-wsDIc_001575/images/000055.jpg",
      "accident_id": 9,
      "accident_name": "leave_to_left",
      "objects": [
        {
          "obj_track_id": 0,
          "bbox": [
            451.4233907524932,
            306.9446962828649,
            754.3064369900272,
            417.1894832275612
          ],
          "category": "car",
          "category ID": 3,
          "trunc": false
        }
      ]
    },
    {
      "frame_id": 56,
      "image_path": "frames/1u69z-wsDIc_001575/images/000056.jpg",
      "accident_id": 9,
      "accident_name": "leave_to_left",
      "objects": [
        {
          "obj_track_id": 0,
          "bbox": [
            428.2139619220308,
            304.62375339981867,
            740.3807796917498,
            413.70806890299184
          ],
          "category": "car",
          "category ID": 3,
          "trunc": false
        }
      ]
    },
    {
      "frame_id": 57,
      "image_path": "frames/1u69z-wsDIc_001575/images/000057.jpg",
      "accident_id": 9,
      "accident_name": "leave_to_left",
      "objects": [
        {
          "obj_track_id": 0,
          "bbox": [
            411.9673617407072,
            302.30281051677247,
            726.4551223934724,
            405.58476881233
          ],
          "category": "car",
          "category ID": 3,
          "trunc": false
        }
      ]
    },
    {
      "frame_id": 58,
      "image_path": "frames/1u69z-wsDIc_001575/images/000058.jpg",
      "accident_id": 9,
      "accident_name": "leave_to_left",
      "objects": [
        {
          "obj_track_id": 0,
          "bbox": [
            401.5231187669991,
            299.9818676337262,
            717.1713508612875,
            406.7452402538531
          ],
          "category": "car",
          "category ID": 3,
          "trunc": false
        }
      ]
    },
    {
      "frame_id": 59,
      "image_path": "frames/1u69z-wsDIc_001575/images/000059.jpg",
      "accident_id": 9,
      "accident_name": "leave_to_left",
      "objects": [
        {
          "obj_track_id": 0,
          "bbox": [
            384.11604714415233,
            303.46328195829557,
            697.4433363553944,
            409.0661831368994
          ],
          "category": "car",
          "category ID": 3,
          "trunc": false
        }
      ]
    },
    {
      "frame_id": 60,
      "image_path": "frames/1u69z-wsDIc_001575/images/000060.jpg",
      "accident_id": 9,
      "accident_name": "leave_to_left",
      "objects": [
        {
          "obj_track_id": 0,
          "bbox": [
            370.1903898458749,
            302.30281051677247,
            678.8757932910245,
            406.7452402538531
          ],
          "category": "car",
          "category ID": 3,
          "trunc": false
        }
      ]
    },
    {
      "frame_id": 61,
      "image_path": "frames/1u69z-wsDIc_001575/images/000061.jpg",
      "accident_id": 9,
      "accident_name": "leave_to_left",
      "objects": [
        {
          "obj_track_id": 0,
          "bbox": [
            357.4252039891206,
            305.7842248413418,
            663.789664551224,
            410.2266545784225
          ],
          "category": "car",
          "category ID": 3,
          "trunc": false
        }
      ]
    },
    {
      "frame_id": 62,
      "image_path": "frames/1u69z-wsDIc_001575/images/000062.jpg",
      "accident_id": 9,
      "accident_name": "leave_to_left",
      "objects": [
        {
          "obj_track_id": 0,
          "bbox": [
            346.9809610154125,
            308.105167724388,
            641.7407071622847,
            413.70806890299184
          ],
          "category": "car",
          "category ID": 3,
          "trunc": false
        }
      ]
    },
    {
      "frame_id": 63,
      "image_path": "frames/1u69z-wsDIc_001575/images/000063.jpg",
      "accident_id": 9,
      "accident_name": "leave_to_left",
      "objects": [
        {
          "obj_track_id": 0,
          "bbox": [
            335.37624660018133,
            308.105167724388,
            611.5684496826836,
            407.9057116953763
          ],
          "category": "car",
          "category ID": 3,
          "trunc": false
        }
      ]
    },
    {
      "frame_id": 64,
      "image_path": "frames/1u69z-wsDIc_001575/images/000064.jpg",
      "accident_id": 9,
      "accident_name": "leave_to_left",
      "objects": [
        {
          "obj_track_id": 0,
          "bbox": [
            334.21577515865823,
            303.46328195829557,
            591.8404351767906,
            406.7452402538531
          ],
          "category": "car",
          "category ID": 3,
          "trunc": false
        }
      ]
    },
    {
      "frame_id": 65,
      "image_path": "frames/1u69z-wsDIc_001575/images/000065.jpg",
      "accident_id": 9,
      "accident_name": "leave_to_left",
      "objects": [
        {
          "obj_track_id": 0,
          "bbox": [
            335.37624660018133,
            302.30281051677247,
            565.1495920217588,
            404.4242973708069
          ],
          "category": "car",
          "category ID": 3,
          "trunc": false
        }
      ]
    },
    {
      "frame_id": 66,
      "image_path": "frames/1u69z-wsDIc_001575/images/000066.jpg",
      "accident_id": 9,
      "accident_name": "leave_to_left",
      "objects": [
        {
          "obj_track_id": 0,
          "bbox": [
            337.6971894832276,
            305.7842248413418,
            534.9773345421578,
            403.26382592928377
          ],
          "category": "car",
          "category ID": 3,
          "trunc": false
        }
      ]
    },
    {
      "frame_id": 67,
      "image_path": "frames/1u69z-wsDIc_001575/images/000067.jpg",
      "accident_id": 9,
      "accident_name": "leave_to_left",
      "objects": [
        {
          "obj_track_id": 0,
          "bbox": [
            348.14143245693566,
            306.9446962828649,
            503.6446056210336,
            405.58476881233
          ],
          "category": "car",
          "category ID": 3,
          "trunc": false
        }
      ]
    },
    {
      "frame_id": 68,
      "image_path": "frames/1u69z-wsDIc_001575/images/000068.jpg",
      "accident_id": 9,
      "accident_name": "leave_to_left",
      "objects": [
        {
          "obj_track_id": 0,
          "bbox": [
            352.7833182230281,
            310.4261106074343,
            483.91659111514053,
            410.2266545784225
          ],
          "category": "car",
          "category ID": 3,
          "trunc": false
        }
      ]
    },
    {
      "frame_id": 69,
      "image_path": "frames/1u69z-wsDIc_001575/images/000069.jpg",
      "accident_id": 9,
      "accident_name": "leave_to_left",
      "objects": [
        {
          "obj_track_id": 0,
          "bbox": [
            357.4252039891206,
            316.2284678150499,
            485.07706255666363,
            412.54759746146874
          ],
          "category": "car",
          "category ID": 3,
          "trunc": false
        }
      ]
    },
    {
      "frame_id": 70,
      "image_path": "frames/1u69z-wsDIc_001575/images/000070.jpg",
      "accident_id": 9,
      "accident_name": "leave_to_left",
      "objects": [
        {
          "obj_track_id": 0,
          "bbox": [
            345.8204895738894,
            315.06799637352674,
            487.3980054397099,
            412.54759746146874
          ],
          "category": "car",
          "category ID": 3,
          "trunc": false
        }
      ]
    },
    {
      "frame_id": 71,
      "image_path": "frames/1u69z-wsDIc_001575/images/000071.jpg",
      "accident_id": 9,
      "accident_name": "leave_to_left",
      "objects": [
        {
          "obj_track_id": 0,
          "bbox": [
            333.0553037171351,
            312.74705349048054,
            496.68177697189486,
            410.2266545784225
          ],
          "category": "car",
          "category ID": 3,
          "trunc": false
        }
      ]
    },
    {
      "frame_id": 72,
      "image_path": "frames/1u69z-wsDIc_001575/images/000072.jpg",
      "accident_id": 9,
      "accident_name": "leave_to_left",
      "objects": [
        {
          "obj_track_id": 0,
          "bbox": [
            315.6482320942883,
            313.90752493200364,
            501.3236627379873,
            407.9057116953763
          ],
          "category": "car",
          "category ID": 3,
          "trunc": false
        }
      ]
    },
    {
      "frame_id": 73,
      "image_path": "frames/1u69z-wsDIc_001575/images/000073.jpg",
      "accident_id": 9,
      "accident_name": "leave_to_left",
      "objects": [
        {
          "obj_track_id": 0,
          "bbox": [
            315.6482320942883,
            312.74705349048054,
            507.12601994560293,
            411.38712601994564
          ],
          "category": "car",
          "category ID": 3,
          "trunc": false
        }
      ]
    },
    {
      "frame_id": 74,
      "image_path": "frames/1u69z-wsDIc_001575/images/000074.jpg",
      "accident_id": 9,
      "accident_name": "leave_to_left",
      "objects": [
        {
          "obj_track_id": 0,
          "bbox": [
            317.96917497733455,
            311.5865820489574,
            509.44696282864913,
            406.7452402538531
          ],
          "category": "car",
          "category ID": 3,
          "trunc": false
        }
      ]
    },
    {
      "frame_id": 75,
      "image_path": "frames/1u69z-wsDIc_001575/images/000075.jpg",
      "accident_id": 9,
      "accident_name": "leave_to_left",
      "objects": [
        {
          "obj_track_id": 0,
          "bbox": [
            322.611060743427,
            312.74705349048054,
            509.44696282864913,
            405.58476881233
          ],
          "category": "car",
          "category ID": 3,
          "trunc": false
        }
      ]
    },
    {
      "frame_id": 76,
      "image_path": "frames/1u69z-wsDIc_001575/images/000076.jpg",
      "accident_id": 9,
      "accident_name": "leave_to_left",
      "objects": [
        {
          "obj_track_id": 0,
          "bbox": [
            324.93200362647326,
            315.06799637352674,
            508.28649138712603,
            405.58476881233
          ],
          "category": "car",
          "category ID": 3,
          "trunc": false
        }
      ]
    },
    {
      "frame_id": 77,
      "image_path": "frames/1u69z-wsDIc_001575/images/000077.jpg",
      "accident_id": 9,
      "accident_name": "leave_to_left",
      "objects": [
        {
          "obj_track_id": 0,
          "bbox": [
            324.93200362647326,
            313.90752493200364,
            508.28649138712603,
            403.26382592928377
          ],
          "category": "car",
          "category ID": 3,
          "trunc": false
        }
      ]
    },
    {
      "frame_id": 78,
      "image_path": "frames/1u69z-wsDIc_001575/images/000078.jpg",
      "accident_id": 9,
      "accident_name": "leave_to_left",
      "objects": [
        {
          "obj_track_id": 0,
          "bbox": [
            329.5738893925657,
            313.90752493200364,
            505.9655485040798,
            402.10335448776067
          ],
          "category": "car",
          "category ID": 3,
          "trunc": false
        }
      ]
    },
    {
      "frame_id": 79,
      "image_path": "frames/1u69z-wsDIc_001575/images/000079.jpg",
      "accident_id": 9,
      "accident_name": "leave_to_left",
      "objects": [
        {
          "obj_track_id": 0,
          "bbox": [
            328.4134179510426,
            312.74705349048054,
            503.6446056210336,
            402.10335448776067
          ],
          "category": "car",
          "category ID": 3,
          "trunc": false
        }
      ]
    },
    {
      "frame_id": 80,
      "image_path": "frames/1u69z-wsDIc_001575/images/000080.jpg",
      "accident_id": 9,
      "accident_name": "leave_to_left",
      "objects": [
        {
          "obj_track_id": 0,
          "bbox": [
            324.93200362647326,
            313.90752493200364,
            499.5829555757026,
            406.7452402538531
          ],
          "category": "car",
          "category ID": 3,
          "trunc": false
        }
      ]
    },
    {
      "frame_id": 81,
      "image_path": "frames/1u69z-wsDIc_001575/images/000081.jpg",
      "accident_id": 9,
      "accident_name": "leave_to_left",
      "objects": [
        {
          "obj_track_id": 0,
          "bbox": [
            321.4505893019039,
            315.06799637352674,
            495.5213055303717,
            411.38712601994564
          ],
          "category": "car",
          "category ID": 3,
          "trunc": false
        }
      ]
    },
    {
      "frame_id": 82,
      "image_path": "frames/1u69z-wsDIc_001575/images/000082.jpg",
      "accident_id": 0,
      "accident_name": "normal",
      "objects": []
    },
    {
      "frame_id": 83,
      "image_path": "frames/1u69z-wsDIc_001575/images/000083.jpg",
      "accident_id": 0,
      "accident_name": "normal",
      "objects": []
    },
    {
      "frame_id": 84,
      "image_path": "frames/1u69z-wsDIc_001575/images/000084.jpg",
      "accident_id": 0,
      "accident_name": "normal",
      "objects": []
    },
    {
      "frame_id": 85,
      "image_path": "frames/1u69z-wsDIc_001575/images/000085.jpg",
      "accident_id": 0,
      "accident_name": "normal",
      "objects": []
    },
    {
      "frame_id": 86,
      "image_path": "frames/1u69z-wsDIc_001575/images/000086.jpg",
      "accident_id": 0,
      "accident_name": "normal",
      "objects": []
    },
    {
      "frame_id": 87,
      "image_path": "frames/1u69z-wsDIc_001575/images/000087.jpg",
      "accident_id": 0,
      "accident_name": "normal",
      "objects": []
    },
    {
      "frame_id": 88,
      "image_path": "frames/1u69z-wsDIc_001575/images/000088.jpg",
      "accident_id": 0,
      "accident_name": "normal",
      "objects": []
    },
    {
      "frame_id": 89,
      "image_path": "frames/1u69z-wsDIc_001575/images/000089.jpg",
      "accident_id": 0,
      "accident_name": "normal",
      "objects": []
    },
    {
      "frame_id": 90,
      "image_path": "frames/1u69z-wsDIc_001575/images/000090.jpg",
      "accident_id": 0,
      "accident_name": "normal",
      "objects": []
    },
    {
      "frame_id": 91,
      "image_path": "frames/1u69z-wsDIc_001575/images/000091.jpg",
      "accident_id": 0,
      "accident_name": "normal",
      "objects": []
    },
    {
      "frame_id": 92,
      "image_path": "frames/1u69z-wsDIc_001575/images/000092.jpg",
      "accident_id": 0,
      "accident_name": "normal",
      "objects": []
    },
    {
      "frame_id": 93,
      "image_path": "frames/1u69z-wsDIc_001575/images/000093.jpg",
      "accident_id": 0,
      "accident_name": "normal",
      "objects": []
    },
    {
      "frame_id": 94,
      "image_path": "frames/1u69z-wsDIc_001575/images/000094.jpg",
      "accident_id": 0,
      "accident_name": "normal",
      "objects": []
    },
    {
      "frame_id": 95,
      "image_path": "frames/1u69z-wsDIc_001575/images/000095.jpg",
      "accident_id": 0,
      "accident_name": "normal",
      "objects": []
    },
    {
      "frame_id": 96,
      "image_path": "frames/1u69z-wsDIc_001575/images/000096.jpg",
      "accident_id": 0,
      "accident_name": "normal",
      "objects": []
    },
    {
      "frame_id": 97,
      "image_path": "frames/1u69z-wsDIc_001575/images/000097.jpg",
      "accident_id": 0,
      "accident_name": "normal",
      "objects": []
    },
    {
      "frame_id": 98,
      "image_path": "frames/1u69z-wsDIc_001575/images/000098.jpg",
      "accident_id": 0,
      "accident_name": "normal",
      "objects": []
    },
    {
      "frame_id": 99,
      "image_path": "frames/1u69z-wsDIc_001575/images/000099.jpg",
      "accident_id": 0,
      "accident_name": "normal",
      "objects": []
    },
    {
      "frame_id": 100,
      "image_path": "frames/1u69z-wsDIc_001575/images/000100.jpg",
      "accident_id": 0,
      "accident_name": "normal",
      "objects": []
    },
    {
      "frame_id": 101,
      "image_path": "frames/1u69z-wsDIc_001575/images/000101.jpg",
      "accident_id": 0,
      "accident_name": "normal",
      "objects": []
    },
    {
      "frame_id": 102,
      "image_path": "frames/1u69z-wsDIc_001575/images/000102.jpg",
      "accident_id": 0,
      "accident_name": "normal",
      "objects": []
    },
    {
      "frame_id": 103,
      "image_path": "frames/1u69z-wsDIc_001575/images/000103.jpg",
      "accident_id": 0,
      "accident_name": "normal",
      "objects": []
    },
    {
      "frame_id": 104,
      "image_path": "frames/1u69z-wsDIc_001575/images/000104.jpg",
      "accident_id": 0,
      "accident_name": "normal",
      "objects": []
    },
    {
      "frame_id": 105,
      "image_path": "frames/1u69z-wsDIc_001575/images/000105.jpg",
      "accident_id": 0,
      "accident_name": "normal",
      "objects": []
    },
    {
      "frame_id": 106,
      "image_path": "frames/1u69z-wsDIc_001575/images/000106.jpg",
      "accident_id": 0,
      "accident_name": "normal",
      "objects": []
    },
    {
      "frame_id": 107,
      "image_path": "frames/1u69z-wsDIc_001575/images/000107.jpg",
      "accident_id": 0,
      "accident_name": "normal",
      "objects": []
    },
    {
      "frame_id": 108,
      "image_path": "frames/1u69z-wsDIc_001575/images/000108.jpg",
      "accident_id": 0,
      "accident_name": "normal",
      "objects": []
    }
  ]
}