{
  "video_name": "2SAby_5t94M_002971",
  "channel": "AnAn",
  "num_frames": 82,
  "ignore": false,
  "ego_involve": true,
  "night": false,
  "anomaly_start": 35,
  "anomaly_end": 52,
  "video_start": 2971,
  "video_end": 3052,
  "accident_id": "5",
  "accident_name": "turning",
  "labels": [
    {
      "frame_id": 0,
      "image_path": "frames/2SAby_5t94M_002971/images/000000.jpg",
      "accident_id": 0,
      "accident_name": "normal",
      "objects": []
    },
    {
      "frame_id": 1,
      "image_path": "frames/2SAby_5t94M_002971/images/000001.jpg",
      "accident_id": 0,
      "accident_name": "normal",
      "objects": []
    },
    {
      "frame_id": 2,
      "image_path": "frames/2SAby_5t94M_002971/images/000002.jpg",
      "accident_id": 0,
      "accident_name": "normal",
      "objects": []
    },
    {
      "frame_id": 3,
      "image_path": "frames/2SAby_5t94M_002971/images/000003.jpg",
      "accident_id": 0,
      "accident_name": "normal",
      "objects": []
    },
    {
      "frame_id": 4,
      "image_path": "frames/2SAby_5t94M_002971/images/000004.jpg",
      "accident_id": 0,
      "accident_name": "normal",
      "objects": []
    },
    {
      "frame_id": 5,
      "image_path": "frames/2SAby_5t94M_002971/images/000005.jpg",
      "accident_id": 0,
      "accident_name": "normal",
      "objects": []
    },
    {
      "frame_id": 6,
      "image_path": "frames/2SAby_5t94M_002971/images/000006.jpg",
      "accident_id": 0,
      "accident_name": "normal",
      "objects": []
    },
    {
      "frame_id": 7,
      "image_path": "frames/2SAby_5t94M_002971/images/000007.jpg",
      "accident_id": 0,
      "accident_name": "normal",
      "objects": []
    },
    {
      "frame_id": 8,
      "image_path": "frames/2SAby_5t94M_002971/images/000008.jpg",
      "accident_id": 0,
      "accident_name": "normal",
      "objects": []
    },
    {
      "frame_id": 9,
      "image_path": "frames/2SAby_5t94M_002971/images/000009.jpg",
      "accident_id": 0,
      "accident_name": "normal",
      "objects": []
    },
    {
      "frame_id": 10,
      "image_path": "frames/2SAby_5t94M_002971/images/000010.jpg",
      "accident_id": 0,
      "accident_name": "normal",
      "objects": []
    },
    {
      "frame_id": 11,
      "image_path": "frames/2SAby_5t94M_002971/images/000011.jpg",
      "accident_id": 0,
      "accident_name": "normal",
      "objects": []
    },
    {
      "frame_id": 12,
      "image_path": "frames/2SAby_5t94M_002971/images/000012.jpg",
      "accident_id": 0,
      "accident_name": "normal",
      "objects": []
    },
    {
      "frame_id": 13,
      "image_path": "frames/2SAby_5t94M_002971/images/000013.jpg",
      "accident_id": 0,
      "accident_name": "normal",
      "objects": []
    },
    {
      "frame_id": 14,
      "image_path": "frames/2SAby_5t94M_002971/images/000014.jpg",
      "accident_id": 0,
      "accident_name": "normal",
      "objects": []
    },
    {
      "frame_id": 15,
      "image_path": "frames/2SAby_5t94M_002971/images/000015.jpg",
      "accident_id": 0,
      "accident_name": "normal",
      "objects": []
    },
    {
      "frame_id": 16,
      "image_path": "frames/2SAby_5t94M_002971/images/000016.jpg",
      "accident_id": 0,
      "accident_name": "normal",
      "objects": []
    },
    {
      "frame_id": 17,
      "image_path": "frames/2SAby_5t94M_002971/images/000017.jpg",
      "accident_id": 0,
      "accident_name": "normal",
      "objects": []
    },
    {
      "frame_id": 18,
      "image_path": "frames/2SAby_5t94M_002971/images/000018.jpg",
      "accident_id": 0,
      "accident_name": "normal",
      "objects": []
    },
    {
      "frame_id": 19,
      "image_path": "frames/2SAby_5t94M_002971/images/000019.jpg",
      "accident_id": 0,
      "accident_name": "normal",
      "objects": []
    },
    {
      "frame_id": 20,
      "image_path": "frames/2SAby_5t94M_002971/images/000020.jpg",
      "accident_id": 0,
      "accident_name": "normal",
      "objects": []
    },
    {
      "frame_id": 21,
      "image_path": "frames/2SAby_5t94M_002971/images/000021.jpg",
      "accident_id": 0,
      "accident_name": "normal",
      "objects": []
    },
    {
      "frame_id": 22,
      "image_path": "frames/2SAby_5t94M_002971/images/000022.jpg",
      "accident_id": 0,
      "accident_name": "normal",
      "objects": []
    },
    {
      "frame_id": 23,
      "image_path": "frames/2SAby_5t94M_002971/images/000023.jpg",
      "accident_id": 0,
      "accident_name": "normal",
      "objects": []
    },
    {
      "frame_id": 24,
      "image_path": "frames/2SAby_5t94M_002971/images/000024.jpg",
      "accident_id": 0,
      "accident_name": "normal",
      "objects": []
    },
    {
      "frame_id": 25,
      "image_path": "frames/2SAby_5t94M_002971/images/000025.jpg",
      "accident_id": 0,
      "accident_name": "normal",
      "objects": []
    },
    {
      "frame_id": 26,
      "image_path": "frames/2SAby_5t94M_002971/images/000026.jpg",
      "accident_id": 0,
      "accident_name": "normal",
      "objects": []
    },
    {
      "frame_id": 27,
      "image_path": "frames/2SAby_5t94M_002971/images/000027.jpg",
      "accident_id": 0,
      "accident_name": "normal",
      "objects": []
    },
    {
      "frame_id": 28,
      "image_path": "frames/2SAby_5t94M_002971/images/000028.jpg",
      "accident_id": 0,
      "accident_name": "normal",
      "objects": []
    },
    {
      "frame_id": 29,
      "image_path": "frames/2SAby_5t94M_002971/images/000029.jpg",
      "accident_id": 0,
      "accident_name": "normal",
      "objects": []
    },
    {
      "frame_id": 30,
      "image_path": "frames/2SAby_5t94M_002971/images/000030.jpg",
      "accident_id": 0,
      "accident_name": "normal",
      "objects": []
    },
    {
      "frame_id": 31,
      "image_path": "frames/2SAby_5t94M_002971/images/000031.jpg",
      "accident_id": 0,
      "accident_name": "normal",
      "objects": []
    },
    {
      "frame_id": 32,
      "image_path": "frames/2SAby_5t94M_002971/images/000032.jpg",
      "accident_id": 0,
      "accident_name": "normal",
      "objects": []
    },
    {
      "frame_id": 33,
      "image_path": "frames/2SAby_5t94M_002971/images/000033.jpg",
      "accident_id": 0,
      "accident_name": "normal",
      "objects": []
    },
    {
      "frame_id": 34,
      "image_path": "frames/2SAby_5t94M_002971/images/000034.jpg",
      "accident_id": 0,
      "accident_name": "normal",
      "objects": []
    },
    {
      "frame_id": 35,
      "image_path": "frames/2SAby_5t94M_002971/images/000035.jpg",
      "accident_id": 5,
      "accident_name": "turning",
      "objects": [
        {
          "obj_track_id": 0,
          "bbox": [
            409.87012987012986,
            355.3246753246753,
            443.1168831168831,
            408.31168831168833
          ],
          "category": "rider",
          "category ID": 2,
          "trunc": true
        },
        {
          "obj_track_id": 48,
          "bbox": [
            382.85714285714283,
            384.8125755743652,
            487.79220779220776,
            443.6363636363636
          ],
          "category": "motor",
          "category ID": 7,
          "trunc": true
        }
      ]
    },
    {
      "frame_id": 36,
      "image_path": "frames/2SAby_5t94M_002971/images/000036.jpg",
      "accident_id": 5,
      "accident_name": "turning",
      "objects": [
        {
          "obj_track_id": 0,
          "bbox": [
            407.7922077922078,
            355.3246753246753,
            443.1168831168832,
            412.98701298701303
          ],
          "category": "rider",
          "category ID": 2,
          "trunc": true
        },
        {
          "obj_track_id": 48,
          "bbox": [
            382.85714285714283,
            390.64935064935065,
            492.46753246753246,
            450.9090909090909
          ],
          "category": "motor",
          "category ID": 7,
          "trunc": true
        }
      ]
    },
    {
      "frame_id": 37,
      "image_path": "frames/2SAby_5t94M_002971/images/000037.jpg",
      "accident_id": 5,
      "accident_name": "turning",
      "objects": [
        {
          "obj_track_id": 0,
          "bbox": [
            405.7142857142857,
            355.3246753246753,
            443.1168831168831,
            417.6623376623377
          ],
          "category": "rider",
          "category ID": 2,
          "trunc": true
        },
        {
          "obj_track_id": 48,
          "bbox": [
            382.85714285714283,
            390.64935064935065,
            497.1428571428571,
            458.1818181818182
          ],
          "category": "motor",
          "category ID": 7,
          "trunc": true
        }
      ]
    },
    {
      "frame_id": 38,
      "image_path": "frames/2SAby_5t94M_002971/images/000038.jpg",
      "accident_id": 5,
      "accident_name": "turning",
      "objects": [
        {
          "obj_track_id": 0,
          "bbox": [
            403.6363636363636,
            351.68831168831167,
            445.7142857142857,
            424.4155844155844
          ],
          "category": "rider",
          "category ID": 2,
          "trunc": false
        },
        {
          "obj_track_id": 48,
          "bbox": [
            361.16396300193156,
            399.355517517549,
            500.38474222271077,
            482.99188115391263
          ],
          "category": "motor",
          "category ID": 7,
          "trunc": false
        }
      ]
    },
    {
      "frame_id": 39,
      "image_path": "frames/2SAby_5t94M_002971/images/000039.jpg",
      "accident_id": 5,
      "accident_name": "turning",
      "objects": [
        {
          "obj_track_id": 0,
          "bbox": [
            401.55844155844153,
            348.05194805194805,
            448.31168831168833,
            431.16883116883116
          ],
          "category": "rider",
          "category ID": 2,
          "trunc": false
        },
        {
          "obj_track_id": 48,
          "bbox": [
            356.8831168831169,
            390.64935064935065,
            521.038961038961,
            490.38961038961037
          ],
          "category": "motor",
          "category ID": 7,
          "trunc": false
        }
      ]
    },
    {
      "frame_id": 40,
      "image_path": "frames/2SAby_5t94M_002971/images/000040.jpg",
      "accident_id": 5,
      "accident_name": "turning",
      "objects": [
        {
          "obj_track_id": 0,
          "bbox": [
            401.55844155844153,
            348.05194805194805,
            456.62337662337666,
            448.83116883116884
          ],
          "category": "rider",
          "category ID": 2,
          "trunc": false
        },
        {
          "obj_track_id": 48,
          "bbox": [
            343.8961038961039,
            397.4025974025974,
            541.8181818181819,
            518.961038961039
          ],
          "category": "motor",
          "category ID": 7,
          "trunc": false
        }
      ]
    },
    {
      "frame_id": 41,
      "image_path": "frames/2SAby_5t94M_002971/images/000041.jpg",
      "accident_id": 5,
      "accident_name": "turning",
      "objects": [
        {
          "obj_track_id": 0,
          "bbox": [
            401.55844155844153,
            348.05194805194805,
            464.93506493506493,
            466.49350649350646
          ],
          "category": "rider",
          "category ID": 2,
          "trunc": false
        },
        {
          "obj_track_id": 48,
          "bbox": [
            330.9090909090909,
            404.15584415584414,
            562.5974025974026,
            547.5324675324675
          ],
          "category": "motor",
          "category ID": 7,
          "trunc": false
        }
      ]
    },
    {
      "frame_id": 42,
      "image_path": "frames/2SAby_5t94M_002971/images/000042.jpg",
      "accident_id": 5,
      "accident_name": "turning",
      "objects": [
        {
          "obj_track_id": 0,
          "bbox": [
            389.09090909090907,
            337.49399331019646,
            483.6363636363636,
            500.6108764270796
          ],
          "category": "rider",
          "category ID": 2,
          "trunc": true
        },
        {
          "obj_track_id": 48,
          "bbox": [
            303.8961038961039,
            410.38961038961037,
            598.961038961039,
            553.7662337662338
          ],
          "category": "motor",
          "category ID": 7,
          "trunc": true
        }
      ]
    },
    {
      "frame_id": 43,
      "image_path": "frames/2SAby_5t94M_002971/images/000043.jpg",
      "accident_id": 5,
      "accident_name": "turning",
      "objects": [
        {
          "obj_track_id": 0,
          "bbox": [
            375.5844155844156,
            336.6233766233766,
            483.6363636363636,
            496.6233766233766
          ],
          "category": "rider",
          "category ID": 2,
          "trunc": true
        },
        {
          "obj_track_id": 48,
          "bbox": [
            283.1168831168831,
            422.85714285714283,
            601.038961038961,
            557.922077922078
          ],
          "category": "motor",
          "category ID": 7,
          "trunc": true
        }
      ]
    },
    {
      "frame_id": 44,
      "image_path": "frames/2SAby_5t94M_002971/images/000044.jpg",
      "accident_id": 5,
      "accident_name": "turning",
      "objects": [
        {
          "obj_track_id": 0,
          "bbox": [
            350.64935064935065,
            316.8831168831169,
            505.45454545454544,
            517.4025974025974
          ],
          "category": "rider",
          "category ID": 2,
          "trunc": true
        },
        {
          "obj_track_id": 48,
          "bbox": [
            276.8831168831169,
            422.85714285714283,
            601.038961038961,
            554.8051948051948
          ],
          "category": "motor",
          "category ID": 7,
          "trunc": true
        }
      ]
    },
    {
      "frame_id": 45,
      "image_path": "frames/2SAby_5t94M_002971/images/000045.jpg",
      "accident_id": 5,
      "accident_name": "turning",
      "objects": [
        {
          "obj_track_id": 0,
          "bbox": [
            300.7792207792208,
            306.49350649350646,
            506.49350649350646,
            552.7272727272727
          ],
          "category": "rider",
          "category ID": 2,
          "trunc": true
        },
        {
          "obj_track_id": 48,
          "bbox": [
            220.7792207792208,
            483.11688311688306,
            593.7662337662338,
            606.7532467532467
          ],
          "category": "motor",
          "category ID": 7,
          "trunc": true
        }
      ]
    },
    {
      "frame_id": 46,
      "image_path": "frames/2SAby_5t94M_002971/images/000046.jpg",
      "accident_id": 5,
      "accident_name": "turning",
      "objects": [
        {
          "obj_track_id": 0,
          "bbox": [
            215.58441558441558,
            488.31168831168833,
            458.7012987012987,
            706.4935064935065
          ],
          "category": "rider",
          "category ID": 2,
          "trunc": true
        }
      ]
    },
    {
      "frame_id": 47,
      "image_path": "frames/2SAby_5t94M_002971/images/000047.jpg",
      "accident_id": 5,
      "accident_name": "turning",
      "objects": [
        {
          "obj_track_id": 0,
          "bbox": [
            161.55844155844156,
            392.7272727272727,
            610.3896103896104,
            706.4935064935065
          ],
          "category": "rider",
          "category ID": 2,
          "trunc": true
        }
      ]
    },
    {
      "frame_id": 48,
      "image_path": "frames/2SAby_5t94M_002971/images/000048.jpg",
      "accident_id": 5,
      "accident_name": "turning",
      "objects": [
        {
          "obj_track_id": 0,
          "bbox": [
            106.49350649350649,
            288.83116883116884,
            550.1298701298701,
            713.7662337662338
          ],
          "category": "rider",
          "category ID": 2,
          "trunc": true
        }
      ]
    },
    {
      "frame_id": 49,
      "image_path": "frames/2SAby_5t94M_002971/images/000049.jpg",
      "accident_id": 5,
      "accident_name": "turning",
      "objects": [
        {
          "obj_track_id": 0,
          "bbox": [
            54.54545454545455,
            416.6233766233766,
            481.5584415584415,
            720.0
          ],
          "category": "rider",
          "category ID": 2,
          "trunc": true
        }
      ]
    },
    {
      "frame_id": 50,
      "image_path": "frames/2SAby_5t94M_002971/images/000050.jpg",
      "accident_id": 5,
      "accident_name": "turning",
      "objects": [
        {
          "obj_track_id": 0,
          "bbox": [
            130.3896103896104,
            577.6623376623377,
            405.7142857142858,
            720.0
          ],
          "category": "rider",
          "category ID": 2,
          "trunc": true
        }
      ]
    },
    {
      "frame_id": 51,
      "image_path": "frames/2SAby_5t94M_002971/images/000051.jpg",
      "accident_id": 5,
      "accident_name": "turning",
      "objects": [
        {
          "obj_track_id": 0,
          "bbox": [
            130.3896103896104,
            599.4805194805194,
            405.7142857142858,
            720.0
          ],
          "category": "rider",
          "category ID": 2,
          "trunc": true
        }
      ]
    },
    {
      "frame_id": 52,
      "image_path": "frames/2SAby_5t94M_002971/images/000052.jpg",
      "accident_id": 0,
      "accident_name": "normal",
      "objects": []
    },
    {
      "frame_id": 53,
      "image_path": "frames/2SAby_5t94M_002971/images/000053.jpg",
      "accident_id": 0,
      "accident_name": "normal",
      "objects": []
    },
    {
      "frame_id": 54,
      "image_path": "frames/2SAby_5t94M_002971/images/000054.jpg",
      "accident_id": 0,
      "accident_name": "normal",
      "objects": []
    },
    {
      "frame_id": 55,
      "image_path": "frames/2SAby_5t94M_002971/images/000055.jpg",
      "accident_id": 0,
      "accident_name": "normal",
      "objects": []
    },
    {
      "frame_id": 56,
      "image_path": "frames/2SAby_5t94M_002971/images/000056.jpg",
      "accident_id": 0,
      "accident_name": "normal",
      "objects": []
    },
    {
      "frame_id": 57,
      "image_path": "frames/2SAby_5t94M_002971/images/000057.jpg",
      "accident_id": 0,
      "accident_name": "normal",
      "objects": []
    },
    {
      "frame_id": 58,
      "image_path": "frames/2SAby_5t94M_002971/images/000058.jpg",
      "accident_id": 0,
      "accident_name": "normal",
      "objects": []
    },
    {
      "frame_id": 59,
      "image_path": "frames/2SAby_5t94M_002971/images/000059.jpg",
      "accident_id": 0,
      "accident_name": "normal",
      "objects": []
    },
    {
      "frame_id": 60,
      "image_path": "frames/2SAby_5t94M_002971/images/000060.jpg",
      "accident_id": 0,
      "accident_name": "normal",
      "objects": []
    },
    {
      "frame_id": 61,
      "image_path": "frames/2SAby_5t94M_002971/images/000061.jpg",
      "accident_id": 0,
      "accident_name": "normal",
      "objects": []
    },
    {
      "frame_id": 62,
      "image_path": "frames/2SAby_5t94M_002971/images/000062.jpg",
      "accident_id": 0,
      "accident_name": "normal",
      "objects": []
    },
    {
      "frame_id": 63,
      "image_path": "frames/2SAby_5t94M_002971/images/000063.jpg",
      "accident_id": 0,
      "accident_name": "normal",
      "objects": []
    },
    {
      "frame_id": 64,
      "image_path": "frames/2SAby_5t94M_002971/images/000064.jpg",
      "accident_id": 0,
      "accident_name": "normal",
      "objects": []
    },
    {
      "frame_id": 65,
      "image_path": "frames/2SAby_5t94M_002971/images/000065.jpg",
      "accident_id": 0,
      "accident_name": "normal",
      "objects": []
    },
    {
      "frame_id": 66,
      "image_path": "frames/2SAby_5t94M_002971/images/000066.jpg",
      "accident_id": 0,
      "accident_name": "normal",
      "objects": []
    },
    {
      "frame_id": 67,
      "image_path": "frames/2SAby_5t94M_002971/images/000067.jpg",
      "accident_id": 0,
      "accident_name": "normal",
      "objects": []
    },
    {
      "frame_id": 68,
      "image_path": "frames/2SAby_5t94M_002971/images/000068.jpg",
      "accident_id": 0,
      "accident_name": "normal",
      "objects": []
    },
    {
      "frame_id": 69,
      "image_path": "frames/2SAby_5t94M_002971/images/000069.jpg",
      "accident_id": 0,
      "accident_name": "normal",
      "objects": []
    },
    {
      "frame_id": 70,
      "image_path": "frames/2SAby_5t94M_002971/images/000070.jpg",
      "accident_id": 0,
      "accident_name": "normal",
      "objects": []
    },
    {
      "frame_id": 71,
      "image_path": "frames/2SAby_5t94M_002971/images/000071.jpg",
      "accident_id": 0,
      "accident_name": "normal",
      "objects": []
    },
    {
      "frame_id": 72,
      "image_path": "frames/2SAby_5t94M_002971/images/000072.jpg",
      "accident_id": 0,
      "accident_name": "normal",
      "objects": []
    },
    {
      "frame_id": 73,
      "image_path": "frames/2SAby_5t94M_002971/images/000073.jpg",
      "accident_id": 0,
      "accident_name": "normal",
      "objects": []
    },
    {
      "frame_id": 74,
      "image_path": "frames/2SAby_5t94M_002971/images/000074.jpg",
      "accident_id": 0,
      "accident_name": "normal",
      "objects": []
    },
    {
      "frame_id": 75,
      "image_path": "frames/2SAby_5t94M_002971/images/000075.jpg",
      "accident_id": 0,
      "accident_name": "normal",
      "objects": []
    },
    {
      "frame_id": 76,
      "image_path": "frames/2SAby_5t94M_002971/images/000076.jpg",
      "accident_id": 0,
      "accident_name": "normal",
      "objects": []
    },
    {
      "frame_id": 77,
      "image_path": "frames/2SAby_5t94M_002971/images/000077.jpg",
      "accident_id": 0,
      "accident_name": "normal",
      "objects": []
    },
    {
      "frame_id": 78,
      "image_path": "frames/2SAby_5t94M_002971/images/000078.jpg",
      "accident_id": 0,
      "accident_name": "normal",
      "objects": []
    },
    {
      "frame_id": 79,
      "image_path": "frames/2SAby_5t94M_002971/images/000079.jpg",
      "accident_id": 0,
      "accident_name": "normal",
      "objects": []
    },
    {
      "frame_id": 80,
      "image_path": "frames/2SAby_5t94M_002971/images/000080.jpg",
      "accident_id": 0,
      "accident_name": "normal",
      "objects": []
    },
    {
      "frame_id": 81,
      "image_path": "frames/2SAby_5t94M_002971/images/000081.jpg",
      "accident_id": 0,
      "accident_name": "normal",
      "objects": []
    }
  ]
}