{
  "video_name": "2TmFM9p1KF8_004066",
  "channel": "AnAn",
  "num_frames": 148,
  "ignore": false,
  "ego_involve": true,
  "night": false,
  "anomaly_start": 34,
  "anomaly_end": 126,
  "video_start": 4066,
  "video_end": 4213,
  "accident_id": "5",
  "accident_name": "turning",
  "labels": [
    {
      "frame_id": 0,
      "image_path": "frames/2TmFM9p1KF8_004066/images/000000.jpg",
      "accident_id": 0,
      "accident_name": "normal",
      "objects": []
    },
    {
      "frame_id": 1,
      "image_path": "frames/2TmFM9p1KF8_004066/images/000001.jpg",
      "accident_id": 0,
      "accident_name": "normal",
      "objects": []
    },
    {
      "frame_id": 2,
      "image_path": "frames/2TmFM9p1KF8_004066/images/000002.jpg",
      "accident_id": 0,
      "accident_name": "normal",
      "objects": []
    },
    {
      "frame_id": 3,
      "image_path": "frames/2TmFM9p1KF8_004066/images/000003.jpg",
      "accident_id": 0,
      "accident_name": "normal",
      "objects": []
    },
    {
      "frame_id": 4,
      "image_path": "frames/2TmFM9p1KF8_004066/images/000004.jpg",
      "accident_id": 0,
      "accident_name": "normal",
      "objects": []
    },
    {
      "frame_id": 5,
      "image_path": "frames/2TmFM9p1KF8_004066/images/000005.jpg",
      "accident_id": 0,
      "accident_name": "normal",
      "objects": []
    },
    {
      "frame_id": 6,
      "image_path": "frames/2TmFM9p1KF8_004066/images/000006.jpg",
      "accident_id": 0,
      "accident_name": "normal",
      "objects": []
    },
    {
      "frame_id": 7,
      "image_path": "frames/2TmFM9p1KF8_004066/images/000007.jpg",
      "accident_id": 0,
      "accident_name": "normal",
      "objects": []
    },
    {
      "frame_id": 8,
      "image_path": "frames/2TmFM9p1KF8_004066/images/000008.jpg",
      "accident_id": 0,
      "accident_name": "normal",
      "objects": []
    },
    {
      "frame_id": 9,
      "image_path": "frames/2TmFM9p1KF8_004066/images/000009.jpg",
      "accident_id": 0,
      "accident_name": "normal",
      "objects": []
    },
    {
      "frame_id": 10,
      "image_path": "frames/2TmFM9p1KF8_004066/images/000010.jpg",
      "accident_id": 0,
      "accident_name": "normal",
      "objects": []
    },
    {
      "frame_id": 11,
      "image_path": "frames/2TmFM9p1KF8_004066/images/000011.jpg",
      "accident_id": 0,
      "accident_name": "normal",
      "objects": []
    },
    {
      "frame_id": 12,
      "image_path": "frames/2TmFM9p1KF8_004066/images/000012.jpg",
      "accident_id": 0,
      "accident_name": "normal",
      "objects": []
    },
    {
      "frame_id": 13,
      "image_path": "frames/2TmFM9p1KF8_004066/images/000013.jpg",
      "accident_id": 0,
      "accident_name": "normal",
      "objects": []
    },
    {
      "frame_id": 14,
      "image_path": "frames/2TmFM9p1KF8_004066/images/000014.jpg",
      "accident_id": 0,
      "accident_name": "normal",
      "objects": []
    },
    {
      "frame_id": 15,
      "image_path": "frames/2TmFM9p1KF8_004066/images/000015.jpg",
      "accident_id": 0,
      "accident_name": "normal",
      "objects": []
    },
    {
      "frame_id": 16,
      "image_path": "frames/2TmFM9p1KF8_004066/images/000016.jpg",
      "accident_id": 0,
      "accident_name": "normal",
      "objects": []
    },
    {
      "frame_id": 17,
      "image_path": "frames/2TmFM9p1KF8_004066/images/000017.jpg",
      "accident_id": 0,
      "accident_name": "normal",
      "objects": []
    },
    {
      "frame_id": 18,
      "image_path": "frames/2TmFM9p1KF8_004066/images/000018.jpg",
      "accident_id": 0,
      "accident_name": "normal",
      "objects": []
    },
    {
      "frame_id": 19,
      "image_path": "frames/2TmFM9p1KF8_004066/images/000019.jpg",
      "accident_id": 0,
      "accident_name": "normal",
      "objects": []
    },
    {
      "frame_id": 20,
      "image_path": "frames/2TmFM9p1KF8_004066/images/000020.jpg",
      "accident_id": 0,
      "accident_name": "normal",
      "objects": []
    },
    {
      "frame_id": 21,
      "image_path": "frames/2TmFM9p1KF8_004066/images/000021.jpg",
      "accident_id": 0,
      "accident_name": "normal",
      "objects": []
    },
    {
      "frame_id": 22,
      "image_path": "frames/2TmFM9p1KF8_004066/images/000022.jpg",
      "accident_id": 0,
      "accident_name": "normal",
      "objects": []
    },
    {
      "frame_id": 23,
      "image_path": "frames/2TmFM9p1KF8_004066/images/000023.jpg",
      "accident_id": 0,
      "accident_name": "normal",
      "objects": []
    },
    {
      "frame_id": 24,
      "image_path": "frames/2TmFM9p1KF8_004066/images/000024.jpg",
      "accident_id": 0,
      "accident_name": "normal",
      "objects": []
    },
    {
      "frame_id": 25,
      "image_path": "frames/2TmFM9p1KF8_004066/images/000025.jpg",
      "accident_id": 0,
      "accident_name": "normal",
      "objects": []
    },
    {
      "frame_id": 26,
      "image_path": "frames/2TmFM9p1KF8_004066/images/000026.jpg",
      "accident_id": 0,
      "accident_name": "normal",
      "objects": []
    },
    {
      "frame_id": 27,
      "image_path": "frames/2TmFM9p1KF8_004066/images/000027.jpg",
      "accident_id": 0,
      "accident_name": "normal",
      "objects": []
    },
    {
      "frame_id": 28,
      "image_path": "frames/2TmFM9p1KF8_004066/images/000028.jpg",
      "accident_id": 0,
      "accident_name": "normal",
      "objects": []
    },
    {
      "frame_id": 29,
      "image_path": "frames/2TmFM9p1KF8_004066/images/000029.jpg",
      "accident_id": 0,
      "accident_name": "normal",
      "objects": []
    },
    {
      "frame_id": 30,
      "image_path": "frames/2TmFM9p1KF8_004066/images/000030.jpg",
      "accident_id": 0,
      "accident_name": "normal",
      "objects": []
    },
    {
      "frame_id": 31,
      "image_path": "frames/2TmFM9p1KF8_004066/images/000031.jpg",
      "accident_id": 0,
      "accident_name": "normal",
      "objects": []
    },
    {
      "frame_id": 32,
      "image_path": "frames/2TmFM9p1KF8_004066/images/000032.jpg",
      "accident_id": 0,
      "accident_name": "normal",
      "objects": []
    },
    {
      "frame_id": 33,
      "image_path": "frames/2TmFM9p1KF8_004066/images/000033.jpg",
      "accident_id": 0,
      "accident_name": "normal",
      "objects": []
    },
    {
      "frame_id": 34,
      "image_path": "frames/2TmFM9p1KF8_004066/images/000034.jpg",
      "accident_id": 5,
      "accident_name": "turning",
      "objects": [
        {
          "obj_track_id": 0,
          "bbox": [
            0,
            448.32613577474524,
            347.53246753246754,
            651.9624994111089
          ],
          "category": "car",
          "category ID": 3,
          "trunc": true
        }
      ]
    },
    {
      "frame_id": 35,
      "image_path": "frames/2TmFM9p1KF8_004066/images/000035.jpg",
      "accident_id": 5,
      "accident_name": "turning",
      "objects": [
        {
          "obj_track_id": 0,
          "bbox": [
            0,
            451.94805194805195,
            317.4025974025974,
            649.3506493506493
          ],
          "category": "car",
          "category ID": 3,
          "trunc": true
        }
      ]
    },
    {
      "frame_id": 36,
      "image_path": "frames/2TmFM9p1KF8_004066/images/000036.jpg",
      "accident_id": 5,
      "accident_name": "turning",
      "objects": [
        {
          "obj_track_id": 0,
          "bbox": [
            0,
            485.19480519480516,
            259.2207792207792,
            649.3506493506493
          ],
          "category": "car",
          "category ID": 3,
          "trunc": true
        }
      ]
    },
    {
      "frame_id": 37,
      "image_path": "frames/2TmFM9p1KF8_004066/images/000037.jpg",
      "accident_id": 5,
      "accident_name": "turning",
      "objects": [
        {
          "obj_track_id": 0,
          "bbox": [
            0,
            548.5714285714286,
            200,
            649.3506493506493
          ],
          "category": "car",
          "category ID": 3,
          "trunc": true
        }
      ]
    },
    {
      "frame_id": 38,
      "image_path": "frames/2TmFM9p1KF8_004066/images/000038.jpg",
      "accident_id": 5,
      "accident_name": "turning",
      "objects": []
    },
    {
      "frame_id": 39,
      "image_path": "frames/2TmFM9p1KF8_004066/images/000039.jpg",
      "accident_id": 5,
      "accident_name": "turning",
      "objects": []
    },
    {
      "frame_id": 40,
      "image_path": "frames/2TmFM9p1KF8_004066/images/000040.jpg",
      "accident_id": 5,
      "accident_name": "turning",
      "objects": []
    },
    {
      "frame_id": 41,
      "image_path": "frames/2TmFM9p1KF8_004066/images/000041.jpg",
      "accident_id": 5,
      "accident_name": "turning",
      "objects": []
    },
    {
      "frame_id": 42,
      "image_path": "frames/2TmFM9p1KF8_004066/images/000042.jpg",
      "accident_id": 5,
      "accident_name": "turning",
      "objects": []
    },
    {
      "frame_id": 43,
      "image_path": "frames/2TmFM9p1KF8_004066/images/000043.jpg",
      "accident_id": 5,
      "accident_name": "turning",
      "objects": []
    },
    {
      "frame_id": 44,
      "image_path": "frames/2TmFM9p1KF8_004066/images/000044.jpg",
      "accident_id": 5,
      "accident_name": "turning",
      "objects": []
    },
    {
      "frame_id": 45,
      "image_path": "frames/2TmFM9p1KF8_004066/images/000045.jpg",
      "accident_id": 5,
      "accident_name": "turning",
      "objects": []
    },
    {
      "frame_id": 46,
      "image_path": "frames/2TmFM9p1KF8_004066/images/000046.jpg",
      "accident_id": 5,
      "accident_name": "turning",
      "objects": []
    },
    {
      "frame_id": 47,
      "image_path": "frames/2TmFM9p1KF8_004066/images/000047.jpg",
      "accident_id": 5,
      "accident_name": "turning",
      "objects": []
    },
    {
      "frame_id": 48,
      "image_path": "frames/2TmFM9p1KF8_004066/images/000048.jpg",
      "accident_id": 5,
      "accident_name": "turning",
      "objects": []
    },
    {
      "frame_id": 49,
      "image_path": "frames/2TmFM9p1KF8_004066/images/000049.jpg",
      "accident_id": 5,
      "accident_name": "turning",
      "objects": []
    },
    {
      "frame_id": 50,
      "image_path": "frames/2TmFM9p1KF8_004066/images/000050.jpg",
      "accident_id": 5,
      "accident_name": "turning",
      "objects": []
    },
    {
      "frame_id": 51,
      "image_path": "frames/2TmFM9p1KF8_004066/images/000051.jpg",
      "accident_id": 5,
      "accident_name": "turning",
      "objects": []
    },
    {
      "frame_id": 52,
      "image_path": "frames/2TmFM9p1KF8_004066/images/000052.jpg",
      "accident_id": 5,
      "accident_name": "turning",
      "objects": []
    },
    {
      "frame_id": 53,
      "image_path": "frames/2TmFM9p1KF8_004066/images/000053.jpg",
      "accident_id": 5,
      "accident_name": "turning",
      "objects": []
    },
    {
      "frame_id": 54,
      "image_path": "frames/2TmFM9p1KF8_004066/images/000054.jpg",
      "accident_id": 5,
      "accident_name": "turning",
      "objects": []
    },
    {
      "frame_id": 55,
      "image_path": "frames/2TmFM9p1KF8_004066/images/000055.jpg",
      "accident_id": 5,
      "accident_name": "turning",
      "objects": []
    },
    {
      "frame_id": 56,
      "image_path": "frames/2TmFM9p1KF8_004066/images/000056.jpg",
      "accident_id": 5,
      "accident_name": "turning",
      "objects": []
    },
    {
      "frame_id": 57,
      "image_path": "frames/2TmFM9p1KF8_004066/images/000057.jpg",
      "accident_id": 5,
      "accident_name": "turning",
      "objects": []
    },
    {
      "frame_id": 58,
      "image_path": "frames/2TmFM9p1KF8_004066/images/000058.jpg",
      "accident_id": 5,
      "accident_name": "turning",
      "objects": []
    },
    {
      "frame_id": 59,
      "image_path": "frames/2TmFM9p1KF8_004066/images/000059.jpg",
      "accident_id": 5,
      "accident_name": "turning",
      "objects": []
    },
    {
      "frame_id": 60,
      "image_path": "frames/2TmFM9p1KF8_004066/images/000060.jpg",
      "accident_id": 5,
      "accident_name": "turning",
      "objects": []
    },
    {
      "frame_id": 61,
      "image_path": "frames/2TmFM9p1KF8_004066/images/000061.jpg",
      "accident_id": 5,
      "accident_name": "turning",
      "objects": []
    },
    {
      "frame_id": 62,
      "image_path": "frames/2TmFM9p1KF8_004066/images/000062.jpg",
      "accident_id": 5,
      "accident_name": "turning",
      "objects": []
    },
    {
      "frame_id": 63,
      "image_path": "frames/2TmFM9p1KF8_004066/images/000063.jpg",
      "accident_id": 5,
      "accident_name": "turning",
      "objects": []
    },
    {
      "frame_id": 64,
      "image_path": "frames/2TmFM9p1KF8_004066/images/000064.jpg",
      "accident_id": 5,
      "accident_name": "turning",
      "objects": []
    },
    {
      "frame_id": 65,
      "image_path": "frames/2TmFM9p1KF8_004066/images/000065.jpg",
      "accident_id": 5,
      "accident_name": "turning",
      "objects": []
    },
    {
      "frame_id": 66,
      "image_path": "frames/2TmFM9p1KF8_004066/images/000066.jpg",
      "accident_id": 5,
      "accident_name": "turning",
      "objects": []
    },
    {
      "frame_id": 67,
      "image_path": "frames/2TmFM9p1KF8_004066/images/000067.jpg",
      "accident_id": 5,
      "accident_name": "turning",
      "objects": []
    },
    {
      "frame_id": 68,
      "image_path": "frames/2TmFM9p1KF8_004066/images/000068.jpg",
      "accident_id": 5,
      "accident_name": "turning",
      "objects": []
    },
    {
      "frame_id": 69,
      "image_path": "frames/2TmFM9p1KF8_004066/images/000069.jpg",
      "accident_id": 5,
      "accident_name": "turning",
      "objects": []
    },
    {
      "frame_id": 70,
      "image_path": "frames/2TmFM9p1KF8_004066/images/000070.jpg",
      "accident_id": 5,
      "accident_name": "turning",
      "objects": []
    },
    {
      "frame_id": 71,
      "image_path": "frames/2TmFM9p1KF8_004066/images/000071.jpg",
      "accident_id": 5,
      "accident_name": "turning",
      "objects": []
    },
    {
      "frame_id": 72,
      "image_path": "frames/2TmFM9p1KF8_004066/images/000072.jpg",
      "accident_id": 5,
      "accident_name": "turning",
      "objects": []
    },
    {
      "frame_id": 73,
      "image_path": "frames/2TmFM9p1KF8_004066/images/000073.jpg",
      "accident_id": 5,
      "accident_name": "turning",
      "objects": []
    },
    {
      "frame_id": 74,
      "image_path": "frames/2TmFM9p1KF8_004066/images/000074.jpg",
      "accident_id": 5,
      "accident_name": "turning",
      "objects": []
    },
    {
      "frame_id": 75,
      "image_path": "frames/2TmFM9p1KF8_004066/images/000075.jpg",
      "accident_id": 5,
      "accident_name": "turning",
      "objects": []
    },
    {
      "frame_id": 76,
      "image_path": "frames/2TmFM9p1KF8_004066/images/000076.jpg",
      "accident_id": 5,
      "accident_name": "turning",
      "objects": []
    },
    {
      "frame_id": 77,
      "image_path": "frames/2TmFM9p1KF8_004066/images/000077.jpg",
      "accident_id": 5,
      "accident_name": "turning",
      "objects": []
    },
    {
      "frame_id": 78,
      "image_path": "frames/2TmFM9p1KF8_004066/images/000078.jpg",
      "accident_id": 5,
      "accident_name": "turning",
      "objects": []
    },
    {
      "frame_id": 79,
      "image_path": "frames/2TmFM9p1KF8_004066/images/000079.jpg",
      "accident_id": 5,
      "accident_name": "turning",
      "objects": []
    },
    {
      "frame_id": 80,
      "image_path": "frames/2TmFM9p1KF8_004066/images/000080.jpg",
      "accident_id": 5,
      "accident_name": "turning",
      "objects": []
    },
    {
      "frame_id": 81,
      "image_path": "frames/2TmFM9p1KF8_004066/images/000081.jpg",
      "accident_id": 5,
      "accident_name": "turning",
      "objects": []
    },
    {
      "frame_id": 82,
      "image_path": "frames/2TmFM9p1KF8_004066/images/000082.jpg",
      "accident_id": 5,
      "accident_name": "turning",
      "objects": []
    },
    {
      "frame_id": 83,
      "image_path": "frames/2TmFM9p1KF8_004066/images/000083.jpg",
      "accident_id": 5,
      "accident_name": "turning",
      "objects": []
    },
    {
      "frame_id": 84,
      "image_path": "frames/2TmFM9p1KF8_004066/images/000084.jpg",
      "accident_id": 5,
      "accident_name": "turning",
      "objects": []
    },
    {
      "frame_id": 85,
      "image_path": "frames/2TmFM9p1KF8_004066/images/000085.jpg",
      "accident_id": 5,
      "accident_name": "turning",
      "objects": []
    },
    {
      "frame_id": 86,
      "image_path": "frames/2TmFM9p1KF8_004066/images/000086.jpg",
      "accident_id": 5,
      "accident_name": "turning",
      "objects": []
    },
    {
      "frame_id": 87,
      "image_path": "frames/2TmFM9p1KF8_004066/images/000087.jpg",
      "accident_id": 5,
      "accident_name": "turning",
      "objects": []
    },
    {
      "frame_id": 88,
      "image_path": "frames/2TmFM9p1KF8_004066/images/000088.jpg",
      "accident_id": 5,
      "accident_name": "turning",
      "objects": []
    },
    {
      "frame_id": 89,
      "image_path": "frames/2TmFM9p1KF8_004066/images/000089.jpg",
      "accident_id": 5,
      "accident_name": "turning",
      "objects": []
    },
    {
      "frame_id": 90,
      "image_path": "frames/2TmFM9p1KF8_004066/images/000090.jpg",
      "accident_id": 5,
      "accident_name": "turning",
      "objects": []
    },
    {
      "frame_id": 91,
      "image_path": "frames/2TmFM9p1KF8_004066/images/000091.jpg",
      "accident_id": 5,
      "accident_name": "turning",
      "objects": []
    },
    {
      "frame_id": 92,
      "image_path": "frames/2TmFM9p1KF8_004066/images/000092.jpg",
      "accident_id": 5,
      "accident_name": "turning",
      "objects": []
    },
    {
      "frame_id": 93,
      "image_path": "frames/2TmFM9p1KF8_004066/images/000093.jpg",
      "accident_id": 5,
      "accident_name": "turning",
      "objects": []
    },
    {
      "frame_id": 94,
      "image_path": "frames/2TmFM9p1KF8_004066/images/000094.jpg",
      "accident_id": 5,
      "accident_name": "turning",
      "objects": []
    },
    {
      "frame_id": 95,
      "image_path": "frames/2TmFM9p1KF8_004066/images/000095.jpg",
      "accident_id": 5,
      "accident_name": "turning",
      "objects": []
    },
    {
      "frame_id": 96,
      "image_path": "frames/2TmFM9p1KF8_004066/images/000096.jpg",
      "accident_id": 5,
      "accident_name": "turning",
      "objects": []
    },
    {
      "frame_id": 97,
      "image_path": "frames/2TmFM9p1KF8_004066/images/000097.jpg",
      "accident_id": 5,
      "accident_name": "turning",
      "objects": []
    },
    {
      "frame_id": 98,
      "image_path": "frames/2TmFM9p1KF8_004066/images/000098.jpg",
      "accident_id": 5,
      "accident_name": "turning",
      "objects": []
    },
    {
      "frame_id": 99,
      "image_path": "frames/2TmFM9p1KF8_004066/images/000099.jpg",
      "accident_id": 5,
      "accident_name": "turning",
      "objects": []
    },
    {
      "frame_id": 100,
      "image_path": "frames/2TmFM9p1KF8_004066/images/000100.jpg",
      "accident_id": 5,
      "accident_name": "turning",
      "objects": []
    },
    {
      "frame_id": 101,
      "image_path": "frames/2TmFM9p1KF8_004066/images/000101.jpg",
      "accident_id": 5,
      "accident_name": "turning",
      "objects": []
    },
    {
      "frame_id": 102,
      "image_path": "frames/2TmFM9p1KF8_004066/images/000102.jpg",
      "accident_id": 5,
      "accident_name": "turning",
      "objects": []
    },
    {
      "frame_id": 103,
      "image_path": "frames/2TmFM9p1KF8_004066/images/000103.jpg",
      "accident_id": 5,
      "accident_name": "turning",
      "objects": []
    },
    {
      "frame_id": 104,
      "image_path": "frames/2TmFM9p1KF8_004066/images/000104.jpg",
      "accident_id": 5,
      "accident_name": "turning",
      "objects": []
    },
    {
      "frame_id": 105,
      "image_path": "frames/2TmFM9p1KF8_004066/images/000105.jpg",
      "accident_id": 5,
      "accident_name": "turning",
      "objects": []
    },
    {
      "frame_id": 106,
      "image_path": "frames/2TmFM9p1KF8_004066/images/000106.jpg",
      "accident_id": 5,
      "accident_name": "turning",
      "objects": []
    },
    {
      "frame_id": 107,
      "image_path": "frames/2TmFM9p1KF8_004066/images/000107.jpg",
      "accident_id": 5,
      "accident_name": "turning",
      "objects": []
    },
    {
      "frame_id": 108,
      "image_path": "frames/2TmFM9p1KF8_004066/images/000108.jpg",
      "accident_id": 5,
      "accident_name": "turning",
      "objects": [
        {
          "obj_track_id": 229,
          "bbox": [
            856.6868198307135,
            392.6481257557437,
            1239.758162031439,
            607.6904474002419
          ],
          "category": "car",
          "category ID": 3,
          "trunc": true
        },
        {
          "obj_track_id": 270,
          "bbox": [
            659.0568319226119,
            410.93107617896015,
            816.6384522370013,
            531.0761789600967
          ],
          "category": "car",
          "category ID": 3,
          "trunc": false
        }
      ]
    },
    {
      "frame_id": 109,
      "image_path": "frames/2TmFM9p1KF8_004066/images/000109.jpg",
      "accident_id": 5,
      "accident_name": "turning",
      "objects": [
        {
          "obj_track_id": 229,
          "bbox": [
            847.1100362756954,
            400.4836759371222,
            1181.4268440145104,
            580.7013301088272
          ],
          "category": "car",
          "category ID": 3,
          "trunc": true
        },
        {
          "obj_track_id": 270,
          "bbox": [
            665.1511487303507,
            412.6723095525998,
            822.73276904474,
            532.8174123337365
          ],
          "category": "car",
          "category ID": 3,
          "trunc": false
        }
      ]
    },
    {
      "frame_id": 110,
      "image_path": "frames/2TmFM9p1KF8_004066/images/000110.jpg",
      "accident_id": 5,
      "accident_name": "turning",
      "objects": [
        {
          "obj_track_id": 229,
          "bbox": [
            844.4981862152358,
            397.87182587666274,
            1162.273276904474,
            583.3131801692866
          ],
          "category": "car",
          "category ID": 3,
          "trunc": true
        },
        {
          "obj_track_id": 270,
          "bbox": [
            663.4099153567109,
            412.6723095525998,
            829.6977025392987,
            532.8174123337365
          ],
          "category": "car",
          "category ID": 3,
          "trunc": false
        }
      ]
    },
    {
      "frame_id": 111,
      "image_path": "frames/2TmFM9p1KF8_004066/images/000111.jpg",
      "accident_id": 5,
      "accident_name": "turning",
      "objects": [
        {
          "obj_track_id": 229,
          "bbox": [
            835.7920193470375,
            394.3893591293834,
            1121.354292623942,
            570.2539298669892
          ],
          "category": "car",
          "category ID": 3,
          "trunc": true
        },
        {
          "obj_track_id": 270,
          "bbox": [
            670.3748488512696,
            412.6723095525998,
            836.6626360338573,
            532.8174123337365
          ],
          "category": "car",
          "category ID": 3,
          "trunc": false
        }
      ]
    },
    {
      "frame_id": 112,
      "image_path": "frames/2TmFM9p1KF8_004066/images/000112.jpg",
      "accident_id": 5,
      "accident_name": "turning",
      "objects": [
        {
          "obj_track_id": 229,
          "bbox": [
            835.7920193470375,
            394.3893591293834,
            1100.459492140266,
            559.8065296251511
          ],
          "category": "car",
          "category ID": 3,
          "trunc": true
        },
        {
          "obj_track_id": 270,
          "bbox": [
            675.5985489721886,
            411.80169286577996,
            841.8863361547764,
            531.9467956469166
          ],
          "category": "car",
          "category ID": 3,
          "trunc": false
        }
      ]
    },
    {
      "frame_id": 113,
      "image_path": "frames/2TmFM9p1KF8_004066/images/000113.jpg",
      "accident_id": 5,
      "accident_name": "turning",
      "objects": [
        {
          "obj_track_id": 229,
          "bbox": [
            835.7920193470375,
            394.3893591293834,
            1077.8234582829505,
            553.7122128174124
          ],
          "category": "car",
          "category ID": 3,
          "trunc": true
        },
        {
          "obj_track_id": 270,
          "bbox": [
            682.5634824667472,
            411.80169286577996,
            848.851269649335,
            531.9467956469166
          ],
          "category": "car",
          "category ID": 3,
          "trunc": false
        }
      ]
    },
    {
      "frame_id": 114,
      "image_path": "frames/2TmFM9p1KF8_004066/images/000114.jpg",
      "accident_id": 5,
      "accident_name": "turning",
      "objects": [
        {
          "obj_track_id": 229,
          "bbox": [
            835.7920193470375,
            394.3893591293834,
            1068.2466747279323,
            552.8415961305925
          ],
          "category": "car",
          "category ID": 3,
          "trunc": false
        },
        {
          "obj_track_id": 270,
          "bbox": [
            689.5284159613059,
            411.80169286577996,
            855.8162031438936,
            531.9467956469166
          ],
          "category": "car",
          "category ID": 3,
          "trunc": false
        }
      ]
    },
    {
      "frame_id": 115,
      "image_path": "frames/2TmFM9p1KF8_004066/images/000115.jpg",
      "accident_id": 5,
      "accident_name": "turning",
      "objects": [
        {
          "obj_track_id": 229,
          "bbox": [
            835.7920193470375,
            394.3893591293834,
            1054.316807738815,
            541.5235792019347
          ],
          "category": "car",
          "category ID": 3,
          "trunc": false
        },
        {
          "obj_track_id": 270,
          "bbox": [
            695.0423216444982,
            411.80169286577996,
            855.8162031438936,
            531.0761789600967
          ],
          "category": "car",
          "category ID": 3,
          "trunc": false
        }
      ]
    },
    {
      "frame_id": 116,
      "image_path": "frames/2TmFM9p1KF8_004066/images/000116.jpg",
      "accident_id": 5,
      "accident_name": "turning",
      "objects": [
        {
          "obj_track_id": 229,
          "bbox": [
            835.7920193470375,
            394.3893591293834,
            1042.5634824667472,
            534.5586457073761
          ],
          "category": "car",
          "category ID": 3,
          "trunc": false
        },
        {
          "obj_track_id": 270,
          "bbox": [
            700.5562273276904,
            411.80169286577996,
            855.8162031438936,
            530.205562273277
          ],
          "category": "car",
          "category ID": 3,
          "trunc": false
        }
      ]
    },
    {
      "frame_id": 117,
      "image_path": "frames/2TmFM9p1KF8_004066/images/000117.jpg",
      "accident_id": 5,
      "accident_name": "turning",
      "objects": [
        {
          "obj_track_id": 229,
          "bbox": [
            835.7920193470375,
            394.3893591293834,
            1030.8101571946797,
            527.5937122128174
          ],
          "category": "car",
          "category ID": 3,
          "trunc": false
        },
        {
          "obj_track_id": 270,
          "bbox": [
            706.0701330108827,
            411.80169286577996,
            855.8162031438936,
            529.3349455864571
          ],
          "category": "car",
          "category ID": 3,
          "trunc": false
        }
      ]
    },
    {
      "frame_id": 118,
      "image_path": "frames/2TmFM9p1KF8_004066/images/000118.jpg",
      "accident_id": 5,
      "accident_name": "turning",
      "objects": [
        {
          "obj_track_id": 229,
          "bbox": [
            835.7920193470375,
            397.21886336154785,
            1028.415961305925,
            527.5937122128174
          ],
          "category": "car",
          "category ID": 3,
          "trunc": false
        },
        {
          "obj_track_id": 270,
          "bbox": [
            708.6819830713422,
            411.80169286577996,
            855.8162031438936,
            528.9618241492486
          ],
          "category": "car",
          "category ID": 3,
          "trunc": false
        }
      ]
    },
    {
      "frame_id": 119,
      "image_path": "frames/2TmFM9p1KF8_004066/images/000119.jpg",
      "accident_id": 5,
      "accident_name": "turning",
      "objects": [
        {
          "obj_track_id": 229,
          "bbox": [
            835.7920193470375,
            400.04836759371227,
            1026.0217654171706,
            527.5937122128174
          ],
          "category": "car",
          "category ID": 3,
          "trunc": false
        },
        {
          "obj_track_id": 270,
          "bbox": [
            711.2938331318018,
            411.80169286577996,
            855.8162031438937,
            528.5887027120401
          ],
          "category": "car",
          "category ID": 3,
          "trunc": false
        }
      ]
    },
    {
      "frame_id": 120,
      "image_path": "frames/2TmFM9p1KF8_004066/images/000120.jpg",
      "accident_id": 5,
      "accident_name": "turning",
      "objects": [
        {
          "obj_track_id": 229,
          "bbox": [
            835.7920193470375,
            402.8778718258767,
            1023.6275695284161,
            527.5937122128174
          ],
          "category": "car",
          "category ID": 3,
          "trunc": false
        },
        {
          "obj_track_id": 270,
          "bbox": [
            713.9056831922612,
            411.80169286577996,
            855.8162031438936,
            528.2155812748316
          ],
          "category": "car",
          "category ID": 3,
          "trunc": false
        }
      ]
    },
    {
      "frame_id": 121,
      "image_path": "frames/2TmFM9p1KF8_004066/images/000121.jpg",
      "accident_id": 5,
      "accident_name": "turning",
      "objects": [
        {
          "obj_track_id": 229,
          "bbox": [
            835.7920193470375,
            405.7073760580411,
            1021.2333736396615,
            527.5937122128174
          ],
          "category": "car",
          "category ID": 3,
          "trunc": false
        },
        {
          "obj_track_id": 270,
          "bbox": [
            716.5175332527207,
            411.80169286577996,
            855.8162031438936,
            527.8424598376231
          ],
          "category": "car",
          "category ID": 3,
          "trunc": false
        }
      ]
    },
    {
      "frame_id": 122,
      "image_path": "frames/2TmFM9p1KF8_004066/images/000122.jpg",
      "accident_id": 5,
      "accident_name": "turning",
      "objects": [
        {
          "obj_track_id": 229,
          "bbox": [
            835.7920193470375,
            405.7073760580411,
            1021.2333736396615,
            527.5937122128174
          ],
          "category": "car",
          "category ID": 3,
          "trunc": false
        },
        {
          "obj_track_id": 270,
          "bbox": [
            719.1293833131801,
            411.80169286577996,
            855.8162031438935,
            527.4693384004146
          ],
          "category": "car",
          "category ID": 3,
          "trunc": false
        }
      ]
    },
    {
      "frame_id": 123,
      "image_path": "frames/2TmFM9p1KF8_004066/images/000123.jpg",
      "accident_id": 5,
      "accident_name": "turning",
      "objects": [
        {
          "obj_track_id": 229,
          "bbox": [
            835.7920193470375,
            405.7073760580411,
            1021.2333736396615,
            527.5937122128174
          ],
          "category": "car",
          "category ID": 3,
          "trunc": false
        },
        {
          "obj_track_id": 270,
          "bbox": [
            721.7412333736397,
            411.80169286577996,
            855.8162031438936,
            527.0962169632061
          ],
          "category": "car",
          "category ID": 3,
          "trunc": false
        }
      ]
    },
    {
      "frame_id": 124,
      "image_path": "frames/2TmFM9p1KF8_004066/images/000124.jpg",
      "accident_id": 5,
      "accident_name": "turning",
      "objects": [
        {
          "obj_track_id": 229,
          "bbox": [
            835.7920193470375,
            405.7073760580411,
            1021.2333736396615,
            527.5937122128174
          ],
          "category": "car",
          "category ID": 3,
          "trunc": false
        },
        {
          "obj_track_id": 270,
          "bbox": [
            724.3530834340992,
            411.80169286577996,
            855.8162031438936,
            526.7230955259976
          ],
          "category": "car",
          "category ID": 3,
          "trunc": false
        }
      ]
    },
    {
      "frame_id": 125,
      "image_path": "frames/2TmFM9p1KF8_004066/images/000125.jpg",
      "accident_id": 5,
      "accident_name": "turning",
      "objects": [
        {
          "obj_track_id": 229,
          "bbox": [
            835.7920193470375,
            405.7073760580411,
            1021.2333736396615,
            527.5937122128174
          ],
          "category": "car",
          "category ID": 3,
          "trunc": false
        },
        {
          "obj_track_id": 270,
          "bbox": [
            724.3530834340992,
            411.80169286577996,
            855.8162031438936,
            526.7230955259976
          ],
          "category": "car",
          "category ID": 3,
          "trunc": false
        }
      ]
    },
    {
      "frame_id": 126,
      "image_path": "frames/2TmFM9p1KF8_004066/images/000126.jpg",
      "accident_id": 0,
      "accident_name": "normal",
      "objects": []
    },
    {
      "frame_id": 127,
      "image_path": "frames/2TmFM9p1KF8_004066/images/000127.jpg",
      "accident_id": 0,
      "accident_name": "normal",
      "objects": []
    },
    {
      "frame_id": 128,
      "image_path": "frames/2TmFM9p1KF8_004066/images/000128.jpg",
      "accident_id": 0,
      "accident_name": "normal",
      "objects": []
    },
    {
      "frame_id": 129,
      "image_path": "frames/2TmFM9p1KF8_004066/images/000129.jpg",
      "accident_id": 0,
      "accident_name": "normal",
      "objects": []
    },
    {
      "frame_id": 130,
      "image_path": "frames/2TmFM9p1KF8_004066/images/000130.jpg",
      "accident_id": 0,
      "accident_name": "normal",
      "objects": []
    },
    {
      "frame_id": 131,
      "image_path": "frames/2TmFM9p1KF8_004066/images/000131.jpg",
      "accident_id": 0,
      "accident_name": "normal",
      "objects": []
    },
    {
      "frame_id": 132,
      "image_path": "frames/2TmFM9p1KF8_004066/images/000132.jpg",
      "accident_id": 0,
      "accident_name": "normal",
      "objects": []
    },
    {
      "frame_id": 133,
      "image_path": "frames/2TmFM9p1KF8_004066/images/000133.jpg",
      "accident_id": 0,
      "accident_name": "normal",
      "objects": []
    },
    {
      "frame_id": 134,
      "image_path": "frames/2TmFM9p1KF8_004066/images/000134.jpg",
      "accident_id": 0,
      "accident_name": "normal",
      "objects": []
    },
    {
      "frame_id": 135,
      "image_path": "frames/2TmFM9p1KF8_004066/images/000135.jpg",
      "accident_id": 0,
      "accident_name": "normal",
      "objects": []
    },
    {
      "frame_id": 136,
      "image_path": "frames/2TmFM9p1KF8_004066/images/000136.jpg",
      "accident_id": 0,
      "accident_name": "normal",
      "objects": []
    },
    {
      "frame_id": 137,
      "image_path": "frames/2TmFM9p1KF8_004066/images/000137.jpg",
      "accident_id": 0,
      "accident_name": "normal",
      "objects": []
    },
    {
      "frame_id": 138,
      "image_path": "frames/2TmFM9p1KF8_004066/images/000138.jpg",
      "accident_id": 0,
      "accident_name": "normal",
      "objects": []
    },
    {
      "frame_id": 139,
      "image_path": "frames/2TmFM9p1KF8_004066/images/000139.jpg",
      "accident_id": 0,
      "accident_name": "normal",
      "objects": []
    },
    {
      "frame_id": 140,
      "image_path": "frames/2TmFM9p1KF8_004066/images/000140.jpg",
      "accident_id": 0,
      "accident_name": "normal",
      "objects": []
    },
    {
      "frame_id": 141,
      "image_path": "frames/2TmFM9p1KF8_004066/images/000141.jpg",
      "accident_id": 0,
      "accident_name": "normal",
      "objects": []
    },
    {
      "frame_id": 142,
      "image_path": "frames/2TmFM9p1KF8_004066/images/000142.jpg",
      "accident_id": 0,
      "accident_name": "normal",
      "objects": []
    },
    {
      "frame_id": 143,
      "image_path": "frames/2TmFM9p1KF8_004066/images/000143.jpg",
      "accident_id": 0,
      "accident_name": "normal",
      "objects": []
    },
    {
      "frame_id": 144,
      "image_path": "frames/2TmFM9p1KF8_004066/images/000144.jpg",
      "accident_id": 0,
      "accident_name": "normal",
      "objects": []
    },
    {
      "frame_id": 145,
      "image_path": "frames/2TmFM9p1KF8_004066/images/000145.jpg",
      "accident_id": 0,
      "accident_name": "normal",
      "objects": []
    },
    {
      "frame_id": 146,
      "image_path": "frames/2TmFM9p1KF8_004066/images/000146.jpg",
      "accident_id": 0,
      "accident_name": "normal",
      "objects": []
    },
    {
      "frame_id": 147,
      "image_path": "frames/2TmFM9p1KF8_004066/images/000147.jpg",
      "accident_id": 0,
      "accident_name": "normal",
      "objects": []
    }
  ]
}