{
  "video_name": "3sGShQb_HwU_003518",
  "channel": "CarCrashesTime",
  "num_frames": 160,
  "ignore": false,
  "ego_involve": false,
  "night": false,
  "anomaly_start": 18,
  "anomaly_end": 58,
  "video_start": 3518,
  "video_end": 3677,
  "accident_id": "2",
  "accident_name": "moving_ahead_or_waiting",
  "labels": [
    {
      "frame_id": 0,
      "image_path": "frames/3sGShQb_HwU_003518/images/000000.jpg",
      "accident_id": 0,
      "accident_name": "normal",
      "objects": []
    },
    {
      "frame_id": 1,
      "image_path": "frames/3sGShQb_HwU_003518/images/000001.jpg",
      "accident_id": 0,
      "accident_name": "normal",
      "objects": []
    },
    {
      "frame_id": 2,
      "image_path": "frames/3sGShQb_HwU_003518/images/000002.jpg",
      "accident_id": 0,
      "accident_name": "normal",
      "objects": []
    },
    {
      "frame_id": 3,
      "image_path": "frames/3sGShQb_HwU_003518/images/000003.jpg",
      "accident_id": 0,
      "accident_name": "normal",
      "objects": []
    },
    {
      "frame_id": 4,
      "image_path": "frames/3sGShQb_HwU_003518/images/000004.jpg",
      "accident_id": 0,
      "accident_name": "normal",
      "objects": []
    },
    {
      "frame_id": 5,
      "image_path": "frames/3sGShQb_HwU_003518/images/000005.jpg",
      "accident_id": 0,
      "accident_name": "normal",
      "objects": []
    },
    {
      "frame_id": 6,
      "image_path": "frames/3sGShQb_HwU_003518/images/000006.jpg",
      "accident_id": 0,
      "accident_name": "normal",
      "objects": []
    },
    {
      "frame_id": 7,
      "image_path": "frames/3sGShQb_HwU_003518/images/000007.jpg",
      "accident_id": 0,
      "accident_name": "normal",
      "objects": []
    },
    {
      "frame_id": 8,
      "image_path": "frames/3sGShQb_HwU_003518/images/000008.jpg",
      "accident_id": 0,
      "accident_name": "normal",
      "objects": []
    },
    {
      "frame_id": 9,
      "image_path": "frames/3sGShQb_HwU_003518/images/000009.jpg",
      "accident_id": 0,
      "accident_name": "normal",
      "objects": []
    },
    {
      "frame_id": 10,
      "image_path": "frames/3sGShQb_HwU_003518/images/000010.jpg",
      "accident_id": 0,
      "accident_name": "normal",
      "objects": []
    },
    {
      "frame_id": 11,
      "image_path": "frames/3sGShQb_HwU_003518/images/000011.jpg",
      "accident_id": 0,
      "accident_name": "normal",
      "objects": []
    },
    {
      "frame_id": 12,
      "image_path": "frames/3sGShQb_HwU_003518/images/000012.jpg",
      "accident_id": 0,
      "accident_name": "normal",
      "objects": []
    },
    {
      "frame_id": 13,
      "image_path": "frames/3sGShQb_HwU_003518/images/000013.jpg",
      "accident_id": 0,
      "accident_name": "normal",
      "objects": []
    },
    {
      "frame_id": 14,
      "image_path": "frames/3sGShQb_HwU_003518/images/000014.jpg",
      "accident_id": 0,
      "accident_name": "normal",
      "objects": []
    },
    {
      "frame_id": 15,
      "image_path": "frames/3sGShQb_HwU_003518/images/000015.jpg",
      "accident_id": 0,
      "accident_name": "normal",
      "objects": []
    },
    {
      "frame_id": 16,
      "image_path": "frames/3sGShQb_HwU_003518/images/000016.jpg",
      "accident_id": 0,
      "accident_name": "normal",
      "objects": []
    },
    {
      "frame_id": 17,
      "image_path": "frames/3sGShQb_HwU_003518/images/000017.jpg",
      "accident_id": 0,
      "accident_name": "normal",
      "objects": []
    },
    {
      "frame_id": 18,
      "image_path": "frames/3sGShQb_HwU_003518/images/000018.jpg",
      "accident_id": 2,
      "accident_name": "moving_ahead_or_waiting",
      "objects": [
        {
          "obj_track_id": 0,
          "bbox": [
            424.8956356736243,
            308.7666034155598,
            618.899430740038,
            474.07969639468695
          ],
          "category": "bus",
          "category ID": 4,
          "trunc": false
        },
        {
          "obj_track_id": 143,
          "bbox": [
            635.2941176470589,
            419.43074003795067,
            673.5483870967743,
            452.22011385199244
          ],
          "category": "car",
          "category ID": 3,
          "trunc": false
        }
      ]
    },
    {
      "frame_id": 19,
      "image_path": "frames/3sGShQb_HwU_003518/images/000019.jpg",
      "accident_id": 2,
      "accident_name": "moving_ahead_or_waiting",
      "objects": [
        {
          "obj_track_id": 0,
          "bbox": [
            430.36053130929787,
            308.7666034155598,
            620.2656546489563,
            474.07969639468695
          ],
          "category": "bus",
          "category ID": 4,
          "trunc": false
        },
        {
          "obj_track_id": 143,
          "bbox": [
            632.5616698292221,
            419.43074003795067,
            672.1821631878558,
            453.58633776091085
          ],
          "category": "car",
          "category ID": 3,
          "trunc": false
        }
      ]
    },
    {
      "frame_id": 20,
      "image_path": "frames/3sGShQb_HwU_003518/images/000020.jpg",
      "accident_id": 2,
      "accident_name": "moving_ahead_or_waiting",
      "objects": [
        {
          "obj_track_id": 0,
          "bbox": [
            430.3605313092979,
            308.7666034155598,
            622.9981024667932,
            474.07969639468695
          ],
          "category": "bus",
          "category ID": 4,
          "trunc": false
        },
        {
          "obj_track_id": 143,
          "bbox": [
            632.5616698292221,
            419.43074003795067,
            670.8159392789374,
            453.58633776091085
          ],
          "category": "car",
          "category ID": 3,
          "trunc": false
        }
      ]
    },
    {
      "frame_id": 21,
      "image_path": "frames/3sGShQb_HwU_003518/images/000021.jpg",
      "accident_id": 2,
      "accident_name": "moving_ahead_or_waiting",
      "objects": [
        {
          "obj_track_id": 0,
          "bbox": [
            433.09297912713475,
            308.7666034155598,
            625.73055028463,
            474.07969639468695
          ],
          "category": "bus",
          "category ID": 4,
          "trunc": false
        },
        {
          "obj_track_id": 143,
          "bbox": [
            629.8292220113852,
            420.45540796963945,
            669.449715370019,
            454.61100569259963
          ],
          "category": "car",
          "category ID": 3,
          "trunc": false
        }
      ]
    },
    {
      "frame_id": 22,
      "image_path": "frames/3sGShQb_HwU_003518/images/000022.jpg",
      "accident_id": 2,
      "accident_name": "moving_ahead_or_waiting",
      "objects": [
        {
          "obj_track_id": 0,
          "bbox": [
            434.45920303605317,
            312.865275142315,
            627.0967741935484,
            474.07969639468695
          ],
          "category": "bus",
          "category ID": 4,
          "trunc": false
        },
        {
          "obj_track_id": 143,
          "bbox": [
            627.0967741935484,
            421.4800759013283,
            668.0834914611006,
            455.6356736242885
          ],
          "category": "car",
          "category ID": 3,
          "trunc": false
        }
      ]
    },
    {
      "frame_id": 23,
      "image_path": "frames/3sGShQb_HwU_003518/images/000023.jpg",
      "accident_id": 2,
      "accident_name": "moving_ahead_or_waiting",
      "objects": [
        {
          "obj_track_id": 0,
          "bbox": [
            435.8254269449716,
            312.865275142315,
            628.4629981024668,
            474.07969639468695
          ],
          "category": "bus",
          "category ID": 4,
          "trunc": false
        },
        {
          "obj_track_id": 143,
          "bbox": [
            622.3515715948778,
            420.76833527357394,
            666.7172675521822,
            456.66034155597725
          ],
          "category": "car",
          "category ID": 3,
          "trunc": false
        }
      ]
    },
    {
      "frame_id": 24,
      "image_path": "frames/3sGShQb_HwU_003518/images/000024.jpg",
      "accident_id": 2,
      "accident_name": "moving_ahead_or_waiting",
      "objects": [
        {
          "obj_track_id": 0,
          "bbox": [
            435.8254269449716,
            314.2314990512334,
            625.73055028463,
            474.07969639468695
          ],
          "category": "bus",
          "category ID": 4,
          "trunc": false
        },
        {
          "obj_track_id": 143,
          "bbox": [
            618.1606519208382,
            421.6065192083818,
            665.3510436432638,
            457.68500948766604
          ],
          "category": "car",
          "category ID": 3,
          "trunc": false
        }
      ]
    },
    {
      "frame_id": 25,
      "image_path": "frames/3sGShQb_HwU_003518/images/000025.jpg",
      "accident_id": 2,
      "accident_name": "moving_ahead_or_waiting",
      "objects": [
        {
          "obj_track_id": 0,
          "bbox": [
            435.8254269449716,
            312.865275142315,
            622.9981024667932,
            474.07969639468695
          ],
          "category": "bus",
          "category ID": 4,
          "trunc": false
        },
        {
          "obj_track_id": 143,
          "bbox": [
            613.9697322467986,
            419.0919674039581,
            661.2523719165085,
            457.68500948766604
          ],
          "category": "car",
          "category ID": 3,
          "trunc": false
        }
      ]
    },
    {
      "frame_id": 26,
      "image_path": "frames/3sGShQb_HwU_003518/images/000026.jpg",
      "accident_id": 2,
      "accident_name": "moving_ahead_or_waiting",
      "objects": [
        {
          "obj_track_id": 0,
          "bbox": [
            435.8254269449716,
            314.9146110056926,
            622.9981024667932,
            474.07969639468695
          ],
          "category": "bus",
          "category ID": 4,
          "trunc": false
        },
        {
          "obj_track_id": 143,
          "bbox": [
            610.6169965075669,
            418.25378346915016,
            658.0645161290323,
            457.68500948766604
          ],
          "category": "car",
          "category ID": 3,
          "trunc": false
        }
      ]
    },
    {
      "frame_id": 27,
      "image_path": "frames/3sGShQb_HwU_003518/images/000027.jpg",
      "accident_id": 2,
      "accident_name": "moving_ahead_or_waiting",
      "objects": [
        {
          "obj_track_id": 0,
          "bbox": [
            435.8254269449716,
            316.96394686907024,
            622.9981024667932,
            474.07969639468695
          ],
          "category": "bus",
          "category ID": 4,
          "trunc": false
        },
        {
          "obj_track_id": 143,
          "bbox": [
            608.9406286379511,
            418.25378346915016,
            654.876660341556,
            457.68500948766604
          ],
          "category": "car",
          "category ID": 3,
          "trunc": false
        }
      ]
    },
    {
      "frame_id": 28,
      "image_path": "frames/3sGShQb_HwU_003518/images/000028.jpg",
      "accident_id": 2,
      "accident_name": "moving_ahead_or_waiting",
      "objects": [
        {
          "obj_track_id": 0,
          "bbox": [
            435.8254269449716,
            319.69639468690707,
            622.9981024667932,
            474.07969639468695
          ],
          "category": "bus",
          "category ID": 4,
          "trunc": false
        },
        {
          "obj_track_id": 143,
          "bbox": [
            603.9115250291036,
            419.930151338766,
            651.6888045540798,
            457.68500948766604
          ],
          "category": "car",
          "category ID": 3,
          "trunc": false
        }
      ]
    },
    {
      "frame_id": 29,
      "image_path": "frames/3sGShQb_HwU_003518/images/000029.jpg",
      "accident_id": 2,
      "accident_name": "moving_ahead_or_waiting",
      "objects": [
        {
          "obj_track_id": 0,
          "bbox": [
            439.92409867172677,
            319.69639468690707,
            622.9981024667932,
            474.07969639468695
          ],
          "category": "bus",
          "category ID": 4,
          "trunc": false
        },
        {
          "obj_track_id": 143,
          "bbox": [
            597.2060535506403,
            421.6065192083818,
            644.8576850094877,
            457.68500948766604
          ],
          "category": "car",
          "category ID": 3,
          "trunc": false
        }
      ]
    },
    {
      "frame_id": 30,
      "image_path": "frames/3sGShQb_HwU_003518/images/000030.jpg",
      "accident_id": 2,
      "accident_name": "moving_ahead_or_waiting",
      "objects": [
        {
          "obj_track_id": 0,
          "bbox": [
            440.7438330170778,
            319.69639468690707,
            622.9981024667932,
            474.07969639468695
          ],
          "category": "bus",
          "category ID": 4,
          "trunc": false
        },
        {
          "obj_track_id": 143,
          "bbox": [
            602.2351571594878,
            423.28288707799766,
            645.8823529411765,
            458.1973434535104
          ],
          "category": "car",
          "category ID": 3,
          "trunc": false
        }
      ]
    },
    {
      "frame_id": 31,
      "image_path": "frames/3sGShQb_HwU_003518/images/000031.jpg",
      "accident_id": 2,
      "accident_name": "moving_ahead_or_waiting",
      "objects": [
        {
          "obj_track_id": 0,
          "bbox": [
            441.56356736242884,
            319.69639468690707,
            622.9981024667932,
            474.07969639468695
          ],
          "category": "bus",
          "category ID": 4,
          "trunc": false
        },
        {
          "obj_track_id": 143,
          "bbox": [
            603.9115250291036,
            421.6065192083818,
            646.9070208728654,
            458.7096774193549
          ],
          "category": "car",
          "category ID": 3,
          "trunc": false
        }
      ]
    },
    {
      "frame_id": 32,
      "image_path": "frames/3sGShQb_HwU_003518/images/000032.jpg",
      "accident_id": 2,
      "accident_name": "moving_ahead_or_waiting",
      "objects": [
        {
          "obj_track_id": 0,
          "bbox": [
            442.38330170777994,
            320.186263096624,
            622.9981024667932,
            474.07969639468695
          ],
          "category": "bus",
          "category ID": 4,
          "trunc": false
        },
        {
          "obj_track_id": 143,
          "bbox": [
            601.3969732246799,
            422.44470314318977,
            647.9316888045541,
            459.22201138519927
          ],
          "category": "car",
          "category ID": 3,
          "trunc": false
        }
      ]
    },
    {
      "frame_id": 33,
      "image_path": "frames/3sGShQb_HwU_003518/images/000033.jpg",
      "accident_id": 2,
      "accident_name": "moving_ahead_or_waiting",
      "objects": [
        {
          "obj_track_id": 0,
          "bbox": [
            443.203036053131,
            321.8626309662398,
            622.9981024667932,
            474.07969639468695
          ],
          "category": "bus",
          "category ID": 4,
          "trunc": false
        },
        {
          "obj_track_id": 143,
          "bbox": [
            602.2351571594878,
            420.76833527357394,
            648.9563567362429,
            459.73434535104366
          ],
          "category": "car",
          "category ID": 3,
          "trunc": false
        }
      ]
    },
    {
      "frame_id": 34,
      "image_path": "frames/3sGShQb_HwU_003518/images/000034.jpg",
      "accident_id": 2,
      "accident_name": "moving_ahead_or_waiting",
      "objects": [
        {
          "obj_track_id": 0,
          "bbox": [
            444.022770398482,
            321.8626309662398,
            622.9981024667932,
            474.07969639468695
          ],
          "category": "bus",
          "category ID": 4,
          "trunc": false
        },
        {
          "obj_track_id": 143,
          "bbox": [
            601.3969732246799,
            422.44470314318977,
            649.9810246679317,
            460.24667931688805
          ],
          "category": "car",
          "category ID": 3,
          "trunc": false
        }
      ]
    },
    {
      "frame_id": 35,
      "image_path": "frames/3sGShQb_HwU_003518/images/000035.jpg",
      "accident_id": 2,
      "accident_name": "moving_ahead_or_waiting",
      "objects": [
        {
          "obj_track_id": 0,
          "bbox": [
            446.75521821631884,
            321.8626309662398,
            624.8197343453511,
            473.5332068311196
          ],
          "category": "bus",
          "category ID": 4,
          "trunc": false
        },
        {
          "obj_track_id": 143,
          "bbox": [
            608.1024447031432,
            420.76833527357394,
            651.0056925996205,
            460.75901328273244
          ],
          "category": "car",
          "category ID": 3,
          "trunc": false
        }
      ]
    },
    {
      "frame_id": 36,
      "image_path": "frames/3sGShQb_HwU_003518/images/000036.jpg",
      "accident_id": 2,
      "accident_name": "moving_ahead_or_waiting",
      "objects": [
        {
          "obj_track_id": 0,
          "bbox": [
            449.4876660341556,
            324.3771827706636,
            626.6413662239089,
            472.9867172675522
          ],
          "category": "bus",
          "category ID": 4,
          "trunc": false
        },
        {
          "obj_track_id": 143,
          "bbox": [
            608.9406286379511,
            423.28288707799766,
            652.0303605313094,
            461.2713472485769
          ],
          "category": "car",
          "category ID": 3,
          "trunc": false
        }
      ]
    },
    {
      "frame_id": 37,
      "image_path": "frames/3sGShQb_HwU_003518/images/000037.jpg",
      "accident_id": 2,
      "accident_name": "moving_ahead_or_waiting",
      "objects": [
        {
          "obj_track_id": 0,
          "bbox": [
            452.22011385199244,
            325.21536670547147,
            628.4629981024668,
            472.4402277039849
          ],
          "category": "bus",
          "category ID": 4,
          "trunc": false
        },
        {
          "obj_track_id": 143,
          "bbox": [
            610.6169965075669,
            423.28288707799766,
            653.0550284629982,
            461.7836812144213
          ],
          "category": "car",
          "category ID": 3,
          "trunc": false
        }
      ]
    },
    {
      "frame_id": 38,
      "image_path": "frames/3sGShQb_HwU_003518/images/000038.jpg",
      "accident_id": 2,
      "accident_name": "moving_ahead_or_waiting",
      "objects": [
        {
          "obj_track_id": 0,
          "bbox": [
            454.95256166982927,
            322.9753320683112,
            629.8292220113852,
            471.8937381404175
          ],
          "category": "bus",
          "category ID": 4,
          "trunc": false
        },
        {
          "obj_track_id": 143,
          "bbox": [
            613.9697322467986,
            423.52941176470586,
            654.4212523719166,
            461.7836812144213
          ],
          "category": "car",
          "category ID": 3,
          "trunc": false
        }
      ]
    },
    {
      "frame_id": 39,
      "image_path": "frames/3sGShQb_HwU_003518/images/000039.jpg",
      "accident_id": 2,
      "accident_name": "moving_ahead_or_waiting",
      "objects": [
        {
          "obj_track_id": 0,
          "bbox": [
            457.6850094876661,
            323.79506641366225,
            631.1954459203037,
            471.3472485768501
          ],
          "category": "bus",
          "category ID": 4,
          "trunc": false
        },
        {
          "obj_track_id": 143,
          "bbox": [
            616.4842840512224,
            423.52941176470586,
            655.787476280835,
            461.7836812144213
          ],
          "category": "car",
          "category ID": 3,
          "trunc": false
        }
      ]
    },
    {
      "frame_id": 40,
      "image_path": "frames/3sGShQb_HwU_003518/images/000040.jpg",
      "accident_id": 2,
      "accident_name": "moving_ahead_or_waiting",
      "objects": [
        {
          "obj_track_id": 0,
          "bbox": [
            460.4174573055029,
            324.6148007590133,
            632.5616698292221,
            470.80075901328274
          ],
          "category": "bus",
          "category ID": 4,
          "trunc": false
        },
        {
          "obj_track_id": 143,
          "bbox": [
            617.3224679860302,
            423.52941176470586,
            655.787476280835,
            461.7836812144213
          ],
          "category": "car",
          "category ID": 3,
          "trunc": false
        }
      ]
    },
    {
      "frame_id": 41,
      "image_path": "frames/3sGShQb_HwU_003518/images/000041.jpg",
      "accident_id": 2,
      "accident_name": "moving_ahead_or_waiting",
      "objects": [
        {
          "obj_track_id": 0,
          "bbox": [
            463.1499051233397,
            325.4345351043644,
            633.9278937381405,
            470.2542694497154
          ],
          "category": "bus",
          "category ID": 4,
          "trunc": false
        },
        {
          "obj_track_id": 143,
          "bbox": [
            617.3224679860302,
            423.52941176470586,
            655.787476280835,
            461.7836812144213
          ],
          "category": "car",
          "category ID": 3,
          "trunc": false
        }
      ]
    },
    {
      "frame_id": 42,
      "image_path": "frames/3sGShQb_HwU_003518/images/000042.jpg",
      "accident_id": 2,
      "accident_name": "moving_ahead_or_waiting",
      "objects": [
        {
          "obj_track_id": 0,
          "bbox": [
            465.8823529411765,
            326.2542694497154,
            635.2941176470589,
            469.70777988614805
          ],
          "category": "bus",
          "category ID": 4,
          "trunc": false
        },
        {
          "obj_track_id": 143,
          "bbox": [
            616.4842840512224,
            423.52941176470586,
            655.787476280835,
            461.7836812144213
          ],
          "category": "car",
          "category ID": 3,
          "trunc": false
        }
      ]
    },
    {
      "frame_id": 43,
      "image_path": "frames/3sGShQb_HwU_003518/images/000043.jpg",
      "accident_id": 2,
      "accident_name": "moving_ahead_or_waiting",
      "objects": [
        {
          "obj_track_id": 0,
          "bbox": [
            468.61480075901335,
            327.07400379506646,
            636.6603415559773,
            469.16129032258067
          ],
          "category": "bus",
          "category ID": 4,
          "trunc": false
        },
        {
          "obj_track_id": 143,
          "bbox": [
            620.6752037252619,
            423.52941176470586,
            655.787476280835,
            461.7836812144213
          ],
          "category": "car",
          "category ID": 3,
          "trunc": false
        }
      ]
    },
    {
      "frame_id": 44,
      "image_path": "frames/3sGShQb_HwU_003518/images/000044.jpg",
      "accident_id": 2,
      "accident_name": "moving_ahead_or_waiting",
      "objects": [
        {
          "obj_track_id": 0,
          "bbox": [
            471.3472485768502,
            327.8937381404175,
            638.0265654648957,
            468.6148007590133
          ],
          "category": "bus",
          "category ID": 4,
          "trunc": false
        },
        {
          "obj_track_id": 143,
          "bbox": [
            619.8370197904541,
            423.52941176470586,
            655.787476280835,
            461.7836812144213
          ],
          "category": "car",
          "category ID": 3,
          "trunc": false
        }
      ]
    },
    {
      "frame_id": 45,
      "image_path": "frames/3sGShQb_HwU_003518/images/000045.jpg",
      "accident_id": 2,
      "accident_name": "moving_ahead_or_waiting",
      "objects": [
        {
          "obj_track_id": 0,
          "bbox": [
            473.16888045540804,
            327.8937381404175,
            638.0265654648957,
            468.6148007590133
          ],
          "category": "bus",
          "category ID": 4,
          "trunc": false
        },
        {
          "obj_track_id": 143,
          "bbox": [
            619.8370197904541,
            423.52941176470586,
            655.787476280835,
            461.7836812144213
          ],
          "category": "car",
          "category ID": 3,
          "trunc": false
        }
      ]
    },
    {
      "frame_id": 46,
      "image_path": "frames/3sGShQb_HwU_003518/images/000046.jpg",
      "accident_id": 2,
      "accident_name": "moving_ahead_or_waiting",
      "objects": [
        {
          "obj_track_id": 0,
          "bbox": [
            474.9905123339659,
            327.8937381404175,
            638.0265654648957,
            468.6148007590133
          ],
          "category": "bus",
          "category ID": 4,
          "trunc": false
        },
        {
          "obj_track_id": 143,
          "bbox": [
            619.8370197904541,
            423.52941176470586,
            655.787476280835,
            461.7836812144213
          ],
          "category": "car",
          "category ID": 3,
          "trunc": false
        }
      ]
    },
    {
      "frame_id": 47,
      "image_path": "frames/3sGShQb_HwU_003518/images/000047.jpg",
      "accident_id": 2,
      "accident_name": "moving_ahead_or_waiting",
      "objects": [
        {
          "obj_track_id": 0,
          "bbox": [
            476.8121442125238,
            327.8937381404175,
            638.0265654648957,
            468.6148007590133
          ],
          "category": "bus",
          "category ID": 4,
          "trunc": false
        },
        {
          "obj_track_id": 143,
          "bbox": [
            619.8370197904541,
            423.52941176470586,
            655.787476280835,
            461.7836812144213
          ],
          "category": "car",
          "category ID": 3,
          "trunc": false
        }
      ]
    },
    {
      "frame_id": 48,
      "image_path": "frames/3sGShQb_HwU_003518/images/000048.jpg",
      "accident_id": 2,
      "accident_name": "moving_ahead_or_waiting",
      "objects": [
        {
          "obj_track_id": 0,
          "bbox": [
            478.1783681214422,
            327.8937381404175,
            637.4800759013284,
            468.6148007590133
          ],
          "category": "bus",
          "category ID": 4,
          "trunc": false
        },
        {
          "obj_track_id": 143,
          "bbox": [
            618.1606519208382,
            423.52941176470586,
            655.787476280835,
            461.7836812144213
          ],
          "category": "car",
          "category ID": 3,
          "trunc": false
        }
      ]
    },
    {
      "frame_id": 49,
      "image_path": "frames/3sGShQb_HwU_003518/images/000049.jpg",
      "accident_id": 2,
      "accident_name": "moving_ahead_or_waiting",
      "objects": [
        {
          "obj_track_id": 0,
          "bbox": [
            479.5445920303606,
            327.8937381404175,
            636.933586337761,
            468.6148007590133
          ],
          "category": "bus",
          "category ID": 4,
          "trunc": false
        },
        {
          "obj_track_id": 143,
          "bbox": [
            619.8370197904541,
            423.52941176470586,
            655.787476280835,
            461.7836812144213
          ],
          "category": "car",
          "category ID": 3,
          "trunc": false
        }
      ]
    },
    {
      "frame_id": 50,
      "image_path": "frames/3sGShQb_HwU_003518/images/000050.jpg",
      "accident_id": 2,
      "accident_name": "moving_ahead_or_waiting",
      "objects": [
        {
          "obj_track_id": 0,
          "bbox": [
            480.91081593927896,
            327.8937381404175,
            636.3870967741937,
            468.6148007590133
          ],
          "category": "bus",
          "category ID": 4,
          "trunc": false
        },
        {
          "obj_track_id": 143,
          "bbox": [
            618.9988358556461,
            423.52941176470586,
            655.787476280835,
            461.7836812144213
          ],
          "category": "car",
          "category ID": 3,
          "trunc": false
        }
      ]
    },
    {
      "frame_id": 51,
      "image_path": "frames/3sGShQb_HwU_003518/images/000051.jpg",
      "accident_id": 2,
      "accident_name": "moving_ahead_or_waiting",
      "objects": [
        {
          "obj_track_id": 0,
          "bbox": [
            482.2770398481974,
            327.8937381404175,
            635.8406072106262,
            468.6148007590133
          ],
          "category": "bus",
          "category ID": 4,
          "trunc": false
        },
        {
          "obj_track_id": 143,
          "bbox": [
            616.4842840512224,
            423.52941176470586,
            655.787476280835,
            461.7836812144213
          ],
          "category": "car",
          "category ID": 3,
          "trunc": false
        }
      ]
    },
    {
      "frame_id": 52,
      "image_path": "frames/3sGShQb_HwU_003518/images/000052.jpg",
      "accident_id": 2,
      "accident_name": "moving_ahead_or_waiting",
      "objects": [
        {
          "obj_track_id": 0,
          "bbox": [
            483.6432637571158,
            327.8937381404175,
            635.2941176470589,
            468.6148007590133
          ],
          "category": "bus",
          "category ID": 4,
          "trunc": false
        },
        {
          "obj_track_id": 143,
          "bbox": [
            618.1606519208382,
            423.52941176470586,
            655.787476280835,
            461.7836812144213
          ],
          "category": "car",
          "category ID": 3,
          "trunc": false
        }
      ]
    },
    {
      "frame_id": 53,
      "image_path": "frames/3sGShQb_HwU_003518/images/000053.jpg",
      "accident_id": 2,
      "accident_name": "moving_ahead_or_waiting",
      "objects": [
        {
          "obj_track_id": 0,
          "bbox": [
            483.6432637571158,
            327.8937381404175,
            635.2941176470589,
            468.6148007590133
          ],
          "category": "bus",
          "category ID": 4,
          "trunc": false
        },
        {
          "obj_track_id": 143,
          "bbox": [
            618.9988358556461,
            423.52941176470586,
            655.787476280835,
            461.7836812144213
          ],
          "category": "car",
          "category ID": 3,
          "trunc": false
        }
      ]
    },
    {
      "frame_id": 54,
      "image_path": "frames/3sGShQb_HwU_003518/images/000054.jpg",
      "accident_id": 2,
      "accident_name": "moving_ahead_or_waiting",
      "objects": [
        {
          "obj_track_id": 0,
          "bbox": [
            483.6432637571158,
            327.8937381404175,
            635.2941176470589,
            468.6148007590133
          ],
          "category": "bus",
          "category ID": 4,
          "trunc": false
        },
        {
          "obj_track_id": 143,
          "bbox": [
            618.9988358556461,
            423.52941176470586,
            655.787476280835,
            461.7836812144213
          ],
          "category": "car",
          "category ID": 3,
          "trunc": false
        }
      ]
    },
    {
      "frame_id": 55,
      "image_path": "frames/3sGShQb_HwU_003518/images/000055.jpg",
      "accident_id": 2,
      "accident_name": "moving_ahead_or_waiting",
      "objects": [
        {
          "obj_track_id": 0,
          "bbox": [
            483.6432637571158,
            327.8937381404175,
            635.2941176470589,
            468.6148007590133
          ],
          "category": "bus",
          "category ID": 4,
          "trunc": false
        },
        {
          "obj_track_id": 143,
          "bbox": [
            617.3224679860302,
            423.52941176470586,
            655.787476280835,
            461.7836812144213
          ],
          "category": "car",
          "category ID": 3,
          "trunc": false
        }
      ]
    },
    {
      "frame_id": 56,
      "image_path": "frames/3sGShQb_HwU_003518/images/000056.jpg",
      "accident_id": 2,
      "accident_name": "moving_ahead_or_waiting",
      "objects": [
        {
          "obj_track_id": 0,
          "bbox": [
            483.6432637571158,
            327.8937381404175,
            635.2941176470589,
            468.6148007590133
          ],
          "category": "bus",
          "category ID": 4,
          "trunc": false
        },
        {
          "obj_track_id": 143,
          "bbox": [
            617.3224679860302,
            423.52941176470586,
            655.787476280835,
            461.7836812144213
          ],
          "category": "car",
          "category ID": 3,
          "trunc": false
        }
      ]
    },
    {
      "frame_id": 57,
      "image_path": "frames/3sGShQb_HwU_003518/images/000057.jpg",
      "accident_id": 2,
      "accident_name": "moving_ahead_or_waiting",
      "objects": [
        {
          "obj_track_id": 143,
          "bbox": [
            622.9981024667932,
            423.52941176470586,
            655.787476280835,
            461.7836812144213
          ],
          "category": "car",
          "category ID": 3,
          "trunc": false
        }
      ]
    },
    {
      "frame_id": 58,
      "image_path": "frames/3sGShQb_HwU_003518/images/000058.jpg",
      "accident_id": 0,
      "accident_name": "normal",
      "objects": []
    },
    {
      "frame_id": 59,
      "image_path": "frames/3sGShQb_HwU_003518/images/000059.jpg",
      "accident_id": 0,
      "accident_name": "normal",
      "objects": []
    },
    {
      "frame_id": 60,
      "image_path": "frames/3sGShQb_HwU_003518/images/000060.jpg",
      "accident_id": 0,
      "accident_name": "normal",
      "objects": []
    },
    {
      "frame_id": 61,
      "image_path": "frames/3sGShQb_HwU_003518/images/000061.jpg",
      "accident_id": 0,
      "accident_name": "normal",
      "objects": []
    },
    {
      "frame_id": 62,
      "image_path": "frames/3sGShQb_HwU_003518/images/000062.jpg",
      "accident_id": 0,
      "accident_name": "normal",
      "objects": []
    },
    {
      "frame_id": 63,
      "image_path": "frames/3sGShQb_HwU_003518/images/000063.jpg",
      "accident_id": 0,
      "accident_name": "normal",
      "objects": []
    },
    {
      "frame_id": 64,
      "image_path": "frames/3sGShQb_HwU_003518/images/000064.jpg",
      "accident_id": 0,
      "accident_name": "normal",
      "objects": []
    },
    {
      "frame_id": 65,
      "image_path": "frames/3sGShQb_HwU_003518/images/000065.jpg",
      "accident_id": 0,
      "accident_name": "normal",
      "objects": []
    },
    {
      "frame_id": 66,
      "image_path": "frames/3sGShQb_HwU_003518/images/000066.jpg",
      "accident_id": 0,
      "accident_name": "normal",
      "objects": []
    },
    {
      "frame_id": 67,
      "image_path": "frames/3sGShQb_HwU_003518/images/000067.jpg",
      "accident_id": 0,
      "accident_name": "normal",
      "objects": []
    },
    {
      "frame_id": 68,
      "image_path": "frames/3sGShQb_HwU_003518/images/000068.jpg",
      "accident_id": 0,
      "accident_name": "normal",
      "objects": []
    },
    {
      "frame_id": 69,
      "image_path": "frames/3sGShQb_HwU_003518/images/000069.jpg",
      "accident_id": 0,
      "accident_name": "normal",
      "objects": []
    },
    {
      "frame_id": 70,
      "image_path": "frames/3sGShQb_HwU_003518/images/000070.jpg",
      "accident_id": 0,
      "accident_name": "normal",
      "objects": []
    },
    {
      "frame_id": 71,
      "image_path": "frames/3sGShQb_HwU_003518/images/000071.jpg",
      "accident_id": 0,
      "accident_name": "normal",
      "objects": []
    },
    {
      "frame_id": 72,
      "image_path": "frames/3sGShQb_HwU_003518/images/000072.jpg",
      "accident_id": 0,
      "accident_name": "normal",
      "objects": []
    },
    {
      "frame_id": 73,
      "image_path": "frames/3sGShQb_HwU_003518/images/000073.jpg",
      "accident_id": 0,
      "accident_name": "normal",
      "objects": []
    },
    {
      "frame_id": 74,
      "image_path": "frames/3sGShQb_HwU_003518/images/000074.jpg",
      "accident_id": 0,
      "accident_name": "normal",
      "objects": []
    },
    {
      "frame_id": 75,
      "image_path": "frames/3sGShQb_HwU_003518/images/000075.jpg",
      "accident_id": 0,
      "accident_name": "normal",
      "objects": []
    },
    {
      "frame_id": 76,
      "image_path": "frames/3sGShQb_HwU_003518/images/000076.jpg",
      "accident_id": 0,
      "accident_name": "normal",
      "objects": []
    },
    {
      "frame_id": 77,
      "image_path": "frames/3sGShQb_HwU_003518/images/000077.jpg",
      "accident_id": 0,
      "accident_name": "normal",
      "objects": []
    },
    {
      "frame_id": 78,
      "image_path": "frames/3sGShQb_HwU_003518/images/000078.jpg",
      "accident_id": 0,
      "accident_name": "normal",
      "objects": []
    },
    {
      "frame_id": 79,
      "image_path": "frames/3sGShQb_HwU_003518/images/000079.jpg",
      "accident_id": 0,
      "accident_name": "normal",
      "objects": []
    },
    {
      "frame_id": 80,
      "image_path": "frames/3sGShQb_HwU_003518/images/000080.jpg",
      "accident_id": 0,
      "accident_name": "normal",
      "objects": []
    },
    {
      "frame_id": 81,
      "image_path": "frames/3sGShQb_HwU_003518/images/000081.jpg",
      "accident_id": 0,
      "accident_name": "normal",
      "objects": []
    },
    {
      "frame_id": 82,
      "image_path": "frames/3sGShQb_HwU_003518/images/000082.jpg",
      "accident_id": 0,
      "accident_name": "normal",
      "objects": []
    },
    {
      "frame_id": 83,
      "image_path": "frames/3sGShQb_HwU_003518/images/000083.jpg",
      "accident_id": 0,
      "accident_name": "normal",
      "objects": []
    },
    {
      "frame_id": 84,
      "image_path": "frames/3sGShQb_HwU_003518/images/000084.jpg",
      "accident_id": 0,
      "accident_name": "normal",
      "objects": []
    },
    {
      "frame_id": 85,
      "image_path": "frames/3sGShQb_HwU_003518/images/000085.jpg",
      "accident_id": 0,
      "accident_name": "normal",
      "objects": []
    },
    {
      "frame_id": 86,
      "image_path": "frames/3sGShQb_HwU_003518/images/000086.jpg",
      "accident_id": 0,
      "accident_name": "normal",
      "objects": []
    },
    {
      "frame_id": 87,
      "image_path": "frames/3sGShQb_HwU_003518/images/000087.jpg",
      "accident_id": 0,
      "accident_name": "normal",
      "objects": []
    },
    {
      "frame_id": 88,
      "image_path": "frames/3sGShQb_HwU_003518/images/000088.jpg",
      "accident_id": 0,
      "accident_name": "normal",
      "objects": []
    },
    {
      "frame_id": 89,
      "image_path": "frames/3sGShQb_HwU_003518/images/000089.jpg",
      "accident_id": 0,
      "accident_name": "normal",
      "objects": []
    },
    {
      "frame_id": 90,
      "image_path": "frames/3sGShQb_HwU_003518/images/000090.jpg",
      "accident_id": 0,
      "accident_name": "normal",
      "objects": []
    },
    {
      "frame_id": 91,
      "image_path": "frames/3sGShQb_HwU_003518/images/000091.jpg",
      "accident_id": 0,
      "accident_name": "normal",
      "objects": []
    },
    {
      "frame_id": 92,
      "image_path": "frames/3sGShQb_HwU_003518/images/000092.jpg",
      "accident_id": 0,
      "accident_name": "normal",
      "objects": []
    },
    {
      "frame_id": 93,
      "image_path": "frames/3sGShQb_HwU_003518/images/000093.jpg",
      "accident_id": 0,
      "accident_name": "normal",
      "objects": []
    },
    {
      "frame_id": 94,
      "image_path": "frames/3sGShQb_HwU_003518/images/000094.jpg",
      "accident_id": 0,
      "accident_name": "normal",
      "objects": []
    },
    {
      "frame_id": 95,
      "image_path": "frames/3sGShQb_HwU_003518/images/000095.jpg",
      "accident_id": 0,
      "accident_name": "normal",
      "objects": []
    },
    {
      "frame_id": 96,
      "image_path": "frames/3sGShQb_HwU_003518/images/000096.jpg",
      "accident_id": 0,
      "accident_name": "normal",
      "objects": []
    },
    {
      "frame_id": 97,
      "image_path": "frames/3sGShQb_HwU_003518/images/000097.jpg",
      "accident_id": 0,
      "accident_name": "normal",
      "objects": []
    },
    {
      "frame_id": 98,
      "image_path": "frames/3sGShQb_HwU_003518/images/000098.jpg",
      "accident_id": 0,
      "accident_name": "normal",
      "objects": []
    },
    {
      "frame_id": 99,
      "image_path": "frames/3sGShQb_HwU_003518/images/000099.jpg",
      "accident_id": 0,
      "accident_name": "normal",
      "objects": []
    },
    {
      "frame_id": 100,
      "image_path": "frames/3sGShQb_HwU_003518/images/000100.jpg",
      "accident_id": 0,
      "accident_name": "normal",
      "objects": []
    },
    {
      "frame_id": 101,
      "image_path": "frames/3sGShQb_HwU_003518/images/000101.jpg",
      "accident_id": 0,
      "accident_name": "normal",
      "objects": []
    },
    {
      "frame_id": 102,
      "image_path": "frames/3sGShQb_HwU_003518/images/000102.jpg",
      "accident_id": 0,
      "accident_name": "normal",
      "objects": []
    },
    {
      "frame_id": 103,
      "image_path": "frames/3sGShQb_HwU_003518/images/000103.jpg",
      "accident_id": 0,
      "accident_name": "normal",
      "objects": []
    },
    {
      "frame_id": 104,
      "image_path": "frames/3sGShQb_HwU_003518/images/000104.jpg",
      "accident_id": 0,
      "accident_name": "normal",
      "objects": []
    },
    {
      "frame_id": 105,
      "image_path": "frames/3sGShQb_HwU_003518/images/000105.jpg",
      "accident_id": 0,
      "accident_name": "normal",
      "objects": []
    },
    {
      "frame_id": 106,
      "image_path": "frames/3sGShQb_HwU_003518/images/000106.jpg",
      "accident_id": 0,
      "accident_name": "normal",
      "objects": []
    },
    {
      "frame_id": 107,
      "image_path": "frames/3sGShQb_HwU_003518/images/000107.jpg",
      "accident_id": 0,
      "accident_name": "normal",
      "objects": []
    },
    {
      "frame_id": 108,
      "image_path": "frames/3sGShQb_HwU_003518/images/000108.jpg",
      "accident_id": 0,
      "accident_name": "normal",
      "objects": []
    },
    {
      "frame_id": 109,
      "image_path": "frames/3sGShQb_HwU_003518/images/000109.jpg",
      "accident_id": 0,
      "accident_name": "normal",
      "objects": []
    },
    {
      "frame_id": 110,
      "image_path": "frames/3sGShQb_HwU_003518/images/000110.jpg",
      "accident_id": 0,
      "accident_name": "normal",
      "objects": []
    },
    {
      "frame_id": 111,
      "image_path": "frames/3sGShQb_HwU_003518/images/000111.jpg",
      "accident_id": 0,
      "accident_name": "normal",
      "objects": []
    },
    {
      "frame_id": 112,
      "image_path": "frames/3sGShQb_HwU_003518/images/000112.jpg",
      "accident_id": 0,
      "accident_name": "normal",
      "objects": []
    },
    {
      "frame_id": 113,
      "image_path": "frames/3sGShQb_HwU_003518/images/000113.jpg",
      "accident_id": 0,
      "accident_name": "normal",
      "objects": []
    },
    {
      "frame_id": 114,
      "image_path": "frames/3sGShQb_HwU_003518/images/000114.jpg",
      "accident_id": 0,
      "accident_name": "normal",
      "objects": []
    },
    {
      "frame_id": 115,
      "image_path": "frames/3sGShQb_HwU_003518/images/000115.jpg",
      "accident_id": 0,
      "accident_name": "normal",
      "objects": []
    },
    {
      "frame_id": 116,
      "image_path": "frames/3sGShQb_HwU_003518/images/000116.jpg",
      "accident_id": 0,
      "accident_name": "normal",
      "objects": []
    },
    {
      "frame_id": 117,
      "image_path": "frames/3sGShQb_HwU_003518/images/000117.jpg",
      "accident_id": 0,
      "accident_name": "normal",
      "objects": []
    },
    {
      "frame_id": 118,
      "image_path": "frames/3sGShQb_HwU_003518/images/000118.jpg",
      "accident_id": 0,
      "accident_name": "normal",
      "objects": []
    },
    {
      "frame_id": 119,
      "image_path": "frames/3sGShQb_HwU_003518/images/000119.jpg",
      "accident_id": 0,
      "accident_name": "normal",
      "objects": []
    },
    {
      "frame_id": 120,
      "image_path": "frames/3sGShQb_HwU_003518/images/000120.jpg",
      "accident_id": 0,
      "accident_name": "normal",
      "objects": []
    },
    {
      "frame_id": 121,
      "image_path": "frames/3sGShQb_HwU_003518/images/000121.jpg",
      "accident_id": 0,
      "accident_name": "normal",
      "objects": []
    },
    {
      "frame_id": 122,
      "image_path": "frames/3sGShQb_HwU_003518/images/000122.jpg",
      "accident_id": 0,
      "accident_name": "normal",
      "objects": []
    },
    {
      "frame_id": 123,
      "image_path": "frames/3sGShQb_HwU_003518/images/000123.jpg",
      "accident_id": 0,
      "accident_name": "normal",
      "objects": []
    },
    {
      "frame_id": 124,
      "image_path": "frames/3sGShQb_HwU_003518/images/000124.jpg",
      "accident_id": 0,
      "accident_name": "normal",
      "objects": []
    },
    {
      "frame_id": 125,
      "image_path": "frames/3sGShQb_HwU_003518/images/000125.jpg",
      "accident_id": 0,
      "accident_name": "normal",
      "objects": []
    },
    {
      "frame_id": 126,
      "image_path": "frames/3sGShQb_HwU_003518/images/000126.jpg",
      "accident_id": 0,
      "accident_name": "normal",
      "objects": []
    },
    {
      "frame_id": 127,
      "image_path": "frames/3sGShQb_HwU_003518/images/000127.jpg",
      "accident_id": 0,
      "accident_name": "normal",
      "objects": []
    },
    {
      "frame_id": 128,
      "image_path": "frames/3sGShQb_HwU_003518/images/000128.jpg",
      "accident_id": 0,
      "accident_name": "normal",
      "objects": []
    },
    {
      "frame_id": 129,
      "image_path": "frames/3sGShQb_HwU_003518/images/000129.jpg",
      "accident_id": 0,
      "accident_name": "normal",
      "objects": []
    },
    {
      "frame_id": 130,
      "image_path": "frames/3sGShQb_HwU_003518/images/000130.jpg",
      "accident_id": 0,
      "accident_name": "normal",
      "objects": []
    },
    {
      "frame_id": 131,
      "image_path": "frames/3sGShQb_HwU_003518/images/000131.jpg",
      "accident_id": 0,
      "accident_name": "normal",
      "objects": []
    },
    {
      "frame_id": 132,
      "image_path": "frames/3sGShQb_HwU_003518/images/000132.jpg",
      "accident_id": 0,
      "accident_name": "normal",
      "objects": []
    },
    {
      "frame_id": 133,
      "image_path": "frames/3sGShQb_HwU_003518/images/000133.jpg",
      "accident_id": 0,
      "accident_name": "normal",
      "objects": []
    },
    {
      "frame_id": 134,
      "image_path": "frames/3sGShQb_HwU_003518/images/000134.jpg",
      "accident_id": 0,
      "accident_name": "normal",
      "objects": []
    },
    {
      "frame_id": 135,
      "image_path": "frames/3sGShQb_HwU_003518/images/000135.jpg",
      "accident_id": 0,
      "accident_name": "normal",
      "objects": []
    },
    {
      "frame_id": 136,
      "image_path": "frames/3sGShQb_HwU_003518/images/000136.jpg",
      "accident_id": 0,
      "accident_name": "normal",
      "objects": []
    },
    {
      "frame_id": 137,
      "image_path": "frames/3sGShQb_HwU_003518/images/000137.jpg",
      "accident_id": 0,
      "accident_name": "normal",
      "objects": []
    },
    {
      "frame_id": 138,
      "image_path": "frames/3sGShQb_HwU_003518/images/000138.jpg",
      "accident_id": 0,
      "accident_name": "normal",
      "objects": []
    },
    {
      "frame_id": 139,
      "image_path": "frames/3sGShQb_HwU_003518/images/000139.jpg",
      "accident_id": 0,
      "accident_name": "normal",
      "objects": []
    },
    {
      "frame_id": 140,
      "image_path": "frames/3sGShQb_HwU_003518/images/000140.jpg",
      "accident_id": 0,
      "accident_name": "normal",
      "objects": []
    },
    {
      "frame_id": 141,
      "image_path": "frames/3sGShQb_HwU_003518/images/000141.jpg",
      "accident_id": 0,
      "accident_name": "normal",
      "objects": []
    },
    {
      "frame_id": 142,
      "image_path": "frames/3sGShQb_HwU_003518/images/000142.jpg",
      "accident_id": 0,
      "accident_name": "normal",
      "objects": []
    },
    {
      "frame_id": 143,
      "image_path": "frames/3sGShQb_HwU_003518/images/000143.jpg",
      "accident_id": 0,
      "accident_name": "normal",
      "objects": []
    },
    {
      "frame_id": 144,
      "image_path": "frames/3sGShQb_HwU_003518/images/000144.jpg",
      "accident_id": 0,
      "accident_name": "normal",
      "objects": []
    },
    {
      "frame_id": 145,
      "image_path": "frames/3sGShQb_HwU_003518/images/000145.jpg",
      "accident_id": 0,
      "accident_name": "normal",
      "objects": []
    },
    {
      "frame_id": 146,
      "image_path": "frames/3sGShQb_HwU_003518/images/000146.jpg",
      "accident_id": 0,
      "accident_name": "normal",
      "objects": []
    },
    {
      "frame_id": 147,
      "image_path": "frames/3sGShQb_HwU_003518/images/000147.jpg",
      "accident_id": 0,
      "accident_name": "normal",
      "objects": []
    },
    {
      "frame_id": 148,
      "image_path": "frames/3sGShQb_HwU_003518/images/000148.jpg",
      "accident_id": 0,
      "accident_name": "normal",
      "objects": []
    },
    {
      "frame_id": 149,
      "image_path": "frames/3sGShQb_HwU_003518/images/000149.jpg",
      "accident_id": 0,
      "accident_name": "normal",
      "objects": []
    },
    {
      "frame_id": 150,
      "image_path": "frames/3sGShQb_HwU_003518/images/000150.jpg",
      "accident_id": 0,
      "accident_name": "normal",
      "objects": []
    },
    {
      "frame_id": 151,
      "image_path": "frames/3sGShQb_HwU_003518/images/000151.jpg",
      "accident_id": 0,
      "accident_name": "normal",
      "objects": []
    },
    {
      "frame_id": 152,
      "image_path": "frames/3sGShQb_HwU_003518/images/000152.jpg",
      "accident_id": 0,
      "accident_name": "normal",
      "objects": []
    },
    {
      "frame_id": 153,
      "image_path": "frames/3sGShQb_HwU_003518/images/000153.jpg",
      "accident_id": 0,
      "accident_name": "normal",
      "objects": []
    },
    {
      "frame_id": 154,
      "image_path": "frames/3sGShQb_HwU_003518/images/000154.jpg",
      "accident_id": 0,
      "accident_name": "normal",
      "objects": []
    },
    {
      "frame_id": 155,
      "image_path": "frames/3sGShQb_HwU_003518/images/000155.jpg",
      "accident_id": 0,
      "accident_name": "normal",
      "objects": []
    },
    {
      "frame_id": 156,
      "image_path": "frames/3sGShQb_HwU_003518/images/000156.jpg",
      "accident_id": 0,
      "accident_name": "normal",
      "objects": []
    },
    {
      "frame_id": 157,
      "image_path": "frames/3sGShQb_HwU_003518/images/000157.jpg",
      "accident_id": 0,
      "accident_name": "normal",
      "objects": []
    },
    {
      "frame_id": 158,
      "image_path": "frames/3sGShQb_HwU_003518/images/000158.jpg",
      "accident_id": 0,
      "accident_name": "normal",
      "objects": []
    },
    {
      "frame_id": 159,
      "image_path": "frames/3sGShQb_HwU_003518/images/000159.jpg",
      "accident_id": 0,
      "accident_name": "normal",
      "objects": []
    }
  ]
}