{
  "video_name": "3Sqeb-l1RPA_000361",
  "channel": "AnAn",
  "num_frames": 159,
  "ignore": false,
  "ego_involve": false,
  "night": false,
  "anomaly_start": 106,
  "anomaly_end": 144,
  "video_start": 361,
  "video_end": 519,
  "accident_id": "3",
  "accident_name": "lateral",
  "labels": [
    {
      "frame_id": 0,
      "image_path": "frames/3Sqeb-l1RPA_000361/images/000000.jpg",
      "accident_id": 0,
      "accident_name": "normal",
      "objects": []
    },
    {
      "frame_id": 1,
      "image_path": "frames/3Sqeb-l1RPA_000361/images/000001.jpg",
      "accident_id": 0,
      "accident_name": "normal",
      "objects": []
    },
    {
      "frame_id": 2,
      "image_path": "frames/3Sqeb-l1RPA_000361/images/000002.jpg",
      "accident_id": 0,
      "accident_name": "normal",
      "objects": []
    },
    {
      "frame_id": 3,
      "image_path": "frames/3Sqeb-l1RPA_000361/images/000003.jpg",
      "accident_id": 0,
      "accident_name": "normal",
      "objects": []
    },
    {
      "frame_id": 4,
      "image_path": "frames/3Sqeb-l1RPA_000361/images/000004.jpg",
      "accident_id": 0,
      "accident_name": "normal",
      "objects": []
    },
    {
      "frame_id": 5,
      "image_path": "frames/3Sqeb-l1RPA_000361/images/000005.jpg",
      "accident_id": 0,
      "accident_name": "normal",
      "objects": []
    },
    {
      "frame_id": 6,
      "image_path": "frames/3Sqeb-l1RPA_000361/images/000006.jpg",
      "accident_id": 0,
      "accident_name": "normal",
      "objects": []
    },
    {
      "frame_id": 7,
      "image_path": "frames/3Sqeb-l1RPA_000361/images/000007.jpg",
      "accident_id": 0,
      "accident_name": "normal",
      "objects": []
    },
    {
      "frame_id": 8,
      "image_path": "frames/3Sqeb-l1RPA_000361/images/000008.jpg",
      "accident_id": 0,
      "accident_name": "normal",
      "objects": []
    },
    {
      "frame_id": 9,
      "image_path": "frames/3Sqeb-l1RPA_000361/images/000009.jpg",
      "accident_id": 0,
      "accident_name": "normal",
      "objects": []
    },
    {
      "frame_id": 10,
      "image_path": "frames/3Sqeb-l1RPA_000361/images/000010.jpg",
      "accident_id": 0,
      "accident_name": "normal",
      "objects": []
    },
    {
      "frame_id": 11,
      "image_path": "frames/3Sqeb-l1RPA_000361/images/000011.jpg",
      "accident_id": 0,
      "accident_name": "normal",
      "objects": []
    },
    {
      "frame_id": 12,
      "image_path": "frames/3Sqeb-l1RPA_000361/images/000012.jpg",
      "accident_id": 0,
      "accident_name": "normal",
      "objects": []
    },
    {
      "frame_id": 13,
      "image_path": "frames/3Sqeb-l1RPA_000361/images/000013.jpg",
      "accident_id": 0,
      "accident_name": "normal",
      "objects": []
    },
    {
      "frame_id": 14,
      "image_path": "frames/3Sqeb-l1RPA_000361/images/000014.jpg",
      "accident_id": 0,
      "accident_name": "normal",
      "objects": []
    },
    {
      "frame_id": 15,
      "image_path": "frames/3Sqeb-l1RPA_000361/images/000015.jpg",
      "accident_id": 0,
      "accident_name": "normal",
      "objects": []
    },
    {
      "frame_id": 16,
      "image_path": "frames/3Sqeb-l1RPA_000361/images/000016.jpg",
      "accident_id": 0,
      "accident_name": "normal",
      "objects": []
    },
    {
      "frame_id": 17,
      "image_path": "frames/3Sqeb-l1RPA_000361/images/000017.jpg",
      "accident_id": 0,
      "accident_name": "normal",
      "objects": []
    },
    {
      "frame_id": 18,
      "image_path": "frames/3Sqeb-l1RPA_000361/images/000018.jpg",
      "accident_id": 0,
      "accident_name": "normal",
      "objects": []
    },
    {
      "frame_id": 19,
      "image_path": "frames/3Sqeb-l1RPA_000361/images/000019.jpg",
      "accident_id": 0,
      "accident_name": "normal",
      "objects": []
    },
    {
      "frame_id": 20,
      "image_path": "frames/3Sqeb-l1RPA_000361/images/000020.jpg",
      "accident_id": 0,
      "accident_name": "normal",
      "objects": []
    },
    {
      "frame_id": 21,
      "image_path": "frames/3Sqeb-l1RPA_000361/images/000021.jpg",
      "accident_id": 0,
      "accident_name": "normal",
      "objects": []
    },
    {
      "frame_id": 22,
      "image_path": "frames/3Sqeb-l1RPA_000361/images/000022.jpg",
      "accident_id": 0,
      "accident_name": "normal",
      "objects": []
    },
    {
      "frame_id": 23,
      "image_path": "frames/3Sqeb-l1RPA_000361/images/000023.jpg",
      "accident_id": 0,
      "accident_name": "normal",
      "objects": []
    },
    {
      "frame_id": 24,
      "image_path": "frames/3Sqeb-l1RPA_000361/images/000024.jpg",
      "accident_id": 0,
      "accident_name": "normal",
      "objects": []
    },
    {
      "frame_id": 25,
      "image_path": "frames/3Sqeb-l1RPA_000361/images/000025.jpg",
      "accident_id": 0,
      "accident_name": "normal",
      "objects": []
    },
    {
      "frame_id": 26,
      "image_path": "frames/3Sqeb-l1RPA_000361/images/000026.jpg",
      "accident_id": 0,
      "accident_name": "normal",
      "objects": []
    },
    {
      "frame_id": 27,
      "image_path": "frames/3Sqeb-l1RPA_000361/images/000027.jpg",
      "accident_id": 0,
      "accident_name": "normal",
      "objects": []
    },
    {
      "frame_id": 28,
      "image_path": "frames/3Sqeb-l1RPA_000361/images/000028.jpg",
      "accident_id": 0,
      "accident_name": "normal",
      "objects": []
    },
    {
      "frame_id": 29,
      "image_path": "frames/3Sqeb-l1RPA_000361/images/000029.jpg",
      "accident_id": 0,
      "accident_name": "normal",
      "objects": []
    },
    {
      "frame_id": 30,
      "image_path": "frames/3Sqeb-l1RPA_000361/images/000030.jpg",
      "accident_id": 0,
      "accident_name": "normal",
      "objects": []
    },
    {
      "frame_id": 31,
      "image_path": "frames/3Sqeb-l1RPA_000361/images/000031.jpg",
      "accident_id": 0,
      "accident_name": "normal",
      "objects": []
    },
    {
      "frame_id": 32,
      "image_path": "frames/3Sqeb-l1RPA_000361/images/000032.jpg",
      "accident_id": 0,
      "accident_name": "normal",
      "objects": []
    },
    {
      "frame_id": 33,
      "image_path": "frames/3Sqeb-l1RPA_000361/images/000033.jpg",
      "accident_id": 0,
      "accident_name": "normal",
      "objects": []
    },
    {
      "frame_id": 34,
      "image_path": "frames/3Sqeb-l1RPA_000361/images/000034.jpg",
      "accident_id": 0,
      "accident_name": "normal",
      "objects": []
    },
    {
      "frame_id": 35,
      "image_path": "frames/3Sqeb-l1RPA_000361/images/000035.jpg",
      "accident_id": 0,
      "accident_name": "normal",
      "objects": []
    },
    {
      "frame_id": 36,
      "image_path": "frames/3Sqeb-l1RPA_000361/images/000036.jpg",
      "accident_id": 0,
      "accident_name": "normal",
      "objects": []
    },
    {
      "frame_id": 37,
      "image_path": "frames/3Sqeb-l1RPA_000361/images/000037.jpg",
      "accident_id": 0,
      "accident_name": "normal",
      "objects": []
    },
    {
      "frame_id": 38,
      "image_path": "frames/3Sqeb-l1RPA_000361/images/000038.jpg",
      "accident_id": 0,
      "accident_name": "normal",
      "objects": []
    },
    {
      "frame_id": 39,
      "image_path": "frames/3Sqeb-l1RPA_000361/images/000039.jpg",
      "accident_id": 0,
      "accident_name": "normal",
      "objects": []
    },
    {
      "frame_id": 40,
      "image_path": "frames/3Sqeb-l1RPA_000361/images/000040.jpg",
      "accident_id": 0,
      "accident_name": "normal",
      "objects": []
    },
    {
      "frame_id": 41,
      "image_path": "frames/3Sqeb-l1RPA_000361/images/000041.jpg",
      "accident_id": 0,
      "accident_name": "normal",
      "objects": []
    },
    {
      "frame_id": 42,
      "image_path": "frames/3Sqeb-l1RPA_000361/images/000042.jpg",
      "accident_id": 0,
      "accident_name": "normal",
      "objects": []
    },
    {
      "frame_id": 43,
      "image_path": "frames/3Sqeb-l1RPA_000361/images/000043.jpg",
      "accident_id": 0,
      "accident_name": "normal",
      "objects": []
    },
    {
      "frame_id": 44,
      "image_path": "frames/3Sqeb-l1RPA_000361/images/000044.jpg",
      "accident_id": 0,
      "accident_name": "normal",
      "objects": []
    },
    {
      "frame_id": 45,
      "image_path": "frames/3Sqeb-l1RPA_000361/images/000045.jpg",
      "accident_id": 0,
      "accident_name": "normal",
      "objects": []
    },
    {
      "frame_id": 46,
      "image_path": "frames/3Sqeb-l1RPA_000361/images/000046.jpg",
      "accident_id": 0,
      "accident_name": "normal",
      "objects": []
    },
    {
      "frame_id": 47,
      "image_path": "frames/3Sqeb-l1RPA_000361/images/000047.jpg",
      "accident_id": 0,
      "accident_name": "normal",
      "objects": []
    },
    {
      "frame_id": 48,
      "image_path": "frames/3Sqeb-l1RPA_000361/images/000048.jpg",
      "accident_id": 0,
      "accident_name": "normal",
      "objects": []
    },
    {
      "frame_id": 49,
      "image_path": "frames/3Sqeb-l1RPA_000361/images/000049.jpg",
      "accident_id": 0,
      "accident_name": "normal",
      "objects": []
    },
    {
      "frame_id": 50,
      "image_path": "frames/3Sqeb-l1RPA_000361/images/000050.jpg",
      "accident_id": 0,
      "accident_name": "normal",
      "objects": []
    },
    {
      "frame_id": 51,
      "image_path": "frames/3Sqeb-l1RPA_000361/images/000051.jpg",
      "accident_id": 0,
      "accident_name": "normal",
      "objects": []
    },
    {
      "frame_id": 52,
      "image_path": "frames/3Sqeb-l1RPA_000361/images/000052.jpg",
      "accident_id": 0,
      "accident_name": "normal",
      "objects": []
    },
    {
      "frame_id": 53,
      "image_path": "frames/3Sqeb-l1RPA_000361/images/000053.jpg",
      "accident_id": 0,
      "accident_name": "normal",
      "objects": []
    },
    {
      "frame_id": 54,
      "image_path": "frames/3Sqeb-l1RPA_000361/images/000054.jpg",
      "accident_id": 0,
      "accident_name": "normal",
      "objects": []
    },
    {
      "frame_id": 55,
      "image_path": "frames/3Sqeb-l1RPA_000361/images/000055.jpg",
      "accident_id": 0,
      "accident_name": "normal",
      "objects": []
    },
    {
      "frame_id": 56,
      "image_path": "frames/3Sqeb-l1RPA_000361/images/000056.jpg",
      "accident_id": 0,
      "accident_name": "normal",
      "objects": []
    },
    {
      "frame_id": 57,
      "image_path": "frames/3Sqeb-l1RPA_000361/images/000057.jpg",
      "accident_id": 0,
      "accident_name": "normal",
      "objects": []
    },
    {
      "frame_id": 58,
      "image_path": "frames/3Sqeb-l1RPA_000361/images/000058.jpg",
      "accident_id": 0,
      "accident_name": "normal",
      "objects": []
    },
    {
      "frame_id": 59,
      "image_path": "frames/3Sqeb-l1RPA_000361/images/000059.jpg",
      "accident_id": 0,
      "accident_name": "normal",
      "objects": []
    },
    {
      "frame_id": 60,
      "image_path": "frames/3Sqeb-l1RPA_000361/images/000060.jpg",
      "accident_id": 0,
      "accident_name": "normal",
      "objects": []
    },
    {
      "frame_id": 61,
      "image_path": "frames/3Sqeb-l1RPA_000361/images/000061.jpg",
      "accident_id": 0,
      "accident_name": "normal",
      "objects": []
    },
    {
      "frame_id": 62,
      "image_path": "frames/3Sqeb-l1RPA_000361/images/000062.jpg",
      "accident_id": 0,
      "accident_name": "normal",
      "objects": []
    },
    {
      "frame_id": 63,
      "image_path": "frames/3Sqeb-l1RPA_000361/images/000063.jpg",
      "accident_id": 0,
      "accident_name": "normal",
      "objects": []
    },
    {
      "frame_id": 64,
      "image_path": "frames/3Sqeb-l1RPA_000361/images/000064.jpg",
      "accident_id": 0,
      "accident_name": "normal",
      "objects": []
    },
    {
      "frame_id": 65,
      "image_path": "frames/3Sqeb-l1RPA_000361/images/000065.jpg",
      "accident_id": 0,
      "accident_name": "normal",
      "objects": []
    },
    {
      "frame_id": 66,
      "image_path": "frames/3Sqeb-l1RPA_000361/images/000066.jpg",
      "accident_id": 0,
      "accident_name": "normal",
      "objects": []
    },
    {
      "frame_id": 67,
      "image_path": "frames/3Sqeb-l1RPA_000361/images/000067.jpg",
      "accident_id": 0,
      "accident_name": "normal",
      "objects": []
    },
    {
      "frame_id": 68,
      "image_path": "frames/3Sqeb-l1RPA_000361/images/000068.jpg",
      "accident_id": 0,
      "accident_name": "normal",
      "objects": []
    },
    {
      "frame_id": 69,
      "image_path": "frames/3Sqeb-l1RPA_000361/images/000069.jpg",
      "accident_id": 0,
      "accident_name": "normal",
      "objects": []
    },
    {
      "frame_id": 70,
      "image_path": "frames/3Sqeb-l1RPA_000361/images/000070.jpg",
      "accident_id": 0,
      "accident_name": "normal",
      "objects": []
    },
    {
      "frame_id": 71,
      "image_path": "frames/3Sqeb-l1RPA_000361/images/000071.jpg",
      "accident_id": 0,
      "accident_name": "normal",
      "objects": []
    },
    {
      "frame_id": 72,
      "image_path": "frames/3Sqeb-l1RPA_000361/images/000072.jpg",
      "accident_id": 0,
      "accident_name": "normal",
      "objects": []
    },
    {
      "frame_id": 73,
      "image_path": "frames/3Sqeb-l1RPA_000361/images/000073.jpg",
      "accident_id": 0,
      "accident_name": "normal",
      "objects": []
    },
    {
      "frame_id": 74,
      "image_path": "frames/3Sqeb-l1RPA_000361/images/000074.jpg",
      "accident_id": 0,
      "accident_name": "normal",
      "objects": []
    },
    {
      "frame_id": 75,
      "image_path": "frames/3Sqeb-l1RPA_000361/images/000075.jpg",
      "accident_id": 0,
      "accident_name": "normal",
      "objects": []
    },
    {
      "frame_id": 76,
      "image_path": "frames/3Sqeb-l1RPA_000361/images/000076.jpg",
      "accident_id": 0,
      "accident_name": "normal",
      "objects": []
    },
    {
      "frame_id": 77,
      "image_path": "frames/3Sqeb-l1RPA_000361/images/000077.jpg",
      "accident_id": 0,
      "accident_name": "normal",
      "objects": []
    },
    {
      "frame_id": 78,
      "image_path": "frames/3Sqeb-l1RPA_000361/images/000078.jpg",
      "accident_id": 0,
      "accident_name": "normal",
      "objects": []
    },
    {
      "frame_id": 79,
      "image_path": "frames/3Sqeb-l1RPA_000361/images/000079.jpg",
      "accident_id": 0,
      "accident_name": "normal",
      "objects": []
    },
    {
      "frame_id": 80,
      "image_path": "frames/3Sqeb-l1RPA_000361/images/000080.jpg",
      "accident_id": 0,
      "accident_name": "normal",
      "objects": []
    },
    {
      "frame_id": 81,
      "image_path": "frames/3Sqeb-l1RPA_000361/images/000081.jpg",
      "accident_id": 0,
      "accident_name": "normal",
      "objects": []
    },
    {
      "frame_id": 82,
      "image_path": "frames/3Sqeb-l1RPA_000361/images/000082.jpg",
      "accident_id": 0,
      "accident_name": "normal",
      "objects": []
    },
    {
      "frame_id": 83,
      "image_path": "frames/3Sqeb-l1RPA_000361/images/000083.jpg",
      "accident_id": 0,
      "accident_name": "normal",
      "objects": []
    },
    {
      "frame_id": 84,
      "image_path": "frames/3Sqeb-l1RPA_000361/images/000084.jpg",
      "accident_id": 0,
      "accident_name": "normal",
      "objects": []
    },
    {
      "frame_id": 85,
      "image_path": "frames/3Sqeb-l1RPA_000361/images/000085.jpg",
      "accident_id": 0,
      "accident_name": "normal",
      "objects": []
    },
    {
      "frame_id": 86,
      "image_path": "frames/3Sqeb-l1RPA_000361/images/000086.jpg",
      "accident_id": 0,
      "accident_name": "normal",
      "objects": []
    },
    {
      "frame_id": 87,
      "image_path": "frames/3Sqeb-l1RPA_000361/images/000087.jpg",
      "accident_id": 0,
      "accident_name": "normal",
      "objects": []
    },
    {
      "frame_id": 88,
      "image_path": "frames/3Sqeb-l1RPA_000361/images/000088.jpg",
      "accident_id": 0,
      "accident_name": "normal",
      "objects": []
    },
    {
      "frame_id": 89,
      "image_path": "frames/3Sqeb-l1RPA_000361/images/000089.jpg",
      "accident_id": 0,
      "accident_name": "normal",
      "objects": []
    },
    {
      "frame_id": 90,
      "image_path": "frames/3Sqeb-l1RPA_000361/images/000090.jpg",
      "accident_id": 0,
      "accident_name": "normal",
      "objects": []
    },
    {
      "frame_id": 91,
      "image_path": "frames/3Sqeb-l1RPA_000361/images/000091.jpg",
      "accident_id": 0,
      "accident_name": "normal",
      "objects": []
    },
    {
      "frame_id": 92,
      "image_path": "frames/3Sqeb-l1RPA_000361/images/000092.jpg",
      "accident_id": 0,
      "accident_name": "normal",
      "objects": []
    },
    {
      "frame_id": 93,
      "image_path": "frames/3Sqeb-l1RPA_000361/images/000093.jpg",
      "accident_id": 0,
      "accident_name": "normal",
      "objects": []
    },
    {
      "frame_id": 94,
      "image_path": "frames/3Sqeb-l1RPA_000361/images/000094.jpg",
      "accident_id": 0,
      "accident_name": "normal",
      "objects": []
    },
    {
      "frame_id": 95,
      "image_path": "frames/3Sqeb-l1RPA_000361/images/000095.jpg",
      "accident_id": 0,
      "accident_name": "normal",
      "objects": []
    },
    {
      "frame_id": 96,
      "image_path": "frames/3Sqeb-l1RPA_000361/images/000096.jpg",
      "accident_id": 0,
      "accident_name": "normal",
      "objects": []
    },
    {
      "frame_id": 97,
      "image_path": "frames/3Sqeb-l1RPA_000361/images/000097.jpg",
      "accident_id": 0,
      "accident_name": "normal",
      "objects": []
    },
    {
      "frame_id": 98,
      "image_path": "frames/3Sqeb-l1RPA_000361/images/000098.jpg",
      "accident_id": 0,
      "accident_name": "normal",
      "objects": []
    },
    {
      "frame_id": 99,
      "image_path": "frames/3Sqeb-l1RPA_000361/images/000099.jpg",
      "accident_id": 0,
      "accident_name": "normal",
      "objects": []
    },
    {
      "frame_id": 100,
      "image_path": "frames/3Sqeb-l1RPA_000361/images/000100.jpg",
      "accident_id": 0,
      "accident_name": "normal",
      "objects": []
    },
    {
      "frame_id": 101,
      "image_path": "frames/3Sqeb-l1RPA_000361/images/000101.jpg",
      "accident_id": 0,
      "accident_name": "normal",
      "objects": []
    },
    {
      "frame_id": 102,
      "image_path": "frames/3Sqeb-l1RPA_000361/images/000102.jpg",
      "accident_id": 0,
      "accident_name": "normal",
      "objects": []
    },
    {
      "frame_id": 103,
      "image_path": "frames/3Sqeb-l1RPA_000361/images/000103.jpg",
      "accident_id": 0,
      "accident_name": "normal",
      "objects": []
    },
    {
      "frame_id": 104,
      "image_path": "frames/3Sqeb-l1RPA_000361/images/000104.jpg",
      "accident_id": 0,
      "accident_name": "normal",
      "objects": []
    },
    {
      "frame_id": 105,
      "image_path": "frames/3Sqeb-l1RPA_000361/images/000105.jpg",
      "accident_id": 0,
      "accident_name": "normal",
      "objects": []
    },
    {
      "frame_id": 106,
      "image_path": "frames/3Sqeb-l1RPA_000361/images/000106.jpg",
      "accident_id": 3,
      "accident_name": "lateral",
      "objects": [
        {
          "obj_track_id": 0,
          "bbox": [
            621.8181818181818,
            378.1818181818182,
            746.4935064935065,
            458.1818181818182
          ],
          "category": "car",
          "category ID": 3,
          "trunc": false
        },
        {
          "obj_track_id": 150,
          "bbox": [
            441.038961038961,
            379.2207792207792,
            616.6233766233767,
            513.2467532467532
          ],
          "category": "car",
          "category ID": 3,
          "trunc": false
        }
      ]
    },
    {
      "frame_id": 107,
      "image_path": "frames/3Sqeb-l1RPA_000361/images/000107.jpg",
      "accident_id": 3,
      "accident_name": "lateral",
      "objects": [
        {
          "obj_track_id": 0,
          "bbox": [
            620.08658008658,
            378.1818181818182,
            742.3376623376623,
            459.2207792207792
          ],
          "category": "car",
          "category ID": 3,
          "trunc": false
        },
        {
          "obj_track_id": 150,
          "bbox": [
            444.67532467532465,
            379.2207792207792,
            616.6233766233767,
            511.16883116883116
          ],
          "category": "car",
          "category ID": 3,
          "trunc": false
        }
      ]
    },
    {
      "frame_id": 108,
      "image_path": "frames/3Sqeb-l1RPA_000361/images/000108.jpg",
      "accident_id": 3,
      "accident_name": "lateral",
      "objects": [
        {
          "obj_track_id": 0,
          "bbox": [
            618.3549783549784,
            378.1818181818182,
            738.1818181818182,
            460.2597402597403
          ],
          "category": "car",
          "category ID": 3,
          "trunc": false
        },
        {
          "obj_track_id": 150,
          "bbox": [
            448.3116883116883,
            379.2207792207792,
            616.6233766233767,
            509.09090909090907
          ],
          "category": "car",
          "category ID": 3,
          "trunc": false
        }
      ]
    },
    {
      "frame_id": 109,
      "image_path": "frames/3Sqeb-l1RPA_000361/images/000109.jpg",
      "accident_id": 3,
      "accident_name": "lateral",
      "objects": [
        {
          "obj_track_id": 0,
          "bbox": [
            616.6233766233767,
            378.1818181818182,
            734.025974025974,
            461.2987012987013
          ],
          "category": "car",
          "category ID": 3,
          "trunc": true
        },
        {
          "obj_track_id": 150,
          "bbox": [
            451.94805194805195,
            379.2207792207792,
            616.6233766233767,
            507.01298701298697
          ],
          "category": "car",
          "category ID": 3,
          "trunc": false
        }
      ]
    },
    {
      "frame_id": 110,
      "image_path": "frames/3Sqeb-l1RPA_000361/images/000110.jpg",
      "accident_id": 3,
      "accident_name": "lateral",
      "objects": [
        {
          "obj_track_id": 0,
          "bbox": [
            616.6233766233767,
            378.1818181818182,
            729.3506493506493,
            460.2597402597403
          ],
          "category": "car",
          "category ID": 3,
          "trunc": true
        },
        {
          "obj_track_id": 150,
          "bbox": [
            455.5844155844156,
            379.2207792207792,
            616.6233766233767,
            504.93506493506493
          ],
          "category": "car",
          "category ID": 3,
          "trunc": false
        }
      ]
    },
    {
      "frame_id": 111,
      "image_path": "frames/3Sqeb-l1RPA_000361/images/000111.jpg",
      "accident_id": 3,
      "accident_name": "lateral",
      "objects": [
        {
          "obj_track_id": 0,
          "bbox": [
            616.6233766233767,
            378.1818181818182,
            724.6753246753246,
            459.2207792207792
          ],
          "category": "car",
          "category ID": 3,
          "trunc": true
        },
        {
          "obj_track_id": 150,
          "bbox": [
            456.6233766233766,
            379.2207792207792,
            616.6233766233767,
            503.54978354978357
          ],
          "category": "car",
          "category ID": 3,
          "trunc": false
        }
      ]
    },
    {
      "frame_id": 112,
      "image_path": "frames/3Sqeb-l1RPA_000361/images/000112.jpg",
      "accident_id": 3,
      "accident_name": "lateral",
      "objects": [
        {
          "obj_track_id": 0,
          "bbox": [
            611.948051948052,
            377.1428571428571,
            720.0,
            458.18181818181813
          ],
          "category": "car",
          "category ID": 3,
          "trunc": true
        },
        {
          "obj_track_id": 150,
          "bbox": [
            457.6623376623377,
            379.2207792207792,
            616.6233766233767,
            502.16450216450215
          ],
          "category": "car",
          "category ID": 3,
          "trunc": false
        }
      ]
    },
    {
      "frame_id": 113,
      "image_path": "frames/3Sqeb-l1RPA_000361/images/000113.jpg",
      "accident_id": 3,
      "accident_name": "lateral",
      "objects": [
        {
          "obj_track_id": 0,
          "bbox": [
            607.2727272727274,
            376.1038961038961,
            715.3246753246754,
            457.1428571428571
          ],
          "category": "car",
          "category ID": 3,
          "trunc": true
        },
        {
          "obj_track_id": 150,
          "bbox": [
            458.7012987012987,
            379.2207792207792,
            616.6233766233767,
            500.7792207792208
          ],
          "category": "car",
          "category ID": 3,
          "trunc": false
        }
      ]
    },
    {
      "frame_id": 114,
      "image_path": "frames/3Sqeb-l1RPA_000361/images/000114.jpg",
      "accident_id": 3,
      "accident_name": "lateral",
      "objects": [
        {
          "obj_track_id": 0,
          "bbox": [
            606.5800865800867,
            376.1038961038961,
            713.2467532467533,
            456.45021645021643
          ],
          "category": "car",
          "category ID": 3,
          "trunc": true
        },
        {
          "obj_track_id": 150,
          "bbox": [
            460.5194805194805,
            379.2207792207792,
            616.6233766233767,
            500.0
          ],
          "category": "car",
          "category ID": 3,
          "trunc": false
        }
      ]
    },
    {
      "frame_id": 115,
      "image_path": "frames/3Sqeb-l1RPA_000361/images/000115.jpg",
      "accident_id": 3,
      "accident_name": "lateral",
      "objects": [
        {
          "obj_track_id": 0,
          "bbox": [
            605.8874458874459,
            376.1038961038961,
            711.1688311688312,
            455.75757575757575
          ],
          "category": "car",
          "category ID": 3,
          "trunc": true
        },
        {
          "obj_track_id": 150,
          "bbox": [
            462.3376623376623,
            379.2207792207792,
            616.6233766233767,
            499.22077922077926
          ],
          "category": "car",
          "category ID": 3,
          "trunc": false
        }
      ]
    },
    {
      "frame_id": 116,
      "image_path": "frames/3Sqeb-l1RPA_000361/images/000116.jpg",
      "accident_id": 3,
      "accident_name": "lateral",
      "objects": [
        {
          "obj_track_id": 0,
          "bbox": [
            605.1948051948052,
            376.1038961038961,
            709.0909090909091,
            455.06493506493507
          ],
          "category": "car",
          "category ID": 3,
          "trunc": true
        },
        {
          "obj_track_id": 150,
          "bbox": [
            464.15584415584414,
            379.2207792207792,
            616.6233766233767,
            498.44155844155847
          ],
          "category": "car",
          "category ID": 3,
          "trunc": false
        }
      ]
    },
    {
      "frame_id": 117,
      "image_path": "frames/3Sqeb-l1RPA_000361/images/000117.jpg",
      "accident_id": 3,
      "accident_name": "lateral",
      "objects": [
        {
          "obj_track_id": 0,
          "bbox": [
            605.1948051948052,
            376.1038961038961,
            706.4935064935065,
            453.5064935064935
          ],
          "category": "car",
          "category ID": 3,
          "trunc": true
        },
        {
          "obj_track_id": 150,
          "bbox": [
            465.97402597402595,
            379.2207792207792,
            616.6233766233767,
            497.6623376623377
          ],
          "category": "car",
          "category ID": 3,
          "trunc": false
        }
      ]
    },
    {
      "frame_id": 118,
      "image_path": "frames/3Sqeb-l1RPA_000361/images/000118.jpg",
      "accident_id": 3,
      "accident_name": "lateral",
      "objects": [
        {
          "obj_track_id": 0,
          "bbox": [
            605.1948051948052,
            376.1038961038961,
            703.8961038961039,
            451.94805194805195
          ],
          "category": "car",
          "category ID": 3,
          "trunc": true
        },
        {
          "obj_track_id": 150,
          "bbox": [
            465.97402597402595,
            379.2207792207792,
            616.6233766233767,
            497.4025974025974
          ],
          "category": "car",
          "category ID": 3,
          "trunc": false
        }
      ]
    },
    {
      "frame_id": 119,
      "image_path": "frames/3Sqeb-l1RPA_000361/images/000119.jpg",
      "accident_id": 3,
      "accident_name": "lateral",
      "objects": [
        {
          "obj_track_id": 0,
          "bbox": [
            605.1948051948052,
            376.1038961038961,
            704.5887445887446,
            451.94805194805195
          ],
          "category": "car",
          "category ID": 3,
          "trunc": true
        },
        {
          "obj_track_id": 150,
          "bbox": [
            465.97402597402595,
            379.2207792207792,
            616.6233766233767,
            497.1428571428571
          ],
          "category": "car",
          "category ID": 3,
          "trunc": false
        }
      ]
    },
    {
      "frame_id": 120,
      "image_path": "frames/3Sqeb-l1RPA_000361/images/000120.jpg",
      "accident_id": 3,
      "accident_name": "lateral",
      "objects": [
        {
          "obj_track_id": 0,
          "bbox": [
            605.1948051948052,
            376.1038961038961,
            705.2813852813853,
            451.94805194805195
          ],
          "category": "car",
          "category ID": 3,
          "trunc": true
        },
        {
          "obj_track_id": 150,
          "bbox": [
            465.97402597402595,
            379.2207792207792,
            616.6233766233767,
            496.8831168831169
          ],
          "category": "car",
          "category ID": 3,
          "trunc": false
        }
      ]
    },
    {
      "frame_id": 121,
      "image_path": "frames/3Sqeb-l1RPA_000361/images/000121.jpg",
      "accident_id": 3,
      "accident_name": "lateral",
      "objects": [
        {
          "obj_track_id": 0,
          "bbox": [
            605.1948051948052,
            376.1038961038961,
            705.974025974026,
            451.94805194805195
          ],
          "category": "car",
          "category ID": 3,
          "trunc": true
        },
        {
          "obj_track_id": 150,
          "bbox": [
            465.97402597402595,
            379.2207792207792,
            616.6233766233767,
            496.6233766233766
          ],
          "category": "car",
          "category ID": 3,
          "trunc": false
        }
      ]
    },
    {
      "frame_id": 122,
      "image_path": "frames/3Sqeb-l1RPA_000361/images/000122.jpg",
      "accident_id": 3,
      "accident_name": "lateral",
      "objects": [
        {
          "obj_track_id": 0,
          "bbox": [
            603.948051948052,
            376.1038961038961,
            706.8051948051948,
            451.94805194805195
          ],
          "category": "car",
          "category ID": 3,
          "trunc": true
        },
        {
          "obj_track_id": 150,
          "bbox": [
            465.97402597402595,
            379.2207792207792,
            614.2857142857143,
            492.2077922077922
          ],
          "category": "car",
          "category ID": 3,
          "trunc": false
        }
      ]
    },
    {
      "frame_id": 123,
      "image_path": "frames/3Sqeb-l1RPA_000361/images/000123.jpg",
      "accident_id": 3,
      "accident_name": "lateral",
      "objects": [
        {
          "obj_track_id": 0,
          "bbox": [
            602.7012987012987,
            376.1038961038961,
            707.6363636363636,
            451.94805194805195
          ],
          "category": "car",
          "category ID": 3,
          "trunc": true
        },
        {
          "obj_track_id": 150,
          "bbox": [
            465.97402597402595,
            379.2207792207792,
            611.9480519480519,
            487.79220779220776
          ],
          "category": "car",
          "category ID": 3,
          "trunc": false
        }
      ]
    },
    {
      "frame_id": 124,
      "image_path": "frames/3Sqeb-l1RPA_000361/images/000124.jpg",
      "accident_id": 3,
      "accident_name": "lateral",
      "objects": [
        {
          "obj_track_id": 0,
          "bbox": [
            601.4545454545455,
            376.1038961038961,
            708.4675324675325,
            451.94805194805195
          ],
          "category": "car",
          "category ID": 3,
          "trunc": true
        },
        {
          "obj_track_id": 150,
          "bbox": [
            465.97402597402595,
            379.2207792207792,
            609.6103896103896,
            483.37662337662334
          ],
          "category": "car",
          "category ID": 3,
          "trunc": false
        }
      ]
    },
    {
      "frame_id": 125,
      "image_path": "frames/3Sqeb-l1RPA_000361/images/000125.jpg",
      "accident_id": 3,
      "accident_name": "lateral",
      "objects": [
        {
          "obj_track_id": 0,
          "bbox": [
            600.2077922077922,
            376.1038961038961,
            709.2987012987013,
            451.94805194805195
          ],
          "category": "car",
          "category ID": 3,
          "trunc": true
        },
        {
          "obj_track_id": 150,
          "bbox": [
            465.97402597402595,
            379.2207792207792,
            607.2727272727273,
            478.9610389610389
          ],
          "category": "car",
          "category ID": 3,
          "trunc": false
        }
      ]
    },
    {
      "frame_id": 126,
      "image_path": "frames/3Sqeb-l1RPA_000361/images/000126.jpg",
      "accident_id": 3,
      "accident_name": "lateral",
      "objects": [
        {
          "obj_track_id": 0,
          "bbox": [
            598.961038961039,
            376.1038961038961,
            710.1298701298701,
            451.94805194805195
          ],
          "category": "car",
          "category ID": 3,
          "trunc": true
        },
        {
          "obj_track_id": 150,
          "bbox": [
            465.97402597402595,
            378.7012987012987,
            604.6753246753246,
            477.9220779220779
          ],
          "category": "car",
          "category ID": 3,
          "trunc": false
        }
      ]
    },
    {
      "frame_id": 127,
      "image_path": "frames/3Sqeb-l1RPA_000361/images/000127.jpg",
      "accident_id": 3,
      "accident_name": "lateral",
      "objects": [
        {
          "obj_track_id": 0,
          "bbox": [
            595.5844155844156,
            376.1038961038961,
            710.1298701298701,
            451.94805194805195
          ],
          "category": "car",
          "category ID": 3,
          "trunc": true
        },
        {
          "obj_track_id": 150,
          "bbox": [
            465.97402597402595,
            378.18181818181813,
            602.077922077922,
            476.8831168831168
          ],
          "category": "car",
          "category ID": 3,
          "trunc": false
        }
      ]
    },
    {
      "frame_id": 128,
      "image_path": "frames/3Sqeb-l1RPA_000361/images/000128.jpg",
      "accident_id": 3,
      "accident_name": "lateral",
      "objects": [
        {
          "obj_track_id": 0,
          "bbox": [
            592.2077922077922,
            376.1038961038961,
            710.1298701298701,
            451.94805194805195
          ],
          "category": "car",
          "category ID": 3,
          "trunc": true
        },
        {
          "obj_track_id": 150,
          "bbox": [
            465.97402597402595,
            377.6623376623376,
            599.4805194805194,
            475.8441558441558
          ],
          "category": "car",
          "category ID": 3,
          "trunc": false
        }
      ]
    },
    {
      "frame_id": 129,
      "image_path": "frames/3Sqeb-l1RPA_000361/images/000129.jpg",
      "accident_id": 3,
      "accident_name": "lateral",
      "objects": [
        {
          "obj_track_id": 0,
          "bbox": [
            588.8311688311688,
            376.1038961038961,
            710.1298701298701,
            451.94805194805195
          ],
          "category": "car",
          "category ID": 3,
          "trunc": true
        },
        {
          "obj_track_id": 150,
          "bbox": [
            465.97402597402595,
            377.1428571428571,
            596.8831168831168,
            474.8051948051948
          ],
          "category": "car",
          "category ID": 3,
          "trunc": false
        }
      ]
    },
    {
      "frame_id": 130,
      "image_path": "frames/3Sqeb-l1RPA_000361/images/000130.jpg",
      "accident_id": 3,
      "accident_name": "lateral",
      "objects": [
        {
          "obj_track_id": 0,
          "bbox": [
            585.4545454545455,
            376.1038961038961,
            710.1298701298701,
            451.94805194805195
          ],
          "category": "car",
          "category ID": 3,
          "trunc": true
        },
        {
          "obj_track_id": 150,
          "bbox": [
            465.97402597402595,
            377.1428571428571,
            591.6883116883116,
            473.07359307359303
          ],
          "category": "car",
          "category ID": 3,
          "trunc": false
        }
      ]
    },
    {
      "frame_id": 131,
      "image_path": "frames/3Sqeb-l1RPA_000361/images/000131.jpg",
      "accident_id": 3,
      "accident_name": "lateral",
      "objects": [
        {
          "obj_track_id": 0,
          "bbox": [
            582.6839826839827,
            376.1038961038961,
            710.1298701298701,
            451.94805194805195
          ],
          "category": "car",
          "category ID": 3,
          "trunc": true
        },
        {
          "obj_track_id": 150,
          "bbox": [
            465.97402597402595,
            377.1428571428571,
            586.4935064935065,
            471.34199134199133
          ],
          "category": "car",
          "category ID": 3,
          "trunc": false
        }
      ]
    },
    {
      "frame_id": 132,
      "image_path": "frames/3Sqeb-l1RPA_000361/images/000132.jpg",
      "accident_id": 3,
      "accident_name": "lateral",
      "objects": [
        {
          "obj_track_id": 0,
          "bbox": [
            579.91341991342,
            376.1038961038961,
            710.1298701298701,
            451.94805194805195
          ],
          "category": "car",
          "category ID": 3,
          "trunc": true
        },
        {
          "obj_track_id": 150,
          "bbox": [
            465.97402597402595,
            377.1428571428571,
            581.2987012987013,
            469.6103896103896
          ],
          "category": "car",
          "category ID": 3,
          "trunc": false
        }
      ]
    },
    {
      "frame_id": 133,
      "image_path": "frames/3Sqeb-l1RPA_000361/images/000133.jpg",
      "accident_id": 3,
      "accident_name": "lateral",
      "objects": [
        {
          "obj_track_id": 0,
          "bbox": [
            577.1428571428571,
            376.1038961038961,
            710.1298701298701,
            451.94805194805195
          ],
          "category": "car",
          "category ID": 3,
          "trunc": true
        },
        {
          "obj_track_id": 150,
          "bbox": [
            463.89610389610385,
            377.1428571428571,
            579.2207792207791,
            469.6103896103896
          ],
          "category": "car",
          "category ID": 3,
          "trunc": false
        }
      ]
    },
    {
      "frame_id": 134,
      "image_path": "frames/3Sqeb-l1RPA_000361/images/000134.jpg",
      "accident_id": 3,
      "accident_name": "lateral",
      "objects": [
        {
          "obj_track_id": 0,
          "bbox": [
            575.3246753246754,
            376.1038961038961,
            709.3506493506494,
            451.94805194805195
          ],
          "category": "car",
          "category ID": 3,
          "trunc": true
        },
        {
          "obj_track_id": 150,
          "bbox": [
            461.8181818181818,
            377.1428571428571,
            577.1428571428571,
            469.6103896103896
          ],
          "category": "car",
          "category ID": 3,
          "trunc": false
        }
      ]
    },
    {
      "frame_id": 135,
      "image_path": "frames/3Sqeb-l1RPA_000361/images/000135.jpg",
      "accident_id": 3,
      "accident_name": "lateral",
      "objects": [
        {
          "obj_track_id": 0,
          "bbox": [
            573.5064935064935,
            376.1038961038961,
            708.5714285714286,
            451.94805194805195
          ],
          "category": "car",
          "category ID": 3,
          "trunc": true
        },
        {
          "obj_track_id": 150,
          "bbox": [
            459.7402597402597,
            377.1428571428571,
            575.0649350649351,
            469.6103896103896
          ],
          "category": "car",
          "category ID": 3,
          "trunc": false
        }
      ]
    },
    {
      "frame_id": 136,
      "image_path": "frames/3Sqeb-l1RPA_000361/images/000136.jpg",
      "accident_id": 3,
      "accident_name": "lateral",
      "objects": [
        {
          "obj_track_id": 0,
          "bbox": [
            571.6883116883116,
            376.1038961038961,
            707.7922077922077,
            451.94805194805195
          ],
          "category": "car",
          "category ID": 3,
          "trunc": true
        },
        {
          "obj_track_id": 150,
          "bbox": [
            458.7012987012987,
            376.79653679653677,
            575.4112554112554,
            471.34199134199133
          ],
          "category": "car",
          "category ID": 3,
          "trunc": false
        }
      ]
    },
    {
      "frame_id": 137,
      "image_path": "frames/3Sqeb-l1RPA_000361/images/000137.jpg",
      "accident_id": 3,
      "accident_name": "lateral",
      "objects": [
        {
          "obj_track_id": 0,
          "bbox": [
            569.8701298701299,
            376.1038961038961,
            707.012987012987,
            451.94805194805195
          ],
          "category": "car",
          "category ID": 3,
          "trunc": true
        },
        {
          "obj_track_id": 150,
          "bbox": [
            457.6623376623377,
            376.45021645021643,
            575.7575757575758,
            473.07359307359303
          ],
          "category": "car",
          "category ID": 3,
          "trunc": false
        }
      ]
    },
    {
      "frame_id": 138,
      "image_path": "frames/3Sqeb-l1RPA_000361/images/000138.jpg",
      "accident_id": 3,
      "accident_name": "lateral",
      "objects": [
        {
          "obj_track_id": 0,
          "bbox": [
            569.8701298701299,
            376.1038961038961,
            707.012987012987,
            451.94805194805195
          ],
          "category": "car",
          "category ID": 3,
          "trunc": true
        },
        {
          "obj_track_id": 150,
          "bbox": [
            456.62337662337666,
            376.1038961038961,
            576.1038961038961,
            474.8051948051948
          ],
          "category": "car",
          "category ID": 3,
          "trunc": false
        }
      ]
    },
    {
      "frame_id": 139,
      "image_path": "frames/3Sqeb-l1RPA_000361/images/000139.jpg",
      "accident_id": 3,
      "accident_name": "lateral",
      "objects": [
        {
          "obj_track_id": 0,
          "bbox": [
            569.8701298701299,
            376.1038961038961,
            707.012987012987,
            451.94805194805195
          ],
          "category": "car",
          "category ID": 3,
          "trunc": true
        },
        {
          "obj_track_id": 150,
          "bbox": [
            455.5844155844156,
            376.1038961038961,
            575.4112554112554,
            475.49783549783547
          ],
          "category": "car",
          "category ID": 3,
          "trunc": false
        }
      ]
    },
    {
      "frame_id": 140,
      "image_path": "frames/3Sqeb-l1RPA_000361/images/000140.jpg",
      "accident_id": 3,
      "accident_name": "lateral",
      "objects": [
        {
          "obj_track_id": 0,
          "bbox": [
            569.8701298701299,
            376.1038961038961,
            707.012987012987,
            451.94805194805195
          ],
          "category": "car",
          "category ID": 3,
          "trunc": true
        },
        {
          "obj_track_id": 150,
          "bbox": [
            454.54545454545456,
            376.1038961038961,
            574.7186147186147,
            476.1904761904762
          ],
          "category": "car",
          "category ID": 3,
          "trunc": false
        }
      ]
    },
    {
      "frame_id": 141,
      "image_path": "frames/3Sqeb-l1RPA_000361/images/000141.jpg",
      "accident_id": 3,
      "accident_name": "lateral",
      "objects": [
        {
          "obj_track_id": 0,
          "bbox": [
            569.8701298701299,
            376.1038961038961,
            707.012987012987,
            451.94805194805195
          ],
          "category": "car",
          "category ID": 3,
          "trunc": true
        },
        {
          "obj_track_id": 150,
          "bbox": [
            453.5064935064935,
            376.1038961038961,
            574.025974025974,
            476.8831168831169
          ],
          "category": "car",
          "category ID": 3,
          "trunc": false
        }
      ]
    },
    {
      "frame_id": 142,
      "image_path": "frames/3Sqeb-l1RPA_000361/images/000142.jpg",
      "accident_id": 3,
      "accident_name": "lateral",
      "objects": [
        {
          "obj_track_id": 0,
          "bbox": [
            569.8701298701299,
            376.1038961038961,
            707.012987012987,
            451.94805194805195
          ],
          "category": "car",
          "category ID": 3,
          "trunc": true
        },
        {
          "obj_track_id": 150,
          "bbox": [
            453.5064935064935,
            376.1038961038961,
            574.025974025974,
            476.8831168831169
          ],
          "category": "car",
          "category ID": 3,
          "trunc": false
        }
      ]
    },
    {
      "frame_id": 143,
      "image_path": "frames/3Sqeb-l1RPA_000361/images/000143.jpg",
      "accident_id": 3,
      "accident_name": "lateral",
      "objects": [
        {
          "obj_track_id": 0,
          "bbox": [
            569.8701298701299,
            376.1038961038961,
            707.012987012987,
            451.94805194805195
          ],
          "category": "car",
          "category ID": 3,
          "trunc": true
        },
        {
          "obj_track_id": 150,
          "bbox": [
            453.5064935064935,
            376.1038961038961,
            574.025974025974,
            476.8831168831169
          ],
          "category": "car",
          "category ID": 3,
          "trunc": false
        }
      ]
    },
    {
      "frame_id": 144,
      "image_path": "frames/3Sqeb-l1RPA_000361/images/000144.jpg",
      "accident_id": 0,
      "accident_name": "normal",
      "objects": []
    },
    {
      "frame_id": 145,
      "image_path": "frames/3Sqeb-l1RPA_000361/images/000145.jpg",
      "accident_id": 0,
      "accident_name": "normal",
      "objects": []
    },
    {
      "frame_id": 146,
      "image_path": "frames/3Sqeb-l1RPA_000361/images/000146.jpg",
      "accident_id": 0,
      "accident_name": "normal",
      "objects": []
    },
    {
      "frame_id": 147,
      "image_path": "frames/3Sqeb-l1RPA_000361/images/000147.jpg",
      "accident_id": 0,
      "accident_name": "normal",
      "objects": []
    },
    {
      "frame_id": 148,
      "image_path": "frames/3Sqeb-l1RPA_000361/images/000148.jpg",
      "accident_id": 0,
      "accident_name": "normal",
      "objects": []
    },
    {
      "frame_id": 149,
      "image_path": "frames/3Sqeb-l1RPA_000361/images/000149.jpg",
      "accident_id": 0,
      "accident_name": "normal",
      "objects": []
    },
    {
      "frame_id": 150,
      "image_path": "frames/3Sqeb-l1RPA_000361/images/000150.jpg",
      "accident_id": 0,
      "accident_name": "normal",
      "objects": []
    },
    {
      "frame_id": 151,
      "image_path": "frames/3Sqeb-l1RPA_000361/images/000151.jpg",
      "accident_id": 0,
      "accident_name": "normal",
      "objects": []
    },
    {
      "frame_id": 152,
      "image_path": "frames/3Sqeb-l1RPA_000361/images/000152.jpg",
      "accident_id": 0,
      "accident_name": "normal",
      "objects": []
    },
    {
      "frame_id": 153,
      "image_path": "frames/3Sqeb-l1RPA_000361/images/000153.jpg",
      "accident_id": 0,
      "accident_name": "normal",
      "objects": []
    },
    {
      "frame_id": 154,
      "image_path": "frames/3Sqeb-l1RPA_000361/images/000154.jpg",
      "accident_id": 0,
      "accident_name": "normal",
      "objects": []
    },
    {
      "frame_id": 155,
      "image_path": "frames/3Sqeb-l1RPA_000361/images/000155.jpg",
      "accident_id": 0,
      "accident_name": "normal",
      "objects": []
    },
    {
      "frame_id": 156,
      "image_path": "frames/3Sqeb-l1RPA_000361/images/000156.jpg",
      "accident_id": 0,
      "accident_name": "normal",
      "objects": []
    },
    {
      "frame_id": 157,
      "image_path": "frames/3Sqeb-l1RPA_000361/images/000157.jpg",
      "accident_id": 0,
      "accident_name": "normal",
      "objects": []
    },
    {
      "frame_id": 158,
      "image_path": "frames/3Sqeb-l1RPA_000361/images/000158.jpg",
      "accident_id": 0,
      "accident_name": "normal",
      "objects": []
    }
  ]
}