{
  "video_name": "3Sqeb-l1RPA_004716",
  "channel": "AnAn",
  "num_frames": 102,
  "ignore": false,
  "ego_involve": false,
  "night": false,
  "anomaly_start": 32,
  "anomaly_end": 74,
  "video_start": 4716,
  "video_end": 4817,
  "accident_id": "8",
  "accident_name": "leave_to_right",
  "labels": [
    {
      "frame_id": 0,
      "image_path": "frames/3Sqeb-l1RPA_004716/images/000000.jpg",
      "accident_id": 0,
      "accident_name": "normal",
      "objects": []
    },
    {
      "frame_id": 1,
      "image_path": "frames/3Sqeb-l1RPA_004716/images/000001.jpg",
      "accident_id": 0,
      "accident_name": "normal",
      "objects": []
    },
    {
      "frame_id": 2,
      "image_path": "frames/3Sqeb-l1RPA_004716/images/000002.jpg",
      "accident_id": 0,
      "accident_name": "normal",
      "objects": []
    },
    {
      "frame_id": 3,
      "image_path": "frames/3Sqeb-l1RPA_004716/images/000003.jpg",
      "accident_id": 0,
      "accident_name": "normal",
      "objects": []
    },
    {
      "frame_id": 4,
      "image_path": "frames/3Sqeb-l1RPA_004716/images/000004.jpg",
      "accident_id": 0,
      "accident_name": "normal",
      "objects": []
    },
    {
      "frame_id": 5,
      "image_path": "frames/3Sqeb-l1RPA_004716/images/000005.jpg",
      "accident_id": 0,
      "accident_name": "normal",
      "objects": []
    },
    {
      "frame_id": 6,
      "image_path": "frames/3Sqeb-l1RPA_004716/images/000006.jpg",
      "accident_id": 0,
      "accident_name": "normal",
      "objects": []
    },
    {
      "frame_id": 7,
      "image_path": "frames/3Sqeb-l1RPA_004716/images/000007.jpg",
      "accident_id": 0,
      "accident_name": "normal",
      "objects": []
    },
    {
      "frame_id": 8,
      "image_path": "frames/3Sqeb-l1RPA_004716/images/000008.jpg",
      "accident_id": 0,
      "accident_name": "normal",
      "objects": []
    },
    {
      "frame_id": 9,
      "image_path": "frames/3Sqeb-l1RPA_004716/images/000009.jpg",
      "accident_id": 0,
      "accident_name": "normal",
      "objects": []
    },
    {
      "frame_id": 10,
      "image_path": "frames/3Sqeb-l1RPA_004716/images/000010.jpg",
      "accident_id": 0,
      "accident_name": "normal",
      "objects": []
    },
    {
      "frame_id": 11,
      "image_path": "frames/3Sqeb-l1RPA_004716/images/000011.jpg",
      "accident_id": 0,
      "accident_name": "normal",
      "objects": []
    },
    {
      "frame_id": 12,
      "image_path": "frames/3Sqeb-l1RPA_004716/images/000012.jpg",
      "accident_id": 0,
      "accident_name": "normal",
      "objects": []
    },
    {
      "frame_id": 13,
      "image_path": "frames/3Sqeb-l1RPA_004716/images/000013.jpg",
      "accident_id": 0,
      "accident_name": "normal",
      "objects": []
    },
    {
      "frame_id": 14,
      "image_path": "frames/3Sqeb-l1RPA_004716/images/000014.jpg",
      "accident_id": 0,
      "accident_name": "normal",
      "objects": []
    },
    {
      "frame_id": 15,
      "image_path": "frames/3Sqeb-l1RPA_004716/images/000015.jpg",
      "accident_id": 0,
      "accident_name": "normal",
      "objects": []
    },
    {
      "frame_id": 16,
      "image_path": "frames/3Sqeb-l1RPA_004716/images/000016.jpg",
      "accident_id": 0,
      "accident_name": "normal",
      "objects": []
    },
    {
      "frame_id": 17,
      "image_path": "frames/3Sqeb-l1RPA_004716/images/000017.jpg",
      "accident_id": 0,
      "accident_name": "normal",
      "objects": []
    },
    {
      "frame_id": 18,
      "image_path": "frames/3Sqeb-l1RPA_004716/images/000018.jpg",
      "accident_id": 0,
      "accident_name": "normal",
      "objects": []
    },
    {
      "frame_id": 19,
      "image_path": "frames/3Sqeb-l1RPA_004716/images/000019.jpg",
      "accident_id": 0,
      "accident_name": "normal",
      "objects": []
    },
    {
      "frame_id": 20,
      "image_path": "frames/3Sqeb-l1RPA_004716/images/000020.jpg",
      "accident_id": 0,
      "accident_name": "normal",
      "objects": []
    },
    {
      "frame_id": 21,
      "image_path": "frames/3Sqeb-l1RPA_004716/images/000021.jpg",
      "accident_id": 0,
      "accident_name": "normal",
      "objects": []
    },
    {
      "frame_id": 22,
      "image_path": "frames/3Sqeb-l1RPA_004716/images/000022.jpg",
      "accident_id": 0,
      "accident_name": "normal",
      "objects": []
    },
    {
      "frame_id": 23,
      "image_path": "frames/3Sqeb-l1RPA_004716/images/000023.jpg",
      "accident_id": 0,
      "accident_name": "normal",
      "objects": []
    },
    {
      "frame_id": 24,
      "image_path": "frames/3Sqeb-l1RPA_004716/images/000024.jpg",
      "accident_id": 0,
      "accident_name": "normal",
      "objects": []
    },
    {
      "frame_id": 25,
      "image_path": "frames/3Sqeb-l1RPA_004716/images/000025.jpg",
      "accident_id": 0,
      "accident_name": "normal",
      "objects": []
    },
    {
      "frame_id": 26,
      "image_path": "frames/3Sqeb-l1RPA_004716/images/000026.jpg",
      "accident_id": 0,
      "accident_name": "normal",
      "objects": []
    },
    {
      "frame_id": 27,
      "image_path": "frames/3Sqeb-l1RPA_004716/images/000027.jpg",
      "accident_id": 0,
      "accident_name": "normal",
      "objects": []
    },
    {
      "frame_id": 28,
      "image_path": "frames/3Sqeb-l1RPA_004716/images/000028.jpg",
      "accident_id": 0,
      "accident_name": "normal",
      "objects": []
    },
    {
      "frame_id": 29,
      "image_path": "frames/3Sqeb-l1RPA_004716/images/000029.jpg",
      "accident_id": 0,
      "accident_name": "normal",
      "objects": []
    },
    {
      "frame_id": 30,
      "image_path": "frames/3Sqeb-l1RPA_004716/images/000030.jpg",
      "accident_id": 0,
      "accident_name": "normal",
      "objects": []
    },
    {
      "frame_id": 31,
      "image_path": "frames/3Sqeb-l1RPA_004716/images/000031.jpg",
      "accident_id": 0,
      "accident_name": "normal",
      "objects": []
    },
    {
      "frame_id": 32,
      "image_path": "frames/3Sqeb-l1RPA_004716/images/000032.jpg",
      "accident_id": 8,
      "accident_name": "leave_to_right",
      "objects": [
        {
          "obj_track_id": 71,
          "bbox": [
            655.8415841584159,
            359.5646916565901,
            728.7128712871288,
            447.1287128712871
          ],
          "category": "truck",
          "category ID": 5,
          "trunc": false
        }
      ]
    },
    {
      "frame_id": 33,
      "image_path": "frames/3Sqeb-l1RPA_004716/images/000033.jpg",
      "accident_id": 8,
      "accident_name": "leave_to_right",
      "objects": [
        {
          "obj_track_id": 71,
          "bbox": [
            660.1716171617162,
            358.52145214521454,
            735.8415841584159,
            447.6039603960396
          ],
          "category": "truck",
          "category ID": 5,
          "trunc": false
        }
      ]
    },
    {
      "frame_id": 34,
      "image_path": "frames/3Sqeb-l1RPA_004716/images/000034.jpg",
      "accident_id": 8,
      "accident_name": "leave_to_right",
      "objects": [
        {
          "obj_track_id": 71,
          "bbox": [
            662.1606160616062,
            360.0704070407041,
            745.3465346534655,
            447.973597359736
          ],
          "category": "truck",
          "category ID": 5,
          "trunc": false
        }
      ]
    },
    {
      "frame_id": 35,
      "image_path": "frames/3Sqeb-l1RPA_004716/images/000035.jpg",
      "accident_id": 8,
      "accident_name": "leave_to_right",
      "objects": [
        {
          "obj_track_id": 71,
          "bbox": [
            664.1496149614961,
            361.6193619361936,
            754.8514851485148,
            448.34323432343234
          ],
          "category": "truck",
          "category ID": 5,
          "trunc": false
        }
      ]
    },
    {
      "frame_id": 36,
      "image_path": "frames/3Sqeb-l1RPA_004716/images/000036.jpg",
      "accident_id": 8,
      "accident_name": "leave_to_right",
      "objects": [
        {
          "obj_track_id": 71,
          "bbox": [
            666.1386138613861,
            363.16831683168317,
            764.3564356435644,
            448.71287128712873
          ],
          "category": "truck",
          "category ID": 5,
          "trunc": false
        }
      ]
    },
    {
      "frame_id": 37,
      "image_path": "frames/3Sqeb-l1RPA_004716/images/000037.jpg",
      "accident_id": 8,
      "accident_name": "leave_to_right",
      "objects": [
        {
          "obj_track_id": 71,
          "bbox": [
            666.1386138613861,
            362.3762376237624,
            777.8217821782179,
            449.5049504950495
          ],
          "category": "truck",
          "category ID": 5,
          "trunc": false
        }
      ]
    },
    {
      "frame_id": 38,
      "image_path": "frames/3Sqeb-l1RPA_004716/images/000038.jpg",
      "accident_id": 8,
      "accident_name": "leave_to_right",
      "objects": [
        {
          "obj_track_id": 71,
          "bbox": [
            671.6039603960396,
            364.3564356435644,
            787.3267326732673,
            449.98019801980206
          ],
          "category": "truck",
          "category ID": 5,
          "trunc": false
        }
      ]
    },
    {
      "frame_id": 39,
      "image_path": "frames/3Sqeb-l1RPA_004716/images/000039.jpg",
      "accident_id": 8,
      "accident_name": "leave_to_right",
      "objects": [
        {
          "obj_track_id": 71,
          "bbox": [
            677.0693069306931,
            366.33663366336634,
            796.8316831683169,
            450.4554455445545
          ],
          "category": "truck",
          "category ID": 5,
          "trunc": false
        }
      ]
    },
    {
      "frame_id": 40,
      "image_path": "frames/3Sqeb-l1RPA_004716/images/000040.jpg",
      "accident_id": 8,
      "accident_name": "leave_to_right",
      "objects": [
        {
          "obj_track_id": 71,
          "bbox": [
            682.5346534653465,
            366.9306930693069,
            809.8019801980198,
            450.9306930693069
          ],
          "category": "truck",
          "category ID": 5,
          "trunc": false
        }
      ]
    },
    {
      "frame_id": 41,
      "image_path": "frames/3Sqeb-l1RPA_004716/images/000041.jpg",
      "accident_id": 8,
      "accident_name": "leave_to_right",
      "objects": [
        {
          "obj_track_id": 71,
          "bbox": [
            688,
            367.5247524752475,
            822.7722772277228,
            451.4059405940594
          ],
          "category": "truck",
          "category ID": 5,
          "trunc": false
        }
      ]
    },
    {
      "frame_id": 42,
      "image_path": "frames/3Sqeb-l1RPA_004716/images/000042.jpg",
      "accident_id": 8,
      "accident_name": "leave_to_right",
      "objects": [
        {
          "obj_track_id": 71,
          "bbox": [
            693.4653465346535,
            368.11881188118815,
            835.7425742574258,
            451.8811881188119
          ],
          "category": "truck",
          "category ID": 5,
          "trunc": false
        }
      ]
    },
    {
      "frame_id": 43,
      "image_path": "frames/3Sqeb-l1RPA_004716/images/000043.jpg",
      "accident_id": 8,
      "accident_name": "leave_to_right",
      "objects": [
        {
          "obj_track_id": 71,
          "bbox": [
            698.9306930693069,
            368.71287128712873,
            848.7128712871288,
            452.3564356435644
          ],
          "category": "truck",
          "category ID": 5,
          "trunc": false
        }
      ]
    },
    {
      "frame_id": 44,
      "image_path": "frames/3Sqeb-l1RPA_004716/images/000044.jpg",
      "accident_id": 8,
      "accident_name": "leave_to_right",
      "objects": [
        {
          "obj_track_id": 71,
          "bbox": [
            704.3960396039604,
            369.3069306930693,
            861.6831683168317,
            452.8316831683169
          ],
          "category": "truck",
          "category ID": 5,
          "trunc": false
        }
      ]
    },
    {
      "frame_id": 45,
      "image_path": "frames/3Sqeb-l1RPA_004716/images/000045.jpg",
      "accident_id": 8,
      "accident_name": "leave_to_right",
      "objects": [
        {
          "obj_track_id": 71,
          "bbox": [
            709.8613861386139,
            369.90099009900996,
            874.6534653465346,
            453.3069306930694
          ],
          "category": "truck",
          "category ID": 5,
          "trunc": false
        }
      ]
    },
    {
      "frame_id": 46,
      "image_path": "frames/3Sqeb-l1RPA_004716/images/000046.jpg",
      "accident_id": 8,
      "accident_name": "leave_to_right",
      "objects": [
        {
          "obj_track_id": 71,
          "bbox": [
            715.3267326732673,
            370.49504950495054,
            887.6237623762377,
            453.78217821782187
          ],
          "category": "truck",
          "category ID": 5,
          "trunc": false
        }
      ]
    },
    {
      "frame_id": 47,
      "image_path": "frames/3Sqeb-l1RPA_004716/images/000047.jpg",
      "accident_id": 8,
      "accident_name": "leave_to_right",
      "objects": [
        {
          "obj_track_id": 71,
          "bbox": [
            720.7920792079208,
            371.0891089108911,
            900.5940594059406,
            454.2574257425743
          ],
          "category": "truck",
          "category ID": 5,
          "trunc": false
        }
      ]
    },
    {
      "frame_id": 48,
      "image_path": "frames/3Sqeb-l1RPA_004716/images/000048.jpg",
      "accident_id": 8,
      "accident_name": "leave_to_right",
      "objects": [
        {
          "obj_track_id": 71,
          "bbox": [
            726.3366336633663,
            371.0891089108911,
            913.2673267326733,
            455.0495049504951
          ],
          "category": "truck",
          "category ID": 5,
          "trunc": false
        }
      ]
    },
    {
      "frame_id": 49,
      "image_path": "frames/3Sqeb-l1RPA_004716/images/000049.jpg",
      "accident_id": 8,
      "accident_name": "leave_to_right",
      "objects": [
        {
          "obj_track_id": 71,
          "bbox": [
            731.8811881188119,
            373.46534653465346,
            928.3168316831684,
            456.63366336633663
          ],
          "category": "truck",
          "category ID": 5,
          "trunc": false
        }
      ]
    },
    {
      "frame_id": 50,
      "image_path": "frames/3Sqeb-l1RPA_004716/images/000050.jpg",
      "accident_id": 8,
      "accident_name": "leave_to_right",
      "objects": [
        {
          "obj_track_id": 71,
          "bbox": [
            738.2178217821782,
            375.0495049504951,
            940.990099009901,
            458.21782178217825
          ],
          "category": "truck",
          "category ID": 5,
          "trunc": false
        }
      ]
    },
    {
      "frame_id": 51,
      "image_path": "frames/3Sqeb-l1RPA_004716/images/000051.jpg",
      "accident_id": 8,
      "accident_name": "leave_to_right",
      "objects": [
        {
          "obj_track_id": 71,
          "bbox": [
            744.5544554455446,
            376.63366336633663,
            952.0792079207921,
            457.42574257425747
          ],
          "category": "truck",
          "category ID": 5,
          "trunc": false
        }
      ]
    },
    {
      "frame_id": 52,
      "image_path": "frames/3Sqeb-l1RPA_004716/images/000052.jpg",
      "accident_id": 8,
      "accident_name": "leave_to_right",
      "objects": [
        {
          "obj_track_id": 71,
          "bbox": [
            755.5217060167556,
            380,
            962.0715917745622,
            458.52246763137856
          ],
          "category": "truck",
          "category ID": 5,
          "trunc": false
        }
      ]
    },
    {
      "frame_id": 53,
      "image_path": "frames/3Sqeb-l1RPA_004716/images/000053.jpg",
      "accident_id": 8,
      "accident_name": "leave_to_right",
      "objects": [
        {
          "obj_track_id": 71,
          "bbox": [
            766.4889565879665,
            383.36633663366337,
            972.0639756283322,
            459.61919268849965
          ],
          "category": "truck",
          "category ID": 5,
          "trunc": false
        }
      ]
    },
    {
      "frame_id": 54,
      "image_path": "frames/3Sqeb-l1RPA_004716/images/000054.jpg",
      "accident_id": 8,
      "accident_name": "leave_to_right",
      "objects": [
        {
          "obj_track_id": 71,
          "bbox": [
            777.4562071591774,
            386.73267326732673,
            982.056359482102,
            460.71591774562074
          ],
          "category": "truck",
          "category ID": 5,
          "trunc": false
        }
      ]
    },
    {
      "frame_id": 55,
      "image_path": "frames/3Sqeb-l1RPA_004716/images/000055.jpg",
      "accident_id": 8,
      "accident_name": "leave_to_right",
      "objects": [
        {
          "obj_track_id": 71,
          "bbox": [
            788.4234577303885,
            390.0990099009901,
            992.0487433358721,
            461.81264280274183
          ],
          "category": "truck",
          "category ID": 5,
          "trunc": false
        }
      ]
    },
    {
      "frame_id": 56,
      "image_path": "frames/3Sqeb-l1RPA_004716/images/000056.jpg",
      "accident_id": 8,
      "accident_name": "leave_to_right",
      "objects": [
        {
          "obj_track_id": 71,
          "bbox": [
            799.3907083015995,
            392.0792079207921,
            1003.3511043412035,
            462.909367859863
          ],
          "category": "truck",
          "category ID": 5,
          "trunc": false
        }
      ]
    },
    {
      "frame_id": 57,
      "image_path": "frames/3Sqeb-l1RPA_004716/images/000057.jpg",
      "accident_id": 8,
      "accident_name": "leave_to_right",
      "objects": [
        {
          "obj_track_id": 71,
          "bbox": [
            810.3579588728104,
            394.05940594059405,
            1014.6534653465347,
            464.0060929169841
          ],
          "category": "truck",
          "category ID": 5,
          "trunc": false
        }
      ]
    },
    {
      "frame_id": 58,
      "image_path": "frames/3Sqeb-l1RPA_004716/images/000058.jpg",
      "accident_id": 8,
      "accident_name": "leave_to_right",
      "objects": [
        {
          "obj_track_id": 71,
          "bbox": [
            821.3252094440213,
            394.17256011315413,
            1024.2715700141443,
            465.10281797410516
          ],
          "category": "truck",
          "category ID": 5,
          "trunc": false
        }
      ]
    },
    {
      "frame_id": 59,
      "image_path": "frames/3Sqeb-l1RPA_004716/images/000059.jpg",
      "accident_id": 8,
      "accident_name": "leave_to_right",
      "objects": [
        {
          "obj_track_id": 71,
          "bbox": [
            832.2924600152323,
            394.2857142857143,
            1033.889674681754,
            466.19954303122626
          ],
          "category": "truck",
          "category ID": 5,
          "trunc": false
        }
      ]
    },
    {
      "frame_id": 60,
      "image_path": "frames/3Sqeb-l1RPA_004716/images/000060.jpg",
      "accident_id": 8,
      "accident_name": "leave_to_right",
      "objects": [
        {
          "obj_track_id": 71,
          "bbox": [
            843.2597105864432,
            394.39886845827436,
            1043.5077793493635,
            467.29626808834735
          ],
          "category": "truck",
          "category ID": 5,
          "trunc": false
        }
      ]
    },
    {
      "frame_id": 61,
      "image_path": "frames/3Sqeb-l1RPA_004716/images/000061.jpg",
      "accident_id": 8,
      "accident_name": "leave_to_right",
      "objects": [
        {
          "obj_track_id": 71,
          "bbox": [
            854.2269611576543,
            394.5120226308345,
            1053.1258840169733,
            468.39299314546844
          ],
          "category": "truck",
          "category ID": 5,
          "trunc": false
        }
      ]
    },
    {
      "frame_id": 62,
      "image_path": "frames/3Sqeb-l1RPA_004716/images/000062.jpg",
      "accident_id": 8,
      "accident_name": "leave_to_right",
      "objects": [
        {
          "obj_track_id": 71,
          "bbox": [
            865.1942117288652,
            394.6251768033946,
            1062.7439886845827,
            469.48971820258953
          ],
          "category": "truck",
          "category ID": 5,
          "trunc": false
        }
      ]
    },
    {
      "frame_id": 63,
      "image_path": "frames/3Sqeb-l1RPA_004716/images/000063.jpg",
      "accident_id": 8,
      "accident_name": "leave_to_right",
      "objects": [
        {
          "obj_track_id": 71,
          "bbox": [
            876.1614623000762,
            394.73833097595474,
            1072.3620933521925,
            470.5864432597107
          ],
          "category": "truck",
          "category ID": 5,
          "trunc": false
        }
      ]
    },
    {
      "frame_id": 64,
      "image_path": "frames/3Sqeb-l1RPA_004716/images/000064.jpg",
      "accident_id": 8,
      "accident_name": "leave_to_right",
      "objects": [
        {
          "obj_track_id": 71,
          "bbox": [
            887.1287128712871,
            394.8514851485148,
            1081.980198019802,
            471.6831683168317
          ],
          "category": "truck",
          "category ID": 5,
          "trunc": false
        }
      ]
    },
    {
      "frame_id": 65,
      "image_path": "frames/3Sqeb-l1RPA_004716/images/000065.jpg",
      "accident_id": 8,
      "accident_name": "leave_to_right",
      "objects": [
        {
          "obj_track_id": 71,
          "bbox": [
            906.9306930693069,
            394.8514851485148,
            1089.90099009901,
            468.51485148514854
          ],
          "category": "truck",
          "category ID": 5,
          "trunc": false
        }
      ]
    },
    {
      "frame_id": 66,
      "image_path": "frames/3Sqeb-l1RPA_004716/images/000066.jpg",
      "accident_id": 8,
      "accident_name": "leave_to_right",
      "objects": [
        {
          "obj_track_id": 71,
          "bbox": [
            918.4158415841584,
            394.45544554455444,
            1099.4059405940595,
            468.91089108910893
          ],
          "category": "truck",
          "category ID": 5,
          "trunc": false
        }
      ]
    },
    {
      "frame_id": 67,
      "image_path": "frames/3Sqeb-l1RPA_004716/images/000067.jpg",
      "accident_id": 8,
      "accident_name": "leave_to_right",
      "objects": [
        {
          "obj_track_id": 71,
          "bbox": [
            929.9009900990098,
            394.05940594059405,
            1108.9108910891089,
            469.3069306930693
          ],
          "category": "truck",
          "category ID": 5,
          "trunc": false
        }
      ]
    },
    {
      "frame_id": 68,
      "image_path": "frames/3Sqeb-l1RPA_004716/images/000068.jpg",
      "accident_id": 8,
      "accident_name": "leave_to_right",
      "objects": [
        {
          "obj_track_id": 71,
          "bbox": [
            941.3861386138612,
            393.66336633663366,
            1121.5841584158416,
            468.11881188118815
          ],
          "category": "truck",
          "category ID": 5,
          "trunc": false
        }
      ]
    },
    {
      "frame_id": 69,
      "image_path": "frames/3Sqeb-l1RPA_004716/images/000069.jpg",
      "accident_id": 8,
      "accident_name": "leave_to_right",
      "objects": [
        {
          "obj_track_id": 71,
          "bbox": [
            952.8712871287128,
            393.2673267326732,
            1134.2574257425742,
            466.9306930693069
          ],
          "category": "truck",
          "category ID": 5,
          "trunc": false
        }
      ]
    },
    {
      "frame_id": 70,
      "image_path": "frames/3Sqeb-l1RPA_004716/images/000070.jpg",
      "accident_id": 8,
      "accident_name": "leave_to_right",
      "objects": [
        {
          "obj_track_id": 71,
          "bbox": [
            962.7722772277227,
            392.8712871287128,
            1137.821782178218,
            467.3267326732673
          ],
          "category": "truck",
          "category ID": 5,
          "trunc": false
        }
      ]
    },
    {
      "frame_id": 71,
      "image_path": "frames/3Sqeb-l1RPA_004716/images/000071.jpg",
      "accident_id": 8,
      "accident_name": "leave_to_right",
      "objects": [
        {
          "obj_track_id": 71,
          "bbox": [
            972.6732673267326,
            392.47524752475243,
            1141.3861386138615,
            467.72277227722776
          ],
          "category": "truck",
          "category ID": 5,
          "trunc": false
        }
      ]
    },
    {
      "frame_id": 72,
      "image_path": "frames/3Sqeb-l1RPA_004716/images/000072.jpg",
      "accident_id": 8,
      "accident_name": "leave_to_right",
      "objects": [
        {
          "obj_track_id": 71,
          "bbox": [
            984.1584158415841,
            392.47524752475243,
            1148.5148514851485,
            467.72277227722776
          ],
          "category": "truck",
          "category ID": 5,
          "trunc": false
        }
      ]
    },
    {
      "frame_id": 73,
      "image_path": "frames/3Sqeb-l1RPA_004716/images/000073.jpg",
      "accident_id": 8,
      "accident_name": "leave_to_right",
      "objects": [
        {
          "obj_track_id": 71,
          "bbox": [
            995.6435643564356,
            392.47524752475243,
            1155.6435643564357,
            467.72277227722776
          ],
          "category": "truck",
          "category ID": 5,
          "trunc": false
        }
      ]
    },
    {
      "frame_id": 74,
      "image_path": "frames/3Sqeb-l1RPA_004716/images/000074.jpg",
      "accident_id": 0,
      "accident_name": "normal",
      "objects": []
    },
    {
      "frame_id": 75,
      "image_path": "frames/3Sqeb-l1RPA_004716/images/000075.jpg",
      "accident_id": 0,
      "accident_name": "normal",
      "objects": []
    },
    {
      "frame_id": 76,
      "image_path": "frames/3Sqeb-l1RPA_004716/images/000076.jpg",
      "accident_id": 0,
      "accident_name": "normal",
      "objects": []
    },
    {
      "frame_id": 77,
      "image_path": "frames/3Sqeb-l1RPA_004716/images/000077.jpg",
      "accident_id": 0,
      "accident_name": "normal",
      "objects": []
    },
    {
      "frame_id": 78,
      "image_path": "frames/3Sqeb-l1RPA_004716/images/000078.jpg",
      "accident_id": 0,
      "accident_name": "normal",
      "objects": []
    },
    {
      "frame_id": 79,
      "image_path": "frames/3Sqeb-l1RPA_004716/images/000079.jpg",
      "accident_id": 0,
      "accident_name": "normal",
      "objects": []
    },
    {
      "frame_id": 80,
      "image_path": "frames/3Sqeb-l1RPA_004716/images/000080.jpg",
      "accident_id": 0,
      "accident_name": "normal",
      "objects": []
    },
    {
      "frame_id": 81,
      "image_path": "frames/3Sqeb-l1RPA_004716/images/000081.jpg",
      "accident_id": 0,
      "accident_name": "normal",
      "objects": []
    },
    {
      "frame_id": 82,
      "image_path": "frames/3Sqeb-l1RPA_004716/images/000082.jpg",
      "accident_id": 0,
      "accident_name": "normal",
      "objects": []
    },
    {
      "frame_id": 83,
      "image_path": "frames/3Sqeb-l1RPA_004716/images/000083.jpg",
      "accident_id": 0,
      "accident_name": "normal",
      "objects": []
    },
    {
      "frame_id": 84,
      "image_path": "frames/3Sqeb-l1RPA_004716/images/000084.jpg",
      "accident_id": 0,
      "accident_name": "normal",
      "objects": []
    },
    {
      "frame_id": 85,
      "image_path": "frames/3Sqeb-l1RPA_004716/images/000085.jpg",
      "accident_id": 0,
      "accident_name": "normal",
      "objects": []
    },
    {
      "frame_id": 86,
      "image_path": "frames/3Sqeb-l1RPA_004716/images/000086.jpg",
      "accident_id": 0,
      "accident_name": "normal",
      "objects": []
    },
    {
      "frame_id": 87,
      "image_path": "frames/3Sqeb-l1RPA_004716/images/000087.jpg",
      "accident_id": 0,
      "accident_name": "normal",
      "objects": []
    },
    {
      "frame_id": 88,
      "image_path": "frames/3Sqeb-l1RPA_004716/images/000088.jpg",
      "accident_id": 0,
      "accident_name": "normal",
      "objects": []
    },
    {
      "frame_id": 89,
      "image_path": "frames/3Sqeb-l1RPA_004716/images/000089.jpg",
      "accident_id": 0,
      "accident_name": "normal",
      "objects": []
    },
    {
      "frame_id": 90,
      "image_path": "frames/3Sqeb-l1RPA_004716/images/000090.jpg",
      "accident_id": 0,
      "accident_name": "normal",
      "objects": []
    },
    {
      "frame_id": 91,
      "image_path": "frames/3Sqeb-l1RPA_004716/images/000091.jpg",
      "accident_id": 0,
      "accident_name": "normal",
      "objects": []
    },
    {
      "frame_id": 92,
      "image_path": "frames/3Sqeb-l1RPA_004716/images/000092.jpg",
      "accident_id": 0,
      "accident_name": "normal",
      "objects": []
    },
    {
      "frame_id": 93,
      "image_path": "frames/3Sqeb-l1RPA_004716/images/000093.jpg",
      "accident_id": 0,
      "accident_name": "normal",
      "objects": []
    },
    {
      "frame_id": 94,
      "image_path": "frames/3Sqeb-l1RPA_004716/images/000094.jpg",
      "accident_id": 0,
      "accident_name": "normal",
      "objects": []
    },
    {
      "frame_id": 95,
      "image_path": "frames/3Sqeb-l1RPA_004716/images/000095.jpg",
      "accident_id": 0,
      "accident_name": "normal",
      "objects": []
    },
    {
      "frame_id": 96,
      "image_path": "frames/3Sqeb-l1RPA_004716/images/000096.jpg",
      "accident_id": 0,
      "accident_name": "normal",
      "objects": []
    },
    {
      "frame_id": 97,
      "image_path": "frames/3Sqeb-l1RPA_004716/images/000097.jpg",
      "accident_id": 0,
      "accident_name": "normal",
      "objects": []
    },
    {
      "frame_id": 98,
      "image_path": "frames/3Sqeb-l1RPA_004716/images/000098.jpg",
      "accident_id": 0,
      "accident_name": "normal",
      "objects": []
    },
    {
      "frame_id": 99,
      "image_path": "frames/3Sqeb-l1RPA_004716/images/000099.jpg",
      "accident_id": 0,
      "accident_name": "normal",
      "objects": []
    },
    {
      "frame_id": 100,
      "image_path": "frames/3Sqeb-l1RPA_004716/images/000100.jpg",
      "accident_id": 0,
      "accident_name": "normal",
      "objects": []
    },
    {
      "frame_id": 101,
      "image_path": "frames/3Sqeb-l1RPA_004716/images/000101.jpg",
      "accident_id": 0,
      "accident_name": "normal",
      "objects": []
    }
  ]
}