{
  "video_name": "3tEZvtQZ18Q_004370",
  "channel": "CarCrashesTime",
  "num_frames": 99,
  "ignore": false,
  "ego_involve": true,
  "night": false,
  "anomaly_start": 47,
  "anomaly_end": 80,
  "video_start": 4370,
  "video_end": 4468,
  "accident_id": "5",
  "accident_name": "turning",
  "labels": [
    {
      "frame_id": 0,
      "image_path": "frames/3tEZvtQZ18Q_004370/images/000000.jpg",
      "accident_id": 0,
      "accident_name": "normal",
      "objects": []
    },
    {
      "frame_id": 1,
      "image_path": "frames/3tEZvtQZ18Q_004370/images/000001.jpg",
      "accident_id": 0,
      "accident_name": "normal",
      "objects": []
    },
    {
      "frame_id": 2,
      "image_path": "frames/3tEZvtQZ18Q_004370/images/000002.jpg",
      "accident_id": 0,
      "accident_name": "normal",
      "objects": []
    },
    {
      "frame_id": 3,
      "image_path": "frames/3tEZvtQZ18Q_004370/images/000003.jpg",
      "accident_id": 0,
      "accident_name": "normal",
      "objects": []
    },
    {
      "frame_id": 4,
      "image_path": "frames/3tEZvtQZ18Q_004370/images/000004.jpg",
      "accident_id": 0,
      "accident_name": "normal",
      "objects": []
    },
    {
      "frame_id": 5,
      "image_path": "frames/3tEZvtQZ18Q_004370/images/000005.jpg",
      "accident_id": 0,
      "accident_name": "normal",
      "objects": []
    },
    {
      "frame_id": 6,
      "image_path": "frames/3tEZvtQZ18Q_004370/images/000006.jpg",
      "accident_id": 0,
      "accident_name": "normal",
      "objects": []
    },
    {
      "frame_id": 7,
      "image_path": "frames/3tEZvtQZ18Q_004370/images/000007.jpg",
      "accident_id": 0,
      "accident_name": "normal",
      "objects": []
    },
    {
      "frame_id": 8,
      "image_path": "frames/3tEZvtQZ18Q_004370/images/000008.jpg",
      "accident_id": 0,
      "accident_name": "normal",
      "objects": []
    },
    {
      "frame_id": 9,
      "image_path": "frames/3tEZvtQZ18Q_004370/images/000009.jpg",
      "accident_id": 0,
      "accident_name": "normal",
      "objects": []
    },
    {
      "frame_id": 10,
      "image_path": "frames/3tEZvtQZ18Q_004370/images/000010.jpg",
      "accident_id": 0,
      "accident_name": "normal",
      "objects": []
    },
    {
      "frame_id": 11,
      "image_path": "frames/3tEZvtQZ18Q_004370/images/000011.jpg",
      "accident_id": 0,
      "accident_name": "normal",
      "objects": []
    },
    {
      "frame_id": 12,
      "image_path": "frames/3tEZvtQZ18Q_004370/images/000012.jpg",
      "accident_id": 0,
      "accident_name": "normal",
      "objects": []
    },
    {
      "frame_id": 13,
      "image_path": "frames/3tEZvtQZ18Q_004370/images/000013.jpg",
      "accident_id": 0,
      "accident_name": "normal",
      "objects": []
    },
    {
      "frame_id": 14,
      "image_path": "frames/3tEZvtQZ18Q_004370/images/000014.jpg",
      "accident_id": 0,
      "accident_name": "normal",
      "objects": []
    },
    {
      "frame_id": 15,
      "image_path": "frames/3tEZvtQZ18Q_004370/images/000015.jpg",
      "accident_id": 0,
      "accident_name": "normal",
      "objects": []
    },
    {
      "frame_id": 16,
      "image_path": "frames/3tEZvtQZ18Q_004370/images/000016.jpg",
      "accident_id": 0,
      "accident_name": "normal",
      "objects": []
    },
    {
      "frame_id": 17,
      "image_path": "frames/3tEZvtQZ18Q_004370/images/000017.jpg",
      "accident_id": 0,
      "accident_name": "normal",
      "objects": []
    },
    {
      "frame_id": 18,
      "image_path": "frames/3tEZvtQZ18Q_004370/images/000018.jpg",
      "accident_id": 0,
      "accident_name": "normal",
      "objects": []
    },
    {
      "frame_id": 19,
      "image_path": "frames/3tEZvtQZ18Q_004370/images/000019.jpg",
      "accident_id": 0,
      "accident_name": "normal",
      "objects": []
    },
    {
      "frame_id": 20,
      "image_path": "frames/3tEZvtQZ18Q_004370/images/000020.jpg",
      "accident_id": 0,
      "accident_name": "normal",
      "objects": []
    },
    {
      "frame_id": 21,
      "image_path": "frames/3tEZvtQZ18Q_004370/images/000021.jpg",
      "accident_id": 0,
      "accident_name": "normal",
      "objects": []
    },
    {
      "frame_id": 22,
      "image_path": "frames/3tEZvtQZ18Q_004370/images/000022.jpg",
      "accident_id": 0,
      "accident_name": "normal",
      "objects": []
    },
    {
      "frame_id": 23,
      "image_path": "frames/3tEZvtQZ18Q_004370/images/000023.jpg",
      "accident_id": 0,
      "accident_name": "normal",
      "objects": []
    },
    {
      "frame_id": 24,
      "image_path": "frames/3tEZvtQZ18Q_004370/images/000024.jpg",
      "accident_id": 0,
      "accident_name": "normal",
      "objects": []
    },
    {
      "frame_id": 25,
      "image_path": "frames/3tEZvtQZ18Q_004370/images/000025.jpg",
      "accident_id": 0,
      "accident_name": "normal",
      "objects": []
    },
    {
      "frame_id": 26,
      "image_path": "frames/3tEZvtQZ18Q_004370/images/000026.jpg",
      "accident_id": 0,
      "accident_name": "normal",
      "objects": []
    },
    {
      "frame_id": 27,
      "image_path": "frames/3tEZvtQZ18Q_004370/images/000027.jpg",
      "accident_id": 0,
      "accident_name": "normal",
      "objects": []
    },
    {
      "frame_id": 28,
      "image_path": "frames/3tEZvtQZ18Q_004370/images/000028.jpg",
      "accident_id": 0,
      "accident_name": "normal",
      "objects": []
    },
    {
      "frame_id": 29,
      "image_path": "frames/3tEZvtQZ18Q_004370/images/000029.jpg",
      "accident_id": 0,
      "accident_name": "normal",
      "objects": []
    },
    {
      "frame_id": 30,
      "image_path": "frames/3tEZvtQZ18Q_004370/images/000030.jpg",
      "accident_id": 0,
      "accident_name": "normal",
      "objects": []
    },
    {
      "frame_id": 31,
      "image_path": "frames/3tEZvtQZ18Q_004370/images/000031.jpg",
      "accident_id": 0,
      "accident_name": "normal",
      "objects": []
    },
    {
      "frame_id": 32,
      "image_path": "frames/3tEZvtQZ18Q_004370/images/000032.jpg",
      "accident_id": 0,
      "accident_name": "normal",
      "objects": []
    },
    {
      "frame_id": 33,
      "image_path": "frames/3tEZvtQZ18Q_004370/images/000033.jpg",
      "accident_id": 0,
      "accident_name": "normal",
      "objects": []
    },
    {
      "frame_id": 34,
      "image_path": "frames/3tEZvtQZ18Q_004370/images/000034.jpg",
      "accident_id": 0,
      "accident_name": "normal",
      "objects": []
    },
    {
      "frame_id": 35,
      "image_path": "frames/3tEZvtQZ18Q_004370/images/000035.jpg",
      "accident_id": 0,
      "accident_name": "normal",
      "objects": []
    },
    {
      "frame_id": 36,
      "image_path": "frames/3tEZvtQZ18Q_004370/images/000036.jpg",
      "accident_id": 0,
      "accident_name": "normal",
      "objects": []
    },
    {
      "frame_id": 37,
      "image_path": "frames/3tEZvtQZ18Q_004370/images/000037.jpg",
      "accident_id": 0,
      "accident_name": "normal",
      "objects": []
    },
    {
      "frame_id": 38,
      "image_path": "frames/3tEZvtQZ18Q_004370/images/000038.jpg",
      "accident_id": 0,
      "accident_name": "normal",
      "objects": []
    },
    {
      "frame_id": 39,
      "image_path": "frames/3tEZvtQZ18Q_004370/images/000039.jpg",
      "accident_id": 0,
      "accident_name": "normal",
      "objects": []
    },
    {
      "frame_id": 40,
      "image_path": "frames/3tEZvtQZ18Q_004370/images/000040.jpg",
      "accident_id": 0,
      "accident_name": "normal",
      "objects": []
    },
    {
      "frame_id": 41,
      "image_path": "frames/3tEZvtQZ18Q_004370/images/000041.jpg",
      "accident_id": 0,
      "accident_name": "normal",
      "objects": []
    },
    {
      "frame_id": 42,
      "image_path": "frames/3tEZvtQZ18Q_004370/images/000042.jpg",
      "accident_id": 0,
      "accident_name": "normal",
      "objects": []
    },
    {
      "frame_id": 43,
      "image_path": "frames/3tEZvtQZ18Q_004370/images/000043.jpg",
      "accident_id": 0,
      "accident_name": "normal",
      "objects": []
    },
    {
      "frame_id": 44,
      "image_path": "frames/3tEZvtQZ18Q_004370/images/000044.jpg",
      "accident_id": 0,
      "accident_name": "normal",
      "objects": []
    },
    {
      "frame_id": 45,
      "image_path": "frames/3tEZvtQZ18Q_004370/images/000045.jpg",
      "accident_id": 0,
      "accident_name": "normal",
      "objects": []
    },
    {
      "frame_id": 46,
      "image_path": "frames/3tEZvtQZ18Q_004370/images/000046.jpg",
      "accident_id": 0,
      "accident_name": "normal",
      "objects": []
    },
    {
      "frame_id": 47,
      "image_path": "frames/3tEZvtQZ18Q_004370/images/000047.jpg",
      "accident_id": 5,
      "accident_name": "turning",
      "objects": [
        {
          "obj_track_id": 157,
          "bbox": [
            385.9837019790454,
            203.67869615832365,
            438.7892898719441,
            332.75902211874273
          ],
          "category": "rider",
          "category ID": 2,
          "trunc": false
        },
        {
          "obj_track_id": 126,
          "bbox": [
            349.941792782305,
            234.69150174621655,
            479.86030267753205,
            340.302677532014
          ],
          "category": "motor",
          "category ID": 7,
          "trunc": false
        }
      ]
    },
    {
      "frame_id": 48,
      "image_path": "frames/3tEZvtQZ18Q_004370/images/000048.jpg",
      "accident_id": 5,
      "accident_name": "turning",
      "objects": [
        {
          "obj_track_id": 157,
          "bbox": [
            399.39464493597205,
            193.62048894062863,
            463.9348079161816,
            352.0372526193248
          ],
          "category": "rider",
          "category ID": 2,
          "trunc": false
        },
        {
          "obj_track_id": 126,
          "bbox": [
            356.64726426076834,
            228.8242142025611,
            511.71129220023283,
            355.3899883585565
          ],
          "category": "motor",
          "category ID": 7,
          "trunc": false
        }
      ]
    },
    {
      "frame_id": 49,
      "image_path": "frames/3tEZvtQZ18Q_004370/images/000049.jpg",
      "accident_id": 5,
      "accident_name": "turning",
      "objects": [
        {
          "obj_track_id": 157,
          "bbox": [
            424.5401629802096,
            192.78230500582072,
            499.976717112922,
            390.5937136204889
          ],
          "category": "rider",
          "category ID": 2,
          "trunc": false
        },
        {
          "obj_track_id": 126,
          "bbox": [
            371.7345750873108,
            235.52968568102446,
            553.6204889406287,
            387.24097788125727
          ],
          "category": "motor",
          "category ID": 7,
          "trunc": false
        }
      ]
    },
    {
      "frame_id": 50,
      "image_path": "frames/3tEZvtQZ18Q_004370/images/000050.jpg",
      "accident_id": 5,
      "accident_name": "turning",
      "objects": [
        {
          "obj_track_id": 126,
          "bbox": [
            391.77750906892385,
            240.2902055622733,
            619.8790810157195,
            430.95525997581626
          ],
          "category": "motor",
          "category ID": 7,
          "trunc": true
        },
        {
          "obj_track_id": 157,
          "bbox": [
            444.88512696493353,
            179.34703748488513,
            566.7714631197099,
            429.21402660217655
          ],
          "category": "rider",
          "category ID": 2,
          "trunc": false
        }
      ]
    },
    {
      "frame_id": 51,
      "image_path": "frames/3tEZvtQZ18Q_004370/images/000051.jpg",
      "accident_id": 5,
      "accident_name": "turning",
      "objects": [
        {
          "obj_track_id": 126,
          "bbox": [
            422.2490931076179,
            248.9963724304716,
            704.3288996372431,
            484.0628778718259
          ],
          "category": "motor",
          "category ID": 7,
          "trunc": true
        },
        {
          "obj_track_id": 157,
          "bbox": [
            480.5804111245466,
            174.993954050786,
            639.9032648125756,
            481.45102781136643
          ],
          "category": "rider",
          "category ID": 2,
          "trunc": true
        }
      ]
    },
    {
      "frame_id": 52,
      "image_path": "frames/3tEZvtQZ18Q_004370/images/000052.jpg",
      "accident_id": 5,
      "accident_name": "turning",
      "objects": [
        {
          "obj_track_id": 126,
          "bbox": [
            459.68561064087066,
            250.73760580411127,
            821.8621523579203,
            569.3833131801694
          ],
          "category": "motor",
          "category ID": 7,
          "trunc": true
        },
        {
          "obj_track_id": 157,
          "bbox": [
            545.8766626360339,
            157.58162031438937,
            736.5417170495768,
            566.7714631197099
          ],
          "category": "rider",
          "category ID": 2,
          "trunc": true
        }
      ]
    },
    {
      "frame_id": 53,
      "image_path": "frames/3tEZvtQZ18Q_004370/images/000053.jpg",
      "accident_id": 5,
      "accident_name": "turning",
      "objects": [
        {
          "obj_track_id": 126,
          "bbox": [
            529.7702539298671,
            269.0205562273277,
            1000.3385731559856,
            614.6553808948006
          ],
          "category": "motor",
          "category ID": 7,
          "trunc": true
        },
        {
          "obj_track_id": 157,
          "bbox": [
            662.1039903264814,
            136.2515114873035,
            909.3591293833133,
            642.5151148730351
          ],
          "category": "rider",
          "category ID": 2,
          "trunc": true
        }
      ]
    },
    {
      "frame_id": 54,
      "image_path": "frames/3tEZvtQZ18Q_004370/images/000054.jpg",
      "accident_id": 5,
      "accident_name": "turning",
      "objects": [
        {
          "obj_track_id": 126,
          "bbox": [
            599.8548972188634,
            287.30350665054414,
            1178.8149939540508,
            659.9274486094317
          ],
          "category": "motor",
          "category ID": 7,
          "trunc": true
        },
        {
          "obj_track_id": 157,
          "bbox": [
            778.3313180169288,
            114.92140266021767,
            1082.1765417170498,
            718.2587666263603
          ],
          "category": "rider",
          "category ID": 2,
          "trunc": true
        }
      ]
    },
    {
      "frame_id": 55,
      "image_path": "frames/3tEZvtQZ18Q_004370/images/000055.jpg",
      "accident_id": 5,
      "accident_name": "turning",
      "objects": [
        {
          "obj_track_id": 126,
          "bbox": [
            722.6118500604596,
            443.1438935912939,
            1279.8065296251511,
            719.1293833131803
          ],
          "category": "motor",
          "category ID": 7,
          "trunc": true
        },
        {
          "obj_track_id": 157,
          "bbox": [
            935.9129383313181,
            83.57920193470376,
            1279.8065296251514,
            720.0
          ],
          "category": "rider",
          "category ID": 2,
          "trunc": true
        }
      ]
    },
    {
      "frame_id": 56,
      "image_path": "frames/3tEZvtQZ18Q_004370/images/000056.jpg",
      "accident_id": 5,
      "accident_name": "turning",
      "objects": []
    },
    {
      "frame_id": 57,
      "image_path": "frames/3tEZvtQZ18Q_004370/images/000057.jpg",
      "accident_id": 5,
      "accident_name": "turning",
      "objects": []
    },
    {
      "frame_id": 58,
      "image_path": "frames/3tEZvtQZ18Q_004370/images/000058.jpg",
      "accident_id": 5,
      "accident_name": "turning",
      "objects": []
    },
    {
      "frame_id": 59,
      "image_path": "frames/3tEZvtQZ18Q_004370/images/000059.jpg",
      "accident_id": 5,
      "accident_name": "turning",
      "objects": []
    },
    {
      "frame_id": 60,
      "image_path": "frames/3tEZvtQZ18Q_004370/images/000060.jpg",
      "accident_id": 5,
      "accident_name": "turning",
      "objects": []
    },
    {
      "frame_id": 61,
      "image_path": "frames/3tEZvtQZ18Q_004370/images/000061.jpg",
      "accident_id": 5,
      "accident_name": "turning",
      "objects": [
        {
          "obj_track_id": 126,
          "bbox": [
            1147.472793228537,
            474.4860943168078,
            1279.8065296251511,
            594.6311970979444
          ],
          "category": "motor",
          "category ID": 7,
          "trunc": true
        }
      ]
    },
    {
      "frame_id": 62,
      "image_path": "frames/3tEZvtQZ18Q_004370/images/000062.jpg",
      "accident_id": 5,
      "accident_name": "turning",
      "objects": []
    },
    {
      "frame_id": 63,
      "image_path": "frames/3tEZvtQZ18Q_004370/images/000063.jpg",
      "accident_id": 5,
      "accident_name": "turning",
      "objects": [
        {
          "obj_track_id": 126,
          "bbox": [
            1186.6505441354293,
            423.99032648125757,
            1279.8065296251511,
            561.5477629987909
          ],
          "category": "motor",
          "category ID": 7,
          "trunc": true
        }
      ]
    },
    {
      "frame_id": 64,
      "image_path": "frames/3tEZvtQZ18Q_004370/images/000064.jpg",
      "accident_id": 5,
      "accident_name": "turning",
      "objects": [
        {
          "obj_track_id": 126,
          "bbox": [
            1189.2623941958889,
            410.93107617896015,
            1279.8065296251511,
            571.124546553809
          ],
          "category": "motor",
          "category ID": 7,
          "trunc": true
        }
      ]
    },
    {
      "frame_id": 65,
      "image_path": "frames/3tEZvtQZ18Q_004370/images/000065.jpg",
      "accident_id": 5,
      "accident_name": "turning",
      "objects": [
        {
          "obj_track_id": 126,
          "bbox": [
            1189.2623941958889,
            394.38935912938337,
            1279.8065296251511,
            558.0652962515115
          ],
          "category": "motor",
          "category ID": 7,
          "trunc": true
        }
      ]
    },
    {
      "frame_id": 66,
      "image_path": "frames/3tEZvtQZ18Q_004370/images/000066.jpg",
      "accident_id": 5,
      "accident_name": "turning",
      "objects": [
        {
          "obj_track_id": 126,
          "bbox": [
            1187.0858524788391,
            391.342200725514,
            1279.8065296251511,
            561.1124546553809
          ],
          "category": "motor",
          "category ID": 7,
          "trunc": true
        }
      ]
    },
    {
      "frame_id": 67,
      "image_path": "frames/3tEZvtQZ18Q_004370/images/000067.jpg",
      "accident_id": 5,
      "accident_name": "turning",
      "objects": [
        {
          "obj_track_id": 126,
          "bbox": [
            1184.9093107617896,
            388.29504232164453,
            1279.8065296251511,
            564.1596130592503
          ],
          "category": "motor",
          "category ID": 7,
          "trunc": true
        }
      ]
    },
    {
      "frame_id": 68,
      "image_path": "frames/3tEZvtQZ18Q_004370/images/000068.jpg",
      "accident_id": 5,
      "accident_name": "turning",
      "objects": []
    },
    {
      "frame_id": 69,
      "image_path": "frames/3tEZvtQZ18Q_004370/images/000069.jpg",
      "accident_id": 5,
      "accident_name": "turning",
      "objects": []
    },
    {
      "frame_id": 70,
      "image_path": "frames/3tEZvtQZ18Q_004370/images/000070.jpg",
      "accident_id": 5,
      "accident_name": "turning",
      "objects": [
        {
          "obj_track_id": 126,
          "bbox": [
            1096.106408706167,
            363.04715840386945,
            1278.9359129383315,
            482.32164449818623
          ],
          "category": "motor",
          "category ID": 7,
          "trunc": false
        }
      ]
    },
    {
      "frame_id": 71,
      "image_path": "frames/3tEZvtQZ18Q_004370/images/000071.jpg",
      "accident_id": 5,
      "accident_name": "turning",
      "objects": [
        {
          "obj_track_id": 126,
          "bbox": [
            1077.8234582829505,
            357.82345828295047,
            1252.8174123337365,
            473.61547762998794
          ],
          "category": "motor",
          "category ID": 7,
          "trunc": false
        }
      ]
    },
    {
      "frame_id": 72,
      "image_path": "frames/3tEZvtQZ18Q_004370/images/000072.jpg",
      "accident_id": 5,
      "accident_name": "turning",
      "objects": [
        {
          "obj_track_id": 126,
          "bbox": [
            1061.2817412333736,
            353.4703748488513,
            1237.1463119709795,
            464.90931076178964
          ],
          "category": "motor",
          "category ID": 7,
          "trunc": false
        }
      ]
    },
    {
      "frame_id": 73,
      "image_path": "frames/3tEZvtQZ18Q_004370/images/000073.jpg",
      "accident_id": 5,
      "accident_name": "turning",
      "objects": [
        {
          "obj_track_id": 126,
          "bbox": [
            1050.8343409915358,
            348.2466747279323,
            1230.1813784764208,
            444.88512696493353
          ],
          "category": "motor",
          "category ID": 7,
          "trunc": false
        }
      ]
    },
    {
      "frame_id": 74,
      "image_path": "frames/3tEZvtQZ18Q_004370/images/000074.jpg",
      "accident_id": 5,
      "accident_name": "turning",
      "objects": [
        {
          "obj_track_id": 126,
          "bbox": [
            1041.2575574365176,
            344.764207980653,
            1224.957678355502,
            444.88512696493353
          ],
          "category": "motor",
          "category ID": 7,
          "trunc": false
        }
      ]
    },
    {
      "frame_id": 75,
      "image_path": "frames/3tEZvtQZ18Q_004370/images/000075.jpg",
      "accident_id": 5,
      "accident_name": "turning",
      "objects": [
        {
          "obj_track_id": 126,
          "bbox": [
            1030.8101571946797,
            341.2817412333737,
            1219.733978234583,
            439.66142684401456
          ],
          "category": "motor",
          "category ID": 7,
          "trunc": false
        }
      ]
    },
    {
      "frame_id": 76,
      "image_path": "frames/3tEZvtQZ18Q_004370/images/000076.jpg",
      "accident_id": 5,
      "accident_name": "turning",
      "objects": [
        {
          "obj_track_id": 126,
          "bbox": [
            1030.8101571946797,
            341.2817412333737,
            1214.5102781136638,
            439.66142684401456
          ],
          "category": "motor",
          "category ID": 7,
          "trunc": false
        }
      ]
    },
    {
      "frame_id": 77,
      "image_path": "frames/3tEZvtQZ18Q_004370/images/000077.jpg",
      "accident_id": 5,
      "accident_name": "turning",
      "objects": [
        {
          "obj_track_id": 126,
          "bbox": [
            1025.5864570737606,
            338.66989117291416,
            1207.5453446191052,
            431.82587666263606
          ],
          "category": "motor",
          "category ID": 7,
          "trunc": false
        }
      ]
    },
    {
      "frame_id": 78,
      "image_path": "frames/3tEZvtQZ18Q_004370/images/000078.jpg",
      "accident_id": 5,
      "accident_name": "turning",
      "objects": [
        {
          "obj_track_id": 126,
          "bbox": [
            1022.5392986698912,
            338.66989117291416,
            1205.8041112454657,
            429.6493349455865
          ],
          "category": "motor",
          "category ID": 7,
          "trunc": false
        }
      ]
    },
    {
      "frame_id": 79,
      "image_path": "frames/3tEZvtQZ18Q_004370/images/000079.jpg",
      "accident_id": 5,
      "accident_name": "turning",
      "objects": [
        {
          "obj_track_id": 126,
          "bbox": [
            1019.4921402660218,
            338.66989117291416,
            1204.062877871826,
            427.4727932285369
          ],
          "category": "motor",
          "category ID": 7,
          "trunc": false
        }
      ]
    },
    {
      "frame_id": 80,
      "image_path": "frames/3tEZvtQZ18Q_004370/images/000080.jpg",
      "accident_id": 0,
      "accident_name": "normal",
      "objects": []
    },
    {
      "frame_id": 81,
      "image_path": "frames/3tEZvtQZ18Q_004370/images/000081.jpg",
      "accident_id": 0,
      "accident_name": "normal",
      "objects": []
    },
    {
      "frame_id": 82,
      "image_path": "frames/3tEZvtQZ18Q_004370/images/000082.jpg",
      "accident_id": 0,
      "accident_name": "normal",
      "objects": []
    },
    {
      "frame_id": 83,
      "image_path": "frames/3tEZvtQZ18Q_004370/images/000083.jpg",
      "accident_id": 0,
      "accident_name": "normal",
      "objects": []
    },
    {
      "frame_id": 84,
      "image_path": "frames/3tEZvtQZ18Q_004370/images/000084.jpg",
      "accident_id": 0,
      "accident_name": "normal",
      "objects": []
    },
    {
      "frame_id": 85,
      "image_path": "frames/3tEZvtQZ18Q_004370/images/000085.jpg",
      "accident_id": 0,
      "accident_name": "normal",
      "objects": []
    },
    {
      "frame_id": 86,
      "image_path": "frames/3tEZvtQZ18Q_004370/images/000086.jpg",
      "accident_id": 0,
      "accident_name": "normal",
      "objects": []
    },
    {
      "frame_id": 87,
      "image_path": "frames/3tEZvtQZ18Q_004370/images/000087.jpg",
      "accident_id": 0,
      "accident_name": "normal",
      "objects": []
    },
    {
      "frame_id": 88,
      "image_path": "frames/3tEZvtQZ18Q_004370/images/000088.jpg",
      "accident_id": 0,
      "accident_name": "normal",
      "objects": []
    },
    {
      "frame_id": 89,
      "image_path": "frames/3tEZvtQZ18Q_004370/images/000089.jpg",
      "accident_id": 0,
      "accident_name": "normal",
      "objects": []
    },
    {
      "frame_id": 90,
      "image_path": "frames/3tEZvtQZ18Q_004370/images/000090.jpg",
      "accident_id": 0,
      "accident_name": "normal",
      "objects": []
    },
    {
      "frame_id": 91,
      "image_path": "frames/3tEZvtQZ18Q_004370/images/000091.jpg",
      "accident_id": 0,
      "accident_name": "normal",
      "objects": []
    },
    {
      "frame_id": 92,
      "image_path": "frames/3tEZvtQZ18Q_004370/images/000092.jpg",
      "accident_id": 0,
      "accident_name": "normal",
      "objects": []
    },
    {
      "frame_id": 93,
      "image_path": "frames/3tEZvtQZ18Q_004370/images/000093.jpg",
      "accident_id": 0,
      "accident_name": "normal",
      "objects": []
    },
    {
      "frame_id": 94,
      "image_path": "frames/3tEZvtQZ18Q_004370/images/000094.jpg",
      "accident_id": 0,
      "accident_name": "normal",
      "objects": []
    },
    {
      "frame_id": 95,
      "image_path": "frames/3tEZvtQZ18Q_004370/images/000095.jpg",
      "accident_id": 0,
      "accident_name": "normal",
      "objects": []
    },
    {
      "frame_id": 96,
      "image_path": "frames/3tEZvtQZ18Q_004370/images/000096.jpg",
      "accident_id": 0,
      "accident_name": "normal",
      "objects": []
    },
    {
      "frame_id": 97,
      "image_path": "frames/3tEZvtQZ18Q_004370/images/000097.jpg",
      "accident_id": 0,
      "accident_name": "normal",
      "objects": []
    },
    {
      "frame_id": 98,
      "image_path": "frames/3tEZvtQZ18Q_004370/images/000098.jpg",
      "accident_id": 0,
      "accident_name": "normal",
      "objects": []
    }
  ]
}