{
  "video_name": "3tEZvtQZ18Q_003774",
  "channel": "CarCrashesTime",
  "num_frames": 120,
  "ignore": false,
  "ego_involve": true,
  "night": false,
  "anomaly_start": 71,
  "anomaly_end": 120,
  "video_start": 3774,
  "video_end": 3893,
  "accident_id": "9",
  "accident_name": "leave_to_left",
  "labels": [
    {
      "frame_id": 0,
      "image_path": "frames/3tEZvtQZ18Q_003774/images/000000.jpg",
      "accident_id": 0,
      "accident_name": "normal",
      "objects": []
    },
    {
      "frame_id": 1,
      "image_path": "frames/3tEZvtQZ18Q_003774/images/000001.jpg",
      "accident_id": 0,
      "accident_name": "normal",
      "objects": []
    },
    {
      "frame_id": 2,
      "image_path": "frames/3tEZvtQZ18Q_003774/images/000002.jpg",
      "accident_id": 0,
      "accident_name": "normal",
      "objects": []
    },
    {
      "frame_id": 3,
      "image_path": "frames/3tEZvtQZ18Q_003774/images/000003.jpg",
      "accident_id": 0,
      "accident_name": "normal",
      "objects": []
    },
    {
      "frame_id": 4,
      "image_path": "frames/3tEZvtQZ18Q_003774/images/000004.jpg",
      "accident_id": 0,
      "accident_name": "normal",
      "objects": []
    },
    {
      "frame_id": 5,
      "image_path": "frames/3tEZvtQZ18Q_003774/images/000005.jpg",
      "accident_id": 0,
      "accident_name": "normal",
      "objects": []
    },
    {
      "frame_id": 6,
      "image_path": "frames/3tEZvtQZ18Q_003774/images/000006.jpg",
      "accident_id": 0,
      "accident_name": "normal",
      "objects": []
    },
    {
      "frame_id": 7,
      "image_path": "frames/3tEZvtQZ18Q_003774/images/000007.jpg",
      "accident_id": 0,
      "accident_name": "normal",
      "objects": []
    },
    {
      "frame_id": 8,
      "image_path": "frames/3tEZvtQZ18Q_003774/images/000008.jpg",
      "accident_id": 0,
      "accident_name": "normal",
      "objects": []
    },
    {
      "frame_id": 9,
      "image_path": "frames/3tEZvtQZ18Q_003774/images/000009.jpg",
      "accident_id": 0,
      "accident_name": "normal",
      "objects": []
    },
    {
      "frame_id": 10,
      "image_path": "frames/3tEZvtQZ18Q_003774/images/000010.jpg",
      "accident_id": 0,
      "accident_name": "normal",
      "objects": []
    },
    {
      "frame_id": 11,
      "image_path": "frames/3tEZvtQZ18Q_003774/images/000011.jpg",
      "accident_id": 0,
      "accident_name": "normal",
      "objects": []
    },
    {
      "frame_id": 12,
      "image_path": "frames/3tEZvtQZ18Q_003774/images/000012.jpg",
      "accident_id": 0,
      "accident_name": "normal",
      "objects": []
    },
    {
      "frame_id": 13,
      "image_path": "frames/3tEZvtQZ18Q_003774/images/000013.jpg",
      "accident_id": 0,
      "accident_name": "normal",
      "objects": []
    },
    {
      "frame_id": 14,
      "image_path": "frames/3tEZvtQZ18Q_003774/images/000014.jpg",
      "accident_id": 0,
      "accident_name": "normal",
      "objects": []
    },
    {
      "frame_id": 15,
      "image_path": "frames/3tEZvtQZ18Q_003774/images/000015.jpg",
      "accident_id": 0,
      "accident_name": "normal",
      "objects": []
    },
    {
      "frame_id": 16,
      "image_path": "frames/3tEZvtQZ18Q_003774/images/000016.jpg",
      "accident_id": 0,
      "accident_name": "normal",
      "objects": []
    },
    {
      "frame_id": 17,
      "image_path": "frames/3tEZvtQZ18Q_003774/images/000017.jpg",
      "accident_id": 0,
      "accident_name": "normal",
      "objects": []
    },
    {
      "frame_id": 18,
      "image_path": "frames/3tEZvtQZ18Q_003774/images/000018.jpg",
      "accident_id": 0,
      "accident_name": "normal",
      "objects": []
    },
    {
      "frame_id": 19,
      "image_path": "frames/3tEZvtQZ18Q_003774/images/000019.jpg",
      "accident_id": 0,
      "accident_name": "normal",
      "objects": []
    },
    {
      "frame_id": 20,
      "image_path": "frames/3tEZvtQZ18Q_003774/images/000020.jpg",
      "accident_id": 0,
      "accident_name": "normal",
      "objects": []
    },
    {
      "frame_id": 21,
      "image_path": "frames/3tEZvtQZ18Q_003774/images/000021.jpg",
      "accident_id": 0,
      "accident_name": "normal",
      "objects": []
    },
    {
      "frame_id": 22,
      "image_path": "frames/3tEZvtQZ18Q_003774/images/000022.jpg",
      "accident_id": 0,
      "accident_name": "normal",
      "objects": []
    },
    {
      "frame_id": 23,
      "image_path": "frames/3tEZvtQZ18Q_003774/images/000023.jpg",
      "accident_id": 0,
      "accident_name": "normal",
      "objects": []
    },
    {
      "frame_id": 24,
      "image_path": "frames/3tEZvtQZ18Q_003774/images/000024.jpg",
      "accident_id": 0,
      "accident_name": "normal",
      "objects": []
    },
    {
      "frame_id": 25,
      "image_path": "frames/3tEZvtQZ18Q_003774/images/000025.jpg",
      "accident_id": 0,
      "accident_name": "normal",
      "objects": []
    },
    {
      "frame_id": 26,
      "image_path": "frames/3tEZvtQZ18Q_003774/images/000026.jpg",
      "accident_id": 0,
      "accident_name": "normal",
      "objects": []
    },
    {
      "frame_id": 27,
      "image_path": "frames/3tEZvtQZ18Q_003774/images/000027.jpg",
      "accident_id": 0,
      "accident_name": "normal",
      "objects": []
    },
    {
      "frame_id": 28,
      "image_path": "frames/3tEZvtQZ18Q_003774/images/000028.jpg",
      "accident_id": 0,
      "accident_name": "normal",
      "objects": []
    },
    {
      "frame_id": 29,
      "image_path": "frames/3tEZvtQZ18Q_003774/images/000029.jpg",
      "accident_id": 0,
      "accident_name": "normal",
      "objects": []
    },
    {
      "frame_id": 30,
      "image_path": "frames/3tEZvtQZ18Q_003774/images/000030.jpg",
      "accident_id": 0,
      "accident_name": "normal",
      "objects": []
    },
    {
      "frame_id": 31,
      "image_path": "frames/3tEZvtQZ18Q_003774/images/000031.jpg",
      "accident_id": 0,
      "accident_name": "normal",
      "objects": []
    },
    {
      "frame_id": 32,
      "image_path": "frames/3tEZvtQZ18Q_003774/images/000032.jpg",
      "accident_id": 0,
      "accident_name": "normal",
      "objects": []
    },
    {
      "frame_id": 33,
      "image_path": "frames/3tEZvtQZ18Q_003774/images/000033.jpg",
      "accident_id": 0,
      "accident_name": "normal",
      "objects": []
    },
    {
      "frame_id": 34,
      "image_path": "frames/3tEZvtQZ18Q_003774/images/000034.jpg",
      "accident_id": 0,
      "accident_name": "normal",
      "objects": []
    },
    {
      "frame_id": 35,
      "image_path": "frames/3tEZvtQZ18Q_003774/images/000035.jpg",
      "accident_id": 0,
      "accident_name": "normal",
      "objects": []
    },
    {
      "frame_id": 36,
      "image_path": "frames/3tEZvtQZ18Q_003774/images/000036.jpg",
      "accident_id": 0,
      "accident_name": "normal",
      "objects": []
    },
    {
      "frame_id": 37,
      "image_path": "frames/3tEZvtQZ18Q_003774/images/000037.jpg",
      "accident_id": 0,
      "accident_name": "normal",
      "objects": []
    },
    {
      "frame_id": 38,
      "image_path": "frames/3tEZvtQZ18Q_003774/images/000038.jpg",
      "accident_id": 0,
      "accident_name": "normal",
      "objects": []
    },
    {
      "frame_id": 39,
      "image_path": "frames/3tEZvtQZ18Q_003774/images/000039.jpg",
      "accident_id": 0,
      "accident_name": "normal",
      "objects": []
    },
    {
      "frame_id": 40,
      "image_path": "frames/3tEZvtQZ18Q_003774/images/000040.jpg",
      "accident_id": 0,
      "accident_name": "normal",
      "objects": []
    },
    {
      "frame_id": 41,
      "image_path": "frames/3tEZvtQZ18Q_003774/images/000041.jpg",
      "accident_id": 0,
      "accident_name": "normal",
      "objects": []
    },
    {
      "frame_id": 42,
      "image_path": "frames/3tEZvtQZ18Q_003774/images/000042.jpg",
      "accident_id": 0,
      "accident_name": "normal",
      "objects": []
    },
    {
      "frame_id": 43,
      "image_path": "frames/3tEZvtQZ18Q_003774/images/000043.jpg",
      "accident_id": 0,
      "accident_name": "normal",
      "objects": []
    },
    {
      "frame_id": 44,
      "image_path": "frames/3tEZvtQZ18Q_003774/images/000044.jpg",
      "accident_id": 0,
      "accident_name": "normal",
      "objects": []
    },
    {
      "frame_id": 45,
      "image_path": "frames/3tEZvtQZ18Q_003774/images/000045.jpg",
      "accident_id": 0,
      "accident_name": "normal",
      "objects": []
    },
    {
      "frame_id": 46,
      "image_path": "frames/3tEZvtQZ18Q_003774/images/000046.jpg",
      "accident_id": 0,
      "accident_name": "normal",
      "objects": []
    },
    {
      "frame_id": 47,
      "image_path": "frames/3tEZvtQZ18Q_003774/images/000047.jpg",
      "accident_id": 0,
      "accident_name": "normal",
      "objects": []
    },
    {
      "frame_id": 48,
      "image_path": "frames/3tEZvtQZ18Q_003774/images/000048.jpg",
      "accident_id": 0,
      "accident_name": "normal",
      "objects": []
    },
    {
      "frame_id": 49,
      "image_path": "frames/3tEZvtQZ18Q_003774/images/000049.jpg",
      "accident_id": 0,
      "accident_name": "normal",
      "objects": []
    },
    {
      "frame_id": 50,
      "image_path": "frames/3tEZvtQZ18Q_003774/images/000050.jpg",
      "accident_id": 0,
      "accident_name": "normal",
      "objects": []
    },
    {
      "frame_id": 51,
      "image_path": "frames/3tEZvtQZ18Q_003774/images/000051.jpg",
      "accident_id": 0,
      "accident_name": "normal",
      "objects": []
    },
    {
      "frame_id": 52,
      "image_path": "frames/3tEZvtQZ18Q_003774/images/000052.jpg",
      "accident_id": 0,
      "accident_name": "normal",
      "objects": []
    },
    {
      "frame_id": 53,
      "image_path": "frames/3tEZvtQZ18Q_003774/images/000053.jpg",
      "accident_id": 0,
      "accident_name": "normal",
      "objects": []
    },
    {
      "frame_id": 54,
      "image_path": "frames/3tEZvtQZ18Q_003774/images/000054.jpg",
      "accident_id": 0,
      "accident_name": "normal",
      "objects": []
    },
    {
      "frame_id": 55,
      "image_path": "frames/3tEZvtQZ18Q_003774/images/000055.jpg",
      "accident_id": 0,
      "accident_name": "normal",
      "objects": []
    },
    {
      "frame_id": 56,
      "image_path": "frames/3tEZvtQZ18Q_003774/images/000056.jpg",
      "accident_id": 0,
      "accident_name": "normal",
      "objects": []
    },
    {
      "frame_id": 57,
      "image_path": "frames/3tEZvtQZ18Q_003774/images/000057.jpg",
      "accident_id": 0,
      "accident_name": "normal",
      "objects": []
    },
    {
      "frame_id": 58,
      "image_path": "frames/3tEZvtQZ18Q_003774/images/000058.jpg",
      "accident_id": 0,
      "accident_name": "normal",
      "objects": []
    },
    {
      "frame_id": 59,
      "image_path": "frames/3tEZvtQZ18Q_003774/images/000059.jpg",
      "accident_id": 0,
      "accident_name": "normal",
      "objects": []
    },
    {
      "frame_id": 60,
      "image_path": "frames/3tEZvtQZ18Q_003774/images/000060.jpg",
      "accident_id": 0,
      "accident_name": "normal",
      "objects": []
    },
    {
      "frame_id": 61,
      "image_path": "frames/3tEZvtQZ18Q_003774/images/000061.jpg",
      "accident_id": 0,
      "accident_name": "normal",
      "objects": []
    },
    {
      "frame_id": 62,
      "image_path": "frames/3tEZvtQZ18Q_003774/images/000062.jpg",
      "accident_id": 0,
      "accident_name": "normal",
      "objects": []
    },
    {
      "frame_id": 63,
      "image_path": "frames/3tEZvtQZ18Q_003774/images/000063.jpg",
      "accident_id": 0,
      "accident_name": "normal",
      "objects": []
    },
    {
      "frame_id": 64,
      "image_path": "frames/3tEZvtQZ18Q_003774/images/000064.jpg",
      "accident_id": 0,
      "accident_name": "normal",
      "objects": []
    },
    {
      "frame_id": 65,
      "image_path": "frames/3tEZvtQZ18Q_003774/images/000065.jpg",
      "accident_id": 0,
      "accident_name": "normal",
      "objects": []
    },
    {
      "frame_id": 66,
      "image_path": "frames/3tEZvtQZ18Q_003774/images/000066.jpg",
      "accident_id": 0,
      "accident_name": "normal",
      "objects": []
    },
    {
      "frame_id": 67,
      "image_path": "frames/3tEZvtQZ18Q_003774/images/000067.jpg",
      "accident_id": 0,
      "accident_name": "normal",
      "objects": []
    },
    {
      "frame_id": 68,
      "image_path": "frames/3tEZvtQZ18Q_003774/images/000068.jpg",
      "accident_id": 0,
      "accident_name": "normal",
      "objects": []
    },
    {
      "frame_id": 69,
      "image_path": "frames/3tEZvtQZ18Q_003774/images/000069.jpg",
      "accident_id": 0,
      "accident_name": "normal",
      "objects": []
    },
    {
      "frame_id": 70,
      "image_path": "frames/3tEZvtQZ18Q_003774/images/000070.jpg",
      "accident_id": 0,
      "accident_name": "normal",
      "objects": []
    },
    {
      "frame_id": 71,
      "image_path": "frames/3tEZvtQZ18Q_003774/images/000071.jpg",
      "accident_id": 9,
      "accident_name": "leave_to_left",
      "objects": [
        {
          "obj_track_id": 0,
          "bbox": [
            882.1384120171673,
            365.3690987124463,
            948.0611587982833,
            399.97854077253214
          ],
          "category": "car",
          "category ID": 3,
          "trunc": false
        }
      ]
    },
    {
      "frame_id": 72,
      "image_path": "frames/3tEZvtQZ18Q_003774/images/000072.jpg",
      "accident_id": 9,
      "accident_name": "leave_to_left",
      "objects": [
        {
          "obj_track_id": 0,
          "bbox": [
            882.1384120171673,
            367.0171673819742,
            949.709227467811,
            399.97854077253214
          ],
          "category": "car",
          "category ID": 3,
          "trunc": false
        }
      ]
    },
    {
      "frame_id": 73,
      "image_path": "frames/3tEZvtQZ18Q_003774/images/000073.jpg",
      "accident_id": 9,
      "accident_name": "leave_to_left",
      "objects": [
        {
          "obj_track_id": 0,
          "bbox": [
            878.0182403433475,
            367.0171673819742,
            949.709227467811,
            400.3905579399141
          ],
          "category": "car",
          "category ID": 3,
          "trunc": false
        }
      ]
    },
    {
      "frame_id": 74,
      "image_path": "frames/3tEZvtQZ18Q_003774/images/000074.jpg",
      "accident_id": 9,
      "accident_name": "leave_to_left",
      "objects": [
        {
          "obj_track_id": 0,
          "bbox": [
            873.8980686695278,
            367.0171673819742,
            949.709227467811,
            400.8025751072961
          ],
          "category": "car",
          "category ID": 3,
          "trunc": false
        }
      ]
    },
    {
      "frame_id": 75,
      "image_path": "frames/3tEZvtQZ18Q_003774/images/000075.jpg",
      "accident_id": 9,
      "accident_name": "leave_to_left",
      "objects": [
        {
          "obj_track_id": 0,
          "bbox": [
            868.9538626609442,
            365.3690987124463,
            945.5890557939914,
            400.8025751072961
          ],
          "category": "car",
          "category ID": 3,
          "trunc": false
        }
      ]
    },
    {
      "frame_id": 76,
      "image_path": "frames/3tEZvtQZ18Q_003774/images/000076.jpg",
      "accident_id": 9,
      "accident_name": "leave_to_left",
      "objects": [
        {
          "obj_track_id": 0,
          "bbox": [
            860.7135193133047,
            365.3690987124463,
            940.6448497854077,
            400.8025751072961
          ],
          "category": "car",
          "category ID": 3,
          "trunc": false
        }
      ]
    },
    {
      "frame_id": 77,
      "image_path": "frames/3tEZvtQZ18Q_003774/images/000077.jpg",
      "accident_id": 9,
      "accident_name": "leave_to_left",
      "objects": [
        {
          "obj_track_id": 0,
          "bbox": [
            854.1212446351932,
            364.54506437768237,
            935.700643776824,
            399.1545064377682
          ],
          "category": "car",
          "category ID": 3,
          "trunc": false
        }
      ]
    },
    {
      "frame_id": 78,
      "image_path": "frames/3tEZvtQZ18Q_003774/images/000078.jpg",
      "accident_id": 9,
      "accident_name": "leave_to_left",
      "objects": [
        {
          "obj_track_id": 0,
          "bbox": [
            843.408798283262,
            365.3690987124463,
            929.1083690987124,
            400.8025751072961
          ],
          "category": "car",
          "category ID": 3,
          "trunc": false
        }
      ]
    },
    {
      "frame_id": 79,
      "image_path": "frames/3tEZvtQZ18Q_003774/images/000079.jpg",
      "accident_id": 9,
      "accident_name": "leave_to_left",
      "objects": [
        {
          "obj_track_id": 0,
          "bbox": [
            829.4002145922749,
            362.89699570815446,
            920.8680257510729,
            399.97854077253214
          ],
          "category": "car",
          "category ID": 3,
          "trunc": false
        }
      ]
    },
    {
      "frame_id": 80,
      "image_path": "frames/3tEZvtQZ18Q_003774/images/000080.jpg",
      "accident_id": 9,
      "accident_name": "leave_to_left",
      "objects": [
        {
          "obj_track_id": 0,
          "bbox": [
            814.5675965665238,
            364.54506437768237,
            908.5075107296137,
            401.62660944206004
          ],
          "category": "car",
          "category ID": 3,
          "trunc": false
        }
      ]
    },
    {
      "frame_id": 81,
      "image_path": "frames/3tEZvtQZ18Q_003774/images/000081.jpg",
      "accident_id": 9,
      "accident_name": "leave_to_left",
      "objects": [
        {
          "obj_track_id": 0,
          "bbox": [
            795.614806866953,
            362.89699570815446,
            894.4989270386266,
            401.62660944206004
          ],
          "category": "car",
          "category ID": 3,
          "trunc": false
        }
      ]
    },
    {
      "frame_id": 82,
      "image_path": "frames/3tEZvtQZ18Q_003774/images/000082.jpg",
      "accident_id": 9,
      "accident_name": "leave_to_left",
      "objects": [
        {
          "obj_track_id": 0,
          "bbox": [
            778.3100858369102,
            362.89699570815446,
            881.3143776824033,
            401.62660944206004
          ],
          "category": "car",
          "category ID": 3,
          "trunc": false
        }
      ]
    },
    {
      "frame_id": 83,
      "image_path": "frames/3tEZvtQZ18Q_003774/images/000083.jpg",
      "accident_id": 9,
      "accident_name": "leave_to_left",
      "objects": [
        {
          "obj_track_id": 0,
          "bbox": [
            757.7092274678115,
            362.89699570815446,
            859.0654506437768,
            401.62660944206004
          ],
          "category": "car",
          "category ID": 3,
          "trunc": false
        }
      ]
    },
    {
      "frame_id": 84,
      "image_path": "frames/3tEZvtQZ18Q_003774/images/000084.jpg",
      "accident_id": 9,
      "accident_name": "leave_to_left",
      "objects": [
        {
          "obj_track_id": 0,
          "bbox": [
            736.2843347639488,
            361.24892703862656,
            838.464592274678,
            401.62660944206004
          ],
          "category": "car",
          "category ID": 3,
          "trunc": false
        }
      ]
    },
    {
      "frame_id": 85,
      "image_path": "frames/3tEZvtQZ18Q_003774/images/000085.jpg",
      "accident_id": 9,
      "accident_name": "leave_to_left",
      "objects": [
        {
          "obj_track_id": 0,
          "bbox": [
            712.3873390557943,
            359.6008583690987,
            817.8637339055794,
            402.45064377682394
          ],
          "category": "car",
          "category ID": 3,
          "trunc": false
        }
      ]
    },
    {
      "frame_id": 86,
      "image_path": "frames/3tEZvtQZ18Q_003774/images/000086.jpg",
      "accident_id": 9,
      "accident_name": "leave_to_left",
      "objects": [
        {
          "obj_track_id": 0,
          "bbox": [
            688.4903433476399,
            359.6008583690987,
            798.9109442060085,
            404.92274678111573
          ],
          "category": "car",
          "category ID": 3,
          "trunc": false
        }
      ]
    },
    {
      "frame_id": 87,
      "image_path": "frames/3tEZvtQZ18Q_003774/images/000087.jpg",
      "accident_id": 9,
      "accident_name": "leave_to_left",
      "objects": [
        {
          "obj_track_id": 0,
          "bbox": [
            662.9452789699575,
            357.12875536480686,
            775.837982832618,
            402.4506437768239
          ],
          "category": "car",
          "category ID": 3,
          "trunc": false
        }
      ]
    },
    {
      "frame_id": 88,
      "image_path": "frames/3tEZvtQZ18Q_003774/images/000088.jpg",
      "accident_id": 9,
      "accident_name": "leave_to_left",
      "objects": [
        {
          "obj_track_id": 0,
          "bbox": [
            631.6319742489275,
            354.656652360515,
            749.4688841201717,
            402.4506437768239
          ],
          "category": "car",
          "category ID": 3,
          "trunc": false
        }
      ]
    },
    {
      "frame_id": 89,
      "image_path": "frames/3tEZvtQZ18Q_003774/images/000089.jpg",
      "accident_id": 9,
      "accident_name": "leave_to_left",
      "objects": [
        {
          "obj_track_id": 0,
          "bbox": [
            601.1427038626613,
            351.3605150214592,
            720.6276824034335,
            400.8025751072961
          ],
          "category": "car",
          "category ID": 3,
          "trunc": false
        }
      ]
    },
    {
      "frame_id": 90,
      "image_path": "frames/3tEZvtQZ18Q_003774/images/000090.jpg",
      "accident_id": 9,
      "accident_name": "leave_to_left",
      "objects": [
        {
          "obj_track_id": 0,
          "bbox": [
            580.5418454935626,
            350.53648068669526,
            700.0268240343348,
            399.97854077253214
          ],
          "category": "car",
          "category ID": 3,
          "trunc": false
        }
      ]
    },
    {
      "frame_id": 91,
      "image_path": "frames/3tEZvtQZ18Q_003774/images/000091.jpg",
      "accident_id": 9,
      "accident_name": "leave_to_left",
      "objects": [
        {
          "obj_track_id": 0,
          "bbox": [
            559.1169527896999,
            348.88841201716735,
            683.5461373390558,
            402.450643776824
          ],
          "category": "car",
          "category ID": 3,
          "trunc": false
        }
      ]
    },
    {
      "frame_id": 92,
      "image_path": "frames/3tEZvtQZ18Q_003774/images/000092.jpg",
      "accident_id": 9,
      "accident_name": "leave_to_left",
      "objects": [
        {
          "obj_track_id": 0,
          "bbox": [
            533.5718884120175,
            348.88841201716735,
            661.2972103004291,
            402.450643776824
          ],
          "category": "car",
          "category ID": 3,
          "trunc": false
        }
      ]
    },
    {
      "frame_id": 93,
      "image_path": "frames/3tEZvtQZ18Q_003774/images/000093.jpg",
      "accident_id": 9,
      "accident_name": "leave_to_left",
      "objects": [
        {
          "obj_track_id": 0,
          "bbox": [
            501.43454935622344,
            343.1201716738197,
            634.9281115879828,
            401.62660944206004
          ],
          "category": "car",
          "category ID": 3,
          "trunc": false
        }
      ]
    },
    {
      "frame_id": 94,
      "image_path": "frames/3tEZvtQZ18Q_003774/images/000094.jpg",
      "accident_id": 9,
      "accident_name": "leave_to_left",
      "objects": [
        {
          "obj_track_id": 0,
          "bbox": [
            466.8251072961375,
            342.29613733905575,
            605.2628755364807,
            400.8025751072961
          ],
          "category": "car",
          "category ID": 3,
          "trunc": false
        }
      ]
    },
    {
      "frame_id": 95,
      "image_path": "frames/3tEZvtQZ18Q_003774/images/000095.jpg",
      "accident_id": 9,
      "accident_name": "leave_to_left",
      "objects": [
        {
          "obj_track_id": 0,
          "bbox": [
            428.0954935622319,
            339.82403433476395,
            569.8293991416309,
            404.92274678111585
          ],
          "category": "car",
          "category ID": 3,
          "trunc": false
        }
      ]
    },
    {
      "frame_id": 96,
      "image_path": "frames/3tEZvtQZ18Q_003774/images/000096.jpg",
      "accident_id": 9,
      "accident_name": "leave_to_left",
      "objects": [
        {
          "obj_track_id": 0,
          "bbox": [
            395.95815450643795,
            340.6480686695279,
            531.9238197424893,
            413.16309012875536
          ],
          "category": "car",
          "category ID": 3,
          "trunc": false
        }
      ]
    },
    {
      "frame_id": 97,
      "image_path": "frames/3tEZvtQZ18Q_003774/images/000097.jpg",
      "accident_id": 9,
      "accident_name": "leave_to_left",
      "objects": [
        {
          "obj_track_id": 0,
          "bbox": [
            366.29291845493583,
            345.59227467811155,
            484.12982832618025,
            418.93133047210296
          ],
          "category": "car",
          "category ID": 3,
          "trunc": false
        }
      ]
    },
    {
      "frame_id": 98,
      "image_path": "frames/3tEZvtQZ18Q_003774/images/000098.jpg",
      "accident_id": 9,
      "accident_name": "leave_to_left",
      "objects": [
        {
          "obj_track_id": 0,
          "bbox": [
            344.86802575107316,
            344.7682403433476,
            447.04828326180257,
            430.46781115879827
          ],
          "category": "car",
          "category ID": 3,
          "trunc": false
        }
      ]
    },
    {
      "frame_id": 99,
      "image_path": "frames/3tEZvtQZ18Q_003774/images/000099.jpg",
      "accident_id": 9,
      "accident_name": "leave_to_left",
      "objects": [
        {
          "obj_track_id": 0,
          "bbox": [
            301.19420600858365,
            347.24034334763945,
            428.9195278969957,
            437.88412017167377
          ],
          "category": "car",
          "category ID": 3,
          "trunc": false
        }
      ]
    },
    {
      "frame_id": 100,
      "image_path": "frames/3tEZvtQZ18Q_003774/images/000100.jpg",
      "accident_id": 9,
      "accident_name": "leave_to_left",
      "objects": [
        {
          "obj_track_id": 0,
          "bbox": [
            251.75214592274676,
            343.1201716738197,
            414.0869098712446,
            446.1244635193133
          ],
          "category": "car",
          "category ID": 3,
          "trunc": false
        }
      ]
    },
    {
      "frame_id": 101,
      "image_path": "frames/3tEZvtQZ18Q_003774/images/000101.jpg",
      "accident_id": 9,
      "accident_name": "leave_to_left",
      "objects": [
        {
          "obj_track_id": 0,
          "bbox": [
            195.71781115879827,
            344.7682403433476,
            400.0783261802574,
            461.7811158798283
          ],
          "category": "car",
          "category ID": 3,
          "trunc": false
        }
      ]
    },
    {
      "frame_id": 102,
      "image_path": "frames/3tEZvtQZ18Q_003774/images/000102.jpg",
      "accident_id": 9,
      "accident_name": "leave_to_left",
      "objects": [
        {
          "obj_track_id": 0,
          "bbox": [
            124.02682403433475,
            339.82403433476395,
            385.2457081545063,
            470.0214592274678
          ],
          "category": "car",
          "category ID": 3,
          "trunc": false
        }
      ]
    },
    {
      "frame_id": 103,
      "image_path": "frames/3tEZvtQZ18Q_003774/images/000103.jpg",
      "accident_id": 9,
      "accident_name": "leave_to_left",
      "objects": [
        {
          "obj_track_id": 0,
          "bbox": [
            34.207081545064376,
            333.5972060535506,
            353.9324034334763,
            491.44635193133047
          ],
          "category": "car",
          "category ID": 3,
          "trunc": false
        }
      ]
    },
    {
      "frame_id": 104,
      "image_path": "frames/3tEZvtQZ18Q_003774/images/000104.jpg",
      "accident_id": 9,
      "accident_name": "leave_to_left",
      "objects": [
        {
          "obj_track_id": 0,
          "bbox": [
            0,
            324.3771827706636,
            322.7406818488411,
            516.1673819742489
          ],
          "category": "car",
          "category ID": 3,
          "trunc": true
        }
      ]
    },
    {
      "frame_id": 105,
      "image_path": "frames/3tEZvtQZ18Q_003774/images/000105.jpg",
      "accident_id": 9,
      "accident_name": "leave_to_left",
      "objects": [
        {
          "obj_track_id": 0,
          "bbox": [
            0,
            315.9953434225844,
            280.37252619324795,
            570.5819472687574
          ],
          "category": "car",
          "category ID": 3,
          "trunc": true
        }
      ]
    },
    {
      "frame_id": 106,
      "image_path": "frames/3tEZvtQZ18Q_003774/images/000106.jpg",
      "accident_id": 9,
      "accident_name": "leave_to_left",
      "objects": [
        {
          "obj_track_id": 0,
          "bbox": [
            0,
            334.1265419916361,
            212.47962747380674,
            564.9359720605355
          ],
          "category": "car",
          "category ID": 3,
          "trunc": true
        }
      ]
    },
    {
      "frame_id": 107,
      "image_path": "frames/3tEZvtQZ18Q_003774/images/000107.jpg",
      "accident_id": 9,
      "accident_name": "leave_to_left",
      "objects": [
        {
          "obj_track_id": 0,
          "bbox": [
            0,
            415.73923166472645,
            103.51571594877765,
            631.9906868451689
          ],
          "category": "car",
          "category ID": 3,
          "trunc": true
        }
      ]
    },
    {
      "frame_id": 108,
      "image_path": "frames/3tEZvtQZ18Q_003774/images/000108.jpg",
      "accident_id": 9,
      "accident_name": "leave_to_left",
      "objects": []
    },
    {
      "frame_id": 109,
      "image_path": "frames/3tEZvtQZ18Q_003774/images/000109.jpg",
      "accident_id": 9,
      "accident_name": "leave_to_left",
      "objects": []
    },
    {
      "frame_id": 110,
      "image_path": "frames/3tEZvtQZ18Q_003774/images/000110.jpg",
      "accident_id": 9,
      "accident_name": "leave_to_left",
      "objects": []
    },
    {
      "frame_id": 111,
      "image_path": "frames/3tEZvtQZ18Q_003774/images/000111.jpg",
      "accident_id": 9,
      "accident_name": "leave_to_left",
      "objects": []
    },
    {
      "frame_id": 112,
      "image_path": "frames/3tEZvtQZ18Q_003774/images/000112.jpg",
      "accident_id": 9,
      "accident_name": "leave_to_left",
      "objects": []
    },
    {
      "frame_id": 113,
      "image_path": "frames/3tEZvtQZ18Q_003774/images/000113.jpg",
      "accident_id": 9,
      "accident_name": "leave_to_left",
      "objects": []
    },
    {
      "frame_id": 114,
      "image_path": "frames/3tEZvtQZ18Q_003774/images/000114.jpg",
      "accident_id": 9,
      "accident_name": "leave_to_left",
      "objects": []
    },
    {
      "frame_id": 115,
      "image_path": "frames/3tEZvtQZ18Q_003774/images/000115.jpg",
      "accident_id": 9,
      "accident_name": "leave_to_left",
      "objects": []
    },
    {
      "frame_id": 116,
      "image_path": "frames/3tEZvtQZ18Q_003774/images/000116.jpg",
      "accident_id": 9,
      "accident_name": "leave_to_left",
      "objects": []
    },
    {
      "frame_id": 117,
      "image_path": "frames/3tEZvtQZ18Q_003774/images/000117.jpg",
      "accident_id": 9,
      "accident_name": "leave_to_left",
      "objects": []
    },
    {
      "frame_id": 118,
      "image_path": "frames/3tEZvtQZ18Q_003774/images/000118.jpg",
      "accident_id": 9,
      "accident_name": "leave_to_left",
      "objects": []
    },
    {
      "frame_id": 119,
      "image_path": "frames/3tEZvtQZ18Q_003774/images/000119.jpg",
      "accident_id": 9,
      "accident_name": "leave_to_left",
      "objects": []
    }
  ]
}