{
  "video_name": "3tEZvtQZ18Q_001807",
  "channel": "CarCrashesTime",
  "num_frames": 99,
  "ignore": false,
  "ego_involve": false,
  "night": false,
  "anomaly_start": 37,
  "anomaly_end": 90,
  "video_start": 1807,
  "video_end": 1905,
  "accident_id": "8",
  "accident_name": "leave_to_right",
  "labels": [
    {
      "frame_id": 0,
      "image_path": "frames/3tEZvtQZ18Q_001807/images/000000.jpg",
      "accident_id": 0,
      "accident_name": "normal",
      "objects": []
    },
    {
      "frame_id": 1,
      "image_path": "frames/3tEZvtQZ18Q_001807/images/000001.jpg",
      "accident_id": 0,
      "accident_name": "normal",
      "objects": []
    },
    {
      "frame_id": 2,
      "image_path": "frames/3tEZvtQZ18Q_001807/images/000002.jpg",
      "accident_id": 0,
      "accident_name": "normal",
      "objects": []
    },
    {
      "frame_id": 3,
      "image_path": "frames/3tEZvtQZ18Q_001807/images/000003.jpg",
      "accident_id": 0,
      "accident_name": "normal",
      "objects": []
    },
    {
      "frame_id": 4,
      "image_path": "frames/3tEZvtQZ18Q_001807/images/000004.jpg",
      "accident_id": 0,
      "accident_name": "normal",
      "objects": []
    },
    {
      "frame_id": 5,
      "image_path": "frames/3tEZvtQZ18Q_001807/images/000005.jpg",
      "accident_id": 0,
      "accident_name": "normal",
      "objects": []
    },
    {
      "frame_id": 6,
      "image_path": "frames/3tEZvtQZ18Q_001807/images/000006.jpg",
      "accident_id": 0,
      "accident_name": "normal",
      "objects": []
    },
    {
      "frame_id": 7,
      "image_path": "frames/3tEZvtQZ18Q_001807/images/000007.jpg",
      "accident_id": 0,
      "accident_name": "normal",
      "objects": []
    },
    {
      "frame_id": 8,
      "image_path": "frames/3tEZvtQZ18Q_001807/images/000008.jpg",
      "accident_id": 0,
      "accident_name": "normal",
      "objects": []
    },
    {
      "frame_id": 9,
      "image_path": "frames/3tEZvtQZ18Q_001807/images/000009.jpg",
      "accident_id": 0,
      "accident_name": "normal",
      "objects": []
    },
    {
      "frame_id": 10,
      "image_path": "frames/3tEZvtQZ18Q_001807/images/000010.jpg",
      "accident_id": 0,
      "accident_name": "normal",
      "objects": []
    },
    {
      "frame_id": 11,
      "image_path": "frames/3tEZvtQZ18Q_001807/images/000011.jpg",
      "accident_id": 0,
      "accident_name": "normal",
      "objects": []
    },
    {
      "frame_id": 12,
      "image_path": "frames/3tEZvtQZ18Q_001807/images/000012.jpg",
      "accident_id": 0,
      "accident_name": "normal",
      "objects": []
    },
    {
      "frame_id": 13,
      "image_path": "frames/3tEZvtQZ18Q_001807/images/000013.jpg",
      "accident_id": 0,
      "accident_name": "normal",
      "objects": []
    },
    {
      "frame_id": 14,
      "image_path": "frames/3tEZvtQZ18Q_001807/images/000014.jpg",
      "accident_id": 0,
      "accident_name": "normal",
      "objects": []
    },
    {
      "frame_id": 15,
      "image_path": "frames/3tEZvtQZ18Q_001807/images/000015.jpg",
      "accident_id": 0,
      "accident_name": "normal",
      "objects": []
    },
    {
      "frame_id": 16,
      "image_path": "frames/3tEZvtQZ18Q_001807/images/000016.jpg",
      "accident_id": 0,
      "accident_name": "normal",
      "objects": []
    },
    {
      "frame_id": 17,
      "image_path": "frames/3tEZvtQZ18Q_001807/images/000017.jpg",
      "accident_id": 0,
      "accident_name": "normal",
      "objects": []
    },
    {
      "frame_id": 18,
      "image_path": "frames/3tEZvtQZ18Q_001807/images/000018.jpg",
      "accident_id": 0,
      "accident_name": "normal",
      "objects": []
    },
    {
      "frame_id": 19,
      "image_path": "frames/3tEZvtQZ18Q_001807/images/000019.jpg",
      "accident_id": 0,
      "accident_name": "normal",
      "objects": []
    },
    {
      "frame_id": 20,
      "image_path": "frames/3tEZvtQZ18Q_001807/images/000020.jpg",
      "accident_id": 0,
      "accident_name": "normal",
      "objects": []
    },
    {
      "frame_id": 21,
      "image_path": "frames/3tEZvtQZ18Q_001807/images/000021.jpg",
      "accident_id": 0,
      "accident_name": "normal",
      "objects": []
    },
    {
      "frame_id": 22,
      "image_path": "frames/3tEZvtQZ18Q_001807/images/000022.jpg",
      "accident_id": 0,
      "accident_name": "normal",
      "objects": []
    },
    {
      "frame_id": 23,
      "image_path": "frames/3tEZvtQZ18Q_001807/images/000023.jpg",
      "accident_id": 0,
      "accident_name": "normal",
      "objects": []
    },
    {
      "frame_id": 24,
      "image_path": "frames/3tEZvtQZ18Q_001807/images/000024.jpg",
      "accident_id": 0,
      "accident_name": "normal",
      "objects": []
    },
    {
      "frame_id": 25,
      "image_path": "frames/3tEZvtQZ18Q_001807/images/000025.jpg",
      "accident_id": 0,
      "accident_name": "normal",
      "objects": []
    },
    {
      "frame_id": 26,
      "image_path": "frames/3tEZvtQZ18Q_001807/images/000026.jpg",
      "accident_id": 0,
      "accident_name": "normal",
      "objects": []
    },
    {
      "frame_id": 27,
      "image_path": "frames/3tEZvtQZ18Q_001807/images/000027.jpg",
      "accident_id": 0,
      "accident_name": "normal",
      "objects": []
    },
    {
      "frame_id": 28,
      "image_path": "frames/3tEZvtQZ18Q_001807/images/000028.jpg",
      "accident_id": 0,
      "accident_name": "normal",
      "objects": []
    },
    {
      "frame_id": 29,
      "image_path": "frames/3tEZvtQZ18Q_001807/images/000029.jpg",
      "accident_id": 0,
      "accident_name": "normal",
      "objects": []
    },
    {
      "frame_id": 30,
      "image_path": "frames/3tEZvtQZ18Q_001807/images/000030.jpg",
      "accident_id": 0,
      "accident_name": "normal",
      "objects": []
    },
    {
      "frame_id": 31,
      "image_path": "frames/3tEZvtQZ18Q_001807/images/000031.jpg",
      "accident_id": 0,
      "accident_name": "normal",
      "objects": []
    },
    {
      "frame_id": 32,
      "image_path": "frames/3tEZvtQZ18Q_001807/images/000032.jpg",
      "accident_id": 0,
      "accident_name": "normal",
      "objects": []
    },
    {
      "frame_id": 33,
      "image_path": "frames/3tEZvtQZ18Q_001807/images/000033.jpg",
      "accident_id": 0,
      "accident_name": "normal",
      "objects": []
    },
    {
      "frame_id": 34,
      "image_path": "frames/3tEZvtQZ18Q_001807/images/000034.jpg",
      "accident_id": 0,
      "accident_name": "normal",
      "objects": []
    },
    {
      "frame_id": 35,
      "image_path": "frames/3tEZvtQZ18Q_001807/images/000035.jpg",
      "accident_id": 0,
      "accident_name": "normal",
      "objects": []
    },
    {
      "frame_id": 36,
      "image_path": "frames/3tEZvtQZ18Q_001807/images/000036.jpg",
      "accident_id": 0,
      "accident_name": "normal",
      "objects": []
    },
    {
      "frame_id": 37,
      "image_path": "frames/3tEZvtQZ18Q_001807/images/000037.jpg",
      "accident_id": 8,
      "accident_name": "leave_to_right",
      "objects": [
        {
          "obj_track_id": 0,
          "bbox": [
            1038.6457073760582,
            389.16565900846433,
            1254.5586457073762,
            515.4050785973399
          ],
          "category": "truck",
          "category ID": 5,
          "trunc": false
        }
      ]
    },
    {
      "frame_id": 38,
      "image_path": "frames/3tEZvtQZ18Q_001807/images/000038.jpg",
      "accident_id": 8,
      "accident_name": "leave_to_right",
      "objects": [
        {
          "obj_track_id": 0,
          "bbox": [
            1031.6807738814994,
            389.16565900846433,
            1259.782345828295,
            518.0169286577993
          ],
          "category": "truck",
          "category ID": 5,
          "trunc": false
        }
      ]
    },
    {
      "frame_id": 39,
      "image_path": "frames/3tEZvtQZ18Q_001807/images/000039.jpg",
      "accident_id": 8,
      "accident_name": "leave_to_right",
      "objects": [
        {
          "obj_track_id": 0,
          "bbox": [
            1025.5864570737606,
            386.55380894800487,
            1269.3591293833133,
            524.981862152358
          ],
          "category": "truck",
          "category ID": 5,
          "trunc": false
        }
      ]
    },
    {
      "frame_id": 40,
      "image_path": "frames/3tEZvtQZ18Q_001807/images/000040.jpg",
      "accident_id": 8,
      "accident_name": "leave_to_right",
      "objects": [
        {
          "obj_track_id": 0,
          "bbox": [
            1011.6565900846433,
            391.77750906892385,
            1275.453446191052,
            531.0761789600967
          ],
          "category": "truck",
          "category ID": 5,
          "trunc": false
        }
      ]
    },
    {
      "frame_id": 41,
      "image_path": "frames/3tEZvtQZ18Q_001807/images/000041.jpg",
      "accident_id": 8,
      "accident_name": "leave_to_right",
      "objects": [
        {
          "obj_track_id": 0,
          "bbox": [
            992.5030229746071,
            395.25997581620317,
            1276.324062877872,
            536.2998790810158
          ],
          "category": "truck",
          "category ID": 5,
          "trunc": false
        }
      ]
    },
    {
      "frame_id": 42,
      "image_path": "frames/3tEZvtQZ18Q_001807/images/000042.jpg",
      "accident_id": 8,
      "accident_name": "leave_to_right",
      "objects": [
        {
          "obj_track_id": 0,
          "bbox": [
            964.6432889963725,
            397.8718258766627,
            1267.6178960096736,
            546.7472793228537
          ],
          "category": "truck",
          "category ID": 5,
          "trunc": false
        }
      ]
    },
    {
      "frame_id": 43,
      "image_path": "frames/3tEZvtQZ18Q_001807/images/000043.jpg",
      "accident_id": 8,
      "accident_name": "leave_to_right",
      "objects": [
        {
          "obj_track_id": 0,
          "bbox": [
            932.4304715840387,
            393.5187424425635,
            1251.9467956469166,
            545.006045949214
          ],
          "category": "truck",
          "category ID": 5,
          "trunc": false
        }
      ]
    },
    {
      "frame_id": 44,
      "image_path": "frames/3tEZvtQZ18Q_001807/images/000044.jpg",
      "accident_id": 8,
      "accident_name": "leave_to_right",
      "objects": [
        {
          "obj_track_id": 0,
          "bbox": [
            891.5114873035067,
            383.94195888754535,
            1247.5937122128175,
            545.8766626360339
          ],
          "category": "truck",
          "category ID": 5,
          "trunc": false
        }
      ]
    },
    {
      "frame_id": 45,
      "image_path": "frames/3tEZvtQZ18Q_001807/images/000045.jpg",
      "accident_id": 8,
      "accident_name": "leave_to_right",
      "objects": [
        {
          "obj_track_id": 0,
          "bbox": [
            855.8162031438936,
            376.9770253929867,
            1243.2406287787182,
            541.5235792019347
          ],
          "category": "truck",
          "category ID": 5,
          "trunc": false
        }
      ]
    },
    {
      "frame_id": 46,
      "image_path": "frames/3tEZvtQZ18Q_001807/images/000046.jpg",
      "accident_id": 8,
      "accident_name": "leave_to_right",
      "objects": [
        {
          "obj_track_id": 0,
          "bbox": [
            825.3446191051996,
            368.2708585247884,
            1230.1813784764208,
            543.2648125755744
          ],
          "category": "truck",
          "category ID": 5,
          "trunc": false
        }
      ]
    },
    {
      "frame_id": 47,
      "image_path": "frames/3tEZvtQZ18Q_001807/images/000047.jpg",
      "accident_id": 8,
      "accident_name": "leave_to_right",
      "objects": [
        {
          "obj_track_id": 0,
          "bbox": [
            802.708585247884,
            367.40024183796857,
            1213.6396614268442,
            538.9117291414752
          ],
          "category": "truck",
          "category ID": 5,
          "trunc": false
        }
      ]
    },
    {
      "frame_id": 48,
      "image_path": "frames/3tEZvtQZ18Q_001807/images/000048.jpg",
      "accident_id": 8,
      "accident_name": "leave_to_right",
      "objects": [
        {
          "obj_track_id": 0,
          "bbox": [
            777.4607013301089,
            368.2708585247884,
            1208.415961305925,
            540.652962515115
          ],
          "category": "truck",
          "category ID": 5,
          "trunc": false
        }
      ]
    },
    {
      "frame_id": 49,
      "image_path": "frames/3tEZvtQZ18Q_001807/images/000049.jpg",
      "accident_id": 8,
      "accident_name": "leave_to_right",
      "objects": [
        {
          "obj_track_id": 0,
          "bbox": [
            759.1777509068925,
            366.52962515114876,
            1197.9685610640872,
            545.8766626360339
          ],
          "category": "truck",
          "category ID": 5,
          "trunc": false
        }
      ]
    },
    {
      "frame_id": 50,
      "image_path": "frames/3tEZvtQZ18Q_001807/images/000050.jpg",
      "accident_id": 8,
      "accident_name": "leave_to_right",
      "objects": [
        {
          "obj_track_id": 0,
          "bbox": [
            740.894800483676,
            364.7883917775091,
            1200.5804111245466,
            546.7472793228537
          ],
          "category": "truck",
          "category ID": 5,
          "trunc": false
        }
      ]
    },
    {
      "frame_id": 51,
      "image_path": "frames/3tEZvtQZ18Q_001807/images/000051.jpg",
      "accident_id": 8,
      "accident_name": "leave_to_right",
      "objects": [
        {
          "obj_track_id": 0,
          "bbox": [
            732.1886336154777,
            363.91777509068925,
            1194.4860943168078,
            549.3591293833132
          ],
          "category": "truck",
          "category ID": 5,
          "trunc": false
        }
      ]
    },
    {
      "frame_id": 52,
      "image_path": "frames/3tEZvtQZ18Q_001807/images/000052.jpg",
      "accident_id": 8,
      "accident_name": "leave_to_right",
      "objects": [
        {
          "obj_track_id": 0,
          "bbox": [
            721.7412333736397,
            362.1765417170496,
            1188.391777509069,
            547.6178960096736
          ],
          "category": "truck",
          "category ID": 5,
          "trunc": false
        }
      ]
    },
    {
      "frame_id": 53,
      "image_path": "frames/3tEZvtQZ18Q_001807/images/000053.jpg",
      "accident_id": 8,
      "accident_name": "leave_to_right",
      "objects": [
        {
          "obj_track_id": 0,
          "bbox": [
            690.3990326481259,
            360.43530834340993,
            1187.5211608222492,
            545.8766626360339
          ],
          "category": "truck",
          "category ID": 5,
          "trunc": false
        }
      ]
    },
    {
      "frame_id": 54,
      "image_path": "frames/3tEZvtQZ18Q_001807/images/000054.jpg",
      "accident_id": 8,
      "accident_name": "leave_to_right",
      "objects": [
        {
          "obj_track_id": 0,
          "bbox": [
            644.2563482466747,
            363.04715840386945,
            1182.2974607013302,
            544.1354292623943
          ],
          "category": "truck",
          "category ID": 5,
          "trunc": false
        }
      ]
    },
    {
      "frame_id": 55,
      "image_path": "frames/3tEZvtQZ18Q_001807/images/000055.jpg",
      "accident_id": 8,
      "accident_name": "leave_to_right",
      "objects": [
        {
          "obj_track_id": 0,
          "bbox": [
            599.8548972188634,
            360.43530834340993,
            1177.0737605804113,
            548.4885126964934
          ],
          "category": "truck",
          "category ID": 5,
          "trunc": false
        }
      ]
    },
    {
      "frame_id": 56,
      "image_path": "frames/3tEZvtQZ18Q_001807/images/000056.jpg",
      "accident_id": 8,
      "accident_name": "leave_to_right",
      "objects": [
        {
          "obj_track_id": 0,
          "bbox": [
            560.677146311971,
            363.91777509068925,
            1174.4619105199517,
            550.229746070133
          ],
          "category": "truck",
          "category ID": 5,
          "trunc": false
        }
      ]
    },
    {
      "frame_id": 57,
      "image_path": "frames/3tEZvtQZ18Q_001807/images/000057.jpg",
      "accident_id": 8,
      "accident_name": "leave_to_right",
      "objects": [
        {
          "obj_track_id": 0,
          "bbox": [
            532.8174123337365,
            358.69407496977027,
            1164.8851269649335,
            548.4885126964934
          ],
          "category": "truck",
          "category ID": 5,
          "trunc": false
        }
      ]
    },
    {
      "frame_id": 58,
      "image_path": "frames/3tEZvtQZ18Q_001807/images/000058.jpg",
      "accident_id": 8,
      "accident_name": "leave_to_right",
      "objects": [
        {
          "obj_track_id": 0,
          "bbox": [
            509.31076178960103,
            360.43530834340993,
            1154.4377267230957,
            549.3591293833132
          ],
          "category": "truck",
          "category ID": 5,
          "trunc": false
        }
      ]
    },
    {
      "frame_id": 59,
      "image_path": "frames/3tEZvtQZ18Q_001807/images/000059.jpg",
      "accident_id": 8,
      "accident_name": "leave_to_right",
      "objects": [
        {
          "obj_track_id": 0,
          "bbox": [
            488.41596130592507,
            360.87061668681986,
            1150.0846432889966,
            549.7944377267231
          ],
          "category": "truck",
          "category ID": 5,
          "trunc": false
        }
      ]
    },
    {
      "frame_id": 60,
      "image_path": "frames/3tEZvtQZ18Q_001807/images/000060.jpg",
      "accident_id": 8,
      "accident_name": "leave_to_right",
      "objects": [
        {
          "obj_track_id": 0,
          "bbox": [
            467.5211608222491,
            361.3059250302298,
            1145.7315598548973,
            550.229746070133
          ],
          "category": "truck",
          "category ID": 5,
          "trunc": false
        }
      ]
    },
    {
      "frame_id": 61,
      "image_path": "frames/3tEZvtQZ18Q_001807/images/000061.jpg",
      "accident_id": 8,
      "accident_name": "leave_to_right",
      "objects": [
        {
          "obj_track_id": 0,
          "bbox": [
            449.23821039903265,
            363.91777509068925,
            1137.025392986699,
            548.4885126964934
          ],
          "category": "truck",
          "category ID": 5,
          "trunc": false
        }
      ]
    },
    {
      "frame_id": 62,
      "image_path": "frames/3tEZvtQZ18Q_001807/images/000062.jpg",
      "accident_id": 8,
      "accident_name": "leave_to_right",
      "objects": [
        {
          "obj_track_id": 0,
          "bbox": [
            436.17896009673524,
            360.43530834340993,
            1130.9310761789602,
            548.4885126964934
          ],
          "category": "truck",
          "category ID": 5,
          "trunc": false
        }
      ]
    },
    {
      "frame_id": 63,
      "image_path": "frames/3tEZvtQZ18Q_001807/images/000063.jpg",
      "accident_id": 8,
      "accident_name": "leave_to_right",
      "objects": [
        {
          "obj_track_id": 0,
          "bbox": [
            417.02539298669893,
            363.91777509068925,
            1117.8718258766628,
            549.3591293833132
          ],
          "category": "truck",
          "category ID": 5,
          "trunc": false
        }
      ]
    },
    {
      "frame_id": 64,
      "image_path": "frames/3tEZvtQZ18Q_001807/images/000064.jpg",
      "accident_id": 8,
      "accident_name": "leave_to_right",
      "objects": [
        {
          "obj_track_id": 0,
          "bbox": [
            401.354292623942,
            363.04715840386945,
            1112.6481257557436,
            549.3591293833132
          ],
          "category": "truck",
          "category ID": 5,
          "trunc": false
        }
      ]
    },
    {
      "frame_id": 65,
      "image_path": "frames/3tEZvtQZ18Q_001807/images/000065.jpg",
      "accident_id": 8,
      "accident_name": "leave_to_right",
      "objects": [
        {
          "obj_track_id": 0,
          "bbox": [
            387.4244256348247,
            363.91777509068925,
            1106.5538089480049,
            547.6178960096736
          ],
          "category": "truck",
          "category ID": 5,
          "trunc": false
        }
      ]
    },
    {
      "frame_id": 66,
      "image_path": "frames/3tEZvtQZ18Q_001807/images/000066.jpg",
      "accident_id": 8,
      "accident_name": "leave_to_right",
      "objects": [
        {
          "obj_track_id": 0,
          "bbox": [
            378.7182587666264,
            362.1765417170496,
            1099.5888754534462,
            547.6178960096736
          ],
          "category": "truck",
          "category ID": 5,
          "trunc": false
        }
      ]
    },
    {
      "frame_id": 67,
      "image_path": "frames/3tEZvtQZ18Q_001807/images/000067.jpg",
      "accident_id": 8,
      "accident_name": "leave_to_right",
      "objects": [
        {
          "obj_track_id": 0,
          "bbox": [
            371.75332527206774,
            362.1765417170496,
            1090.8827085852479,
            548.4885126964934
          ],
          "category": "truck",
          "category ID": 5,
          "trunc": false
        }
      ]
    },
    {
      "frame_id": 68,
      "image_path": "frames/3tEZvtQZ18Q_001807/images/000068.jpg",
      "accident_id": 8,
      "accident_name": "leave_to_right",
      "objects": [
        {
          "obj_track_id": 0,
          "bbox": [
            359.5646916565901,
            358.69407496977027,
            1083.0471584038694,
            551.1003627569529
          ],
          "category": "truck",
          "category ID": 5,
          "trunc": false
        }
      ]
    },
    {
      "frame_id": 69,
      "image_path": "frames/3tEZvtQZ18Q_001807/images/000069.jpg",
      "accident_id": 8,
      "accident_name": "leave_to_right",
      "objects": [
        {
          "obj_track_id": 0,
          "bbox": [
            348.2466747279323,
            361.3059250302298,
            1076.9528415961306,
            551.1003627569529
          ],
          "category": "truck",
          "category ID": 5,
          "trunc": false
        }
      ]
    },
    {
      "frame_id": 70,
      "image_path": "frames/3tEZvtQZ18Q_001807/images/000070.jpg",
      "accident_id": 8,
      "accident_name": "leave_to_right",
      "objects": [
        {
          "obj_track_id": 0,
          "bbox": [
            341.2817412333737,
            359.5646916565901,
            1072.5997581620315,
            551.1003627569529
          ],
          "category": "truck",
          "category ID": 5,
          "trunc": false
        }
      ]
    },
    {
      "frame_id": 71,
      "image_path": "frames/3tEZvtQZ18Q_001807/images/000071.jpg",
      "accident_id": 8,
      "accident_name": "leave_to_right",
      "objects": [
        {
          "obj_track_id": 0,
          "bbox": [
            336.9286577992745,
            359.5646916565901,
            1068.2466747279323,
            551.9709794437728
          ],
          "category": "truck",
          "category ID": 5,
          "trunc": false
        }
      ]
    },
    {
      "frame_id": 72,
      "image_path": "frames/3tEZvtQZ18Q_001807/images/000072.jpg",
      "accident_id": 8,
      "accident_name": "leave_to_right",
      "objects": [
        {
          "obj_track_id": 0,
          "bbox": [
            330.83434099153567,
            359.5646916565901,
            1068.2466747279323,
            551.9709794437728
          ],
          "category": "truck",
          "category ID": 5,
          "trunc": false
        }
      ]
    },
    {
      "frame_id": 73,
      "image_path": "frames/3tEZvtQZ18Q_001807/images/000073.jpg",
      "accident_id": 8,
      "accident_name": "leave_to_right",
      "objects": [
        {
          "obj_track_id": 0,
          "bbox": [
            328.2224909310762,
            358.69407496977027,
            1068.2466747279323,
            551.9709794437728
          ],
          "category": "truck",
          "category ID": 5,
          "trunc": false
        }
      ]
    },
    {
      "frame_id": 74,
      "image_path": "frames/3tEZvtQZ18Q_001807/images/000074.jpg",
      "accident_id": 8,
      "accident_name": "leave_to_right",
      "objects": [
        {
          "obj_track_id": 0,
          "bbox": [
            322.1281741233374,
            360.43530834340993,
            1062.1523579201935,
            552.8415961305925
          ],
          "category": "truck",
          "category ID": 5,
          "trunc": false
        }
      ]
    },
    {
      "frame_id": 75,
      "image_path": "frames/3tEZvtQZ18Q_001807/images/000075.jpg",
      "accident_id": 8,
      "accident_name": "leave_to_right",
      "objects": [
        {
          "obj_track_id": 0,
          "bbox": [
            317.77509068923825,
            357.82345828295047,
            1058.6698911729143,
            548.4885126964934
          ],
          "category": "truck",
          "category ID": 5,
          "trunc": false
        }
      ]
    },
    {
      "frame_id": 76,
      "image_path": "frames/3tEZvtQZ18Q_001807/images/000076.jpg",
      "accident_id": 8,
      "accident_name": "leave_to_right",
      "objects": [
        {
          "obj_track_id": 0,
          "bbox": [
            316.0338573155986,
            356.0822249093108,
            1058.6698911729143,
            548.4885126964934
          ],
          "category": "truck",
          "category ID": 5,
          "trunc": false
        }
      ]
    },
    {
      "frame_id": 77,
      "image_path": "frames/3tEZvtQZ18Q_001807/images/000077.jpg",
      "accident_id": 8,
      "accident_name": "leave_to_right",
      "objects": [
        {
          "obj_track_id": 0,
          "bbox": [
            315.16324062877874,
            353.4703748488513,
            1058.6698911729143,
            548.4885126964934
          ],
          "category": "truck",
          "category ID": 5,
          "trunc": false
        }
      ]
    },
    {
      "frame_id": 78,
      "image_path": "frames/3tEZvtQZ18Q_001807/images/000078.jpg",
      "accident_id": 8,
      "accident_name": "leave_to_right",
      "objects": [
        {
          "obj_track_id": 0,
          "bbox": [
            315.16324062877874,
            353.4703748488513,
            1058.6698911729143,
            548.4885126964934
          ],
          "category": "truck",
          "category ID": 5,
          "trunc": false
        }
      ]
    },
    {
      "frame_id": 79,
      "image_path": "frames/3tEZvtQZ18Q_001807/images/000079.jpg",
      "accident_id": 8,
      "accident_name": "leave_to_right",
      "objects": [
        {
          "obj_track_id": 0,
          "bbox": [
            315.16324062877874,
            353.4703748488513,
            1058.6698911729143,
            548.4885126964934
          ],
          "category": "truck",
          "category ID": 5,
          "trunc": false
        }
      ]
    },
    {
      "frame_id": 80,
      "image_path": "frames/3tEZvtQZ18Q_001807/images/000080.jpg",
      "accident_id": 8,
      "accident_name": "leave_to_right",
      "objects": [
        {
          "obj_track_id": 0,
          "bbox": [
            315.16324062877874,
            353.4703748488513,
            1058.6698911729143,
            548.4885126964934
          ],
          "category": "truck",
          "category ID": 5,
          "trunc": false
        }
      ]
    },
    {
      "frame_id": 81,
      "image_path": "frames/3tEZvtQZ18Q_001807/images/000081.jpg",
      "accident_id": 8,
      "accident_name": "leave_to_right",
      "objects": [
        {
          "obj_track_id": 0,
          "bbox": [
            315.16324062877874,
            353.4703748488513,
            1058.6698911729143,
            548.4885126964934
          ],
          "category": "truck",
          "category ID": 5,
          "trunc": false
        }
      ]
    },
    {
      "frame_id": 82,
      "image_path": "frames/3tEZvtQZ18Q_001807/images/000082.jpg",
      "accident_id": 8,
      "accident_name": "leave_to_right",
      "objects": [
        {
          "obj_track_id": 0,
          "bbox": [
            315.16324062877874,
            353.4703748488513,
            1058.6698911729143,
            548.4885126964934
          ],
          "category": "truck",
          "category ID": 5,
          "trunc": false
        }
      ]
    },
    {
      "frame_id": 83,
      "image_path": "frames/3tEZvtQZ18Q_001807/images/000083.jpg",
      "accident_id": 8,
      "accident_name": "leave_to_right",
      "objects": [
        {
          "obj_track_id": 0,
          "bbox": [
            315.16324062877874,
            353.4703748488513,
            1058.6698911729143,
            548.4885126964934
          ],
          "category": "truck",
          "category ID": 5,
          "trunc": false
        }
      ]
    },
    {
      "frame_id": 84,
      "image_path": "frames/3tEZvtQZ18Q_001807/images/000084.jpg",
      "accident_id": 8,
      "accident_name": "leave_to_right",
      "objects": [
        {
          "obj_track_id": 0,
          "bbox": [
            315.16324062877874,
            353.4703748488513,
            1058.6698911729143,
            548.4885126964934
          ],
          "category": "truck",
          "category ID": 5,
          "trunc": false
        }
      ]
    },
    {
      "frame_id": 85,
      "image_path": "frames/3tEZvtQZ18Q_001807/images/000085.jpg",
      "accident_id": 8,
      "accident_name": "leave_to_right",
      "objects": [
        {
          "obj_track_id": 0,
          "bbox": [
            315.16324062877874,
            353.4703748488513,
            1058.6698911729143,
            548.4885126964934
          ],
          "category": "truck",
          "category ID": 5,
          "trunc": false
        }
      ]
    },
    {
      "frame_id": 86,
      "image_path": "frames/3tEZvtQZ18Q_001807/images/000086.jpg",
      "accident_id": 8,
      "accident_name": "leave_to_right",
      "objects": [
        {
          "obj_track_id": 0,
          "bbox": [
            315.16324062877874,
            353.4703748488513,
            1058.6698911729143,
            548.4885126964934
          ],
          "category": "truck",
          "category ID": 5,
          "trunc": false
        }
      ]
    },
    {
      "frame_id": 87,
      "image_path": "frames/3tEZvtQZ18Q_001807/images/000087.jpg",
      "accident_id": 8,
      "accident_name": "leave_to_right",
      "objects": [
        {
          "obj_track_id": 0,
          "bbox": [
            315.16324062877874,
            353.4703748488513,
            1058.6698911729143,
            548.4885126964934
          ],
          "category": "truck",
          "category ID": 5,
          "trunc": false
        }
      ]
    },
    {
      "frame_id": 88,
      "image_path": "frames/3tEZvtQZ18Q_001807/images/000088.jpg",
      "accident_id": 8,
      "accident_name": "leave_to_right",
      "objects": [
        {
          "obj_track_id": 0,
          "bbox": [
            315.16324062877874,
            353.4703748488513,
            1058.6698911729143,
            548.4885126964934
          ],
          "category": "truck",
          "category ID": 5,
          "trunc": false
        }
      ]
    },
    {
      "frame_id": 89,
      "image_path": "frames/3tEZvtQZ18Q_001807/images/000089.jpg",
      "accident_id": 8,
      "accident_name": "leave_to_right",
      "objects": [
        {
          "obj_track_id": 0,
          "bbox": [
            315.16324062877874,
            353.4703748488513,
            1058.6698911729143,
            548.4885126964934
          ],
          "category": "truck",
          "category ID": 5,
          "trunc": false
        }
      ]
    },
    {
      "frame_id": 90,
      "image_path": "frames/3tEZvtQZ18Q_001807/images/000090.jpg",
      "accident_id": 0,
      "accident_name": "normal",
      "objects": []
    },
    {
      "frame_id": 91,
      "image_path": "frames/3tEZvtQZ18Q_001807/images/000091.jpg",
      "accident_id": 0,
      "accident_name": "normal",
      "objects": []
    },
    {
      "frame_id": 92,
      "image_path": "frames/3tEZvtQZ18Q_001807/images/000092.jpg",
      "accident_id": 0,
      "accident_name": "normal",
      "objects": []
    },
    {
      "frame_id": 93,
      "image_path": "frames/3tEZvtQZ18Q_001807/images/000093.jpg",
      "accident_id": 0,
      "accident_name": "normal",
      "objects": []
    },
    {
      "frame_id": 94,
      "image_path": "frames/3tEZvtQZ18Q_001807/images/000094.jpg",
      "accident_id": 0,
      "accident_name": "normal",
      "objects": []
    },
    {
      "frame_id": 95,
      "image_path": "frames/3tEZvtQZ18Q_001807/images/000095.jpg",
      "accident_id": 0,
      "accident_name": "normal",
      "objects": []
    },
    {
      "frame_id": 96,
      "image_path": "frames/3tEZvtQZ18Q_001807/images/000096.jpg",
      "accident_id": 0,
      "accident_name": "normal",
      "objects": []
    },
    {
      "frame_id": 97,
      "image_path": "frames/3tEZvtQZ18Q_001807/images/000097.jpg",
      "accident_id": 0,
      "accident_name": "normal",
      "objects": []
    },
    {
      "frame_id": 98,
      "image_path": "frames/3tEZvtQZ18Q_001807/images/000098.jpg",
      "accident_id": 0,
      "accident_name": "normal",
      "objects": []
    }
  ]
}
