{
  "video_name": "3tEZvtQZ18Q_003008",
  "channel": "CarCrashesTime",
  "num_frames": 96,
  "ignore": false,
  "ego_involve": false,
  "night": true,
  "anomaly_start": 29,
  "anomaly_end": 64,
  "video_start": 3008,
  "video_end": 3103,
  "accident_id": "8",
  "accident_name": "leave_to_right",
  "labels": [
    {
      "frame_id": 0,
      "image_path": "frames/3tEZvtQZ18Q_003008/images/000000.jpg",
      "accident_id": 0,
      "accident_name": "normal",
      "objects": []
    },
    {
      "frame_id": 1,
      "image_path": "frames/3tEZvtQZ18Q_003008/images/000001.jpg",
      "accident_id": 0,
      "accident_name": "normal",
      "objects": []
    },
    {
      "frame_id": 2,
      "image_path": "frames/3tEZvtQZ18Q_003008/images/000002.jpg",
      "accident_id": 0,
      "accident_name": "normal",
      "objects": []
    },
    {
      "frame_id": 3,
      "image_path": "frames/3tEZvtQZ18Q_003008/images/000003.jpg",
      "accident_id": 0,
      "accident_name": "normal",
      "objects": []
    },
    {
      "frame_id": 4,
      "image_path": "frames/3tEZvtQZ18Q_003008/images/000004.jpg",
      "accident_id": 0,
      "accident_name": "normal",
      "objects": []
    },
    {
      "frame_id": 5,
      "image_path": "frames/3tEZvtQZ18Q_003008/images/000005.jpg",
      "accident_id": 0,
      "accident_name": "normal",
      "objects": []
    },
    {
      "frame_id": 6,
      "image_path": "frames/3tEZvtQZ18Q_003008/images/000006.jpg",
      "accident_id": 0,
      "accident_name": "normal",
      "objects": []
    },
    {
      "frame_id": 7,
      "image_path": "frames/3tEZvtQZ18Q_003008/images/000007.jpg",
      "accident_id": 0,
      "accident_name": "normal",
      "objects": []
    },
    {
      "frame_id": 8,
      "image_path": "frames/3tEZvtQZ18Q_003008/images/000008.jpg",
      "accident_id": 0,
      "accident_name": "normal",
      "objects": []
    },
    {
      "frame_id": 9,
      "image_path": "frames/3tEZvtQZ18Q_003008/images/000009.jpg",
      "accident_id": 0,
      "accident_name": "normal",
      "objects": []
    },
    {
      "frame_id": 10,
      "image_path": "frames/3tEZvtQZ18Q_003008/images/000010.jpg",
      "accident_id": 0,
      "accident_name": "normal",
      "objects": []
    },
    {
      "frame_id": 11,
      "image_path": "frames/3tEZvtQZ18Q_003008/images/000011.jpg",
      "accident_id": 0,
      "accident_name": "normal",
      "objects": []
    },
    {
      "frame_id": 12,
      "image_path": "frames/3tEZvtQZ18Q_003008/images/000012.jpg",
      "accident_id": 0,
      "accident_name": "normal",
      "objects": []
    },
    {
      "frame_id": 13,
      "image_path": "frames/3tEZvtQZ18Q_003008/images/000013.jpg",
      "accident_id": 0,
      "accident_name": "normal",
      "objects": []
    },
    {
      "frame_id": 14,
      "image_path": "frames/3tEZvtQZ18Q_003008/images/000014.jpg",
      "accident_id": 0,
      "accident_name": "normal",
      "objects": []
    },
    {
      "frame_id": 15,
      "image_path": "frames/3tEZvtQZ18Q_003008/images/000015.jpg",
      "accident_id": 0,
      "accident_name": "normal",
      "objects": []
    },
    {
      "frame_id": 16,
      "image_path": "frames/3tEZvtQZ18Q_003008/images/000016.jpg",
      "accident_id": 0,
      "accident_name": "normal",
      "objects": []
    },
    {
      "frame_id": 17,
      "image_path": "frames/3tEZvtQZ18Q_003008/images/000017.jpg",
      "accident_id": 0,
      "accident_name": "normal",
      "objects": []
    },
    {
      "frame_id": 18,
      "image_path": "frames/3tEZvtQZ18Q_003008/images/000018.jpg",
      "accident_id": 0,
      "accident_name": "normal",
      "objects": []
    },
    {
      "frame_id": 19,
      "image_path": "frames/3tEZvtQZ18Q_003008/images/000019.jpg",
      "accident_id": 0,
      "accident_name": "normal",
      "objects": []
    },
    {
      "frame_id": 20,
      "image_path": "frames/3tEZvtQZ18Q_003008/images/000020.jpg",
      "accident_id": 0,
      "accident_name": "normal",
      "objects": []
    },
    {
      "frame_id": 21,
      "image_path": "frames/3tEZvtQZ18Q_003008/images/000021.jpg",
      "accident_id": 0,
      "accident_name": "normal",
      "objects": []
    },
    {
      "frame_id": 22,
      "image_path": "frames/3tEZvtQZ18Q_003008/images/000022.jpg",
      "accident_id": 0,
      "accident_name": "normal",
      "objects": []
    },
    {
      "frame_id": 23,
      "image_path": "frames/3tEZvtQZ18Q_003008/images/000023.jpg",
      "accident_id": 0,
      "accident_name": "normal",
      "objects": []
    },
    {
      "frame_id": 24,
      "image_path": "frames/3tEZvtQZ18Q_003008/images/000024.jpg",
      "accident_id": 0,
      "accident_name": "normal",
      "objects": []
    },
    {
      "frame_id": 25,
      "image_path": "frames/3tEZvtQZ18Q_003008/images/000025.jpg",
      "accident_id": 0,
      "accident_name": "normal",
      "objects": []
    },
    {
      "frame_id": 26,
      "image_path": "frames/3tEZvtQZ18Q_003008/images/000026.jpg",
      "accident_id": 0,
      "accident_name": "normal",
      "objects": []
    },
    {
      "frame_id": 27,
      "image_path": "frames/3tEZvtQZ18Q_003008/images/000027.jpg",
      "accident_id": 0,
      "accident_name": "normal",
      "objects": []
    },
    {
      "frame_id": 28,
      "image_path": "frames/3tEZvtQZ18Q_003008/images/000028.jpg",
      "accident_id": 0,
      "accident_name": "normal",
      "objects": []
    },
    {
      "frame_id": 29,
      "image_path": "frames/3tEZvtQZ18Q_003008/images/000029.jpg",
      "accident_id": 8,
      "accident_name": "leave_to_right",
      "objects": [
        {
          "obj_track_id": 0,
          "bbox": [
            334.12641338138087,
            502.4962739409919,
            420.364628808185,
            569.6948833644756
          ],
          "category": "car",
          "category ID": 3,
          "trunc": false
        }
      ]
    },
    {
      "frame_id": 30,
      "image_path": "frames/3tEZvtQZ18Q_003008/images/000030.jpg",
      "accident_id": 8,
      "accident_name": "leave_to_right",
      "objects": [
        {
          "obj_track_id": 0,
          "bbox": [
            335.50155061286705,
            503.0710511739827,
            424.9174045292318,
            570.3824519802187
          ],
          "category": "car",
          "category ID": 3,
          "trunc": false
        }
      ]
    },
    {
      "frame_id": 31,
      "image_path": "frames/3tEZvtQZ18Q_003008/images/000031.jpg",
      "accident_id": 8,
      "accident_name": "leave_to_right",
      "objects": [
        {
          "obj_track_id": 0,
          "bbox": [
            335.50155061286705,
            503.08860670498564,
            424.46181576703225,
            570.3824519802187
          ],
          "category": "car",
          "category ID": 3,
          "trunc": false
        }
      ]
    },
    {
      "frame_id": 32,
      "image_path": "frames/3tEZvtQZ18Q_003008/images/000032.jpg",
      "accident_id": 8,
      "accident_name": "leave_to_right",
      "objects": [
        {
          "obj_track_id": 0,
          "bbox": [
            335.50155061286705,
            503.24293085330504,
            425.5911930153971,
            570.3824519802187
          ],
          "category": "car",
          "category ID": 3,
          "trunc": false
        }
      ]
    },
    {
      "frame_id": 33,
      "image_path": "frames/3tEZvtQZ18Q_003008/images/000033.jpg",
      "accident_id": 8,
      "accident_name": "leave_to_right",
      "objects": [
        {
          "obj_track_id": 0,
          "bbox": [
            338.32819879488477,
            503.78797484785764,
            428.4667335103103,
            567.9962461519964
          ],
          "category": "car",
          "category ID": 3,
          "trunc": false
        }
      ]
    },
    {
      "frame_id": 34,
      "image_path": "frames/3tEZvtQZ18Q_003008/images/000034.jpg",
      "accident_id": 8,
      "accident_name": "leave_to_right",
      "objects": [
        {
          "obj_track_id": 0,
          "bbox": [
            334.06162041879054,
            503.78797484785764,
            425.23564413923486,
            567.9962461519964
          ],
          "category": "car",
          "category ID": 3,
          "trunc": false
        }
      ]
    },
    {
      "frame_id": 35,
      "image_path": "frames/3tEZvtQZ18Q_003008/images/000035.jpg",
      "accident_id": 8,
      "accident_name": "leave_to_right",
      "objects": [
        {
          "obj_track_id": 0,
          "bbox": [
            331.15918614933867,
            501.85301866822306,
            417.95053480106503,
            567.9096387227435
          ],
          "category": "car",
          "category ID": 3,
          "trunc": false
        }
      ]
    },
    {
      "frame_id": 36,
      "image_path": "frames/3tEZvtQZ18Q_003008/images/000036.jpg",
      "accident_id": 8,
      "accident_name": "leave_to_right",
      "objects": [
        {
          "obj_track_id": 0,
          "bbox": [
            327.4548628048691,
            501.85301866822306,
            408.298738296312,
            565.115112053352
          ],
          "category": "car",
          "category ID": 3,
          "trunc": false
        }
      ]
    },
    {
      "frame_id": 37,
      "image_path": "frames/3tEZvtQZ18Q_003008/images/000037.jpg",
      "accident_id": 8,
      "accident_name": "leave_to_right",
      "objects": [
        {
          "obj_track_id": 0,
          "bbox": [
            320.9722969520474,
            502.614945716516,
            404.51210921607395,
            559.9290593710947
          ],
          "category": "car",
          "category ID": 3,
          "trunc": false
        }
      ]
    },
    {
      "frame_id": 38,
      "image_path": "frames/3tEZvtQZ18Q_003008/images/000038.jpg",
      "accident_id": 8,
      "accident_name": "leave_to_right",
      "objects": [
        {
          "obj_track_id": 0,
          "bbox": [
            316.68407964040586,
            499.33908341994146,
            400.23361575321167,
            558.4996536005475
          ],
          "category": "car",
          "category ID": 3,
          "trunc": false
        }
      ]
    },
    {
      "frame_id": 39,
      "image_path": "frames/3tEZvtQZ18Q_003008/images/000039.jpg",
      "accident_id": 8,
      "accident_name": "leave_to_right",
      "objects": [
        {
          "obj_track_id": 0,
          "bbox": [
            317.73645154919745,
            499.589745021329,
            400.19038545871217,
            557.6351017495696
          ],
          "category": "car",
          "category ID": 3,
          "trunc": false
        }
      ]
    },
    {
      "frame_id": 40,
      "image_path": "frames/3tEZvtQZ18Q_003008/images/000040.jpg",
      "accident_id": 8,
      "accident_name": "leave_to_right",
      "objects": [
        {
          "obj_track_id": 0,
          "bbox": [
            317.73645154919745,
            496.99671868020033,
            406.2407868490861,
            557.6351017495696
          ],
          "category": "car",
          "category ID": 3,
          "trunc": false
        }
      ]
    },
    {
      "frame_id": 41,
      "image_path": "frames/3tEZvtQZ18Q_003008/images/000041.jpg",
      "accident_id": 8,
      "accident_name": "leave_to_right",
      "objects": [
        {
          "obj_track_id": 0,
          "bbox": [
            315.912127318917,
            498.17445102660463,
            408.4907478623322,
            559.45942597985
          ],
          "category": "car",
          "category ID": 3,
          "trunc": false
        }
      ]
    },
    {
      "frame_id": 42,
      "image_path": "frames/3tEZvtQZ18Q_003008/images/000042.jpg",
      "accident_id": 8,
      "accident_name": "leave_to_right",
      "objects": [
        {
          "obj_track_id": 0,
          "bbox": [
            331.167750144455,
            496.41301305213693,
            414.46761367772285,
            555.3324287220092
          ],
          "category": "car",
          "category ID": 3,
          "trunc": false
        }
      ]
    },
    {
      "frame_id": 43,
      "image_path": "frames/3tEZvtQZ18Q_003008/images/000043.jpg",
      "accident_id": 8,
      "accident_name": "leave_to_right",
      "objects": [
        {
          "obj_track_id": 0,
          "bbox": [
            337.11301197850037,
            494.6937690205344,
            421.7832598520899,
            555.8445035959046
          ],
          "category": "car",
          "category ID": 3,
          "trunc": false
        }
      ]
    },
    {
      "frame_id": 44,
      "image_path": "frames/3tEZvtQZ18Q_003008/images/000044.jpg",
      "accident_id": 8,
      "accident_name": "leave_to_right",
      "objects": [
        {
          "obj_track_id": 0,
          "bbox": [
            343.45955642733526,
            492.7898024388808,
            430.81774867786413,
            551.0285972725668
          ],
          "category": "car",
          "category ID": 3,
          "trunc": false
        }
      ]
    },
    {
      "frame_id": 45,
      "image_path": "frames/3tEZvtQZ18Q_003008/images/000045.jpg",
      "accident_id": 8,
      "accident_name": "leave_to_right",
      "objects": [
        {
          "obj_track_id": 0,
          "bbox": [
            350.87205144664296,
            491.47886962717837,
            444.7174261589191,
            550.4950331060325
          ],
          "category": "car",
          "category ID": 3,
          "trunc": false
        }
      ]
    },
    {
      "frame_id": 46,
      "image_path": "frames/3tEZvtQZ18Q_003008/images/000046.jpg",
      "accident_id": 8,
      "accident_name": "leave_to_right",
      "objects": [
        {
          "obj_track_id": 0,
          "bbox": [
            357.1147157953708,
            488.97654757934123,
            458.9958830017194,
            549.4684906081108
          ],
          "category": "car",
          "category ID": 3,
          "trunc": false
        }
      ]
    },
    {
      "frame_id": 47,
      "image_path": "frames/3tEZvtQZ18Q_003008/images/000047.jpg",
      "accident_id": 8,
      "accident_name": "leave_to_right",
      "objects": [
        {
          "obj_track_id": 0,
          "bbox": [
            362.2921296101621,
            489.58395893265146,
            473.01342493800786,
            549.4684906081108
          ],
          "category": "car",
          "category ID": 3,
          "trunc": false
        }
      ]
    },
    {
      "frame_id": 48,
      "image_path": "frames/3tEZvtQZ18Q_003008/images/000048.jpg",
      "accident_id": 8,
      "accident_name": "leave_to_right",
      "objects": [
        {
          "obj_track_id": 0,
          "bbox": [
            368.0417377183343,
            488.8912635362948,
            487.06021011481056,
            546.5694463130487
          ],
          "category": "car",
          "category ID": 3,
          "trunc": false
        }
      ]
    },
    {
      "frame_id": 49,
      "image_path": "frames/3tEZvtQZ18Q_003008/images/000049.jpg",
      "accident_id": 8,
      "accident_name": "leave_to_right",
      "objects": [
        {
          "obj_track_id": 0,
          "bbox": [
            381.03349770886535,
            490.02477279721353,
            506.5914466106425,
            544.9563754417411
          ],
          "category": "car",
          "category ID": 3,
          "trunc": false
        }
      ]
    },
    {
      "frame_id": 50,
      "image_path": "frames/3tEZvtQZ18Q_003008/images/000050.jpg",
      "accident_id": 8,
      "accident_name": "leave_to_right",
      "objects": [
        {
          "obj_track_id": 0,
          "bbox": [
            380.85911166872404,
            489.80679024703693,
            525.5123319659798,
            547.4849730237909
          ],
          "category": "car",
          "category ID": 3,
          "trunc": false
        }
      ]
    },
    {
      "frame_id": 51,
      "image_path": "frames/3tEZvtQZ18Q_003008/images/000051.jpg",
      "accident_id": 8,
      "accident_name": "leave_to_right",
      "objects": [
        {
          "obj_track_id": 0,
          "bbox": [
            390.68799922825593,
            490.33716502331714,
            543.7022590555545,
            547.2795454776378
          ],
          "category": "car",
          "category ID": 3,
          "trunc": false
        }
      ]
    },
    {
      "frame_id": 52,
      "image_path": "frames/3tEZvtQZ18Q_003008/images/000052.jpg",
      "accident_id": 8,
      "accident_name": "leave_to_right",
      "objects": [
        {
          "obj_track_id": 0,
          "bbox": [
            408.3249129909878,
            487.9757368255527,
            566.5904268241076,
            546.5694463130487
          ],
          "category": "car",
          "category ID": 3,
          "trunc": false
        }
      ]
    },
    {
      "frame_id": 53,
      "image_path": "frames/3tEZvtQZ18Q_003008/images/000053.jpg",
      "accident_id": 8,
      "accident_name": "leave_to_right",
      "objects": [
        {
          "obj_track_id": 0,
          "bbox": [
            421.5313857934429,
            486.05313073299425,
            581.9712755645752,
            545.0588272403241
          ],
          "category": "car",
          "category ID": 3,
          "trunc": false
        }
      ]
    },
    {
      "frame_id": 54,
      "image_path": "frames/3tEZvtQZ18Q_003008/images/000054.jpg",
      "accident_id": 8,
      "accident_name": "leave_to_right",
      "objects": [
        {
          "obj_track_id": 0,
          "bbox": [
            439.45282115622,
            486.05313073299425,
            602.897600381538,
            544.0844452410342
          ],
          "category": "car",
          "category ID": 3,
          "trunc": false
        }
      ]
    },
    {
      "frame_id": 55,
      "image_path": "frames/3tEZvtQZ18Q_003008/images/000055.jpg",
      "accident_id": 8,
      "accident_name": "leave_to_right",
      "objects": [
        {
          "obj_track_id": 0,
          "bbox": [
            461.4254622140311,
            486.1446834040684,
            628.0513235690978,
            544.7383928915644
          ],
          "category": "car",
          "category ID": 3,
          "trunc": false
        }
      ]
    },
    {
      "frame_id": 56,
      "image_path": "frames/3tEZvtQZ18Q_003008/images/000056.jpg",
      "accident_id": 8,
      "accident_name": "leave_to_right",
      "objects": [
        {
          "obj_track_id": 0,
          "bbox": [
            483.04933119155925,
            487.4089821950932,
            649.5879995265553,
            542.3405848396206
          ],
          "category": "car",
          "category ID": 3,
          "trunc": false
        }
      ]
    },
    {
      "frame_id": 57,
      "image_path": "frames/3tEZvtQZ18Q_003008/images/000057.jpg",
      "accident_id": 8,
      "accident_name": "leave_to_right",
      "objects": [
        {
          "obj_track_id": 0,
          "bbox": [
            504.4027238619295,
            488.1998485902921,
            670.9413921969256,
            543.1314512348196
          ],
          "category": "car",
          "category ID": 3,
          "trunc": false
        }
      ]
    },
    {
      "frame_id": 58,
      "image_path": "frames/3tEZvtQZ18Q_003008/images/000058.jpg",
      "accident_id": 8,
      "accident_name": "leave_to_right",
      "objects": [
        {
          "obj_track_id": 0,
          "bbox": [
            527.6753175940532,
            488.1998485902921,
            695.6660063382005,
            545.2428065891696
          ],
          "category": "car",
          "category ID": 3,
          "trunc": false
        }
      ]
    },
    {
      "frame_id": 59,
      "image_path": "frames/3tEZvtQZ18Q_003008/images/000059.jpg",
      "accident_id": 8,
      "accident_name": "leave_to_right",
      "objects": [
        {
          "obj_track_id": 0,
          "bbox": [
            549.6521446632346,
            488.1998485902921,
            716.2285326133718,
            544.9069462920412
          ],
          "category": "car",
          "category ID": 3,
          "trunc": false
        }
      ]
    },
    {
      "frame_id": 60,
      "image_path": "frames/3tEZvtQZ18Q_003008/images/000060.jpg",
      "accident_id": 8,
      "accident_name": "leave_to_right",
      "objects": [
        {
          "obj_track_id": 0,
          "bbox": [
            574.6435227515198,
            489.86066802020974,
            736.9887754873429,
            543.9183632980426
          ],
          "category": "car",
          "category ID": 3,
          "trunc": false
        }
      ]
    },
    {
      "frame_id": 61,
      "image_path": "frames/3tEZvtQZ18Q_003008/images/000061.jpg",
      "accident_id": 8,
      "accident_name": "leave_to_right",
      "objects": [
        {
          "obj_track_id": 0,
          "bbox": [
            596.8261594607561,
            489.22528936566783,
            756.7927863354539,
            545.8950809490809
          ],
          "category": "car",
          "category ID": 3,
          "trunc": false
        }
      ]
    },
    {
      "frame_id": 62,
      "image_path": "frames/3tEZvtQZ18Q_003008/images/000062.jpg",
      "accident_id": 8,
      "accident_name": "leave_to_right",
      "objects": [
        {
          "obj_track_id": 0,
          "bbox": [
            619.082728239736,
            492.98299845440494,
            779.0493551144338,
            543.6694240711829
          ],
          "category": "car",
          "category ID": 3,
          "trunc": false
        }
      ]
    },
    {
      "frame_id": 63,
      "image_path": "frames/3tEZvtQZ18Q_003008/images/000063.jpg",
      "accident_id": 8,
      "accident_name": "leave_to_right",
      "objects": [
        {
          "obj_track_id": 0,
          "bbox": [
            646.5533230293663,
            495.20865533230295,
            802.4187523323626,
            549.7372488408037
          ],
          "category": "car",
          "category ID": 3,
          "trunc": false
        }
      ]
    },
    {
      "frame_id": 64,
      "image_path": "frames/3tEZvtQZ18Q_003008/images/000064.jpg",
      "accident_id": 0,
      "accident_name": "normal",
      "objects": []
    },
    {
      "frame_id": 65,
      "image_path": "frames/3tEZvtQZ18Q_003008/images/000065.jpg",
      "accident_id": 0,
      "accident_name": "normal",
      "objects": []
    },
    {
      "frame_id": 66,
      "image_path": "frames/3tEZvtQZ18Q_003008/images/000066.jpg",
      "accident_id": 0,
      "accident_name": "normal",
      "objects": []
    },
    {
      "frame_id": 67,
      "image_path": "frames/3tEZvtQZ18Q_003008/images/000067.jpg",
      "accident_id": 0,
      "accident_name": "normal",
      "objects": []
    },
    {
      "frame_id": 68,
      "image_path": "frames/3tEZvtQZ18Q_003008/images/000068.jpg",
      "accident_id": 0,
      "accident_name": "normal",
      "objects": []
    },
    {
      "frame_id": 69,
      "image_path": "frames/3tEZvtQZ18Q_003008/images/000069.jpg",
      "accident_id": 0,
      "accident_name": "normal",
      "objects": []
    },
    {
      "frame_id": 70,
      "image_path": "frames/3tEZvtQZ18Q_003008/images/000070.jpg",
      "accident_id": 0,
      "accident_name": "normal",
      "objects": []
    },
    {
      "frame_id": 71,
      "image_path": "frames/3tEZvtQZ18Q_003008/images/000071.jpg",
      "accident_id": 0,
      "accident_name": "normal",
      "objects": []
    },
    {
      "frame_id": 72,
      "image_path": "frames/3tEZvtQZ18Q_003008/images/000072.jpg",
      "accident_id": 0,
      "accident_name": "normal",
      "objects": []
    },
    {
      "frame_id": 73,
      "image_path": "frames/3tEZvtQZ18Q_003008/images/000073.jpg",
      "accident_id": 0,
      "accident_name": "normal",
      "objects": []
    },
    {
      "frame_id": 74,
      "image_path": "frames/3tEZvtQZ18Q_003008/images/000074.jpg",
      "accident_id": 0,
      "accident_name": "normal",
      "objects": []
    },
    {
      "frame_id": 75,
      "image_path": "frames/3tEZvtQZ18Q_003008/images/000075.jpg",
      "accident_id": 0,
      "accident_name": "normal",
      "objects": []
    },
    {
      "frame_id": 76,
      "image_path": "frames/3tEZvtQZ18Q_003008/images/000076.jpg",
      "accident_id": 0,
      "accident_name": "normal",
      "objects": []
    },
    {
      "frame_id": 77,
      "image_path": "frames/3tEZvtQZ18Q_003008/images/000077.jpg",
      "accident_id": 0,
      "accident_name": "normal",
      "objects": []
    },
    {
      "frame_id": 78,
      "image_path": "frames/3tEZvtQZ18Q_003008/images/000078.jpg",
      "accident_id": 0,
      "accident_name": "normal",
      "objects": []
    },
    {
      "frame_id": 79,
      "image_path": "frames/3tEZvtQZ18Q_003008/images/000079.jpg",
      "accident_id": 0,
      "accident_name": "normal",
      "objects": []
    },
    {
      "frame_id": 80,
      "image_path": "frames/3tEZvtQZ18Q_003008/images/000080.jpg",
      "accident_id": 0,
      "accident_name": "normal",
      "objects": []
    },
    {
      "frame_id": 81,
      "image_path": "frames/3tEZvtQZ18Q_003008/images/000081.jpg",
      "accident_id": 0,
      "accident_name": "normal",
      "objects": []
    },
    {
      "frame_id": 82,
      "image_path": "frames/3tEZvtQZ18Q_003008/images/000082.jpg",
      "accident_id": 0,
      "accident_name": "normal",
      "objects": []
    },
    {
      "frame_id": 83,
      "image_path": "frames/3tEZvtQZ18Q_003008/images/000083.jpg",
      "accident_id": 0,
      "accident_name": "normal",
      "objects": []
    },
    {
      "frame_id": 84,
      "image_path": "frames/3tEZvtQZ18Q_003008/images/000084.jpg",
      "accident_id": 0,
      "accident_name": "normal",
      "objects": []
    },
    {
      "frame_id": 85,
      "image_path": "frames/3tEZvtQZ18Q_003008/images/000085.jpg",
      "accident_id": 0,
      "accident_name": "normal",
      "objects": []
    },
    {
      "frame_id": 86,
      "image_path": "frames/3tEZvtQZ18Q_003008/images/000086.jpg",
      "accident_id": 0,
      "accident_name": "normal",
      "objects": []
    },
    {
      "frame_id": 87,
      "image_path": "frames/3tEZvtQZ18Q_003008/images/000087.jpg",
      "accident_id": 0,
      "accident_name": "normal",
      "objects": []
    },
    {
      "frame_id": 88,
      "image_path": "frames/3tEZvtQZ18Q_003008/images/000088.jpg",
      "accident_id": 0,
      "accident_name": "normal",
      "objects": []
    },
    {
      "frame_id": 89,
      "image_path": "frames/3tEZvtQZ18Q_003008/images/000089.jpg",
      "accident_id": 0,
      "accident_name": "normal",
      "objects": []
    },
    {
      "frame_id": 90,
      "image_path": "frames/3tEZvtQZ18Q_003008/images/000090.jpg",
      "accident_id": 0,
      "accident_name": "normal",
      "objects": []
    },
    {
      "frame_id": 91,
      "image_path": "frames/3tEZvtQZ18Q_003008/images/000091.jpg",
      "accident_id": 0,
      "accident_name": "normal",
      "objects": []
    },
    {
      "frame_id": 92,
      "image_path": "frames/3tEZvtQZ18Q_003008/images/000092.jpg",
      "accident_id": 0,
      "accident_name": "normal",
      "objects": []
    },
    {
      "frame_id": 93,
      "image_path": "frames/3tEZvtQZ18Q_003008/images/000093.jpg",
      "accident_id": 0,
      "accident_name": "normal",
      "objects": []
    },
    {
      "frame_id": 94,
      "image_path": "frames/3tEZvtQZ18Q_003008/images/000094.jpg",
      "accident_id": 0,
      "accident_name": "normal",
      "objects": []
    },
    {
      "frame_id": 95,
      "image_path": "frames/3tEZvtQZ18Q_003008/images/000095.jpg",
      "accident_id": 0,
      "accident_name": "normal",
      "objects": []
    }
  ]
}