{
  "video_name": "3tEZvtQZ18Q_004890",
  "channel": "CarCrashesTime",
  "num_frames": 79,
  "ignore": false,
  "ego_involve": true,
  "night": false,
  "anomaly_start": 52,
  "anomaly_end": 79,
  "video_start": 4890,
  "video_end": 4968,
  "accident_id": "1",
  "accident_name": "start_stop_or_stationary",
  "labels": [
    {
      "frame_id": 0,
      "image_path": "frames/3tEZvtQZ18Q_004890/images/000000.jpg",
      "accident_id": 0,
      "accident_name": "normal",
      "objects": []
    },
    {
      "frame_id": 1,
      "image_path": "frames/3tEZvtQZ18Q_004890/images/000001.jpg",
      "accident_id": 0,
      "accident_name": "normal",
      "objects": []
    },
    {
      "frame_id": 2,
      "image_path": "frames/3tEZvtQZ18Q_004890/images/000002.jpg",
      "accident_id": 0,
      "accident_name": "normal",
      "objects": []
    },
    {
      "frame_id": 3,
      "image_path": "frames/3tEZvtQZ18Q_004890/images/000003.jpg",
      "accident_id": 0,
      "accident_name": "normal",
      "objects": []
    },
    {
      "frame_id": 4,
      "image_path": "frames/3tEZvtQZ18Q_004890/images/000004.jpg",
      "accident_id": 0,
      "accident_name": "normal",
      "objects": []
    },
    {
      "frame_id": 5,
      "image_path": "frames/3tEZvtQZ18Q_004890/images/000005.jpg",
      "accident_id": 0,
      "accident_name": "normal",
      "objects": []
    },
    {
      "frame_id": 6,
      "image_path": "frames/3tEZvtQZ18Q_004890/images/000006.jpg",
      "accident_id": 0,
      "accident_name": "normal",
      "objects": []
    },
    {
      "frame_id": 7,
      "image_path": "frames/3tEZvtQZ18Q_004890/images/000007.jpg",
      "accident_id": 0,
      "accident_name": "normal",
      "objects": []
    },
    {
      "frame_id": 8,
      "image_path": "frames/3tEZvtQZ18Q_004890/images/000008.jpg",
      "accident_id": 0,
      "accident_name": "normal",
      "objects": []
    },
    {
      "frame_id": 9,
      "image_path": "frames/3tEZvtQZ18Q_004890/images/000009.jpg",
      "accident_id": 0,
      "accident_name": "normal",
      "objects": []
    },
    {
      "frame_id": 10,
      "image_path": "frames/3tEZvtQZ18Q_004890/images/000010.jpg",
      "accident_id": 0,
      "accident_name": "normal",
      "objects": []
    },
    {
      "frame_id": 11,
      "image_path": "frames/3tEZvtQZ18Q_004890/images/000011.jpg",
      "accident_id": 0,
      "accident_name": "normal",
      "objects": []
    },
    {
      "frame_id": 12,
      "image_path": "frames/3tEZvtQZ18Q_004890/images/000012.jpg",
      "accident_id": 0,
      "accident_name": "normal",
      "objects": []
    },
    {
      "frame_id": 13,
      "image_path": "frames/3tEZvtQZ18Q_004890/images/000013.jpg",
      "accident_id": 0,
      "accident_name": "normal",
      "objects": []
    },
    {
      "frame_id": 14,
      "image_path": "frames/3tEZvtQZ18Q_004890/images/000014.jpg",
      "accident_id": 0,
      "accident_name": "normal",
      "objects": []
    },
    {
      "frame_id": 15,
      "image_path": "frames/3tEZvtQZ18Q_004890/images/000015.jpg",
      "accident_id": 0,
      "accident_name": "normal",
      "objects": []
    },
    {
      "frame_id": 16,
      "image_path": "frames/3tEZvtQZ18Q_004890/images/000016.jpg",
      "accident_id": 0,
      "accident_name": "normal",
      "objects": []
    },
    {
      "frame_id": 17,
      "image_path": "frames/3tEZvtQZ18Q_004890/images/000017.jpg",
      "accident_id": 0,
      "accident_name": "normal",
      "objects": []
    },
    {
      "frame_id": 18,
      "image_path": "frames/3tEZvtQZ18Q_004890/images/000018.jpg",
      "accident_id": 0,
      "accident_name": "normal",
      "objects": []
    },
    {
      "frame_id": 19,
      "image_path": "frames/3tEZvtQZ18Q_004890/images/000019.jpg",
      "accident_id": 0,
      "accident_name": "normal",
      "objects": []
    },
    {
      "frame_id": 20,
      "image_path": "frames/3tEZvtQZ18Q_004890/images/000020.jpg",
      "accident_id": 0,
      "accident_name": "normal",
      "objects": []
    },
    {
      "frame_id": 21,
      "image_path": "frames/3tEZvtQZ18Q_004890/images/000021.jpg",
      "accident_id": 0,
      "accident_name": "normal",
      "objects": []
    },
    {
      "frame_id": 22,
      "image_path": "frames/3tEZvtQZ18Q_004890/images/000022.jpg",
      "accident_id": 0,
      "accident_name": "normal",
      "objects": []
    },
    {
      "frame_id": 23,
      "image_path": "frames/3tEZvtQZ18Q_004890/images/000023.jpg",
      "accident_id": 0,
      "accident_name": "normal",
      "objects": []
    },
    {
      "frame_id": 24,
      "image_path": "frames/3tEZvtQZ18Q_004890/images/000024.jpg",
      "accident_id": 0,
      "accident_name": "normal",
      "objects": []
    },
    {
      "frame_id": 25,
      "image_path": "frames/3tEZvtQZ18Q_004890/images/000025.jpg",
      "accident_id": 0,
      "accident_name": "normal",
      "objects": []
    },
    {
      "frame_id": 26,
      "image_path": "frames/3tEZvtQZ18Q_004890/images/000026.jpg",
      "accident_id": 0,
      "accident_name": "normal",
      "objects": []
    },
    {
      "frame_id": 27,
      "image_path": "frames/3tEZvtQZ18Q_004890/images/000027.jpg",
      "accident_id": 0,
      "accident_name": "normal",
      "objects": []
    },
    {
      "frame_id": 28,
      "image_path": "frames/3tEZvtQZ18Q_004890/images/000028.jpg",
      "accident_id": 0,
      "accident_name": "normal",
      "objects": []
    },
    {
      "frame_id": 29,
      "image_path": "frames/3tEZvtQZ18Q_004890/images/000029.jpg",
      "accident_id": 0,
      "accident_name": "normal",
      "objects": []
    },
    {
      "frame_id": 30,
      "image_path": "frames/3tEZvtQZ18Q_004890/images/000030.jpg",
      "accident_id": 0,
      "accident_name": "normal",
      "objects": []
    },
    {
      "frame_id": 31,
      "image_path": "frames/3tEZvtQZ18Q_004890/images/000031.jpg",
      "accident_id": 0,
      "accident_name": "normal",
      "objects": []
    },
    {
      "frame_id": 32,
      "image_path": "frames/3tEZvtQZ18Q_004890/images/000032.jpg",
      "accident_id": 0,
      "accident_name": "normal",
      "objects": []
    },
    {
      "frame_id": 33,
      "image_path": "frames/3tEZvtQZ18Q_004890/images/000033.jpg",
      "accident_id": 0,
      "accident_name": "normal",
      "objects": []
    },
    {
      "frame_id": 34,
      "image_path": "frames/3tEZvtQZ18Q_004890/images/000034.jpg",
      "accident_id": 0,
      "accident_name": "normal",
      "objects": []
    },
    {
      "frame_id": 35,
      "image_path": "frames/3tEZvtQZ18Q_004890/images/000035.jpg",
      "accident_id": 0,
      "accident_name": "normal",
      "objects": []
    },
    {
      "frame_id": 36,
      "image_path": "frames/3tEZvtQZ18Q_004890/images/000036.jpg",
      "accident_id": 0,
      "accident_name": "normal",
      "objects": []
    },
    {
      "frame_id": 37,
      "image_path": "frames/3tEZvtQZ18Q_004890/images/000037.jpg",
      "accident_id": 0,
      "accident_name": "normal",
      "objects": []
    },
    {
      "frame_id": 38,
      "image_path": "frames/3tEZvtQZ18Q_004890/images/000038.jpg",
      "accident_id": 0,
      "accident_name": "normal",
      "objects": []
    },
    {
      "frame_id": 39,
      "image_path": "frames/3tEZvtQZ18Q_004890/images/000039.jpg",
      "accident_id": 0,
      "accident_name": "normal",
      "objects": []
    },
    {
      "frame_id": 40,
      "image_path": "frames/3tEZvtQZ18Q_004890/images/000040.jpg",
      "accident_id": 0,
      "accident_name": "normal",
      "objects": []
    },
    {
      "frame_id": 41,
      "image_path": "frames/3tEZvtQZ18Q_004890/images/000041.jpg",
      "accident_id": 0,
      "accident_name": "normal",
      "objects": []
    },
    {
      "frame_id": 42,
      "image_path": "frames/3tEZvtQZ18Q_004890/images/000042.jpg",
      "accident_id": 0,
      "accident_name": "normal",
      "objects": []
    },
    {
      "frame_id": 43,
      "image_path": "frames/3tEZvtQZ18Q_004890/images/000043.jpg",
      "accident_id": 0,
      "accident_name": "normal",
      "objects": []
    },
    {
      "frame_id": 44,
      "image_path": "frames/3tEZvtQZ18Q_004890/images/000044.jpg",
      "accident_id": 0,
      "accident_name": "normal",
      "objects": []
    },
    {
      "frame_id": 45,
      "image_path": "frames/3tEZvtQZ18Q_004890/images/000045.jpg",
      "accident_id": 0,
      "accident_name": "normal",
      "objects": []
    },
    {
      "frame_id": 46,
      "image_path": "frames/3tEZvtQZ18Q_004890/images/000046.jpg",
      "accident_id": 0,
      "accident_name": "normal",
      "objects": []
    },
    {
      "frame_id": 47,
      "image_path": "frames/3tEZvtQZ18Q_004890/images/000047.jpg",
      "accident_id": 0,
      "accident_name": "normal",
      "objects": []
    },
    {
      "frame_id": 48,
      "image_path": "frames/3tEZvtQZ18Q_004890/images/000048.jpg",
      "accident_id": 0,
      "accident_name": "normal",
      "objects": []
    },
    {
      "frame_id": 49,
      "image_path": "frames/3tEZvtQZ18Q_004890/images/000049.jpg",
      "accident_id": 0,
      "accident_name": "normal",
      "objects": []
    },
    {
      "frame_id": 50,
      "image_path": "frames/3tEZvtQZ18Q_004890/images/000050.jpg",
      "accident_id": 0,
      "accident_name": "normal",
      "objects": []
    },
    {
      "frame_id": 51,
      "image_path": "frames/3tEZvtQZ18Q_004890/images/000051.jpg",
      "accident_id": 0,
      "accident_name": "normal",
      "objects": []
    },
    {
      "frame_id": 52,
      "image_path": "frames/3tEZvtQZ18Q_004890/images/000052.jpg",
      "accident_id": 1,
      "accident_name": "start_stop_or_stationary",
      "objects": [
        {
          "obj_track_id": 56,
          "bbox": [
            488.24999999999994,
            354.656652360515,
            648.1126609442059,
            441.1802575107296
          ],
          "category": "car",
          "category ID": 3,
          "trunc": false
        }
      ]
    },
    {
      "frame_id": 53,
      "image_path": "frames/3tEZvtQZ18Q_004890/images/000053.jpg",
      "accident_id": 1,
      "accident_name": "start_stop_or_stationary",
      "objects": [
        {
          "obj_track_id": 56,
          "bbox": [
            449.5203862660944,
            354.656652360515,
            626.6877682403433,
            449.4206008583691
          ],
          "category": "car",
          "category ID": 3,
          "trunc": false
        }
      ]
    },
    {
      "frame_id": 54,
      "image_path": "frames/3tEZvtQZ18Q_004890/images/000054.jpg",
      "accident_id": 1,
      "accident_name": "start_stop_or_stationary",
      "objects": [
        {
          "obj_track_id": 56,
          "bbox": [
            397.6062231759656,
            355.48068669527896,
            594.5504291845493,
            458.4849785407725
          ],
          "category": "car",
          "category ID": 3,
          "trunc": false
        }
      ]
    },
    {
      "frame_id": 55,
      "image_path": "frames/3tEZvtQZ18Q_004890/images/000055.jpg",
      "accident_id": 1,
      "accident_name": "start_stop_or_stationary",
      "objects": [
        {
          "obj_track_id": 56,
          "bbox": [
            348.98819742489275,
            355.48068669527896,
            564.0611587982833,
            465.90128755364805
          ],
          "category": "car",
          "category ID": 3,
          "trunc": false
        }
      ]
    },
    {
      "frame_id": 56,
      "image_path": "frames/3tEZvtQZ18Q_004890/images/000056.jpg",
      "accident_id": 1,
      "accident_name": "start_stop_or_stationary",
      "objects": [
        {
          "obj_track_id": 56,
          "bbox": [
            314.3787553648069,
            354.656652360515,
            525.3315450643777,
            474.1416309012875
          ],
          "category": "car",
          "category ID": 3,
          "trunc": false
        }
      ]
    },
    {
      "frame_id": 57,
      "image_path": "frames/3tEZvtQZ18Q_004890/images/000057.jpg",
      "accident_id": 1,
      "accident_name": "start_stop_or_stationary",
      "objects": [
        {
          "obj_track_id": 56,
          "bbox": [
            270.70493562231763,
            356.30472103004286,
            492.3701716738197,
            488.9742489270386
          ],
          "category": "car",
          "category ID": 3,
          "trunc": false
        },
        {
          "obj_track_id": 135,
          "bbox": [
            589.6062231759656,
            334.87982832618025,
            782.4302575107296,
            482.381974248927
          ],
          "category": "car",
          "category ID": 3,
          "trunc": false
        }
      ]
    },
    {
      "frame_id": 58,
      "image_path": "frames/3tEZvtQZ18Q_004890/images/000058.jpg",
      "accident_id": 1,
      "accident_name": "start_stop_or_stationary",
      "objects": [
        {
          "obj_track_id": 56,
          "bbox": [
            229.50321888412026,
            353.00858369098705,
            455.288626609442,
            498.86266094420597
          ],
          "category": "car",
          "category ID": 3,
          "trunc": false
        },
        {
          "obj_track_id": 135,
          "bbox": [
            559.9409871244635,
            327.4635193133047,
            767.5976394849785,
            492.27038626609436
          ],
          "category": "car",
          "category ID": 3,
          "trunc": false
        }
      ]
    },
    {
      "frame_id": 59,
      "image_path": "frames/3tEZvtQZ18Q_004890/images/000059.jpg",
      "accident_id": 1,
      "accident_name": "start_stop_or_stationary",
      "objects": [
        {
          "obj_track_id": 56,
          "bbox": [
            184.18133047210307,
            342.29613733905575,
            411.6148068669528,
            502.9828326180257
          ],
          "category": "car",
          "category ID": 3,
          "trunc": false
        },
        {
          "obj_track_id": 135,
          "bbox": [
            532.7478540772532,
            309.3347639484978,
            758.5332618025751,
            493.0944206008583
          ],
          "category": "car",
          "category ID": 3,
          "trunc": false
        }
      ]
    },
    {
      "frame_id": 60,
      "image_path": "frames/3tEZvtQZ18Q_004890/images/000060.jpg",
      "accident_id": 1,
      "accident_name": "start_stop_or_stationary",
      "objects": [
        {
          "obj_track_id": 56,
          "bbox": [
            135.56330472103014,
            324.9914163090128,
            358.0525751072961,
            521.9356223175965
          ],
          "category": "car",
          "category ID": 3,
          "trunc": false
        },
        {
          "obj_track_id": 135,
          "bbox": [
            495.6663090128755,
            296.9742489270386,
            729.6920600858368,
            494.7424892703862
          ],
          "category": "car",
          "category ID": 3,
          "trunc": false
        }
      ]
    },
    {
      "frame_id": 61,
      "image_path": "frames/3tEZvtQZ18Q_004890/images/000061.jpg",
      "accident_id": 1,
      "accident_name": "start_stop_or_stationary",
      "objects": [
        {
          "obj_track_id": 56,
          "bbox": [
            74.58476394849785,
            332.40772532188834,
            285.53755364806864,
            544.1845493562231
          ],
          "category": "car",
          "category ID": 3,
          "trunc": false
        },
        {
          "obj_track_id": 135,
          "bbox": [
            441.2800429184549,
            296.9742489270386,
            695.906652360515,
            515.3433476394849
          ],
          "category": "car",
          "category ID": 3,
          "trunc": false
        }
      ]
    },
    {
      "frame_id": 62,
      "image_path": "frames/3tEZvtQZ18Q_004890/images/000062.jpg",
      "accident_id": 1,
      "accident_name": "start_stop_or_stationary",
      "objects": [
        {
          "obj_track_id": 56,
          "bbox": [
            1.2457081545064455,
            349.7124463519313,
            208.0783261802575,
            567.2575107296137
          ],
          "category": "car",
          "category ID": 3,
          "trunc": true
        },
        {
          "obj_track_id": 135,
          "bbox": [
            380.3015021459227,
            310.1587982832618,
            652.2328326180257,
            554.0729613733905
          ],
          "category": "car",
          "category ID": 3,
          "trunc": false
        }
      ]
    },
    {
      "frame_id": 63,
      "image_path": "frames/3tEZvtQZ18Q_004890/images/000063.jpg",
      "accident_id": 1,
      "accident_name": "start_stop_or_stationary",
      "objects": [
        {
          "obj_track_id": 56,
          "bbox": [
            1.2457081545064455,
            377.7296137339056,
            121.55472103004291,
            586.2103004291845
          ],
          "category": "car",
          "category ID": 3,
          "trunc": true
        },
        {
          "obj_track_id": 135,
          "bbox": [
            312.73068669527896,
            329.93562231759654,
            609.3830472103004,
            594.450643776824
          ],
          "category": "car",
          "category ID": 3,
          "trunc": false
        }
      ]
    },
    {
      "frame_id": 64,
      "image_path": "frames/3tEZvtQZ18Q_004890/images/000064.jpg",
      "accident_id": 1,
      "accident_name": "start_stop_or_stationary",
      "objects": [
        {
          "obj_track_id": 135,
          "bbox": [
            230.3272532188841,
            336.52789699570815,
            553.3487124463519,
            615.8755364806866
          ],
          "category": "car",
          "category ID": 3,
          "trunc": false
        }
      ]
    },
    {
      "frame_id": 65,
      "image_path": "frames/3tEZvtQZ18Q_004890/images/000065.jpg",
      "accident_id": 1,
      "accident_name": "start_stop_or_stationary",
      "objects": [
        {
          "obj_track_id": 135,
          "bbox": [
            132.26716738197425,
            331.58369098712444,
            490.72210300429174,
            627.4120171673819
          ],
          "category": "car",
          "category ID": 3,
          "trunc": false
        }
      ]
    },
    {
      "frame_id": 66,
      "image_path": "frames/3tEZvtQZ18Q_004890/images/000066.jpg",
      "accident_id": 1,
      "accident_name": "start_stop_or_stationary",
      "objects": [
        {
          "obj_track_id": 135,
          "bbox": [
            25.14270386266094,
            287.0858369098712,
            418.20708154506434,
            645.5407725321888
          ],
          "category": "car",
          "category ID": 3,
          "trunc": false
        }
      ]
    },
    {
      "frame_id": 67,
      "image_path": "frames/3tEZvtQZ18Q_004890/images/000067.jpg",
      "accident_id": 1,
      "accident_name": "start_stop_or_stationary",
      "objects": [
        {
          "obj_track_id": 135,
          "bbox": [
            0,
            206.33047210300427,
            323.9580908032596,
            652.9570815450643
          ],
          "category": "car",
          "category ID": 3,
          "trunc": true
        }
      ]
    },
    {
      "frame_id": 68,
      "image_path": "frames/3tEZvtQZ18Q_004890/images/000068.jpg",
      "accident_id": 1,
      "accident_name": "start_stop_or_stationary",
      "objects": [
        {
          "obj_track_id": 135,
          "bbox": [
            0,
            161.91751562601488,
            235.9487776484284,
            636.5612924500492
          ],
          "category": "car",
          "category ID": 3,
          "trunc": true
        }
      ]
    },
    {
      "frame_id": 69,
      "image_path": "frames/3tEZvtQZ18Q_004890/images/000069.jpg",
      "accident_id": 1,
      "accident_name": "start_stop_or_stationary",
      "objects": [
        {
          "obj_track_id": 135,
          "bbox": [
            0,
            210.45064377682408,
            157.81223175965664,
            668.6137339055794
          ],
          "category": "car",
          "category ID": 3,
          "trunc": true
        }
      ]
    },
    {
      "frame_id": 70,
      "image_path": "frames/3tEZvtQZ18Q_004890/images/000070.jpg",
      "accident_id": 1,
      "accident_name": "start_stop_or_stationary",
      "objects": []
    },
    {
      "frame_id": 71,
      "image_path": "frames/3tEZvtQZ18Q_004890/images/000071.jpg",
      "accident_id": 1,
      "accident_name": "start_stop_or_stationary",
      "objects": []
    },
    {
      "frame_id": 72,
      "image_path": "frames/3tEZvtQZ18Q_004890/images/000072.jpg",
      "accident_id": 1,
      "accident_name": "start_stop_or_stationary",
      "objects": []
    },
    {
      "frame_id": 73,
      "image_path": "frames/3tEZvtQZ18Q_004890/images/000073.jpg",
      "accident_id": 1,
      "accident_name": "start_stop_or_stationary",
      "objects": []
    },
    {
      "frame_id": 74,
      "image_path": "frames/3tEZvtQZ18Q_004890/images/000074.jpg",
      "accident_id": 1,
      "accident_name": "start_stop_or_stationary",
      "objects": []
    },
    {
      "frame_id": 75,
      "image_path": "frames/3tEZvtQZ18Q_004890/images/000075.jpg",
      "accident_id": 1,
      "accident_name": "start_stop_or_stationary",
      "objects": []
    },
    {
      "frame_id": 76,
      "image_path": "frames/3tEZvtQZ18Q_004890/images/000076.jpg",
      "accident_id": 1,
      "accident_name": "start_stop_or_stationary",
      "objects": []
    },
    {
      "frame_id": 77,
      "image_path": "frames/3tEZvtQZ18Q_004890/images/000077.jpg",
      "accident_id": 1,
      "accident_name": "start_stop_or_stationary",
      "objects": []
    },
    {
      "frame_id": 78,
      "image_path": "frames/3tEZvtQZ18Q_004890/images/000078.jpg",
      "accident_id": 1,
      "accident_name": "start_stop_or_stationary",
      "objects": []
    }
  ]
}