{
  "video_name": "3tEZvtQZ18Q_003975",
  "channel": "CarCrashesTime",
  "num_frames": 119,
  "ignore": false,
  "ego_involve": false,
  "night": false,
  "anomaly_start": 44,
  "anomaly_end": 83,
  "video_start": 3975,
  "video_end": 4093,
  "accident_id": "6",
  "accident_name": "pedestrian",
  "labels": [
    {
      "frame_id": 0,
      "image_path": "frames/3tEZvtQZ18Q_003975/images/000000.jpg",
      "accident_id": 0,
      "accident_name": "normal",
      "objects": []
    },
    {
      "frame_id": 1,
      "image_path": "frames/3tEZvtQZ18Q_003975/images/000001.jpg",
      "accident_id": 0,
      "accident_name": "normal",
      "objects": []
    },
    {
      "frame_id": 2,
      "image_path": "frames/3tEZvtQZ18Q_003975/images/000002.jpg",
      "accident_id": 0,
      "accident_name": "normal",
      "objects": []
    },
    {
      "frame_id": 3,
      "image_path": "frames/3tEZvtQZ18Q_003975/images/000003.jpg",
      "accident_id": 0,
      "accident_name": "normal",
      "objects": []
    },
    {
      "frame_id": 4,
      "image_path": "frames/3tEZvtQZ18Q_003975/images/000004.jpg",
      "accident_id": 0,
      "accident_name": "normal",
      "objects": []
    },
    {
      "frame_id": 5,
      "image_path": "frames/3tEZvtQZ18Q_003975/images/000005.jpg",
      "accident_id": 0,
      "accident_name": "normal",
      "objects": []
    },
    {
      "frame_id": 6,
      "image_path": "frames/3tEZvtQZ18Q_003975/images/000006.jpg",
      "accident_id": 0,
      "accident_name": "normal",
      "objects": []
    },
    {
      "frame_id": 7,
      "image_path": "frames/3tEZvtQZ18Q_003975/images/000007.jpg",
      "accident_id": 0,
      "accident_name": "normal",
      "objects": []
    },
    {
      "frame_id": 8,
      "image_path": "frames/3tEZvtQZ18Q_003975/images/000008.jpg",
      "accident_id": 0,
      "accident_name": "normal",
      "objects": []
    },
    {
      "frame_id": 9,
      "image_path": "frames/3tEZvtQZ18Q_003975/images/000009.jpg",
      "accident_id": 0,
      "accident_name": "normal",
      "objects": []
    },
    {
      "frame_id": 10,
      "image_path": "frames/3tEZvtQZ18Q_003975/images/000010.jpg",
      "accident_id": 0,
      "accident_name": "normal",
      "objects": []
    },
    {
      "frame_id": 11,
      "image_path": "frames/3tEZvtQZ18Q_003975/images/000011.jpg",
      "accident_id": 0,
      "accident_name": "normal",
      "objects": []
    },
    {
      "frame_id": 12,
      "image_path": "frames/3tEZvtQZ18Q_003975/images/000012.jpg",
      "accident_id": 0,
      "accident_name": "normal",
      "objects": []
    },
    {
      "frame_id": 13,
      "image_path": "frames/3tEZvtQZ18Q_003975/images/000013.jpg",
      "accident_id": 0,
      "accident_name": "normal",
      "objects": []
    },
    {
      "frame_id": 14,
      "image_path": "frames/3tEZvtQZ18Q_003975/images/000014.jpg",
      "accident_id": 0,
      "accident_name": "normal",
      "objects": []
    },
    {
      "frame_id": 15,
      "image_path": "frames/3tEZvtQZ18Q_003975/images/000015.jpg",
      "accident_id": 0,
      "accident_name": "normal",
      "objects": []
    },
    {
      "frame_id": 16,
      "image_path": "frames/3tEZvtQZ18Q_003975/images/000016.jpg",
      "accident_id": 0,
      "accident_name": "normal",
      "objects": []
    },
    {
      "frame_id": 17,
      "image_path": "frames/3tEZvtQZ18Q_003975/images/000017.jpg",
      "accident_id": 0,
      "accident_name": "normal",
      "objects": []
    },
    {
      "frame_id": 18,
      "image_path": "frames/3tEZvtQZ18Q_003975/images/000018.jpg",
      "accident_id": 0,
      "accident_name": "normal",
      "objects": []
    },
    {
      "frame_id": 19,
      "image_path": "frames/3tEZvtQZ18Q_003975/images/000019.jpg",
      "accident_id": 0,
      "accident_name": "normal",
      "objects": []
    },
    {
      "frame_id": 20,
      "image_path": "frames/3tEZvtQZ18Q_003975/images/000020.jpg",
      "accident_id": 0,
      "accident_name": "normal",
      "objects": []
    },
    {
      "frame_id": 21,
      "image_path": "frames/3tEZvtQZ18Q_003975/images/000021.jpg",
      "accident_id": 0,
      "accident_name": "normal",
      "objects": []
    },
    {
      "frame_id": 22,
      "image_path": "frames/3tEZvtQZ18Q_003975/images/000022.jpg",
      "accident_id": 0,
      "accident_name": "normal",
      "objects": []
    },
    {
      "frame_id": 23,
      "image_path": "frames/3tEZvtQZ18Q_003975/images/000023.jpg",
      "accident_id": 0,
      "accident_name": "normal",
      "objects": []
    },
    {
      "frame_id": 24,
      "image_path": "frames/3tEZvtQZ18Q_003975/images/000024.jpg",
      "accident_id": 0,
      "accident_name": "normal",
      "objects": []
    },
    {
      "frame_id": 25,
      "image_path": "frames/3tEZvtQZ18Q_003975/images/000025.jpg",
      "accident_id": 0,
      "accident_name": "normal",
      "objects": []
    },
    {
      "frame_id": 26,
      "image_path": "frames/3tEZvtQZ18Q_003975/images/000026.jpg",
      "accident_id": 0,
      "accident_name": "normal",
      "objects": []
    },
    {
      "frame_id": 27,
      "image_path": "frames/3tEZvtQZ18Q_003975/images/000027.jpg",
      "accident_id": 0,
      "accident_name": "normal",
      "objects": []
    },
    {
      "frame_id": 28,
      "image_path": "frames/3tEZvtQZ18Q_003975/images/000028.jpg",
      "accident_id": 0,
      "accident_name": "normal",
      "objects": []
    },
    {
      "frame_id": 29,
      "image_path": "frames/3tEZvtQZ18Q_003975/images/000029.jpg",
      "accident_id": 0,
      "accident_name": "normal",
      "objects": []
    },
    {
      "frame_id": 30,
      "image_path": "frames/3tEZvtQZ18Q_003975/images/000030.jpg",
      "accident_id": 0,
      "accident_name": "normal",
      "objects": []
    },
    {
      "frame_id": 31,
      "image_path": "frames/3tEZvtQZ18Q_003975/images/000031.jpg",
      "accident_id": 0,
      "accident_name": "normal",
      "objects": []
    },
    {
      "frame_id": 32,
      "image_path": "frames/3tEZvtQZ18Q_003975/images/000032.jpg",
      "accident_id": 0,
      "accident_name": "normal",
      "objects": []
    },
    {
      "frame_id": 33,
      "image_path": "frames/3tEZvtQZ18Q_003975/images/000033.jpg",
      "accident_id": 0,
      "accident_name": "normal",
      "objects": []
    },
    {
      "frame_id": 34,
      "image_path": "frames/3tEZvtQZ18Q_003975/images/000034.jpg",
      "accident_id": 0,
      "accident_name": "normal",
      "objects": []
    },
    {
      "frame_id": 35,
      "image_path": "frames/3tEZvtQZ18Q_003975/images/000035.jpg",
      "accident_id": 0,
      "accident_name": "normal",
      "objects": []
    },
    {
      "frame_id": 36,
      "image_path": "frames/3tEZvtQZ18Q_003975/images/000036.jpg",
      "accident_id": 0,
      "accident_name": "normal",
      "objects": []
    },
    {
      "frame_id": 37,
      "image_path": "frames/3tEZvtQZ18Q_003975/images/000037.jpg",
      "accident_id": 0,
      "accident_name": "normal",
      "objects": []
    },
    {
      "frame_id": 38,
      "image_path": "frames/3tEZvtQZ18Q_003975/images/000038.jpg",
      "accident_id": 0,
      "accident_name": "normal",
      "objects": []
    },
    {
      "frame_id": 39,
      "image_path": "frames/3tEZvtQZ18Q_003975/images/000039.jpg",
      "accident_id": 0,
      "accident_name": "normal",
      "objects": []
    },
    {
      "frame_id": 40,
      "image_path": "frames/3tEZvtQZ18Q_003975/images/000040.jpg",
      "accident_id": 0,
      "accident_name": "normal",
      "objects": []
    },
    {
      "frame_id": 41,
      "image_path": "frames/3tEZvtQZ18Q_003975/images/000041.jpg",
      "accident_id": 0,
      "accident_name": "normal",
      "objects": []
    },
    {
      "frame_id": 42,
      "image_path": "frames/3tEZvtQZ18Q_003975/images/000042.jpg",
      "accident_id": 0,
      "accident_name": "normal",
      "objects": []
    },
    {
      "frame_id": 43,
      "image_path": "frames/3tEZvtQZ18Q_003975/images/000043.jpg",
      "accident_id": 0,
      "accident_name": "normal",
      "objects": []
    },
    {
      "frame_id": 44,
      "image_path": "frames/3tEZvtQZ18Q_003975/images/000044.jpg",
      "accident_id": 6,
      "accident_name": "pedestrian",
      "objects": [
        {
          "obj_track_id": 74,
          "bbox": [
            276.1816065192084,
            275.76251455180443,
            325.63445867287544,
            346.1699650756694
          ],
          "category": "person",
          "category ID": 1,
          "trunc": false
        },
        {
          "obj_track_id": 150,
          "bbox": [
            361.67636786961583,
            300.069848661234,
            422.86379511059374,
            350.360884749709
          ],
          "category": "car",
          "category ID": 3,
          "trunc": false
        }
      ]
    },
    {
      "frame_id": 45,
      "image_path": "frames/3tEZvtQZ18Q_003975/images/000045.jpg",
      "accident_id": 6,
      "accident_name": "pedestrian",
      "objects": [
        {
          "obj_track_id": 74,
          "bbox": [
            289.59254947613505,
            274.9243306169965,
            331.5017462165309,
            351.1990686845169
          ],
          "category": "person",
          "category ID": 1,
          "trunc": false
        },
        {
          "obj_track_id": 150,
          "bbox": [
            358.32363213038417,
            297.55529685681023,
            422.86379511059374,
            353.71362048894065
          ],
          "category": "car",
          "category ID": 3,
          "trunc": false
        }
      ]
    },
    {
      "frame_id": 46,
      "image_path": "frames/3tEZvtQZ18Q_003975/images/000046.jpg",
      "accident_id": 6,
      "accident_name": "pedestrian",
      "objects": [
        {
          "obj_track_id": 74,
          "bbox": [
            297.1362048894063,
            276.6006984866123,
            338.2072176949942,
            350.360884749709
          ],
          "category": "person",
          "category ID": 1,
          "trunc": false
        },
        {
          "obj_track_id": 150,
          "bbox": [
            354.1327124563446,
            296.71711292200234,
            422.0256111757858,
            355.3899883585565
          ],
          "category": "car",
          "category ID": 3,
          "trunc": false
        }
      ]
    },
    {
      "frame_id": 47,
      "image_path": "frames/3tEZvtQZ18Q_003975/images/000047.jpg",
      "accident_id": 6,
      "accident_name": "pedestrian",
      "objects": [
        {
          "obj_track_id": 150,
          "bbox": [
            351.15541167463203,
            296.8802902055623,
            420.50785973397825,
            359.5646916565901
          ],
          "category": "car",
          "category ID": 3,
          "trunc": false
        },
        {
          "obj_track_id": 74,
          "bbox": [
            297.7070993953882,
            279.0001900976528,
            343.6726479555379,
            351.6898947974245
          ],
          "category": "person",
          "category ID": 1,
          "trunc": false
        }
      ]
    },
    {
      "frame_id": 48,
      "image_path": "frames/3tEZvtQZ18Q_003975/images/000048.jpg",
      "accident_id": 6,
      "accident_name": "pedestrian",
      "objects": [
        {
          "obj_track_id": 150,
          "bbox": [
            349.05020263995976,
            296.8773548908652,
            422.46155478249096,
            364.28652100916435
          ],
          "category": "car",
          "category ID": 3,
          "trunc": false
        },
        {
          "obj_track_id": 74,
          "bbox": [
            304.26466076684324,
            277.485676966423,
            348.5884960227111,
            355.51409528144046
          ],
          "category": "person",
          "category ID": 1,
          "trunc": false
        }
      ]
    },
    {
      "frame_id": 49,
      "image_path": "frames/3tEZvtQZ18Q_003975/images/000049.jpg",
      "accident_id": 6,
      "accident_name": "pedestrian",
      "objects": [
        {
          "obj_track_id": 150,
          "bbox": [
            345.7036838221492,
            293.51140688146756,
            423.7114955937056,
            369.27438953729575
          ],
          "category": "car",
          "category ID": 3,
          "trunc": false
        },
        {
          "obj_track_id": 74,
          "bbox": [
            318.8560500190768,
            280.6036394660302,
            353.56058572719803,
            356.9278294007904
          ],
          "category": "person",
          "category ID": 1,
          "trunc": false
        }
      ]
    },
    {
      "frame_id": 50,
      "image_path": "frames/3tEZvtQZ18Q_003975/images/000050.jpg",
      "accident_id": 6,
      "accident_name": "pedestrian",
      "objects": [
        {
          "obj_track_id": 150,
          "bbox": [
            342.3748126962538,
            291.70074174690313,
            426.1819300355645,
            372.9091887811189
          ],
          "category": "car",
          "category ID": 3,
          "trunc": false
        },
        {
          "obj_track_id": 74,
          "bbox": [
            318.8560500190768,
            287.1530687129871,
            354.7184966454546,
            356.9278294007904
          ],
          "category": "person",
          "category ID": 1,
          "trunc": false
        }
      ]
    },
    {
      "frame_id": 51,
      "image_path": "frames/3tEZvtQZ18Q_003975/images/000051.jpg",
      "accident_id": 6,
      "accident_name": "pedestrian",
      "objects": [
        {
          "obj_track_id": 150,
          "bbox": [
            339.41816229811013,
            289.33041265342376,
            431.34391458718164,
            376.54202379946594
          ],
          "category": "car",
          "category ID": 3,
          "trunc": false
        },
        {
          "obj_track_id": 74,
          "bbox": [
            321.74013301175023,
            279.90213036736515,
            360.04252979886337,
            356.9278294007904
          ],
          "category": "person",
          "category ID": 1,
          "trunc": false
        }
      ]
    },
    {
      "frame_id": 52,
      "image_path": "frames/3tEZvtQZ18Q_003975/images/000052.jpg",
      "accident_id": 6,
      "accident_name": "pedestrian",
      "objects": [
        {
          "obj_track_id": 150,
          "bbox": [
            336.52780450979026,
            289.751739018082,
            437.2262788322179,
            387.2018754591409
          ],
          "category": "car",
          "category ID": 3,
          "trunc": false
        },
        {
          "obj_track_id": 74,
          "bbox": [
            321.74013301175023,
            279.35705779770234,
            362.51450756073933,
            356.9278294007904
          ],
          "category": "person",
          "category ID": 1,
          "trunc": false
        }
      ]
    },
    {
      "frame_id": 53,
      "image_path": "frames/3tEZvtQZ18Q_003975/images/000053.jpg",
      "accident_id": 6,
      "accident_name": "pedestrian",
      "objects": [
        {
          "obj_track_id": 150,
          "bbox": [
            340.9207947874507,
            288.9473886855526,
            445.48633801626954,
            394.131662939394
          ],
          "category": "car",
          "category ID": 3,
          "trunc": false
        },
        {
          "obj_track_id": 74,
          "bbox": [
            316.79028481156945,
            277.81023023514587,
            360.7201875881738,
            355.1516083629704
          ],
          "category": "person",
          "category ID": 1,
          "trunc": false
        }
      ]
    },
    {
      "frame_id": 54,
      "image_path": "frames/3tEZvtQZ18Q_003975/images/000054.jpg",
      "accident_id": 6,
      "accident_name": "pedestrian",
      "objects": [
        {
          "obj_track_id": 150,
          "bbox": [
            337.177472086064,
            287.8027362892608,
            459.96464400179826,
            404.74290001853154
          ],
          "category": "car",
          "category ID": 3,
          "trunc": false
        },
        {
          "obj_track_id": 74,
          "bbox": [
            310.9432766251059,
            273.5100496112388,
            352.76949391663345,
            357.1006110917916
          ],
          "category": "person",
          "category ID": 1,
          "trunc": false
        }
      ]
    },
    {
      "frame_id": 55,
      "image_path": "frames/3tEZvtQZ18Q_003975/images/000055.jpg",
      "accident_id": 6,
      "accident_name": "pedestrian",
      "objects": [
        {
          "obj_track_id": 150,
          "bbox": [
            329.3814611707793,
            289.1020714418082,
            480.7540064425575,
            415.7872488151849
          ],
          "category": "car",
          "category ID": 3,
          "trunc": false
        },
        {
          "obj_track_id": 74,
          "bbox": [
            297.9499250996314,
            273.5100496112388,
            341.07547754370637,
            356.45094351551785
          ],
          "category": "person",
          "category ID": 1,
          "trunc": false
        }
      ]
    },
    {
      "frame_id": 56,
      "image_path": "frames/3tEZvtQZ18Q_003975/images/000056.jpg",
      "accident_id": 6,
      "accident_name": "pedestrian",
      "objects": [
        {
          "obj_track_id": 150,
          "bbox": [
            329.3814611707793,
            289.1020714418082,
            508.2024615401225,
            428.3907997948952
          ],
          "category": "car",
          "category ID": 3,
          "trunc": false
        },
        {
          "obj_track_id": 74,
          "bbox": [
            287.86770304688815,
            274.22468394513993,
            328.79676035213294,
            356.45094351551785
          ],
          "category": "person",
          "category ID": 1,
          "trunc": false
        }
      ]
    },
    {
      "frame_id": 57,
      "image_path": "frames/3tEZvtQZ18Q_003975/images/000057.jpg",
      "accident_id": 6,
      "accident_name": "pedestrian",
      "objects": [
        {
          "obj_track_id": 150,
          "bbox": [
            336.5896776122925,
            291.422312785643,
            540.1521848447268,
            441.7739518661339
          ],
          "category": "car",
          "category ID": 3,
          "trunc": false
        },
        {
          "obj_track_id": 74,
          "bbox": [
            284.6162715103944,
            279.04769228519103,
            323.596326086818,
            357.0078014380382
          ],
          "category": "person",
          "category ID": 1,
          "trunc": false
        }
      ]
    },
    {
      "frame_id": 58,
      "image_path": "frames/3tEZvtQZ18Q_003975/images/000058.jpg",
      "accident_id": 6,
      "accident_name": "pedestrian",
      "objects": [
        {
          "obj_track_id": 150,
          "bbox": [
            346.27281815389614,
            298.84708508591416,
            578.8538104598902,
            461.26397915434575
          ],
          "category": "car",
          "category ID": 3,
          "trunc": false
        },
        {
          "obj_track_id": 74,
          "bbox": [
            283.2550632553447,
            283.2550632553447,
            319.6364475266734,
            357.0078014380382
          ],
          "category": "person",
          "category ID": 1,
          "trunc": false
        }
      ]
    },
    {
      "frame_id": 59,
      "image_path": "frames/3tEZvtQZ18Q_003975/images/000059.jpg",
      "accident_id": 6,
      "accident_name": "pedestrian",
      "objects": [
        {
          "obj_track_id": 150,
          "bbox": [
            354.0363456903672,
            306.28577883424833,
            624.85027486007,
            485.6914800222379
          ],
          "category": "car",
          "category ID": 3,
          "trunc": false
        },
        {
          "obj_track_id": 74,
          "bbox": [
            283.7747973163637,
            291.27845782232527,
            317.88234507073435,
            360.85785524124134
          ],
          "category": "person",
          "category ID": 1,
          "trunc": false
        }
      ]
    },
    {
      "frame_id": 60,
      "image_path": "frames/3tEZvtQZ18Q_003975/images/000060.jpg",
      "accident_id": 6,
      "accident_name": "pedestrian",
      "objects": [
        {
          "obj_track_id": 150,
          "bbox": [
            368.778224711892,
            312.71129975569426,
            678.330824470054,
            505.3919996051625
          ],
          "category": "car",
          "category ID": 3,
          "trunc": false
        },
        {
          "obj_track_id": 74,
          "bbox": [
            275.5965747846902,
            294.5487747698837,
            315.8699997532265,
            364.0401747155936
          ],
          "category": "person",
          "category ID": 1,
          "trunc": false
        }
      ]
    },
    {
      "frame_id": 61,
      "image_path": "frames/3tEZvtQZ18Q_003975/images/000061.jpg",
      "accident_id": 6,
      "accident_name": "pedestrian",
      "objects": [
        {
          "obj_track_id": 150,
          "bbox": [
            386.9407496977025,
            318.12621403717816,
            741.1663922781065,
            528.7062138726625
          ],
          "category": "car",
          "category ID": 3,
          "trunc": false
        },
        {
          "obj_track_id": 74,
          "bbox": [
            268.11346407625064,
            300.0764997655652,
            310.98153547133137,
            360.242214004275
          ],
          "category": "person",
          "category ID": 1,
          "trunc": false
        }
      ]
    },
    {
      "frame_id": 62,
      "image_path": "frames/3tEZvtQZ18Q_003975/images/000062.jpg",
      "accident_id": 6,
      "accident_name": "pedestrian",
      "objects": [
        {
          "obj_track_id": 150,
          "bbox": [
            410.6309996791945,
            325.3460997458233,
            810.206549367026,
            556.7208745650618
          ],
          "category": "car",
          "category ID": 3,
          "trunc": false
        },
        {
          "obj_track_id": 74,
          "bbox": [
            260.5927497964119,
            305.60422476124666,
            309.552599758162,
            360.8814747180613
          ],
          "category": "person",
          "category ID": 1,
          "trunc": false
        }
      ]
    },
    {
      "frame_id": 63,
      "image_path": "frames/3tEZvtQZ18Q_003975/images/000063.jpg",
      "accident_id": 6,
      "accident_name": "pedestrian",
      "objects": [
        {
          "obj_track_id": 150,
          "bbox": [
            437.940913166119,
            334.9361189479197,
            879.292581107675,
            585.2855194650001
          ],
          "category": "car",
          "category ID": 3,
          "trunc": false
        },
        {
          "obj_track_id": 74,
          "bbox": [
            255.80660815777978,
            307.6500807444231,
            311.06083551986023,
            361.54000619632876
          ],
          "category": "person",
          "category ID": 1,
          "trunc": false
        }
      ]
    },
    {
      "frame_id": 64,
      "image_path": "frames/3tEZvtQZ18Q_003975/images/000064.jpg",
      "accident_id": 6,
      "accident_name": "pedestrian",
      "objects": [
        {
          "obj_track_id": 150,
          "bbox": [
            472.74486094316813,
            344.764207980653,
            949.8428053204353,
            613.7847642079807
          ],
          "category": "car",
          "category ID": 3,
          "trunc": false
        },
        {
          "obj_track_id": 74,
          "bbox": [
            255.96130592503025,
            310.81015719467956,
            309.93954050785976,
            361.3059250302298
          ],
          "category": "person",
          "category ID": 1,
          "trunc": false
        }
      ]
    },
    {
      "frame_id": 65,
      "image_path": "frames/3tEZvtQZ18Q_003975/images/000065.jpg",
      "accident_id": 6,
      "accident_name": "pedestrian",
      "objects": [
        {
          "obj_track_id": 150,
          "bbox": [
            511.0519951632407,
            358.69407496977027,
            1026.4570737605804,
            651.2212817412334
          ],
          "category": "car",
          "category ID": 3,
          "trunc": false
        },
        {
          "obj_track_id": 74,
          "bbox": [
            254.2200725513906,
            310.81015719467956,
            309.93954050785976,
            361.3059250302298
          ],
          "category": "person",
          "category ID": 1,
          "trunc": false
        }
      ]
    },
    {
      "frame_id": 66,
      "image_path": "frames/3tEZvtQZ18Q_003975/images/000066.jpg",
      "accident_id": 6,
      "accident_name": "pedestrian",
      "objects": [
        {
          "obj_track_id": 150,
          "bbox": [
            552.8415961305925,
            371.75332527206774,
            1098.7182587666264,
            674.7279322853689
          ],
          "category": "car",
          "category ID": 3,
          "trunc": false
        },
        {
          "obj_track_id": 74,
          "bbox": [
            255.21506305061325,
            310.3126619450682,
            309.0689238210399,
            361.3059250302298
          ],
          "category": "person",
          "category ID": 1,
          "trunc": false
        }
      ]
    },
    {
      "frame_id": 67,
      "image_path": "frames/3tEZvtQZ18Q_003975/images/000067.jpg",
      "accident_id": 6,
      "accident_name": "pedestrian",
      "objects": [
        {
          "obj_track_id": 150,
          "bbox": [
            598.9842805320436,
            384.8125755743652,
            1165.7557436517534,
            699.1051995163241
          ],
          "category": "car",
          "category ID": 3,
          "trunc": false
        },
        {
          "obj_track_id": 74,
          "bbox": [
            256.21005354983595,
            309.8151666954569,
            308.1983071342201,
            361.3059250302298
          ],
          "category": "person",
          "category ID": 1,
          "trunc": false
        }
      ]
    },
    {
      "frame_id": 68,
      "image_path": "frames/3tEZvtQZ18Q_003975/images/000068.jpg",
      "accident_id": 6,
      "accident_name": "pedestrian",
      "objects": [
        {
          "obj_track_id": 150,
          "bbox": [
            648.1741233373641,
            399.61305925030234,
            1225.0058207217696,
            706.0701330108827
          ],
          "category": "car",
          "category ID": 3,
          "trunc": false
        },
        {
          "obj_track_id": 74,
          "bbox": [
            257.2050440490586,
            309.3176714458456,
            307.32769044740024,
            361.3059250302298
          ],
          "category": "person",
          "category ID": 1,
          "trunc": false
        }
      ]
    },
    {
      "frame_id": 69,
      "image_path": "frames/3tEZvtQZ18Q_003975/images/000069.jpg",
      "accident_id": 6,
      "accident_name": "pedestrian",
      "objects": [
        {
          "obj_track_id": 150,
          "bbox": [
            697.3639661426845,
            414.4135429262395,
            1271.100362756953,
            713.0350665054414
          ],
          "category": "car",
          "category ID": 3,
          "trunc": false
        },
        {
          "obj_track_id": 74,
          "bbox": [
            258.2000345482812,
            308.82017619623423,
            306.4570737605804,
            361.3059250302298
          ],
          "category": "person",
          "category ID": 1,
          "trunc": false
        }
      ]
    },
    {
      "frame_id": 70,
      "image_path": "frames/3tEZvtQZ18Q_003975/images/000070.jpg",
      "accident_id": 6,
      "accident_name": "pedestrian",
      "objects": [
        {
          "obj_track_id": 150,
          "bbox": [
            750.4715840386941,
            426.6021765417171,
            1279.8065296251511,
            720.0
          ],
          "category": "car",
          "category ID": 3,
          "trunc": true
        },
        {
          "obj_track_id": 74,
          "bbox": [
            259.1950250475039,
            308.3226809466229,
            305.5864570737606,
            361.3059250302298
          ],
          "category": "person",
          "category ID": 1,
          "trunc": false
        }
      ]
    },
    {
      "frame_id": 71,
      "image_path": "frames/3tEZvtQZ18Q_003975/images/000071.jpg",
      "accident_id": 6,
      "accident_name": "pedestrian",
      "objects": [
        {
          "obj_track_id": 150,
          "bbox": [
            806.1910519951633,
            444.0145102781137,
            1279.8065296251511,
            720.0
          ],
          "category": "car",
          "category ID": 3,
          "trunc": true
        },
        {
          "obj_track_id": 74,
          "bbox": [
            260.1900155467266,
            307.8251856970116,
            304.7158403869408,
            361.3059250302298
          ],
          "category": "person",
          "category ID": 1,
          "trunc": false
        }
      ]
    },
    {
      "frame_id": 72,
      "image_path": "frames/3tEZvtQZ18Q_003975/images/000072.jpg",
      "accident_id": 6,
      "accident_name": "pedestrian",
      "objects": [
        {
          "obj_track_id": 150,
          "bbox": [
            860.1692865779928,
            456.20314389359135,
            1279.8065296251511,
            720.0
          ],
          "category": "car",
          "category ID": 3,
          "trunc": true
        },
        {
          "obj_track_id": 74,
          "bbox": [
            261.18500604594925,
            307.32769044740024,
            303.8452237001209,
            361.3059250302298
          ],
          "category": "person",
          "category ID": 1,
          "trunc": false
        }
      ]
    },
    {
      "frame_id": 73,
      "image_path": "frames/3tEZvtQZ18Q_003975/images/000073.jpg",
      "accident_id": 6,
      "accident_name": "pedestrian",
      "objects": [
        {
          "obj_track_id": 150,
          "bbox": [
            911.5356711003628,
            465.77992744860944,
            1279.8065296251511,
            720.0
          ],
          "category": "car",
          "category ID": 3,
          "trunc": true
        },
        {
          "obj_track_id": 74,
          "bbox": [
            264.66747279322857,
            307.32769044740024,
            303.8452237001209,
            361.3059250302298
          ],
          "category": "person",
          "category ID": 1,
          "trunc": false
        }
      ]
    },
    {
      "frame_id": 74,
      "image_path": "frames/3tEZvtQZ18Q_003975/images/000074.jpg",
      "accident_id": 6,
      "accident_name": "pedestrian",
      "objects": [
        {
          "obj_track_id": 150,
          "bbox": [
            960.2902055622734,
            476.22732769044745,
            1279.8065296251511,
            720.0
          ],
          "category": "car",
          "category ID": 3,
          "trunc": true
        },
        {
          "obj_track_id": 74,
          "bbox": [
            265.24788391777514,
            307.61789600967353,
            303.8452237001209,
            361.3059250302298
          ],
          "category": "person",
          "category ID": 1,
          "trunc": false
        }
      ]
    },
    {
      "frame_id": 75,
      "image_path": "frames/3tEZvtQZ18Q_003975/images/000075.jpg",
      "accident_id": 6,
      "accident_name": "pedestrian",
      "objects": [
        {
          "obj_track_id": 150,
          "bbox": [
            1007.3035066505443,
            484.93349455864575,
            1279.8065296251511,
            720.0
          ],
          "category": "car",
          "category ID": 3,
          "trunc": true
        },
        {
          "obj_track_id": 74,
          "bbox": [
            265.82829504232166,
            307.9081015719468,
            303.8452237001209,
            361.3059250302298
          ],
          "category": "person",
          "category ID": 1,
          "trunc": false
        }
      ]
    },
    {
      "frame_id": 76,
      "image_path": "frames/3tEZvtQZ18Q_003975/images/000076.jpg",
      "accident_id": 6,
      "accident_name": "pedestrian",
      "objects": [
        {
          "obj_track_id": 150,
          "bbox": [
            1043.8694074969771,
            488.41596130592507,
            1279.8065296251511,
            720.0
          ],
          "category": "car",
          "category ID": 3,
          "trunc": true
        },
        {
          "obj_track_id": 74,
          "bbox": [
            266.4087061668682,
            308.1983071342201,
            303.8452237001209,
            361.3059250302298
          ],
          "category": "person",
          "category ID": 1,
          "trunc": false
        }
      ]
    },
    {
      "frame_id": 77,
      "image_path": "frames/3tEZvtQZ18Q_003975/images/000077.jpg",
      "accident_id": 6,
      "accident_name": "pedestrian",
      "objects": [
        {
          "obj_track_id": 150,
          "bbox": [
            1077.8234582829505,
            497.9927448609432,
            1279.8065296251511,
            720.0
          ],
          "category": "car",
          "category ID": 3,
          "trunc": true
        },
        {
          "obj_track_id": 74,
          "bbox": [
            266.4087061668682,
            308.1983071342201,
            304.28053204353085,
            361.52357920193475
          ],
          "category": "person",
          "category ID": 1,
          "trunc": false
        }
      ]
    },
    {
      "frame_id": 78,
      "image_path": "frames/3tEZvtQZ18Q_003975/images/000078.jpg",
      "accident_id": 6,
      "accident_name": "pedestrian",
      "objects": [
        {
          "obj_track_id": 150,
          "bbox": [
            1100.459492140266,
            501.47521160822254,
            1279.8065296251511,
            720.0
          ],
          "category": "car",
          "category ID": 3,
          "trunc": true
        },
        {
          "obj_track_id": 74,
          "bbox": [
            266.4087061668682,
            308.1983071342201,
            304.7158403869407,
            361.7412333736397
          ],
          "category": "person",
          "category ID": 1,
          "trunc": false
        }
      ]
    },
    {
      "frame_id": 79,
      "image_path": "frames/3tEZvtQZ18Q_003975/images/000079.jpg",
      "accident_id": 6,
      "accident_name": "pedestrian",
      "objects": [
        {
          "obj_track_id": 150,
          "bbox": [
            1119.6130592503023,
            505.82829504232166,
            1279.8065296251511,
            720.0
          ],
          "category": "car",
          "category ID": 3,
          "trunc": true
        },
        {
          "obj_track_id": 74,
          "bbox": [
            266.4087061668682,
            308.1983071342201,
            305.15114873035066,
            361.9588875453446
          ],
          "category": "person",
          "category ID": 1,
          "trunc": false
        }
      ]
    },
    {
      "frame_id": 80,
      "image_path": "frames/3tEZvtQZ18Q_003975/images/000080.jpg",
      "accident_id": 6,
      "accident_name": "pedestrian",
      "objects": [
        {
          "obj_track_id": 150,
          "bbox": [
            1136.1547762998791,
            511.9226118500605,
            1279.8065296251511,
            720.0
          ],
          "category": "car",
          "category ID": 3,
          "trunc": true
        },
        {
          "obj_track_id": 74,
          "bbox": [
            266.4087061668682,
            308.1983071342201,
            305.5864570737606,
            362.1765417170496
          ],
          "category": "person",
          "category ID": 1,
          "trunc": false
        }
      ]
    },
    {
      "frame_id": 81,
      "image_path": "frames/3tEZvtQZ18Q_003975/images/000081.jpg",
      "accident_id": 6,
      "accident_name": "pedestrian",
      "objects": [
        {
          "obj_track_id": 150,
          "bbox": [
            1149.2140266021765,
            510.18137847642083,
            1279.8065296251511,
            720.0
          ],
          "category": "car",
          "category ID": 3,
          "trunc": true
        },
        {
          "obj_track_id": 74,
          "bbox": [
            267.496977025393,
            308.63361547763003,
            305.5864570737606,
            362.1765417170496
          ],
          "category": "person",
          "category ID": 1,
          "trunc": false
        }
      ]
    },
    {
      "frame_id": 82,
      "image_path": "frames/3tEZvtQZ18Q_003975/images/000082.jpg",
      "accident_id": 6,
      "accident_name": "pedestrian",
      "objects": [
        {
          "obj_track_id": 150,
          "bbox": [
            1158.7908101571948,
            510.18137847642083,
            1279.8065296251511,
            720.0
          ],
          "category": "car",
          "category ID": 3,
          "trunc": true
        },
        {
          "obj_track_id": 74,
          "bbox": [
            268.58524788391776,
            309.0689238210399,
            305.5864570737606,
            362.17654171704953
          ],
          "category": "person",
          "category ID": 1,
          "trunc": false
        }
      ]
    },
    {
      "frame_id": 83,
      "image_path": "frames/3tEZvtQZ18Q_003975/images/000083.jpg",
      "accident_id": 0,
      "accident_name": "normal",
      "objects": []
    },
    {
      "frame_id": 84,
      "image_path": "frames/3tEZvtQZ18Q_003975/images/000084.jpg",
      "accident_id": 0,
      "accident_name": "normal",
      "objects": []
    },
    {
      "frame_id": 85,
      "image_path": "frames/3tEZvtQZ18Q_003975/images/000085.jpg",
      "accident_id": 0,
      "accident_name": "normal",
      "objects": []
    },
    {
      "frame_id": 86,
      "image_path": "frames/3tEZvtQZ18Q_003975/images/000086.jpg",
      "accident_id": 0,
      "accident_name": "normal",
      "objects": []
    },
    {
      "frame_id": 87,
      "image_path": "frames/3tEZvtQZ18Q_003975/images/000087.jpg",
      "accident_id": 0,
      "accident_name": "normal",
      "objects": []
    },
    {
      "frame_id": 88,
      "image_path": "frames/3tEZvtQZ18Q_003975/images/000088.jpg",
      "accident_id": 0,
      "accident_name": "normal",
      "objects": []
    },
    {
      "frame_id": 89,
      "image_path": "frames/3tEZvtQZ18Q_003975/images/000089.jpg",
      "accident_id": 0,
      "accident_name": "normal",
      "objects": []
    },
    {
      "frame_id": 90,
      "image_path": "frames/3tEZvtQZ18Q_003975/images/000090.jpg",
      "accident_id": 0,
      "accident_name": "normal",
      "objects": []
    },
    {
      "frame_id": 91,
      "image_path": "frames/3tEZvtQZ18Q_003975/images/000091.jpg",
      "accident_id": 0,
      "accident_name": "normal",
      "objects": []
    },
    {
      "frame_id": 92,
      "image_path": "frames/3tEZvtQZ18Q_003975/images/000092.jpg",
      "accident_id": 0,
      "accident_name": "normal",
      "objects": []
    },
    {
      "frame_id": 93,
      "image_path": "frames/3tEZvtQZ18Q_003975/images/000093.jpg",
      "accident_id": 0,
      "accident_name": "normal",
      "objects": []
    },
    {
      "frame_id": 94,
      "image_path": "frames/3tEZvtQZ18Q_003975/images/000094.jpg",
      "accident_id": 0,
      "accident_name": "normal",
      "objects": []
    },
    {
      "frame_id": 95,
      "image_path": "frames/3tEZvtQZ18Q_003975/images/000095.jpg",
      "accident_id": 0,
      "accident_name": "normal",
      "objects": []
    },
    {
      "frame_id": 96,
      "image_path": "frames/3tEZvtQZ18Q_003975/images/000096.jpg",
      "accident_id": 0,
      "accident_name": "normal",
      "objects": []
    },
    {
      "frame_id": 97,
      "image_path": "frames/3tEZvtQZ18Q_003975/images/000097.jpg",
      "accident_id": 0,
      "accident_name": "normal",
      "objects": []
    },
    {
      "frame_id": 98,
      "image_path": "frames/3tEZvtQZ18Q_003975/images/000098.jpg",
      "accident_id": 0,
      "accident_name": "normal",
      "objects": []
    },
    {
      "frame_id": 99,
      "image_path": "frames/3tEZvtQZ18Q_003975/images/000099.jpg",
      "accident_id": 0,
      "accident_name": "normal",
      "objects": []
    },
    {
      "frame_id": 100,
      "image_path": "frames/3tEZvtQZ18Q_003975/images/000100.jpg",
      "accident_id": 0,
      "accident_name": "normal",
      "objects": []
    },
    {
      "frame_id": 101,
      "image_path": "frames/3tEZvtQZ18Q_003975/images/000101.jpg",
      "accident_id": 0,
      "accident_name": "normal",
      "objects": []
    },
    {
      "frame_id": 102,
      "image_path": "frames/3tEZvtQZ18Q_003975/images/000102.jpg",
      "accident_id": 0,
      "accident_name": "normal",
      "objects": []
    },
    {
      "frame_id": 103,
      "image_path": "frames/3tEZvtQZ18Q_003975/images/000103.jpg",
      "accident_id": 0,
      "accident_name": "normal",
      "objects": []
    },
    {
      "frame_id": 104,
      "image_path": "frames/3tEZvtQZ18Q_003975/images/000104.jpg",
      "accident_id": 0,
      "accident_name": "normal",
      "objects": []
    },
    {
      "frame_id": 105,
      "image_path": "frames/3tEZvtQZ18Q_003975/images/000105.jpg",
      "accident_id": 0,
      "accident_name": "normal",
      "objects": []
    },
    {
      "frame_id": 106,
      "image_path": "frames/3tEZvtQZ18Q_003975/images/000106.jpg",
      "accident_id": 0,
      "accident_name": "normal",
      "objects": []
    },
    {
      "frame_id": 107,
      "image_path": "frames/3tEZvtQZ18Q_003975/images/000107.jpg",
      "accident_id": 0,
      "accident_name": "normal",
      "objects": []
    },
    {
      "frame_id": 108,
      "image_path": "frames/3tEZvtQZ18Q_003975/images/000108.jpg",
      "accident_id": 0,
      "accident_name": "normal",
      "objects": []
    },
    {
      "frame_id": 109,
      "image_path": "frames/3tEZvtQZ18Q_003975/images/000109.jpg",
      "accident_id": 0,
      "accident_name": "normal",
      "objects": []
    },
    {
      "frame_id": 110,
      "image_path": "frames/3tEZvtQZ18Q_003975/images/000110.jpg",
      "accident_id": 0,
      "accident_name": "normal",
      "objects": []
    },
    {
      "frame_id": 111,
      "image_path": "frames/3tEZvtQZ18Q_003975/images/000111.jpg",
      "accident_id": 0,
      "accident_name": "normal",
      "objects": []
    },
    {
      "frame_id": 112,
      "image_path": "frames/3tEZvtQZ18Q_003975/images/000112.jpg",
      "accident_id": 0,
      "accident_name": "normal",
      "objects": []
    },
    {
      "frame_id": 113,
      "image_path": "frames/3tEZvtQZ18Q_003975/images/000113.jpg",
      "accident_id": 0,
      "accident_name": "normal",
      "objects": []
    },
    {
      "frame_id": 114,
      "image_path": "frames/3tEZvtQZ18Q_003975/images/000114.jpg",
      "accident_id": 0,
      "accident_name": "normal",
      "objects": []
    },
    {
      "frame_id": 115,
      "image_path": "frames/3tEZvtQZ18Q_003975/images/000115.jpg",
      "accident_id": 0,
      "accident_name": "normal",
      "objects": []
    },
    {
      "frame_id": 116,
      "image_path": "frames/3tEZvtQZ18Q_003975/images/000116.jpg",
      "accident_id": 0,
      "accident_name": "normal",
      "objects": []
    },
    {
      "frame_id": 117,
      "image_path": "frames/3tEZvtQZ18Q_003975/images/000117.jpg",
      "accident_id": 0,
      "accident_name": "normal",
      "objects": []
    },
    {
      "frame_id": 118,
      "image_path": "frames/3tEZvtQZ18Q_003975/images/000118.jpg",
      "accident_id": 0,
      "accident_name": "normal",
      "objects": []
    }
  ]
}