{
  "video_name": "4K_6s1n6BpU_000654",
  "channel": "AnAn",
  "num_frames": 140,
  "ignore": false,
  "ego_involve": true,
  "night": false,
  "anomaly_start": 68,
  "anomaly_end": 113,
  "video_start": 654,
  "video_end": 793,
  "accident_id": "5",
  "accident_name": "turning",
  "labels": [
    {
      "frame_id": 0,
      "image_path": "frames/4K_6s1n6BpU_000654/images/000000.jpg",
      "accident_id": 0,
      "accident_name": "normal",
      "objects": []
    },
    {
      "frame_id": 1,
      "image_path": "frames/4K_6s1n6BpU_000654/images/000001.jpg",
      "accident_id": 0,
      "accident_name": "normal",
      "objects": []
    },
    {
      "frame_id": 2,
      "image_path": "frames/4K_6s1n6BpU_000654/images/000002.jpg",
      "accident_id": 0,
      "accident_name": "normal",
      "objects": []
    },
    {
      "frame_id": 3,
      "image_path": "frames/4K_6s1n6BpU_000654/images/000003.jpg",
      "accident_id": 0,
      "accident_name": "normal",
      "objects": []
    },
    {
      "frame_id": 4,
      "image_path": "frames/4K_6s1n6BpU_000654/images/000004.jpg",
      "accident_id": 0,
      "accident_name": "normal",
      "objects": []
    },
    {
      "frame_id": 5,
      "image_path": "frames/4K_6s1n6BpU_000654/images/000005.jpg",
      "accident_id": 0,
      "accident_name": "normal",
      "objects": []
    },
    {
      "frame_id": 6,
      "image_path": "frames/4K_6s1n6BpU_000654/images/000006.jpg",
      "accident_id": 0,
      "accident_name": "normal",
      "objects": []
    },
    {
      "frame_id": 7,
      "image_path": "frames/4K_6s1n6BpU_000654/images/000007.jpg",
      "accident_id": 0,
      "accident_name": "normal",
      "objects": []
    },
    {
      "frame_id": 8,
      "image_path": "frames/4K_6s1n6BpU_000654/images/000008.jpg",
      "accident_id": 0,
      "accident_name": "normal",
      "objects": []
    },
    {
      "frame_id": 9,
      "image_path": "frames/4K_6s1n6BpU_000654/images/000009.jpg",
      "accident_id": 0,
      "accident_name": "normal",
      "objects": []
    },
    {
      "frame_id": 10,
      "image_path": "frames/4K_6s1n6BpU_000654/images/000010.jpg",
      "accident_id": 0,
      "accident_name": "normal",
      "objects": []
    },
    {
      "frame_id": 11,
      "image_path": "frames/4K_6s1n6BpU_000654/images/000011.jpg",
      "accident_id": 0,
      "accident_name": "normal",
      "objects": []
    },
    {
      "frame_id": 12,
      "image_path": "frames/4K_6s1n6BpU_000654/images/000012.jpg",
      "accident_id": 0,
      "accident_name": "normal",
      "objects": []
    },
    {
      "frame_id": 13,
      "image_path": "frames/4K_6s1n6BpU_000654/images/000013.jpg",
      "accident_id": 0,
      "accident_name": "normal",
      "objects": []
    },
    {
      "frame_id": 14,
      "image_path": "frames/4K_6s1n6BpU_000654/images/000014.jpg",
      "accident_id": 0,
      "accident_name": "normal",
      "objects": []
    },
    {
      "frame_id": 15,
      "image_path": "frames/4K_6s1n6BpU_000654/images/000015.jpg",
      "accident_id": 0,
      "accident_name": "normal",
      "objects": []
    },
    {
      "frame_id": 16,
      "image_path": "frames/4K_6s1n6BpU_000654/images/000016.jpg",
      "accident_id": 0,
      "accident_name": "normal",
      "objects": []
    },
    {
      "frame_id": 17,
      "image_path": "frames/4K_6s1n6BpU_000654/images/000017.jpg",
      "accident_id": 0,
      "accident_name": "normal",
      "objects": []
    },
    {
      "frame_id": 18,
      "image_path": "frames/4K_6s1n6BpU_000654/images/000018.jpg",
      "accident_id": 0,
      "accident_name": "normal",
      "objects": []
    },
    {
      "frame_id": 19,
      "image_path": "frames/4K_6s1n6BpU_000654/images/000019.jpg",
      "accident_id": 0,
      "accident_name": "normal",
      "objects": []
    },
    {
      "frame_id": 20,
      "image_path": "frames/4K_6s1n6BpU_000654/images/000020.jpg",
      "accident_id": 0,
      "accident_name": "normal",
      "objects": []
    },
    {
      "frame_id": 21,
      "image_path": "frames/4K_6s1n6BpU_000654/images/000021.jpg",
      "accident_id": 0,
      "accident_name": "normal",
      "objects": []
    },
    {
      "frame_id": 22,
      "image_path": "frames/4K_6s1n6BpU_000654/images/000022.jpg",
      "accident_id": 0,
      "accident_name": "normal",
      "objects": []
    },
    {
      "frame_id": 23,
      "image_path": "frames/4K_6s1n6BpU_000654/images/000023.jpg",
      "accident_id": 0,
      "accident_name": "normal",
      "objects": []
    },
    {
      "frame_id": 24,
      "image_path": "frames/4K_6s1n6BpU_000654/images/000024.jpg",
      "accident_id": 0,
      "accident_name": "normal",
      "objects": []
    },
    {
      "frame_id": 25,
      "image_path": "frames/4K_6s1n6BpU_000654/images/000025.jpg",
      "accident_id": 0,
      "accident_name": "normal",
      "objects": []
    },
    {
      "frame_id": 26,
      "image_path": "frames/4K_6s1n6BpU_000654/images/000026.jpg",
      "accident_id": 0,
      "accident_name": "normal",
      "objects": []
    },
    {
      "frame_id": 27,
      "image_path": "frames/4K_6s1n6BpU_000654/images/000027.jpg",
      "accident_id": 0,
      "accident_name": "normal",
      "objects": []
    },
    {
      "frame_id": 28,
      "image_path": "frames/4K_6s1n6BpU_000654/images/000028.jpg",
      "accident_id": 0,
      "accident_name": "normal",
      "objects": []
    },
    {
      "frame_id": 29,
      "image_path": "frames/4K_6s1n6BpU_000654/images/000029.jpg",
      "accident_id": 0,
      "accident_name": "normal",
      "objects": []
    },
    {
      "frame_id": 30,
      "image_path": "frames/4K_6s1n6BpU_000654/images/000030.jpg",
      "accident_id": 0,
      "accident_name": "normal",
      "objects": []
    },
    {
      "frame_id": 31,
      "image_path": "frames/4K_6s1n6BpU_000654/images/000031.jpg",
      "accident_id": 0,
      "accident_name": "normal",
      "objects": []
    },
    {
      "frame_id": 32,
      "image_path": "frames/4K_6s1n6BpU_000654/images/000032.jpg",
      "accident_id": 0,
      "accident_name": "normal",
      "objects": []
    },
    {
      "frame_id": 33,
      "image_path": "frames/4K_6s1n6BpU_000654/images/000033.jpg",
      "accident_id": 0,
      "accident_name": "normal",
      "objects": []
    },
    {
      "frame_id": 34,
      "image_path": "frames/4K_6s1n6BpU_000654/images/000034.jpg",
      "accident_id": 0,
      "accident_name": "normal",
      "objects": []
    },
    {
      "frame_id": 35,
      "image_path": "frames/4K_6s1n6BpU_000654/images/000035.jpg",
      "accident_id": 0,
      "accident_name": "normal",
      "objects": []
    },
    {
      "frame_id": 36,
      "image_path": "frames/4K_6s1n6BpU_000654/images/000036.jpg",
      "accident_id": 0,
      "accident_name": "normal",
      "objects": []
    },
    {
      "frame_id": 37,
      "image_path": "frames/4K_6s1n6BpU_000654/images/000037.jpg",
      "accident_id": 0,
      "accident_name": "normal",
      "objects": []
    },
    {
      "frame_id": 38,
      "image_path": "frames/4K_6s1n6BpU_000654/images/000038.jpg",
      "accident_id": 0,
      "accident_name": "normal",
      "objects": []
    },
    {
      "frame_id": 39,
      "image_path": "frames/4K_6s1n6BpU_000654/images/000039.jpg",
      "accident_id": 0,
      "accident_name": "normal",
      "objects": []
    },
    {
      "frame_id": 40,
      "image_path": "frames/4K_6s1n6BpU_000654/images/000040.jpg",
      "accident_id": 0,
      "accident_name": "normal",
      "objects": []
    },
    {
      "frame_id": 41,
      "image_path": "frames/4K_6s1n6BpU_000654/images/000041.jpg",
      "accident_id": 0,
      "accident_name": "normal",
      "objects": []
    },
    {
      "frame_id": 42,
      "image_path": "frames/4K_6s1n6BpU_000654/images/000042.jpg",
      "accident_id": 0,
      "accident_name": "normal",
      "objects": []
    },
    {
      "frame_id": 43,
      "image_path": "frames/4K_6s1n6BpU_000654/images/000043.jpg",
      "accident_id": 0,
      "accident_name": "normal",
      "objects": []
    },
    {
      "frame_id": 44,
      "image_path": "frames/4K_6s1n6BpU_000654/images/000044.jpg",
      "accident_id": 0,
      "accident_name": "normal",
      "objects": []
    },
    {
      "frame_id": 45,
      "image_path": "frames/4K_6s1n6BpU_000654/images/000045.jpg",
      "accident_id": 0,
      "accident_name": "normal",
      "objects": []
    },
    {
      "frame_id": 46,
      "image_path": "frames/4K_6s1n6BpU_000654/images/000046.jpg",
      "accident_id": 0,
      "accident_name": "normal",
      "objects": []
    },
    {
      "frame_id": 47,
      "image_path": "frames/4K_6s1n6BpU_000654/images/000047.jpg",
      "accident_id": 0,
      "accident_name": "normal",
      "objects": []
    },
    {
      "frame_id": 48,
      "image_path": "frames/4K_6s1n6BpU_000654/images/000048.jpg",
      "accident_id": 0,
      "accident_name": "normal",
      "objects": []
    },
    {
      "frame_id": 49,
      "image_path": "frames/4K_6s1n6BpU_000654/images/000049.jpg",
      "accident_id": 0,
      "accident_name": "normal",
      "objects": []
    },
    {
      "frame_id": 50,
      "image_path": "frames/4K_6s1n6BpU_000654/images/000050.jpg",
      "accident_id": 0,
      "accident_name": "normal",
      "objects": []
    },
    {
      "frame_id": 51,
      "image_path": "frames/4K_6s1n6BpU_000654/images/000051.jpg",
      "accident_id": 0,
      "accident_name": "normal",
      "objects": []
    },
    {
      "frame_id": 52,
      "image_path": "frames/4K_6s1n6BpU_000654/images/000052.jpg",
      "accident_id": 0,
      "accident_name": "normal",
      "objects": []
    },
    {
      "frame_id": 53,
      "image_path": "frames/4K_6s1n6BpU_000654/images/000053.jpg",
      "accident_id": 0,
      "accident_name": "normal",
      "objects": []
    },
    {
      "frame_id": 54,
      "image_path": "frames/4K_6s1n6BpU_000654/images/000054.jpg",
      "accident_id": 0,
      "accident_name": "normal",
      "objects": []
    },
    {
      "frame_id": 55,
      "image_path": "frames/4K_6s1n6BpU_000654/images/000055.jpg",
      "accident_id": 0,
      "accident_name": "normal",
      "objects": []
    },
    {
      "frame_id": 56,
      "image_path": "frames/4K_6s1n6BpU_000654/images/000056.jpg",
      "accident_id": 0,
      "accident_name": "normal",
      "objects": []
    },
    {
      "frame_id": 57,
      "image_path": "frames/4K_6s1n6BpU_000654/images/000057.jpg",
      "accident_id": 0,
      "accident_name": "normal",
      "objects": []
    },
    {
      "frame_id": 58,
      "image_path": "frames/4K_6s1n6BpU_000654/images/000058.jpg",
      "accident_id": 0,
      "accident_name": "normal",
      "objects": []
    },
    {
      "frame_id": 59,
      "image_path": "frames/4K_6s1n6BpU_000654/images/000059.jpg",
      "accident_id": 0,
      "accident_name": "normal",
      "objects": []
    },
    {
      "frame_id": 60,
      "image_path": "frames/4K_6s1n6BpU_000654/images/000060.jpg",
      "accident_id": 0,
      "accident_name": "normal",
      "objects": []
    },
    {
      "frame_id": 61,
      "image_path": "frames/4K_6s1n6BpU_000654/images/000061.jpg",
      "accident_id": 0,
      "accident_name": "normal",
      "objects": []
    },
    {
      "frame_id": 62,
      "image_path": "frames/4K_6s1n6BpU_000654/images/000062.jpg",
      "accident_id": 0,
      "accident_name": "normal",
      "objects": []
    },
    {
      "frame_id": 63,
      "image_path": "frames/4K_6s1n6BpU_000654/images/000063.jpg",
      "accident_id": 0,
      "accident_name": "normal",
      "objects": []
    },
    {
      "frame_id": 64,
      "image_path": "frames/4K_6s1n6BpU_000654/images/000064.jpg",
      "accident_id": 0,
      "accident_name": "normal",
      "objects": []
    },
    {
      "frame_id": 65,
      "image_path": "frames/4K_6s1n6BpU_000654/images/000065.jpg",
      "accident_id": 0,
      "accident_name": "normal",
      "objects": []
    },
    {
      "frame_id": 66,
      "image_path": "frames/4K_6s1n6BpU_000654/images/000066.jpg",
      "accident_id": 0,
      "accident_name": "normal",
      "objects": []
    },
    {
      "frame_id": 67,
      "image_path": "frames/4K_6s1n6BpU_000654/images/000067.jpg",
      "accident_id": 0,
      "accident_name": "normal",
      "objects": []
    },
    {
      "frame_id": 68,
      "image_path": "frames/4K_6s1n6BpU_000654/images/000068.jpg",
      "accident_id": 5,
      "accident_name": "turning",
      "objects": [
        {
          "obj_track_id": 0,
          "bbox": [
            0,
            0,
            540.9926470588235,
            651.8382352941177
          ],
          "category": "truck",
          "category ID": 5,
          "trunc": true
        }
      ]
    },
    {
      "frame_id": 69,
      "image_path": "frames/4K_6s1n6BpU_000654/images/000069.jpg",
      "accident_id": 5,
      "accident_name": "turning",
      "objects": [
        {
          "obj_track_id": 0,
          "bbox": [
            0,
            0.6617647058823529,
            570.9926470588235,
            656.470588235294
          ],
          "category": "truck",
          "category ID": 5,
          "trunc": true
        }
      ]
    },
    {
      "frame_id": 70,
      "image_path": "frames/4K_6s1n6BpU_000654/images/000070.jpg",
      "accident_id": 5,
      "accident_name": "turning",
      "objects": [
        {
          "obj_track_id": 0,
          "bbox": [
            0,
            1.3235294117647058,
            600.9926470588235,
            661.1029411764706
          ],
          "category": "truck",
          "category ID": 5,
          "trunc": true
        }
      ]
    },
    {
      "frame_id": 71,
      "image_path": "frames/4K_6s1n6BpU_000654/images/000071.jpg",
      "accident_id": 5,
      "accident_name": "turning",
      "objects": [
        {
          "obj_track_id": 0,
          "bbox": [
            0,
            8.602941176470589,
            630.9926470588235,
            665.7352941176471
          ],
          "category": "truck",
          "category ID": 5,
          "trunc": true
        }
      ]
    },
    {
      "frame_id": 72,
      "image_path": "frames/4K_6s1n6BpU_000654/images/000072.jpg",
      "accident_id": 5,
      "accident_name": "turning",
      "objects": [
        {
          "obj_track_id": 0,
          "bbox": [
            0,
            13.235294117647058,
            660.7720588235295,
            670.3676470588235
          ],
          "category": "truck",
          "category ID": 5,
          "trunc": true
        }
      ]
    },
    {
      "frame_id": 73,
      "image_path": "frames/4K_6s1n6BpU_000654/images/000073.jpg",
      "accident_id": 5,
      "accident_name": "turning",
      "objects": [
        {
          "obj_track_id": 0,
          "bbox": [
            0,
            17.86764705882353,
            690.5514705882354,
            675.0
          ],
          "category": "truck",
          "category ID": 5,
          "trunc": true
        }
      ]
    },
    {
      "frame_id": 74,
      "image_path": "frames/4K_6s1n6BpU_000654/images/000074.jpg",
      "accident_id": 5,
      "accident_name": "turning",
      "objects": [
        {
          "obj_track_id": 0,
          "bbox": [
            0,
            17.205882352941178,
            718.0147058823529,
            679.6323529411764
          ],
          "category": "truck",
          "category ID": 5,
          "trunc": true
        }
      ]
    },
    {
      "frame_id": 75,
      "image_path": "frames/4K_6s1n6BpU_000654/images/000075.jpg",
      "accident_id": 5,
      "accident_name": "turning",
      "objects": [
        {
          "obj_track_id": 0,
          "bbox": [
            0,
            21.83823529411765,
            745.4779411764706,
            684.2647058823528
          ],
          "category": "truck",
          "category ID": 5,
          "trunc": true
        }
      ]
    },
    {
      "frame_id": 76,
      "image_path": "frames/4K_6s1n6BpU_000654/images/000076.jpg",
      "accident_id": 5,
      "accident_name": "turning",
      "objects": [
        {
          "obj_track_id": 0,
          "bbox": [
            0,
            30.441176470588236,
            772.9411764705883,
            688.8970588235293
          ],
          "category": "truck",
          "category ID": 5,
          "trunc": true
        }
      ]
    },
    {
      "frame_id": 77,
      "image_path": "frames/4K_6s1n6BpU_000654/images/000077.jpg",
      "accident_id": 5,
      "accident_name": "turning",
      "objects": [
        {
          "obj_track_id": 0,
          "bbox": [
            0,
            37.720588235294116,
            800.4044117647059,
            693.5294117647059
          ],
          "category": "truck",
          "category ID": 5,
          "trunc": true
        }
      ]
    },
    {
      "frame_id": 78,
      "image_path": "frames/4K_6s1n6BpU_000654/images/000078.jpg",
      "accident_id": 5,
      "accident_name": "turning",
      "objects": [
        {
          "obj_track_id": 0,
          "bbox": [
            0,
            43.6764705882353,
            826.2132352941177,
            688.8970588235294
          ],
          "category": "truck",
          "category ID": 5,
          "trunc": true
        }
      ]
    },
    {
      "frame_id": 79,
      "image_path": "frames/4K_6s1n6BpU_000654/images/000079.jpg",
      "accident_id": 5,
      "accident_name": "turning",
      "objects": [
        {
          "obj_track_id": 0,
          "bbox": [
            0,
            48.970588235294116,
            849.7058823529412,
            690.5514705882354
          ],
          "category": "truck",
          "category ID": 5,
          "trunc": true
        }
      ]
    },
    {
      "frame_id": 80,
      "image_path": "frames/4K_6s1n6BpU_000654/images/000080.jpg",
      "accident_id": 5,
      "accident_name": "turning",
      "objects": [
        {
          "obj_track_id": 0,
          "bbox": [
            0,
            54.26470588235294,
            873.1985294117648,
            692.2058823529412
          ],
          "category": "truck",
          "category ID": 5,
          "trunc": true
        }
      ]
    },
    {
      "frame_id": 81,
      "image_path": "frames/4K_6s1n6BpU_000654/images/000081.jpg",
      "accident_id": 5,
      "accident_name": "turning",
      "objects": [
        {
          "obj_track_id": 0,
          "bbox": [
            0,
            62.20588235294118,
            893.7132352941177,
            693.7500000000001
          ],
          "category": "truck",
          "category ID": 5,
          "trunc": true
        }
      ]
    },
    {
      "frame_id": 82,
      "image_path": "frames/4K_6s1n6BpU_000654/images/000082.jpg",
      "accident_id": 5,
      "accident_name": "turning",
      "objects": [
        {
          "obj_track_id": 0,
          "bbox": [
            0,
            70.14705882352942,
            914.2279411764706,
            695.2941176470589
          ],
          "category": "truck",
          "category ID": 5,
          "trunc": true
        }
      ]
    },
    {
      "frame_id": 83,
      "image_path": "frames/4K_6s1n6BpU_000654/images/000083.jpg",
      "accident_id": 5,
      "accident_name": "turning",
      "objects": [
        {
          "obj_track_id": 0,
          "bbox": [
            0,
            78.08823529411765,
            934.0808823529412,
            696.8382352941177
          ],
          "category": "truck",
          "category ID": 5,
          "trunc": true
        }
      ]
    },
    {
      "frame_id": 84,
      "image_path": "frames/4K_6s1n6BpU_000654/images/000084.jpg",
      "accident_id": 5,
      "accident_name": "turning",
      "objects": [
        {
          "obj_track_id": 0,
          "bbox": [
            0,
            85.36764705882354,
            945.3308823529412,
            689.5588235294118
          ],
          "category": "truck",
          "category ID": 5,
          "trunc": true
        }
      ]
    },
    {
      "frame_id": 85,
      "image_path": "frames/4K_6s1n6BpU_000654/images/000085.jpg",
      "accident_id": 5,
      "accident_name": "turning",
      "objects": [
        {
          "obj_track_id": 0,
          "bbox": [
            0,
            92.64705882352942,
            965.8455882352941,
            704.7794117647059
          ],
          "category": "truck",
          "category ID": 5,
          "trunc": true
        }
      ]
    },
    {
      "frame_id": 86,
      "image_path": "frames/4K_6s1n6BpU_000654/images/000086.jpg",
      "accident_id": 5,
      "accident_name": "turning",
      "objects": [
        {
          "obj_track_id": 0,
          "bbox": [
            0,
            99.26470588235294,
            981.0661764705883,
            720.0
          ],
          "category": "truck",
          "category ID": 5,
          "trunc": true
        }
      ]
    },
    {
      "frame_id": 87,
      "image_path": "frames/4K_6s1n6BpU_000654/images/000087.jpg",
      "accident_id": 5,
      "accident_name": "turning",
      "objects": [
        {
          "obj_track_id": 0,
          "bbox": [
            0,
            105.22058823529412,
            993.6397058823529,
            720.0000000000001
          ],
          "category": "truck",
          "category ID": 5,
          "trunc": true
        }
      ]
    },
    {
      "frame_id": 88,
      "image_path": "frames/4K_6s1n6BpU_000654/images/000088.jpg",
      "accident_id": 5,
      "accident_name": "turning",
      "objects": [
        {
          "obj_track_id": 0,
          "bbox": [
            0,
            108.52941176470588,
            994.3014705882354,
            720.0000000000001
          ],
          "category": "truck",
          "category ID": 5,
          "trunc": true
        }
      ]
    },
    {
      "frame_id": 89,
      "image_path": "frames/4K_6s1n6BpU_000654/images/000089.jpg",
      "accident_id": 5,
      "accident_name": "turning",
      "objects": [
        {
          "obj_track_id": 0,
          "bbox": [
            0,
            109.19117647058823,
            996.2867647058824,
            720.0000000000002
          ],
          "category": "truck",
          "category ID": 5,
          "trunc": true
        }
      ]
    },
    {
      "frame_id": 90,
      "image_path": "frames/4K_6s1n6BpU_000654/images/000090.jpg",
      "accident_id": 5,
      "accident_name": "turning",
      "objects": [
        {
          "obj_track_id": 0,
          "bbox": [
            0,
            93.97058823529412,
            998.2720588235294,
            720.0000000000002
          ],
          "category": "truck",
          "category ID": 5,
          "trunc": true
        }
      ]
    },
    {
      "frame_id": 91,
      "image_path": "frames/4K_6s1n6BpU_000654/images/000091.jpg",
      "accident_id": 5,
      "accident_name": "turning",
      "objects": [
        {
          "obj_track_id": 0,
          "bbox": [
            0,
            109.8529411764706,
            1004.8897058823529,
            720.0000000000002
          ],
          "category": "truck",
          "category ID": 5,
          "trunc": true
        }
      ]
    },
    {
      "frame_id": 92,
      "image_path": "frames/4K_6s1n6BpU_000654/images/000092.jpg",
      "accident_id": 5,
      "accident_name": "turning",
      "objects": [
        {
          "obj_track_id": 0,
          "bbox": [
            0,
            104.55882352941177,
            1010.1838235294117,
            720.0000000000002
          ],
          "category": "truck",
          "category ID": 5,
          "trunc": true
        }
      ]
    },
    {
      "frame_id": 93,
      "image_path": "frames/4K_6s1n6BpU_000654/images/000093.jpg",
      "accident_id": 5,
      "accident_name": "turning",
      "objects": [
        {
          "obj_track_id": 0,
          "bbox": [
            0,
            106.54411764705883,
            1015.4779411764706,
            720.0000000000001
          ],
          "category": "truck",
          "category ID": 5,
          "trunc": true
        }
      ]
    },
    {
      "frame_id": 94,
      "image_path": "frames/4K_6s1n6BpU_000654/images/000094.jpg",
      "accident_id": 5,
      "accident_name": "turning",
      "objects": [
        {
          "obj_track_id": 0,
          "bbox": [
            0,
            109.19117647058823,
            1014.1544117647059,
            720.0000000000002
          ],
          "category": "truck",
          "category ID": 5,
          "trunc": true
        }
      ]
    },
    {
      "frame_id": 95,
      "image_path": "frames/4K_6s1n6BpU_000654/images/000095.jpg",
      "accident_id": 5,
      "accident_name": "turning",
      "objects": [
        {
          "obj_track_id": 0,
          "bbox": [
            0,
            119.77941176470588,
            1013.4926470588235,
            720.0000000000001
          ],
          "category": "truck",
          "category ID": 5,
          "trunc": true
        }
      ]
    },
    {
      "frame_id": 96,
      "image_path": "frames/4K_6s1n6BpU_000654/images/000096.jpg",
      "accident_id": 5,
      "accident_name": "turning",
      "objects": [
        {
          "obj_track_id": 0,
          "bbox": [
            0,
            132.3529411764706,
            1012.5,
            720.0000000000001
          ],
          "category": "truck",
          "category ID": 5,
          "trunc": true
        }
      ]
    },
    {
      "frame_id": 97,
      "image_path": "frames/4K_6s1n6BpU_000654/images/000097.jpg",
      "accident_id": 5,
      "accident_name": "turning",
      "objects": [
        {
          "obj_track_id": 0,
          "bbox": [
            0,
            144.9264705882353,
            1011.5073529411765,
            720.0000000000002
          ],
          "category": "truck",
          "category ID": 5,
          "trunc": true
        }
      ]
    },
    {
      "frame_id": 98,
      "image_path": "frames/4K_6s1n6BpU_000654/images/000098.jpg",
      "accident_id": 5,
      "accident_name": "turning",
      "objects": [
        {
          "obj_track_id": 0,
          "bbox": [
            0,
            138.97058823529414,
            1013.4926470588235,
            720.0000000000001
          ],
          "category": "truck",
          "category ID": 5,
          "trunc": true
        }
      ]
    },
    {
      "frame_id": 99,
      "image_path": "frames/4K_6s1n6BpU_000654/images/000099.jpg",
      "accident_id": 5,
      "accident_name": "turning",
      "objects": [
        {
          "obj_track_id": 0,
          "bbox": [
            0,
            133.01470588235296,
            1015.4779411764706,
            720.0
          ],
          "category": "truck",
          "category ID": 5,
          "trunc": true
        }
      ]
    },
    {
      "frame_id": 100,
      "image_path": "frames/4K_6s1n6BpU_000654/images/000100.jpg",
      "accident_id": 5,
      "accident_name": "turning",
      "objects": [
        {
          "obj_track_id": 0,
          "bbox": [
            0,
            133.34558823529414,
            1016.1397058823529,
            720.0
          ],
          "category": "truck",
          "category ID": 5,
          "trunc": true
        }
      ]
    },
    {
      "frame_id": 101,
      "image_path": "frames/4K_6s1n6BpU_000654/images/000101.jpg",
      "accident_id": 5,
      "accident_name": "turning",
      "objects": [
        {
          "obj_track_id": 0,
          "bbox": [
            0,
            133.6764705882353,
            1016.8014705882354,
            720.0
          ],
          "category": "truck",
          "category ID": 5,
          "trunc": true
        }
      ]
    },
    {
      "frame_id": 102,
      "image_path": "frames/4K_6s1n6BpU_000654/images/000102.jpg",
      "accident_id": 5,
      "accident_name": "turning",
      "objects": [
        {
          "obj_track_id": 0,
          "bbox": [
            0,
            146.25,
            1016.8014705882354,
            720.0
          ],
          "category": "truck",
          "category ID": 5,
          "trunc": true
        }
      ]
    },
    {
      "frame_id": 103,
      "image_path": "frames/4K_6s1n6BpU_000654/images/000103.jpg",
      "accident_id": 5,
      "accident_name": "turning",
      "objects": [
        {
          "obj_track_id": 0,
          "bbox": [
            0,
            142.94117647058823,
            1017.4632352941177,
            720.0
          ],
          "category": "truck",
          "category ID": 5,
          "trunc": true
        }
      ]
    },
    {
      "frame_id": 104,
      "image_path": "frames/4K_6s1n6BpU_000654/images/000104.jpg",
      "accident_id": 5,
      "accident_name": "turning",
      "objects": [
        {
          "obj_track_id": 0,
          "bbox": [
            0,
            136.3235294117647,
            1020.1102941176471,
            720.0
          ],
          "category": "truck",
          "category ID": 5,
          "trunc": true
        }
      ]
    },
    {
      "frame_id": 105,
      "image_path": "frames/4K_6s1n6BpU_000654/images/000105.jpg",
      "accident_id": 5,
      "accident_name": "turning",
      "objects": [
        {
          "obj_track_id": 0,
          "bbox": [
            0,
            136.98529411764707,
            1019.4485294117648,
            720.0
          ],
          "category": "truck",
          "category ID": 5,
          "trunc": true
        }
      ]
    },
    {
      "frame_id": 106,
      "image_path": "frames/4K_6s1n6BpU_000654/images/000106.jpg",
      "accident_id": 5,
      "accident_name": "turning",
      "objects": [
        {
          "obj_track_id": 0,
          "bbox": [
            0,
            144.26470588235296,
            1017.4632352941177,
            720.0
          ],
          "category": "truck",
          "category ID": 5,
          "trunc": true
        }
      ]
    },
    {
      "frame_id": 107,
      "image_path": "frames/4K_6s1n6BpU_000654/images/000107.jpg",
      "accident_id": 5,
      "accident_name": "turning",
      "objects": [
        {
          "obj_track_id": 0,
          "bbox": [
            0,
            142.94117647058823,
            1017.4632352941177,
            720.0
          ],
          "category": "truck",
          "category ID": 5,
          "trunc": true
        }
      ]
    },
    {
      "frame_id": 108,
      "image_path": "frames/4K_6s1n6BpU_000654/images/000108.jpg",
      "accident_id": 5,
      "accident_name": "turning",
      "objects": [
        {
          "obj_track_id": 0,
          "bbox": [
            0,
            141.61764705882354,
            1017.4632352941177,
            720.0
          ],
          "category": "truck",
          "category ID": 5,
          "trunc": true
        }
      ]
    },
    {
      "frame_id": 109,
      "image_path": "frames/4K_6s1n6BpU_000654/images/000109.jpg",
      "accident_id": 5,
      "accident_name": "turning",
      "objects": [
        {
          "obj_track_id": 0,
          "bbox": [
            0,
            142.27941176470588,
            1017.7941176470588,
            720.0
          ],
          "category": "truck",
          "category ID": 5,
          "trunc": true
        }
      ]
    },
    {
      "frame_id": 110,
      "image_path": "frames/4K_6s1n6BpU_000654/images/000110.jpg",
      "accident_id": 5,
      "accident_name": "turning",
      "objects": [
        {
          "obj_track_id": 0,
          "bbox": [
            0,
            142.94117647058823,
            1018.125,
            720.0
          ],
          "category": "truck",
          "category ID": 5,
          "trunc": true
        }
      ]
    },
    {
      "frame_id": 111,
      "image_path": "frames/4K_6s1n6BpU_000654/images/000111.jpg",
      "accident_id": 5,
      "accident_name": "turning",
      "objects": [
        {
          "obj_track_id": 0,
          "bbox": [
            0,
            142.61029411764707,
            1018.125,
            720.0
          ],
          "category": "truck",
          "category ID": 5,
          "trunc": true
        }
      ]
    },
    {
      "frame_id": 112,
      "image_path": "frames/4K_6s1n6BpU_000654/images/000112.jpg",
      "accident_id": 5,
      "accident_name": "turning",
      "objects": [
        {
          "obj_track_id": 0,
          "bbox": [
            0,
            142.27941176470588,
            1018.125,
            720.0
          ],
          "category": "truck",
          "category ID": 5,
          "trunc": true
        }
      ]
    },
    {
      "frame_id": 113,
      "image_path": "frames/4K_6s1n6BpU_000654/images/000113.jpg",
      "accident_id": 0,
      "accident_name": "normal",
      "objects": []
    },
    {
      "frame_id": 114,
      "image_path": "frames/4K_6s1n6BpU_000654/images/000114.jpg",
      "accident_id": 0,
      "accident_name": "normal",
      "objects": []
    },
    {
      "frame_id": 115,
      "image_path": "frames/4K_6s1n6BpU_000654/images/000115.jpg",
      "accident_id": 0,
      "accident_name": "normal",
      "objects": []
    },
    {
      "frame_id": 116,
      "image_path": "frames/4K_6s1n6BpU_000654/images/000116.jpg",
      "accident_id": 0,
      "accident_name": "normal",
      "objects": []
    },
    {
      "frame_id": 117,
      "image_path": "frames/4K_6s1n6BpU_000654/images/000117.jpg",
      "accident_id": 0,
      "accident_name": "normal",
      "objects": []
    },
    {
      "frame_id": 118,
      "image_path": "frames/4K_6s1n6BpU_000654/images/000118.jpg",
      "accident_id": 0,
      "accident_name": "normal",
      "objects": []
    },
    {
      "frame_id": 119,
      "image_path": "frames/4K_6s1n6BpU_000654/images/000119.jpg",
      "accident_id": 0,
      "accident_name": "normal",
      "objects": []
    },
    {
      "frame_id": 120,
      "image_path": "frames/4K_6s1n6BpU_000654/images/000120.jpg",
      "accident_id": 0,
      "accident_name": "normal",
      "objects": []
    },
    {
      "frame_id": 121,
      "image_path": "frames/4K_6s1n6BpU_000654/images/000121.jpg",
      "accident_id": 0,
      "accident_name": "normal",
      "objects": []
    },
    {
      "frame_id": 122,
      "image_path": "frames/4K_6s1n6BpU_000654/images/000122.jpg",
      "accident_id": 0,
      "accident_name": "normal",
      "objects": []
    },
    {
      "frame_id": 123,
      "image_path": "frames/4K_6s1n6BpU_000654/images/000123.jpg",
      "accident_id": 0,
      "accident_name": "normal",
      "objects": []
    },
    {
      "frame_id": 124,
      "image_path": "frames/4K_6s1n6BpU_000654/images/000124.jpg",
      "accident_id": 0,
      "accident_name": "normal",
      "objects": []
    },
    {
      "frame_id": 125,
      "image_path": "frames/4K_6s1n6BpU_000654/images/000125.jpg",
      "accident_id": 0,
      "accident_name": "normal",
      "objects": []
    },
    {
      "frame_id": 126,
      "image_path": "frames/4K_6s1n6BpU_000654/images/000126.jpg",
      "accident_id": 0,
      "accident_name": "normal",
      "objects": []
    },
    {
      "frame_id": 127,
      "image_path": "frames/4K_6s1n6BpU_000654/images/000127.jpg",
      "accident_id": 0,
      "accident_name": "normal",
      "objects": []
    },
    {
      "frame_id": 128,
      "image_path": "frames/4K_6s1n6BpU_000654/images/000128.jpg",
      "accident_id": 0,
      "accident_name": "normal",
      "objects": []
    },
    {
      "frame_id": 129,
      "image_path": "frames/4K_6s1n6BpU_000654/images/000129.jpg",
      "accident_id": 0,
      "accident_name": "normal",
      "objects": []
    },
    {
      "frame_id": 130,
      "image_path": "frames/4K_6s1n6BpU_000654/images/000130.jpg",
      "accident_id": 0,
      "accident_name": "normal",
      "objects": []
    },
    {
      "frame_id": 131,
      "image_path": "frames/4K_6s1n6BpU_000654/images/000131.jpg",
      "accident_id": 0,
      "accident_name": "normal",
      "objects": []
    },
    {
      "frame_id": 132,
      "image_path": "frames/4K_6s1n6BpU_000654/images/000132.jpg",
      "accident_id": 0,
      "accident_name": "normal",
      "objects": []
    },
    {
      "frame_id": 133,
      "image_path": "frames/4K_6s1n6BpU_000654/images/000133.jpg",
      "accident_id": 0,
      "accident_name": "normal",
      "objects": []
    },
    {
      "frame_id": 134,
      "image_path": "frames/4K_6s1n6BpU_000654/images/000134.jpg",
      "accident_id": 0,
      "accident_name": "normal",
      "objects": []
    },
    {
      "frame_id": 135,
      "image_path": "frames/4K_6s1n6BpU_000654/images/000135.jpg",
      "accident_id": 0,
      "accident_name": "normal",
      "objects": []
    },
    {
      "frame_id": 136,
      "image_path": "frames/4K_6s1n6BpU_000654/images/000136.jpg",
      "accident_id": 0,
      "accident_name": "normal",
      "objects": []
    },
    {
      "frame_id": 137,
      "image_path": "frames/4K_6s1n6BpU_000654/images/000137.jpg",
      "accident_id": 0,
      "accident_name": "normal",
      "objects": []
    },
    {
      "frame_id": 138,
      "image_path": "frames/4K_6s1n6BpU_000654/images/000138.jpg",
      "accident_id": 0,
      "accident_name": "normal",
      "objects": []
    },
    {
      "frame_id": 139,
      "image_path": "frames/4K_6s1n6BpU_000654/images/000139.jpg",
      "accident_id": 0,
      "accident_name": "normal",
      "objects": []
    }
  ]
}