{
  "video_name": "4K_6s1n6BpU_006390",
  "channel": "AnAn",
  "num_frames": 63,
  "ignore": false,
  "ego_involve": false,
  "night": false,
  "anomaly_start": 9,
  "anomaly_end": 39,
  "video_start": 6390,
  "video_end": 6452,
  "accident_id": "2",
  "accident_name": "moving_ahead_or_waiting",
  "labels": [
    {
      "frame_id": 0,
      "image_path": "frames/4K_6s1n6BpU_006390/images/000000.jpg",
      "accident_id": 0,
      "accident_name": "normal",
      "objects": []
    },
    {
      "frame_id": 1,
      "image_path": "frames/4K_6s1n6BpU_006390/images/000001.jpg",
      "accident_id": 0,
      "accident_name": "normal",
      "objects": []
    },
    {
      "frame_id": 2,
      "image_path": "frames/4K_6s1n6BpU_006390/images/000002.jpg",
      "accident_id": 0,
      "accident_name": "normal",
      "objects": []
    },
    {
      "frame_id": 3,
      "image_path": "frames/4K_6s1n6BpU_006390/images/000003.jpg",
      "accident_id": 0,
      "accident_name": "normal",
      "objects": []
    },
    {
      "frame_id": 4,
      "image_path": "frames/4K_6s1n6BpU_006390/images/000004.jpg",
      "accident_id": 0,
      "accident_name": "normal",
      "objects": []
    },
    {
      "frame_id": 5,
      "image_path": "frames/4K_6s1n6BpU_006390/images/000005.jpg",
      "accident_id": 0,
      "accident_name": "normal",
      "objects": []
    },
    {
      "frame_id": 6,
      "image_path": "frames/4K_6s1n6BpU_006390/images/000006.jpg",
      "accident_id": 0,
      "accident_name": "normal",
      "objects": []
    },
    {
      "frame_id": 7,
      "image_path": "frames/4K_6s1n6BpU_006390/images/000007.jpg",
      "accident_id": 0,
      "accident_name": "normal",
      "objects": []
    },
    {
      "frame_id": 8,
      "image_path": "frames/4K_6s1n6BpU_006390/images/000008.jpg",
      "accident_id": 0,
      "accident_name": "normal",
      "objects": []
    },
    {
      "frame_id": 9,
      "image_path": "frames/4K_6s1n6BpU_006390/images/000009.jpg",
      "accident_id": 2,
      "accident_name": "moving_ahead_or_waiting",
      "objects": [
        {
          "obj_track_id": 0,
          "bbox": [
            379.69604863221883,
            364.741641337386,
            413.25227963525833,
            391.00303951367783
          ],
          "category": "car",
          "category ID": 3,
          "trunc": false
        },
        {
          "obj_track_id": 55,
          "bbox": [
            406.6869300911854,
            364.0121580547112,
            422.7355623100304,
            382.97872340425533
          ],
          "category": "car",
          "category ID": 3,
          "trunc": true
        }
      ]
    },
    {
      "frame_id": 10,
      "image_path": "frames/4K_6s1n6BpU_006390/images/000010.jpg",
      "accident_id": 2,
      "accident_name": "moving_ahead_or_waiting",
      "objects": [
        {
          "obj_track_id": 0,
          "bbox": [
            378.7841945288754,
            364.19452887537994,
            412.7051671732523,
            390.82066869300917
          ],
          "category": "car",
          "category ID": 3,
          "trunc": false
        },
        {
          "obj_track_id": 55,
          "bbox": [
            406.50455927051667,
            363.82978723404256,
            424.1945288753799,
            384.0729483282675
          ],
          "category": "car",
          "category ID": 3,
          "trunc": true
        }
      ]
    },
    {
      "frame_id": 11,
      "image_path": "frames/4K_6s1n6BpU_006390/images/000011.jpg",
      "accident_id": 2,
      "accident_name": "moving_ahead_or_waiting",
      "objects": [
        {
          "obj_track_id": 0,
          "bbox": [
            377.8723404255319,
            363.6474164133739,
            412.15805471124617,
            390.63829787234044
          ],
          "category": "car",
          "category ID": 3,
          "trunc": false
        },
        {
          "obj_track_id": 55,
          "bbox": [
            406.322188449848,
            363.64741641337383,
            425.65349544072944,
            385.16717325227967
          ],
          "category": "car",
          "category ID": 3,
          "trunc": true
        }
      ]
    },
    {
      "frame_id": 12,
      "image_path": "frames/4K_6s1n6BpU_006390/images/000012.jpg",
      "accident_id": 2,
      "accident_name": "moving_ahead_or_waiting",
      "objects": [
        {
          "obj_track_id": 0,
          "bbox": [
            376.96048632218844,
            363.1003039513678,
            411.6109422492401,
            390.4559270516717
          ],
          "category": "car",
          "category ID": 3,
          "trunc": false
        },
        {
          "obj_track_id": 55,
          "bbox": [
            406.13981762917933,
            363.4650455927051,
            427.11246200607906,
            386.2613981762918
          ],
          "category": "car",
          "category ID": 3,
          "trunc": true
        }
      ]
    },
    {
      "frame_id": 13,
      "image_path": "frames/4K_6s1n6BpU_006390/images/000013.jpg",
      "accident_id": 2,
      "accident_name": "moving_ahead_or_waiting",
      "objects": [
        {
          "obj_track_id": 0,
          "bbox": [
            376.048632218845,
            362.5531914893617,
            411.06382978723406,
            390.27355623100306
          ],
          "category": "car",
          "category ID": 3,
          "trunc": false
        },
        {
          "obj_track_id": 55,
          "bbox": [
            405.9574468085106,
            363.28267477203644,
            428.57142857142856,
            387.35562310030394
          ],
          "category": "car",
          "category ID": 3,
          "trunc": true
        }
      ]
    },
    {
      "frame_id": 14,
      "image_path": "frames/4K_6s1n6BpU_006390/images/000014.jpg",
      "accident_id": 2,
      "accident_name": "moving_ahead_or_waiting",
      "objects": [
        {
          "obj_track_id": 0,
          "bbox": [
            372.4012158054711,
            365.4711246200608,
            408.8753799392097,
            392.46200607902733
          ],
          "category": "car",
          "category ID": 3,
          "trunc": false
        },
        {
          "obj_track_id": 55,
          "bbox": [
            407.6233897814445,
            364.0121580547112,
            432.9483282674772,
            389.5440729483283
          ],
          "category": "car",
          "category ID": 3,
          "trunc": true
        }
      ]
    },
    {
      "frame_id": 15,
      "image_path": "frames/4K_6s1n6BpU_006390/images/000015.jpg",
      "accident_id": 2,
      "accident_name": "moving_ahead_or_waiting",
      "objects": [
        {
          "obj_track_id": 0,
          "bbox": [
            366.56534954407294,
            363.28267477203644,
            409.2401215805471,
            393.1914893617021
          ],
          "category": "car",
          "category ID": 3,
          "trunc": false
        },
        {
          "obj_track_id": 55,
          "bbox": [
            407.8106817194963,
            362.90881458966567,
            437.6899696048632,
            390.27355623100306
          ],
          "category": "car",
          "category ID": 3,
          "trunc": true
        }
      ]
    },
    {
      "frame_id": 16,
      "image_path": "frames/4K_6s1n6BpU_006390/images/000016.jpg",
      "accident_id": 2,
      "accident_name": "moving_ahead_or_waiting",
      "objects": [
        {
          "obj_track_id": 0,
          "bbox": [
            365.1063829787234,
            364.741641337386,
            409.6048632218845,
            393.9209726443769
          ],
          "category": "car",
          "category ID": 3,
          "trunc": false
        },
        {
          "obj_track_id": 55,
          "bbox": [
            407.9979736575481,
            361.8054711246201,
            442.4316109422492,
            391.00303951367783
          ],
          "category": "car",
          "category ID": 3,
          "trunc": true
        }
      ]
    },
    {
      "frame_id": 17,
      "image_path": "frames/4K_6s1n6BpU_006390/images/000017.jpg",
      "accident_id": 2,
      "accident_name": "moving_ahead_or_waiting",
      "objects": [
        {
          "obj_track_id": 0,
          "bbox": [
            362.9179331306991,
            357.4468085106383,
            414.7112462006079,
            387.35562310030394
          ],
          "category": "car",
          "category ID": 3,
          "trunc": false
        },
        {
          "obj_track_id": 55,
          "bbox": [
            413.1874366767983,
            354.82066869300917,
            451.1854103343465,
            382.24924012158056
          ],
          "category": "car",
          "category ID": 3,
          "trunc": true
        }
      ]
    },
    {
      "frame_id": 18,
      "image_path": "frames/4K_6s1n6BpU_006390/images/000018.jpg",
      "accident_id": 2,
      "accident_name": "moving_ahead_or_waiting",
      "objects": [
        {
          "obj_track_id": 0,
          "bbox": [
            362.9179331306991,
            348.69300911854106,
            413.9817629179331,
            381.5197568389058
          ],
          "category": "car",
          "category ID": 3,
          "trunc": false
        },
        {
          "obj_track_id": 55,
          "bbox": [
            413.25227963525833,
            350.15197568389056,
            458.4802431610942,
            377.8723404255319
          ],
          "category": "car",
          "category ID": 3,
          "trunc": true
        }
      ]
    },
    {
      "frame_id": 19,
      "image_path": "frames/4K_6s1n6BpU_006390/images/000019.jpg",
      "accident_id": 2,
      "accident_name": "moving_ahead_or_waiting",
      "objects": [
        {
          "obj_track_id": 0,
          "bbox": [
            367.2948328267477,
            343.5866261398176,
            419.08814589665656,
            374.22492401215806
          ],
          "category": "car",
          "category ID": 3,
          "trunc": false
        },
        {
          "obj_track_id": 55,
          "bbox": [
            418.3586626139817,
            340.66869300911856,
            470.88145896656533,
            369.84802431610944
          ],
          "category": "car",
          "category ID": 3,
          "trunc": false
        }
      ]
    },
    {
      "frame_id": 20,
      "image_path": "frames/4K_6s1n6BpU_006390/images/000020.jpg",
      "accident_id": 2,
      "accident_name": "moving_ahead_or_waiting",
      "objects": [
        {
          "obj_track_id": 0,
          "bbox": [
            372.4012158054711,
            342.85714285714283,
            426.74772036474167,
            375.3191489361702
          ],
          "category": "car",
          "category ID": 3,
          "trunc": false
        },
        {
          "obj_track_id": 55,
          "bbox": [
            428.9361702127659,
            341.03343465045594,
            478.17629179331306,
            370.94224924012155
          ],
          "category": "car",
          "category ID": 3,
          "trunc": false
        }
      ]
    },
    {
      "frame_id": 21,
      "image_path": "frames/4K_6s1n6BpU_006390/images/000021.jpg",
      "accident_id": 2,
      "accident_name": "moving_ahead_or_waiting",
      "objects": [
        {
          "obj_track_id": 0,
          "bbox": [
            377.5075987841945,
            342.12765957446805,
            434.4072948328267,
            376.4133738601824
          ],
          "category": "car",
          "category ID": 3,
          "trunc": false
        },
        {
          "obj_track_id": 55,
          "bbox": [
            439.5136778115501,
            341.39817629179333,
            492.0364741641337,
            372.0364741641337
          ],
          "category": "car",
          "category ID": 3,
          "trunc": false
        }
      ]
    },
    {
      "frame_id": 22,
      "image_path": "frames/4K_6s1n6BpU_006390/images/000022.jpg",
      "accident_id": 2,
      "accident_name": "moving_ahead_or_waiting",
      "objects": [
        {
          "obj_track_id": 0,
          "bbox": [
            380.42553191489355,
            342.8571428571428,
            438.41945288753794,
            377.1428571428571
          ],
          "category": "car",
          "category ID": 3,
          "trunc": false
        },
        {
          "obj_track_id": 55,
          "bbox": [
            442.7963525835866,
            343.951367781155,
            498.60182370820667,
            372.0364741641337
          ],
          "category": "car",
          "category ID": 3,
          "trunc": false
        }
      ]
    },
    {
      "frame_id": 23,
      "image_path": "frames/4K_6s1n6BpU_006390/images/000023.jpg",
      "accident_id": 2,
      "accident_name": "moving_ahead_or_waiting",
      "objects": [
        {
          "obj_track_id": 0,
          "bbox": [
            386.2613981762918,
            349.4224924012158,
            445.34954407294833,
            383.7082066869301
          ],
          "category": "car",
          "category ID": 3,
          "trunc": false
        },
        {
          "obj_track_id": 55,
          "bbox": [
            460.6686930091185,
            347.9635258358663,
            513.1914893617021,
            378.60182370820667
          ],
          "category": "car",
          "category ID": 3,
          "trunc": false
        }
      ]
    },
    {
      "frame_id": 24,
      "image_path": "frames/4K_6s1n6BpU_006390/images/000024.jpg",
      "accident_id": 2,
      "accident_name": "moving_ahead_or_waiting",
      "objects": [
        {
          "obj_track_id": 0,
          "bbox": [
            389.1793313069909,
            353.06990881458967,
            448.99696048632217,
            388.8145896656535
          ],
          "category": "car",
          "category ID": 3,
          "trunc": false
        },
        {
          "obj_track_id": 55,
          "bbox": [
            465.77507598784194,
            350.88145896656533,
            518.2978723404256,
            382.24924012158056
          ],
          "category": "car",
          "category ID": 3,
          "trunc": false
        }
      ]
    },
    {
      "frame_id": 25,
      "image_path": "frames/4K_6s1n6BpU_006390/images/000025.jpg",
      "accident_id": 2,
      "accident_name": "moving_ahead_or_waiting",
      "objects": [
        {
          "obj_track_id": 0,
          "bbox": [
            391.73252279635255,
            355.62310030395133,
            451.5501519756839,
            392.8267477203647
          ],
          "category": "car",
          "category ID": 3,
          "trunc": false
        },
        {
          "obj_track_id": 55,
          "bbox": [
            474.89361702127655,
            354.1641337386018,
            527.7811550151976,
            386.2613981762918
          ],
          "category": "car",
          "category ID": 3,
          "trunc": false
        }
      ]
    },
    {
      "frame_id": 26,
      "image_path": "frames/4K_6s1n6BpU_006390/images/000026.jpg",
      "accident_id": 2,
      "accident_name": "moving_ahead_or_waiting",
      "objects": [
        {
          "obj_track_id": 0,
          "bbox": [
            394.2857142857143,
            358.17629179331306,
            454.1033434650456,
            396.838905775076
          ],
          "category": "car",
          "category ID": 3,
          "trunc": false
        },
        {
          "obj_track_id": 55,
          "bbox": [
            484.0121580547112,
            357.4468085106383,
            537.2644376899696,
            390.27355623100306
          ],
          "category": "car",
          "category ID": 3,
          "trunc": false
        }
      ]
    },
    {
      "frame_id": 27,
      "image_path": "frames/4K_6s1n6BpU_006390/images/000027.jpg",
      "accident_id": 2,
      "accident_name": "moving_ahead_or_waiting",
      "objects": [
        {
          "obj_track_id": 0,
          "bbox": [
            395.74468085106383,
            356.3525835866261,
            457.02127659574467,
            395.7446808510638
          ],
          "category": "car",
          "category ID": 3,
          "trunc": false
        },
        {
          "obj_track_id": 55,
          "bbox": [
            494.95440729483283,
            354.89361702127655,
            546.3829787234042,
            388.0851063829787
          ],
          "category": "car",
          "category ID": 3,
          "trunc": false
        }
      ]
    },
    {
      "frame_id": 28,
      "image_path": "frames/4K_6s1n6BpU_006390/images/000028.jpg",
      "accident_id": 2,
      "accident_name": "moving_ahead_or_waiting",
      "objects": [
        {
          "obj_track_id": 0,
          "bbox": [
            397.2036474164134,
            354.5288753799392,
            459.9392097264438,
            394.65045592705167
          ],
          "category": "car",
          "category ID": 3,
          "trunc": false
        },
        {
          "obj_track_id": 55,
          "bbox": [
            499.33130699088144,
            352.3404255319149,
            555.5015197568389,
            386.62613981762917
          ],
          "category": "car",
          "category ID": 3,
          "trunc": false
        }
      ]
    },
    {
      "frame_id": 29,
      "image_path": "frames/4K_6s1n6BpU_006390/images/000029.jpg",
      "accident_id": 2,
      "accident_name": "moving_ahead_or_waiting",
      "objects": [
        {
          "obj_track_id": 55,
          "bbox": [
            511.00303951367783,
            349.4224924012158,
            566.4437689969604,
            384.43768996960483
          ],
          "category": "car",
          "category ID": 3,
          "trunc": false
        }
      ]
    },
    {
      "frame_id": 30,
      "image_path": "frames/4K_6s1n6BpU_006390/images/000030.jpg",
      "accident_id": 2,
      "accident_name": "moving_ahead_or_waiting",
      "objects": [
        {
          "obj_track_id": 55,
          "bbox": [
            522.6747720364741,
            350.15197568389056,
            573.0091185410334,
            384.43768996960483
          ],
          "category": "car",
          "category ID": 3,
          "trunc": false
        }
      ]
    },
    {
      "frame_id": 31,
      "image_path": "frames/4K_6s1n6BpU_006390/images/000031.jpg",
      "accident_id": 2,
      "accident_name": "moving_ahead_or_waiting",
      "objects": [
        {
          "obj_track_id": 55,
          "bbox": [
            532.8875379939209,
            354.1641337386018,
            584.6808510638298,
            388.81458966565344
          ],
          "category": "car",
          "category ID": 3,
          "trunc": false
        }
      ]
    },
    {
      "frame_id": 32,
      "image_path": "frames/4K_6s1n6BpU_006390/images/000032.jpg",
      "accident_id": 2,
      "accident_name": "moving_ahead_or_waiting",
      "objects": [
        {
          "obj_track_id": 55,
          "bbox": [
            543.1003039513678,
            358.17629179331306,
            596.3525835866261,
            393.1914893617021
          ],
          "category": "car",
          "category ID": 3,
          "trunc": false
        }
      ]
    },
    {
      "frame_id": 33,
      "image_path": "frames/4K_6s1n6BpU_006390/images/000033.jpg",
      "accident_id": 2,
      "accident_name": "moving_ahead_or_waiting",
      "objects": [
        {
          "obj_track_id": 55,
          "bbox": [
            559.1489361702128,
            352.94832826747717,
            610.9422492401216,
            387.35562310030394
          ],
          "category": "car",
          "category ID": 3,
          "trunc": false
        }
      ]
    },
    {
      "frame_id": 34,
      "image_path": "frames/4K_6s1n6BpU_006390/images/000034.jpg",
      "accident_id": 2,
      "accident_name": "moving_ahead_or_waiting",
      "objects": [
        {
          "obj_track_id": 55,
          "bbox": [
            563.8176291793313,
            348.887537993921,
            616.7781155015198,
            382.97872340425533
          ],
          "category": "car",
          "category ID": 3,
          "trunc": false
        }
      ]
    },
    {
      "frame_id": 35,
      "image_path": "frames/4K_6s1n6BpU_006390/images/000035.jpg",
      "accident_id": 2,
      "accident_name": "moving_ahead_or_waiting",
      "objects": [
        {
          "obj_track_id": 55,
          "bbox": [
            574.8693009118542,
            347.56231003039517,
            627.5379939209727,
            382.79635258358667
          ],
          "category": "car",
          "category ID": 3,
          "trunc": false
        }
      ]
    },
    {
      "frame_id": 36,
      "image_path": "frames/4K_6s1n6BpU_006390/images/000036.jpg",
      "accident_id": 2,
      "accident_name": "moving_ahead_or_waiting",
      "objects": [
        {
          "obj_track_id": 55,
          "bbox": [
            585.920972644377,
            346.23708206686933,
            638.2978723404256,
            382.613981762918
          ],
          "category": "car",
          "category ID": 3,
          "trunc": false
        }
      ]
    },
    {
      "frame_id": 37,
      "image_path": "frames/4K_6s1n6BpU_006390/images/000037.jpg",
      "accident_id": 2,
      "accident_name": "moving_ahead_or_waiting",
      "objects": [
        {
          "obj_track_id": 55,
          "bbox": [
            596.9726443768998,
            344.91185410334344,
            649.0577507598784,
            382.4316109422492
          ],
          "category": "car",
          "category ID": 3,
          "trunc": false
        }
      ]
    },
    {
      "frame_id": 38,
      "image_path": "frames/4K_6s1n6BpU_006390/images/000038.jpg",
      "accident_id": 2,
      "accident_name": "moving_ahead_or_waiting",
      "objects": [
        {
          "obj_track_id": 55,
          "bbox": [
            608.0243161094227,
            343.5866261398176,
            659.8176291793313,
            382.24924012158056
          ],
          "category": "car",
          "category ID": 3,
          "trunc": false
        }
      ]
    },
    {
      "frame_id": 39,
      "image_path": "frames/4K_6s1n6BpU_006390/images/000039.jpg",
      "accident_id": 0,
      "accident_name": "normal",
      "objects": []
    },
    {
      "frame_id": 40,
      "image_path": "frames/4K_6s1n6BpU_006390/images/000040.jpg",
      "accident_id": 0,
      "accident_name": "normal",
      "objects": []
    },
    {
      "frame_id": 41,
      "image_path": "frames/4K_6s1n6BpU_006390/images/000041.jpg",
      "accident_id": 0,
      "accident_name": "normal",
      "objects": []
    },
    {
      "frame_id": 42,
      "image_path": "frames/4K_6s1n6BpU_006390/images/000042.jpg",
      "accident_id": 0,
      "accident_name": "normal",
      "objects": []
    },
    {
      "frame_id": 43,
      "image_path": "frames/4K_6s1n6BpU_006390/images/000043.jpg",
      "accident_id": 0,
      "accident_name": "normal",
      "objects": []
    },
    {
      "frame_id": 44,
      "image_path": "frames/4K_6s1n6BpU_006390/images/000044.jpg",
      "accident_id": 0,
      "accident_name": "normal",
      "objects": []
    },
    {
      "frame_id": 45,
      "image_path": "frames/4K_6s1n6BpU_006390/images/000045.jpg",
      "accident_id": 0,
      "accident_name": "normal",
      "objects": []
    },
    {
      "frame_id": 46,
      "image_path": "frames/4K_6s1n6BpU_006390/images/000046.jpg",
      "accident_id": 0,
      "accident_name": "normal",
      "objects": []
    },
    {
      "frame_id": 47,
      "image_path": "frames/4K_6s1n6BpU_006390/images/000047.jpg",
      "accident_id": 0,
      "accident_name": "normal",
      "objects": []
    },
    {
      "frame_id": 48,
      "image_path": "frames/4K_6s1n6BpU_006390/images/000048.jpg",
      "accident_id": 0,
      "accident_name": "normal",
      "objects": []
    },
    {
      "frame_id": 49,
      "image_path": "frames/4K_6s1n6BpU_006390/images/000049.jpg",
      "accident_id": 0,
      "accident_name": "normal",
      "objects": []
    },
    {
      "frame_id": 50,
      "image_path": "frames/4K_6s1n6BpU_006390/images/000050.jpg",
      "accident_id": 0,
      "accident_name": "normal",
      "objects": []
    },
    {
      "frame_id": 51,
      "image_path": "frames/4K_6s1n6BpU_006390/images/000051.jpg",
      "accident_id": 0,
      "accident_name": "normal",
      "objects": []
    },
    {
      "frame_id": 52,
      "image_path": "frames/4K_6s1n6BpU_006390/images/000052.jpg",
      "accident_id": 0,
      "accident_name": "normal",
      "objects": []
    },
    {
      "frame_id": 53,
      "image_path": "frames/4K_6s1n6BpU_006390/images/000053.jpg",
      "accident_id": 0,
      "accident_name": "normal",
      "objects": []
    },
    {
      "frame_id": 54,
      "image_path": "frames/4K_6s1n6BpU_006390/images/000054.jpg",
      "accident_id": 0,
      "accident_name": "normal",
      "objects": []
    },
    {
      "frame_id": 55,
      "image_path": "frames/4K_6s1n6BpU_006390/images/000055.jpg",
      "accident_id": 0,
      "accident_name": "normal",
      "objects": []
    },
    {
      "frame_id": 56,
      "image_path": "frames/4K_6s1n6BpU_006390/images/000056.jpg",
      "accident_id": 0,
      "accident_name": "normal",
      "objects": []
    },
    {
      "frame_id": 57,
      "image_path": "frames/4K_6s1n6BpU_006390/images/000057.jpg",
      "accident_id": 0,
      "accident_name": "normal",
      "objects": []
    },
    {
      "frame_id": 58,
      "image_path": "frames/4K_6s1n6BpU_006390/images/000058.jpg",
      "accident_id": 0,
      "accident_name": "normal",
      "objects": []
    },
    {
      "frame_id": 59,
      "image_path": "frames/4K_6s1n6BpU_006390/images/000059.jpg",
      "accident_id": 0,
      "accident_name": "normal",
      "objects": []
    },
    {
      "frame_id": 60,
      "image_path": "frames/4K_6s1n6BpU_006390/images/000060.jpg",
      "accident_id": 0,
      "accident_name": "normal",
      "objects": []
    },
    {
      "frame_id": 61,
      "image_path": "frames/4K_6s1n6BpU_006390/images/000061.jpg",
      "accident_id": 0,
      "accident_name": "normal",
      "objects": []
    },
    {
      "frame_id": 62,
      "image_path": "frames/4K_6s1n6BpU_006390/images/000062.jpg",
      "accident_id": 0,
      "accident_name": "normal",
      "objects": []
    }
  ]
}