{
  "video_name": "4K_6s1n6BpU_004012",
  "channel": "AnAn",
  "num_frames": 112,
  "ignore": false,
  "ego_involve": false,
  "night": false,
  "anomaly_start": 63,
  "anomaly_end": 93,
  "video_start": 4012,
  "video_end": 4123,
  "accident_id": "1",
  "accident_name": "start_stop_or_stationary",
  "labels": [
    {
      "frame_id": 0,
      "image_path": "frames/4K_6s1n6BpU_004012/images/000000.jpg",
      "accident_id": 0,
      "accident_name": "normal",
      "objects": []
    },
    {
      "frame_id": 1,
      "image_path": "frames/4K_6s1n6BpU_004012/images/000001.jpg",
      "accident_id": 0,
      "accident_name": "normal",
      "objects": []
    },
    {
      "frame_id": 2,
      "image_path": "frames/4K_6s1n6BpU_004012/images/000002.jpg",
      "accident_id": 0,
      "accident_name": "normal",
      "objects": []
    },
    {
      "frame_id": 3,
      "image_path": "frames/4K_6s1n6BpU_004012/images/000003.jpg",
      "accident_id": 0,
      "accident_name": "normal",
      "objects": []
    },
    {
      "frame_id": 4,
      "image_path": "frames/4K_6s1n6BpU_004012/images/000004.jpg",
      "accident_id": 0,
      "accident_name": "normal",
      "objects": []
    },
    {
      "frame_id": 5,
      "image_path": "frames/4K_6s1n6BpU_004012/images/000005.jpg",
      "accident_id": 0,
      "accident_name": "normal",
      "objects": []
    },
    {
      "frame_id": 6,
      "image_path": "frames/4K_6s1n6BpU_004012/images/000006.jpg",
      "accident_id": 0,
      "accident_name": "normal",
      "objects": []
    },
    {
      "frame_id": 7,
      "image_path": "frames/4K_6s1n6BpU_004012/images/000007.jpg",
      "accident_id": 0,
      "accident_name": "normal",
      "objects": []
    },
    {
      "frame_id": 8,
      "image_path": "frames/4K_6s1n6BpU_004012/images/000008.jpg",
      "accident_id": 0,
      "accident_name": "normal",
      "objects": []
    },
    {
      "frame_id": 9,
      "image_path": "frames/4K_6s1n6BpU_004012/images/000009.jpg",
      "accident_id": 0,
      "accident_name": "normal",
      "objects": []
    },
    {
      "frame_id": 10,
      "image_path": "frames/4K_6s1n6BpU_004012/images/000010.jpg",
      "accident_id": 0,
      "accident_name": "normal",
      "objects": []
    },
    {
      "frame_id": 11,
      "image_path": "frames/4K_6s1n6BpU_004012/images/000011.jpg",
      "accident_id": 0,
      "accident_name": "normal",
      "objects": []
    },
    {
      "frame_id": 12,
      "image_path": "frames/4K_6s1n6BpU_004012/images/000012.jpg",
      "accident_id": 0,
      "accident_name": "normal",
      "objects": []
    },
    {
      "frame_id": 13,
      "image_path": "frames/4K_6s1n6BpU_004012/images/000013.jpg",
      "accident_id": 0,
      "accident_name": "normal",
      "objects": []
    },
    {
      "frame_id": 14,
      "image_path": "frames/4K_6s1n6BpU_004012/images/000014.jpg",
      "accident_id": 0,
      "accident_name": "normal",
      "objects": []
    },
    {
      "frame_id": 15,
      "image_path": "frames/4K_6s1n6BpU_004012/images/000015.jpg",
      "accident_id": 0,
      "accident_name": "normal",
      "objects": []
    },
    {
      "frame_id": 16,
      "image_path": "frames/4K_6s1n6BpU_004012/images/000016.jpg",
      "accident_id": 0,
      "accident_name": "normal",
      "objects": []
    },
    {
      "frame_id": 17,
      "image_path": "frames/4K_6s1n6BpU_004012/images/000017.jpg",
      "accident_id": 0,
      "accident_name": "normal",
      "objects": []
    },
    {
      "frame_id": 18,
      "image_path": "frames/4K_6s1n6BpU_004012/images/000018.jpg",
      "accident_id": 0,
      "accident_name": "normal",
      "objects": []
    },
    {
      "frame_id": 19,
      "image_path": "frames/4K_6s1n6BpU_004012/images/000019.jpg",
      "accident_id": 0,
      "accident_name": "normal",
      "objects": []
    },
    {
      "frame_id": 20,
      "image_path": "frames/4K_6s1n6BpU_004012/images/000020.jpg",
      "accident_id": 0,
      "accident_name": "normal",
      "objects": []
    },
    {
      "frame_id": 21,
      "image_path": "frames/4K_6s1n6BpU_004012/images/000021.jpg",
      "accident_id": 0,
      "accident_name": "normal",
      "objects": []
    },
    {
      "frame_id": 22,
      "image_path": "frames/4K_6s1n6BpU_004012/images/000022.jpg",
      "accident_id": 0,
      "accident_name": "normal",
      "objects": []
    },
    {
      "frame_id": 23,
      "image_path": "frames/4K_6s1n6BpU_004012/images/000023.jpg",
      "accident_id": 0,
      "accident_name": "normal",
      "objects": []
    },
    {
      "frame_id": 24,
      "image_path": "frames/4K_6s1n6BpU_004012/images/000024.jpg",
      "accident_id": 0,
      "accident_name": "normal",
      "objects": []
    },
    {
      "frame_id": 25,
      "image_path": "frames/4K_6s1n6BpU_004012/images/000025.jpg",
      "accident_id": 0,
      "accident_name": "normal",
      "objects": []
    },
    {
      "frame_id": 26,
      "image_path": "frames/4K_6s1n6BpU_004012/images/000026.jpg",
      "accident_id": 0,
      "accident_name": "normal",
      "objects": []
    },
    {
      "frame_id": 27,
      "image_path": "frames/4K_6s1n6BpU_004012/images/000027.jpg",
      "accident_id": 0,
      "accident_name": "normal",
      "objects": []
    },
    {
      "frame_id": 28,
      "image_path": "frames/4K_6s1n6BpU_004012/images/000028.jpg",
      "accident_id": 0,
      "accident_name": "normal",
      "objects": []
    },
    {
      "frame_id": 29,
      "image_path": "frames/4K_6s1n6BpU_004012/images/000029.jpg",
      "accident_id": 0,
      "accident_name": "normal",
      "objects": []
    },
    {
      "frame_id": 30,
      "image_path": "frames/4K_6s1n6BpU_004012/images/000030.jpg",
      "accident_id": 0,
      "accident_name": "normal",
      "objects": []
    },
    {
      "frame_id": 31,
      "image_path": "frames/4K_6s1n6BpU_004012/images/000031.jpg",
      "accident_id": 0,
      "accident_name": "normal",
      "objects": []
    },
    {
      "frame_id": 32,
      "image_path": "frames/4K_6s1n6BpU_004012/images/000032.jpg",
      "accident_id": 0,
      "accident_name": "normal",
      "objects": []
    },
    {
      "frame_id": 33,
      "image_path": "frames/4K_6s1n6BpU_004012/images/000033.jpg",
      "accident_id": 0,
      "accident_name": "normal",
      "objects": []
    },
    {
      "frame_id": 34,
      "image_path": "frames/4K_6s1n6BpU_004012/images/000034.jpg",
      "accident_id": 0,
      "accident_name": "normal",
      "objects": []
    },
    {
      "frame_id": 35,
      "image_path": "frames/4K_6s1n6BpU_004012/images/000035.jpg",
      "accident_id": 0,
      "accident_name": "normal",
      "objects": []
    },
    {
      "frame_id": 36,
      "image_path": "frames/4K_6s1n6BpU_004012/images/000036.jpg",
      "accident_id": 0,
      "accident_name": "normal",
      "objects": []
    },
    {
      "frame_id": 37,
      "image_path": "frames/4K_6s1n6BpU_004012/images/000037.jpg",
      "accident_id": 0,
      "accident_name": "normal",
      "objects": []
    },
    {
      "frame_id": 38,
      "image_path": "frames/4K_6s1n6BpU_004012/images/000038.jpg",
      "accident_id": 0,
      "accident_name": "normal",
      "objects": []
    },
    {
      "frame_id": 39,
      "image_path": "frames/4K_6s1n6BpU_004012/images/000039.jpg",
      "accident_id": 0,
      "accident_name": "normal",
      "objects": []
    },
    {
      "frame_id": 40,
      "image_path": "frames/4K_6s1n6BpU_004012/images/000040.jpg",
      "accident_id": 0,
      "accident_name": "normal",
      "objects": []
    },
    {
      "frame_id": 41,
      "image_path": "frames/4K_6s1n6BpU_004012/images/000041.jpg",
      "accident_id": 0,
      "accident_name": "normal",
      "objects": []
    },
    {
      "frame_id": 42,
      "image_path": "frames/4K_6s1n6BpU_004012/images/000042.jpg",
      "accident_id": 0,
      "accident_name": "normal",
      "objects": []
    },
    {
      "frame_id": 43,
      "image_path": "frames/4K_6s1n6BpU_004012/images/000043.jpg",
      "accident_id": 0,
      "accident_name": "normal",
      "objects": []
    },
    {
      "frame_id": 44,
      "image_path": "frames/4K_6s1n6BpU_004012/images/000044.jpg",
      "accident_id": 0,
      "accident_name": "normal",
      "objects": []
    },
    {
      "frame_id": 45,
      "image_path": "frames/4K_6s1n6BpU_004012/images/000045.jpg",
      "accident_id": 0,
      "accident_name": "normal",
      "objects": []
    },
    {
      "frame_id": 46,
      "image_path": "frames/4K_6s1n6BpU_004012/images/000046.jpg",
      "accident_id": 0,
      "accident_name": "normal",
      "objects": []
    },
    {
      "frame_id": 47,
      "image_path": "frames/4K_6s1n6BpU_004012/images/000047.jpg",
      "accident_id": 0,
      "accident_name": "normal",
      "objects": []
    },
    {
      "frame_id": 48,
      "image_path": "frames/4K_6s1n6BpU_004012/images/000048.jpg",
      "accident_id": 0,
      "accident_name": "normal",
      "objects": []
    },
    {
      "frame_id": 49,
      "image_path": "frames/4K_6s1n6BpU_004012/images/000049.jpg",
      "accident_id": 0,
      "accident_name": "normal",
      "objects": []
    },
    {
      "frame_id": 50,
      "image_path": "frames/4K_6s1n6BpU_004012/images/000050.jpg",
      "accident_id": 0,
      "accident_name": "normal",
      "objects": []
    },
    {
      "frame_id": 51,
      "image_path": "frames/4K_6s1n6BpU_004012/images/000051.jpg",
      "accident_id": 0,
      "accident_name": "normal",
      "objects": []
    },
    {
      "frame_id": 52,
      "image_path": "frames/4K_6s1n6BpU_004012/images/000052.jpg",
      "accident_id": 0,
      "accident_name": "normal",
      "objects": []
    },
    {
      "frame_id": 53,
      "image_path": "frames/4K_6s1n6BpU_004012/images/000053.jpg",
      "accident_id": 0,
      "accident_name": "normal",
      "objects": []
    },
    {
      "frame_id": 54,
      "image_path": "frames/4K_6s1n6BpU_004012/images/000054.jpg",
      "accident_id": 0,
      "accident_name": "normal",
      "objects": []
    },
    {
      "frame_id": 55,
      "image_path": "frames/4K_6s1n6BpU_004012/images/000055.jpg",
      "accident_id": 0,
      "accident_name": "normal",
      "objects": []
    },
    {
      "frame_id": 56,
      "image_path": "frames/4K_6s1n6BpU_004012/images/000056.jpg",
      "accident_id": 0,
      "accident_name": "normal",
      "objects": []
    },
    {
      "frame_id": 57,
      "image_path": "frames/4K_6s1n6BpU_004012/images/000057.jpg",
      "accident_id": 0,
      "accident_name": "normal",
      "objects": []
    },
    {
      "frame_id": 58,
      "image_path": "frames/4K_6s1n6BpU_004012/images/000058.jpg",
      "accident_id": 0,
      "accident_name": "normal",
      "objects": []
    },
    {
      "frame_id": 59,
      "image_path": "frames/4K_6s1n6BpU_004012/images/000059.jpg",
      "accident_id": 0,
      "accident_name": "normal",
      "objects": []
    },
    {
      "frame_id": 60,
      "image_path": "frames/4K_6s1n6BpU_004012/images/000060.jpg",
      "accident_id": 0,
      "accident_name": "normal",
      "objects": []
    },
    {
      "frame_id": 61,
      "image_path": "frames/4K_6s1n6BpU_004012/images/000061.jpg",
      "accident_id": 0,
      "accident_name": "normal",
      "objects": []
    },
    {
      "frame_id": 62,
      "image_path": "frames/4K_6s1n6BpU_004012/images/000062.jpg",
      "accident_id": 0,
      "accident_name": "normal",
      "objects": []
    },
    {
      "frame_id": 63,
      "image_path": "frames/4K_6s1n6BpU_004012/images/000063.jpg",
      "accident_id": 1,
      "accident_name": "start_stop_or_stationary",
      "objects": [
        {
          "obj_track_id": 0,
          "bbox": [
            383.6363636363636,
            380.9090909090909,
            558.1818181818181,
            510.9090909090909
          ],
          "category": "car",
          "category ID": 3,
          "trunc": false
        },
        {
          "obj_track_id": 91,
          "bbox": [
            0,
            317.27272727272725,
            313.6363636363636,
            542.7272727272726
          ],
          "category": "car",
          "category ID": 3,
          "trunc": true
        }
      ]
    },
    {
      "frame_id": 64,
      "image_path": "frames/4K_6s1n6BpU_004012/images/000064.jpg",
      "accident_id": 1,
      "accident_name": "start_stop_or_stationary",
      "objects": [
        {
          "obj_track_id": 0,
          "bbox": [
            381.8181818181818,
            381.8181818181818,
            558.1818181818181,
            512.7272727272726
          ],
          "category": "car",
          "category ID": 3,
          "trunc": false
        },
        {
          "obj_track_id": 91,
          "bbox": [
            0,
            317.27272727272725,
            313.7190082644628,
            542.7272727272726
          ],
          "category": "car",
          "category ID": 3,
          "trunc": true
        }
      ]
    },
    {
      "frame_id": 65,
      "image_path": "frames/4K_6s1n6BpU_004012/images/000065.jpg",
      "accident_id": 1,
      "accident_name": "start_stop_or_stationary",
      "objects": [
        {
          "obj_track_id": 0,
          "bbox": [
            377.27272727272725,
            382.7272727272727,
            558.1818181818181,
            513.6363636363636
          ],
          "category": "car",
          "category ID": 3,
          "trunc": false
        },
        {
          "obj_track_id": 91,
          "bbox": [
            0,
            317.27272727272725,
            313.80165289256195,
            542.7272727272726
          ],
          "category": "car",
          "category ID": 3,
          "trunc": true
        }
      ]
    },
    {
      "frame_id": 66,
      "image_path": "frames/4K_6s1n6BpU_004012/images/000066.jpg",
      "accident_id": 1,
      "accident_name": "start_stop_or_stationary",
      "objects": [
        {
          "obj_track_id": 0,
          "bbox": [
            374.5454545454545,
            379.99999999999994,
            555.4545454545454,
            515.4545454545454
          ],
          "category": "car",
          "category ID": 3,
          "trunc": false
        },
        {
          "obj_track_id": 91,
          "bbox": [
            0,
            317.27272727272725,
            313.88429752066116,
            542.7272727272726
          ],
          "category": "car",
          "category ID": 3,
          "trunc": true
        }
      ]
    },
    {
      "frame_id": 67,
      "image_path": "frames/4K_6s1n6BpU_004012/images/000067.jpg",
      "accident_id": 1,
      "accident_name": "start_stop_or_stationary",
      "objects": [
        {
          "obj_track_id": 0,
          "bbox": [
            370.9090909090909,
            379.99999999999994,
            551.8181818181818,
            515.4545454545454
          ],
          "category": "car",
          "category ID": 3,
          "trunc": false
        },
        {
          "obj_track_id": 91,
          "bbox": [
            0,
            317.27272727272725,
            313.9669421487603,
            542.7272727272726
          ],
          "category": "car",
          "category ID": 3,
          "trunc": true
        }
      ]
    },
    {
      "frame_id": 68,
      "image_path": "frames/4K_6s1n6BpU_004012/images/000068.jpg",
      "accident_id": 1,
      "accident_name": "start_stop_or_stationary",
      "objects": [
        {
          "obj_track_id": 0,
          "bbox": [
            368.18181818181813,
            379.99999999999994,
            553.6363636363636,
            517.2727272727273
          ],
          "category": "car",
          "category ID": 3,
          "trunc": false
        },
        {
          "obj_track_id": 91,
          "bbox": [
            0,
            317.27272727272725,
            314.0495867768595,
            542.7272727272726
          ],
          "category": "car",
          "category ID": 3,
          "trunc": true
        }
      ]
    },
    {
      "frame_id": 69,
      "image_path": "frames/4K_6s1n6BpU_004012/images/000069.jpg",
      "accident_id": 1,
      "accident_name": "start_stop_or_stationary",
      "objects": [
        {
          "obj_track_id": 0,
          "bbox": [
            364.5454545454545,
            379.99999999999994,
            550.9090909090909,
            518.1818181818181
          ],
          "category": "car",
          "category ID": 3,
          "trunc": false
        },
        {
          "obj_track_id": 91,
          "bbox": [
            0,
            317.27272727272725,
            314.13223140495865,
            542.7272727272726
          ],
          "category": "car",
          "category ID": 3,
          "trunc": true
        }
      ]
    },
    {
      "frame_id": 70,
      "image_path": "frames/4K_6s1n6BpU_004012/images/000070.jpg",
      "accident_id": 1,
      "accident_name": "start_stop_or_stationary",
      "objects": [
        {
          "obj_track_id": 0,
          "bbox": [
            360.9090909090909,
            379.99999999999994,
            550.9090909090909,
            520.0
          ],
          "category": "car",
          "category ID": 3,
          "trunc": false
        },
        {
          "obj_track_id": 91,
          "bbox": [
            0,
            317.27272727272725,
            314.21487603305786,
            542.7272727272726
          ],
          "category": "car",
          "category ID": 3,
          "trunc": true
        }
      ]
    },
    {
      "frame_id": 71,
      "image_path": "frames/4K_6s1n6BpU_004012/images/000071.jpg",
      "accident_id": 1,
      "accident_name": "start_stop_or_stationary",
      "objects": [
        {
          "obj_track_id": 0,
          "bbox": [
            356.3636363636363,
            378.18181818181813,
            548.1818181818181,
            520.0
          ],
          "category": "car",
          "category ID": 3,
          "trunc": false
        },
        {
          "obj_track_id": 91,
          "bbox": [
            0,
            317.27272727272725,
            314.297520661157,
            542.7272727272726
          ],
          "category": "car",
          "category ID": 3,
          "trunc": true
        }
      ]
    },
    {
      "frame_id": 72,
      "image_path": "frames/4K_6s1n6BpU_004012/images/000072.jpg",
      "accident_id": 1,
      "accident_name": "start_stop_or_stationary",
      "objects": [
        {
          "obj_track_id": 0,
          "bbox": [
            352.7272727272727,
            379.09090909090907,
            549.090909090909,
            522.7272727272726
          ],
          "category": "car",
          "category ID": 3,
          "trunc": false
        },
        {
          "obj_track_id": 91,
          "bbox": [
            0,
            317.27272727272725,
            314.3801652892562,
            542.7272727272726
          ],
          "category": "car",
          "category ID": 3,
          "trunc": true
        }
      ]
    },
    {
      "frame_id": 73,
      "image_path": "frames/4K_6s1n6BpU_004012/images/000073.jpg",
      "accident_id": 1,
      "accident_name": "start_stop_or_stationary",
      "objects": [
        {
          "obj_track_id": 0,
          "bbox": [
            348.18181818181813,
            378.6363636363636,
            548.6363636363635,
            524.090909090909
          ],
          "category": "car",
          "category ID": 3,
          "trunc": false
        },
        {
          "obj_track_id": 91,
          "bbox": [
            0,
            317.27272727272725,
            314.46280991735534,
            542.7272727272726
          ],
          "category": "car",
          "category ID": 3,
          "trunc": true
        }
      ]
    },
    {
      "frame_id": 74,
      "image_path": "frames/4K_6s1n6BpU_004012/images/000074.jpg",
      "accident_id": 1,
      "accident_name": "start_stop_or_stationary",
      "objects": [
        {
          "obj_track_id": 0,
          "bbox": [
            343.6363636363636,
            378.18181818181813,
            548.1818181818181,
            525.4545454545454
          ],
          "category": "car",
          "category ID": 3,
          "trunc": false
        },
        {
          "obj_track_id": 91,
          "bbox": [
            0,
            317.27272727272725,
            314.5454545454545,
            542.7272727272726
          ],
          "category": "car",
          "category ID": 3,
          "trunc": true
        }
      ]
    },
    {
      "frame_id": 75,
      "image_path": "frames/4K_6s1n6BpU_004012/images/000075.jpg",
      "accident_id": 1,
      "accident_name": "start_stop_or_stationary",
      "objects": [
        {
          "obj_track_id": 0,
          "bbox": [
            340,
            376.81818181818176,
            548.1818181818181,
            526.3636363636363
          ],
          "category": "car",
          "category ID": 3,
          "trunc": false
        },
        {
          "obj_track_id": 91,
          "bbox": [
            0,
            317.27272727272725,
            314.6280991735537,
            542.7272727272726
          ],
          "category": "car",
          "category ID": 3,
          "trunc": true
        }
      ]
    },
    {
      "frame_id": 76,
      "image_path": "frames/4K_6s1n6BpU_004012/images/000076.jpg",
      "accident_id": 1,
      "accident_name": "start_stop_or_stationary",
      "objects": [
        {
          "obj_track_id": 0,
          "bbox": [
            336.3636363636363,
            375.45454545454544,
            548.1818181818181,
            527.2727272727273
          ],
          "category": "car",
          "category ID": 3,
          "trunc": false
        },
        {
          "obj_track_id": 91,
          "bbox": [
            0,
            317.27272727272725,
            314.7107438016529,
            542.7272727272726
          ],
          "category": "car",
          "category ID": 3,
          "trunc": true
        }
      ]
    },
    {
      "frame_id": 77,
      "image_path": "frames/4K_6s1n6BpU_004012/images/000077.jpg",
      "accident_id": 1,
      "accident_name": "start_stop_or_stationary",
      "objects": [
        {
          "obj_track_id": 0,
          "bbox": [
            332.27272727272725,
            375.45454545454544,
            548.1818181818181,
            529.090909090909
          ],
          "category": "car",
          "category ID": 3,
          "trunc": false
        },
        {
          "obj_track_id": 91,
          "bbox": [
            0,
            317.27272727272725,
            314.79338842975204,
            542.7272727272726
          ],
          "category": "car",
          "category ID": 3,
          "trunc": true
        }
      ]
    },
    {
      "frame_id": 78,
      "image_path": "frames/4K_6s1n6BpU_004012/images/000078.jpg",
      "accident_id": 1,
      "accident_name": "start_stop_or_stationary",
      "objects": [
        {
          "obj_track_id": 0,
          "bbox": [
            328.18181818181813,
            375.45454545454544,
            548.1818181818181,
            530.9090909090909
          ],
          "category": "car",
          "category ID": 3,
          "trunc": false
        },
        {
          "obj_track_id": 91,
          "bbox": [
            0,
            317.27272727272725,
            314.8760330578512,
            542.7272727272726
          ],
          "category": "car",
          "category ID": 3,
          "trunc": true
        }
      ]
    },
    {
      "frame_id": 79,
      "image_path": "frames/4K_6s1n6BpU_004012/images/000079.jpg",
      "accident_id": 1,
      "accident_name": "start_stop_or_stationary",
      "objects": [
        {
          "obj_track_id": 0,
          "bbox": [
            323.18181818181813,
            375,
            548.1818181818181,
            532.7272727272727
          ],
          "category": "car",
          "category ID": 3,
          "trunc": false
        },
        {
          "obj_track_id": 91,
          "bbox": [
            0,
            317.27272727272725,
            314.9586776859504,
            542.7272727272726
          ],
          "category": "car",
          "category ID": 3,
          "trunc": true
        }
      ]
    },
    {
      "frame_id": 80,
      "image_path": "frames/4K_6s1n6BpU_004012/images/000080.jpg",
      "accident_id": 1,
      "accident_name": "start_stop_or_stationary",
      "objects": [
        {
          "obj_track_id": 0,
          "bbox": [
            318.18181818181813,
            374.5454545454545,
            548.1818181818181,
            534.5454545454545
          ],
          "category": "car",
          "category ID": 3,
          "trunc": false
        },
        {
          "obj_track_id": 91,
          "bbox": [
            0,
            317.27272727272725,
            315.0413223140496,
            542.7272727272726
          ],
          "category": "car",
          "category ID": 3,
          "trunc": true
        }
      ]
    },
    {
      "frame_id": 81,
      "image_path": "frames/4K_6s1n6BpU_004012/images/000081.jpg",
      "accident_id": 1,
      "accident_name": "start_stop_or_stationary",
      "objects": [
        {
          "obj_track_id": 0,
          "bbox": [
            313.6363636363636,
            373.6363636363636,
            548.1818181818181,
            535.4545454545455
          ],
          "category": "car",
          "category ID": 3,
          "trunc": false
        },
        {
          "obj_track_id": 91,
          "bbox": [
            0,
            317.27272727272725,
            315.12396694214874,
            542.7272727272726
          ],
          "category": "car",
          "category ID": 3,
          "trunc": true
        }
      ]
    },
    {
      "frame_id": 82,
      "image_path": "frames/4K_6s1n6BpU_004012/images/000082.jpg",
      "accident_id": 1,
      "accident_name": "start_stop_or_stationary",
      "objects": [
        {
          "obj_track_id": 0,
          "bbox": [
            309.09090909090907,
            372.7272727272727,
            548.1818181818181,
            536.3636363636364
          ],
          "category": "car",
          "category ID": 3,
          "trunc": false
        },
        {
          "obj_track_id": 91,
          "bbox": [
            0,
            317.27272727272725,
            315.2066115702479,
            542.7272727272726
          ],
          "category": "car",
          "category ID": 3,
          "trunc": true
        }
      ]
    },
    {
      "frame_id": 83,
      "image_path": "frames/4K_6s1n6BpU_004012/images/000083.jpg",
      "accident_id": 1,
      "accident_name": "start_stop_or_stationary",
      "objects": [
        {
          "obj_track_id": 0,
          "bbox": [
            303.6363636363636,
            372.7272727272727,
            550.0,
            536.3636363636364
          ],
          "category": "car",
          "category ID": 3,
          "trunc": true
        },
        {
          "obj_track_id": 91,
          "bbox": [
            0,
            317.27272727272725,
            315.2892561983471,
            542.7272727272726
          ],
          "category": "car",
          "category ID": 3,
          "trunc": true
        }
      ]
    },
    {
      "frame_id": 84,
      "image_path": "frames/4K_6s1n6BpU_004012/images/000084.jpg",
      "accident_id": 1,
      "accident_name": "start_stop_or_stationary",
      "objects": [
        {
          "obj_track_id": 0,
          "bbox": [
            299.5454545454545,
            371.3636363636363,
            550.4545454545454,
            538.6363636363636
          ],
          "category": "car",
          "category ID": 3,
          "trunc": true
        },
        {
          "obj_track_id": 91,
          "bbox": [
            0,
            317.27272727272725,
            315.3719008264463,
            542.7272727272726
          ],
          "category": "car",
          "category ID": 3,
          "trunc": true
        }
      ]
    },
    {
      "frame_id": 85,
      "image_path": "frames/4K_6s1n6BpU_004012/images/000085.jpg",
      "accident_id": 1,
      "accident_name": "start_stop_or_stationary",
      "objects": [
        {
          "obj_track_id": 0,
          "bbox": [
            295.45454545454544,
            369.99999999999994,
            550.9090909090909,
            540.9090909090909
          ],
          "category": "car",
          "category ID": 3,
          "trunc": true
        },
        {
          "obj_track_id": 91,
          "bbox": [
            0,
            317.27272727272725,
            315.45454545454544,
            542.7272727272726
          ],
          "category": "car",
          "category ID": 3,
          "trunc": true
        }
      ]
    },
    {
      "frame_id": 86,
      "image_path": "frames/4K_6s1n6BpU_004012/images/000086.jpg",
      "accident_id": 1,
      "accident_name": "start_stop_or_stationary",
      "objects": [
        {
          "obj_track_id": 0,
          "bbox": [
            293.6363636363636,
            369.99999999999994,
            550.9090909090909,
            540.9090909090909
          ],
          "category": "car",
          "category ID": 3,
          "trunc": true
        },
        {
          "obj_track_id": 91,
          "bbox": [
            0,
            317.27272727272725,
            312.72727272727275,
            542.7272727272726
          ],
          "category": "car",
          "category ID": 3,
          "trunc": true
        }
      ]
    },
    {
      "frame_id": 87,
      "image_path": "frames/4K_6s1n6BpU_004012/images/000087.jpg",
      "accident_id": 1,
      "accident_name": "start_stop_or_stationary",
      "objects": [
        {
          "obj_track_id": 0,
          "bbox": [
            291.8181818181818,
            369.99999999999994,
            550.9090909090909,
            540.9090909090909
          ],
          "category": "car",
          "category ID": 3,
          "trunc": true
        },
        {
          "obj_track_id": 91,
          "bbox": [
            0,
            317.27272727272725,
            310,
            542.7272727272726
          ],
          "category": "car",
          "category ID": 3,
          "trunc": true
        }
      ]
    },
    {
      "frame_id": 88,
      "image_path": "frames/4K_6s1n6BpU_004012/images/000088.jpg",
      "accident_id": 1,
      "accident_name": "start_stop_or_stationary",
      "objects": [
        {
          "obj_track_id": 0,
          "bbox": [
            290,
            369.99999999999994,
            550.9090909090909,
            540.9090909090909
          ],
          "category": "car",
          "category ID": 3,
          "trunc": true
        },
        {
          "obj_track_id": 91,
          "bbox": [
            0,
            317.27272727272725,
            309.09090909090907,
            542.7272727272726
          ],
          "category": "car",
          "category ID": 3,
          "trunc": true
        }
      ]
    },
    {
      "frame_id": 89,
      "image_path": "frames/4K_6s1n6BpU_004012/images/000089.jpg",
      "accident_id": 1,
      "accident_name": "start_stop_or_stationary",
      "objects": [
        {
          "obj_track_id": 0,
          "bbox": [
            290,
            369.99999999999994,
            550.9090909090909,
            540.9090909090909
          ],
          "category": "car",
          "category ID": 3,
          "trunc": true
        },
        {
          "obj_track_id": 91,
          "bbox": [
            0,
            317.27272727272725,
            308.18181818181813,
            542.7272727272726
          ],
          "category": "car",
          "category ID": 3,
          "trunc": true
        }
      ]
    },
    {
      "frame_id": 90,
      "image_path": "frames/4K_6s1n6BpU_004012/images/000090.jpg",
      "accident_id": 1,
      "accident_name": "start_stop_or_stationary",
      "objects": [
        {
          "obj_track_id": 0,
          "bbox": [
            290,
            369.99999999999994,
            550.9090909090909,
            540.9090909090909
          ],
          "category": "car",
          "category ID": 3,
          "trunc": true
        },
        {
          "obj_track_id": 91,
          "bbox": [
            0,
            317.27272727272725,
            308.18181818181813,
            542.7272727272726
          ],
          "category": "car",
          "category ID": 3,
          "trunc": true
        }
      ]
    },
    {
      "frame_id": 91,
      "image_path": "frames/4K_6s1n6BpU_004012/images/000091.jpg",
      "accident_id": 1,
      "accident_name": "start_stop_or_stationary",
      "objects": [
        {
          "obj_track_id": 0,
          "bbox": [
            290,
            369.99999999999994,
            550.9090909090909,
            540.9090909090909
          ],
          "category": "car",
          "category ID": 3,
          "trunc": true
        },
        {
          "obj_track_id": 91,
          "bbox": [
            0,
            317.27272727272725,
            308.18181818181813,
            542.7272727272726
          ],
          "category": "car",
          "category ID": 3,
          "trunc": true
        }
      ]
    },
    {
      "frame_id": 92,
      "image_path": "frames/4K_6s1n6BpU_004012/images/000092.jpg",
      "accident_id": 1,
      "accident_name": "start_stop_or_stationary",
      "objects": [
        {
          "obj_track_id": 0,
          "bbox": [
            290,
            369.99999999999994,
            550.9090909090909,
            540.9090909090909
          ],
          "category": "car",
          "category ID": 3,
          "trunc": true
        },
        {
          "obj_track_id": 91,
          "bbox": [
            0,
            317.27272727272725,
            308.18181818181813,
            542.7272727272726
          ],
          "category": "car",
          "category ID": 3,
          "trunc": true
        }
      ]
    },
    {
      "frame_id": 93,
      "image_path": "frames/4K_6s1n6BpU_004012/images/000093.jpg",
      "accident_id": 0,
      "accident_name": "normal",
      "objects": []
    },
    {
      "frame_id": 94,
      "image_path": "frames/4K_6s1n6BpU_004012/images/000094.jpg",
      "accident_id": 0,
      "accident_name": "normal",
      "objects": []
    },
    {
      "frame_id": 95,
      "image_path": "frames/4K_6s1n6BpU_004012/images/000095.jpg",
      "accident_id": 0,
      "accident_name": "normal",
      "objects": []
    },
    {
      "frame_id": 96,
      "image_path": "frames/4K_6s1n6BpU_004012/images/000096.jpg",
      "accident_id": 0,
      "accident_name": "normal",
      "objects": []
    },
    {
      "frame_id": 97,
      "image_path": "frames/4K_6s1n6BpU_004012/images/000097.jpg",
      "accident_id": 0,
      "accident_name": "normal",
      "objects": []
    },
    {
      "frame_id": 98,
      "image_path": "frames/4K_6s1n6BpU_004012/images/000098.jpg",
      "accident_id": 0,
      "accident_name": "normal",
      "objects": []
    },
    {
      "frame_id": 99,
      "image_path": "frames/4K_6s1n6BpU_004012/images/000099.jpg",
      "accident_id": 0,
      "accident_name": "normal",
      "objects": []
    },
    {
      "frame_id": 100,
      "image_path": "frames/4K_6s1n6BpU_004012/images/000100.jpg",
      "accident_id": 0,
      "accident_name": "normal",
      "objects": []
    },
    {
      "frame_id": 101,
      "image_path": "frames/4K_6s1n6BpU_004012/images/000101.jpg",
      "accident_id": 0,
      "accident_name": "normal",
      "objects": []
    },
    {
      "frame_id": 102,
      "image_path": "frames/4K_6s1n6BpU_004012/images/000102.jpg",
      "accident_id": 0,
      "accident_name": "normal",
      "objects": []
    },
    {
      "frame_id": 103,
      "image_path": "frames/4K_6s1n6BpU_004012/images/000103.jpg",
      "accident_id": 0,
      "accident_name": "normal",
      "objects": []
    },
    {
      "frame_id": 104,
      "image_path": "frames/4K_6s1n6BpU_004012/images/000104.jpg",
      "accident_id": 0,
      "accident_name": "normal",
      "objects": []
    },
    {
      "frame_id": 105,
      "image_path": "frames/4K_6s1n6BpU_004012/images/000105.jpg",
      "accident_id": 0,
      "accident_name": "normal",
      "objects": []
    },
    {
      "frame_id": 106,
      "image_path": "frames/4K_6s1n6BpU_004012/images/000106.jpg",
      "accident_id": 0,
      "accident_name": "normal",
      "objects": []
    },
    {
      "frame_id": 107,
      "image_path": "frames/4K_6s1n6BpU_004012/images/000107.jpg",
      "accident_id": 0,
      "accident_name": "normal",
      "objects": []
    },
    {
      "frame_id": 108,
      "image_path": "frames/4K_6s1n6BpU_004012/images/000108.jpg",
      "accident_id": 0,
      "accident_name": "normal",
      "objects": []
    },
    {
      "frame_id": 109,
      "image_path": "frames/4K_6s1n6BpU_004012/images/000109.jpg",
      "accident_id": 0,
      "accident_name": "normal",
      "objects": []
    },
    {
      "frame_id": 110,
      "image_path": "frames/4K_6s1n6BpU_004012/images/000110.jpg",
      "accident_id": 0,
      "accident_name": "normal",
      "objects": []
    },
    {
      "frame_id": 111,
      "image_path": "frames/4K_6s1n6BpU_004012/images/000111.jpg",
      "accident_id": 0,
      "accident_name": "normal",
      "objects": []
    }
  ]
}