{
  "video_name": "4OGV0AbV91U_000434",
  "channel": "AnAn",
  "num_frames": 55,
  "ignore": false,
  "ego_involve": true,
  "night": false,
  "anomaly_start": 47,
  "anomaly_end": 55,
  "video_start": 434,
  "video_end": 488,
  "accident_id": "4",
  "accident_name": "oncoming",
  "labels": [
    {
      "frame_id": 0,
      "image_path": "frames/4OGV0AbV91U_000434/images/000000.jpg",
      "accident_id": 0,
      "accident_name": "normal",
      "objects": []
    },
    {
      "frame_id": 1,
      "image_path": "frames/4OGV0AbV91U_000434/images/000001.jpg",
      "accident_id": 0,
      "accident_name": "normal",
      "objects": []
    },
    {
      "frame_id": 2,
      "image_path": "frames/4OGV0AbV91U_000434/images/000002.jpg",
      "accident_id": 0,
      "accident_name": "normal",
      "objects": []
    },
    {
      "frame_id": 3,
      "image_path": "frames/4OGV0AbV91U_000434/images/000003.jpg",
      "accident_id": 0,
      "accident_name": "normal",
      "objects": []
    },
    {
      "frame_id": 4,
      "image_path": "frames/4OGV0AbV91U_000434/images/000004.jpg",
      "accident_id": 0,
      "accident_name": "normal",
      "objects": []
    },
    {
      "frame_id": 5,
      "image_path": "frames/4OGV0AbV91U_000434/images/000005.jpg",
      "accident_id": 0,
      "accident_name": "normal",
      "objects": []
    },
    {
      "frame_id": 6,
      "image_path": "frames/4OGV0AbV91U_000434/images/000006.jpg",
      "accident_id": 0,
      "accident_name": "normal",
      "objects": []
    },
    {
      "frame_id": 7,
      "image_path": "frames/4OGV0AbV91U_000434/images/000007.jpg",
      "accident_id": 0,
      "accident_name": "normal",
      "objects": []
    },
    {
      "frame_id": 8,
      "image_path": "frames/4OGV0AbV91U_000434/images/000008.jpg",
      "accident_id": 0,
      "accident_name": "normal",
      "objects": []
    },
    {
      "frame_id": 9,
      "image_path": "frames/4OGV0AbV91U_000434/images/000009.jpg",
      "accident_id": 0,
      "accident_name": "normal",
      "objects": []
    },
    {
      "frame_id": 10,
      "image_path": "frames/4OGV0AbV91U_000434/images/000010.jpg",
      "accident_id": 0,
      "accident_name": "normal",
      "objects": []
    },
    {
      "frame_id": 11,
      "image_path": "frames/4OGV0AbV91U_000434/images/000011.jpg",
      "accident_id": 0,
      "accident_name": "normal",
      "objects": []
    },
    {
      "frame_id": 12,
      "image_path": "frames/4OGV0AbV91U_000434/images/000012.jpg",
      "accident_id": 0,
      "accident_name": "normal",
      "objects": []
    },
    {
      "frame_id": 13,
      "image_path": "frames/4OGV0AbV91U_000434/images/000013.jpg",
      "accident_id": 0,
      "accident_name": "normal",
      "objects": []
    },
    {
      "frame_id": 14,
      "image_path": "frames/4OGV0AbV91U_000434/images/000014.jpg",
      "accident_id": 0,
      "accident_name": "normal",
      "objects": []
    },
    {
      "frame_id": 15,
      "image_path": "frames/4OGV0AbV91U_000434/images/000015.jpg",
      "accident_id": 0,
      "accident_name": "normal",
      "objects": []
    },
    {
      "frame_id": 16,
      "image_path": "frames/4OGV0AbV91U_000434/images/000016.jpg",
      "accident_id": 0,
      "accident_name": "normal",
      "objects": []
    },
    {
      "frame_id": 17,
      "image_path": "frames/4OGV0AbV91U_000434/images/000017.jpg",
      "accident_id": 0,
      "accident_name": "normal",
      "objects": []
    },
    {
      "frame_id": 18,
      "image_path": "frames/4OGV0AbV91U_000434/images/000018.jpg",
      "accident_id": 0,
      "accident_name": "normal",
      "objects": []
    },
    {
      "frame_id": 19,
      "image_path": "frames/4OGV0AbV91U_000434/images/000019.jpg",
      "accident_id": 0,
      "accident_name": "normal",
      "objects": []
    },
    {
      "frame_id": 20,
      "image_path": "frames/4OGV0AbV91U_000434/images/000020.jpg",
      "accident_id": 0,
      "accident_name": "normal",
      "objects": []
    },
    {
      "frame_id": 21,
      "image_path": "frames/4OGV0AbV91U_000434/images/000021.jpg",
      "accident_id": 0,
      "accident_name": "normal",
      "objects": []
    },
    {
      "frame_id": 22,
      "image_path": "frames/4OGV0AbV91U_000434/images/000022.jpg",
      "accident_id": 0,
      "accident_name": "normal",
      "objects": []
    },
    {
      "frame_id": 23,
      "image_path": "frames/4OGV0AbV91U_000434/images/000023.jpg",
      "accident_id": 0,
      "accident_name": "normal",
      "objects": []
    },
    {
      "frame_id": 24,
      "image_path": "frames/4OGV0AbV91U_000434/images/000024.jpg",
      "accident_id": 0,
      "accident_name": "normal",
      "objects": []
    },
    {
      "frame_id": 25,
      "image_path": "frames/4OGV0AbV91U_000434/images/000025.jpg",
      "accident_id": 0,
      "accident_name": "normal",
      "objects": []
    },
    {
      "frame_id": 26,
      "image_path": "frames/4OGV0AbV91U_000434/images/000026.jpg",
      "accident_id": 0,
      "accident_name": "normal",
      "objects": []
    },
    {
      "frame_id": 27,
      "image_path": "frames/4OGV0AbV91U_000434/images/000027.jpg",
      "accident_id": 0,
      "accident_name": "normal",
      "objects": []
    },
    {
      "frame_id": 28,
      "image_path": "frames/4OGV0AbV91U_000434/images/000028.jpg",
      "accident_id": 0,
      "accident_name": "normal",
      "objects": []
    },
    {
      "frame_id": 29,
      "image_path": "frames/4OGV0AbV91U_000434/images/000029.jpg",
      "accident_id": 0,
      "accident_name": "normal",
      "objects": []
    },
    {
      "frame_id": 30,
      "image_path": "frames/4OGV0AbV91U_000434/images/000030.jpg",
      "accident_id": 0,
      "accident_name": "normal",
      "objects": []
    },
    {
      "frame_id": 31,
      "image_path": "frames/4OGV0AbV91U_000434/images/000031.jpg",
      "accident_id": 0,
      "accident_name": "normal",
      "objects": []
    },
    {
      "frame_id": 32,
      "image_path": "frames/4OGV0AbV91U_000434/images/000032.jpg",
      "accident_id": 0,
      "accident_name": "normal",
      "objects": []
    },
    {
      "frame_id": 33,
      "image_path": "frames/4OGV0AbV91U_000434/images/000033.jpg",
      "accident_id": 0,
      "accident_name": "normal",
      "objects": []
    },
    {
      "frame_id": 34,
      "image_path": "frames/4OGV0AbV91U_000434/images/000034.jpg",
      "accident_id": 0,
      "accident_name": "normal",
      "objects": []
    },
    {
      "frame_id": 35,
      "image_path": "frames/4OGV0AbV91U_000434/images/000035.jpg",
      "accident_id": 0,
      "accident_name": "normal",
      "objects": []
    },
    {
      "frame_id": 36,
      "image_path": "frames/4OGV0AbV91U_000434/images/000036.jpg",
      "accident_id": 0,
      "accident_name": "normal",
      "objects": []
    },
    {
      "frame_id": 37,
      "image_path": "frames/4OGV0AbV91U_000434/images/000037.jpg",
      "accident_id": 0,
      "accident_name": "normal",
      "objects": []
    },
    {
      "frame_id": 38,
      "image_path": "frames/4OGV0AbV91U_000434/images/000038.jpg",
      "accident_id": 0,
      "accident_name": "normal",
      "objects": []
    },
    {
      "frame_id": 39,
      "image_path": "frames/4OGV0AbV91U_000434/images/000039.jpg",
      "accident_id": 0,
      "accident_name": "normal",
      "objects": []
    },
    {
      "frame_id": 40,
      "image_path": "frames/4OGV0AbV91U_000434/images/000040.jpg",
      "accident_id": 0,
      "accident_name": "normal",
      "objects": []
    },
    {
      "frame_id": 41,
      "image_path": "frames/4OGV0AbV91U_000434/images/000041.jpg",
      "accident_id": 0,
      "accident_name": "normal",
      "objects": []
    },
    {
      "frame_id": 42,
      "image_path": "frames/4OGV0AbV91U_000434/images/000042.jpg",
      "accident_id": 0,
      "accident_name": "normal",
      "objects": []
    },
    {
      "frame_id": 43,
      "image_path": "frames/4OGV0AbV91U_000434/images/000043.jpg",
      "accident_id": 0,
      "accident_name": "normal",
      "objects": []
    },
    {
      "frame_id": 44,
      "image_path": "frames/4OGV0AbV91U_000434/images/000044.jpg",
      "accident_id": 0,
      "accident_name": "normal",
      "objects": []
    },
    {
      "frame_id": 45,
      "image_path": "frames/4OGV0AbV91U_000434/images/000045.jpg",
      "accident_id": 0,
      "accident_name": "normal",
      "objects": []
    },
    {
      "frame_id": 46,
      "image_path": "frames/4OGV0AbV91U_000434/images/000046.jpg",
      "accident_id": 0,
      "accident_name": "normal",
      "objects": []
    },
    {
      "frame_id": 47,
      "image_path": "frames/4OGV0AbV91U_000434/images/000047.jpg",
      "accident_id": 4,
      "accident_name": "oncoming",
      "objects": [
        {
          "obj_track_id": 0,
          "bbox": [
            546.4935064935065,
            513.2467532467532,
            631.6883116883117,
            568.3116883116883
          ],
          "category": "car",
          "category ID": 3,
          "trunc": false
        }
      ]
    },
    {
      "frame_id": 48,
      "image_path": "frames/4OGV0AbV91U_000434/images/000048.jpg",
      "accident_id": 4,
      "accident_name": "oncoming",
      "objects": [
        {
          "obj_track_id": 0,
          "bbox": [
            537.1428571428571,
            508.57142857142856,
            639.4805194805194,
            572.987012987013
          ],
          "category": "car",
          "category ID": 3,
          "trunc": false
        }
      ]
    },
    {
      "frame_id": 49,
      "image_path": "frames/4OGV0AbV91U_000434/images/000049.jpg",
      "accident_id": 4,
      "accident_name": "oncoming",
      "objects": [
        {
          "obj_track_id": 0,
          "bbox": [
            525.7142857142857,
            503.8961038961039,
            647.2727272727273,
            577.6623376623377
          ],
          "category": "car",
          "category ID": 3,
          "trunc": false
        }
      ]
    },
    {
      "frame_id": 50,
      "image_path": "frames/4OGV0AbV91U_000434/images/000050.jpg",
      "accident_id": 4,
      "accident_name": "oncoming",
      "objects": [
        {
          "obj_track_id": 0,
          "bbox": [
            513.2467532467532,
            499.7402597402597,
            661.2987012987013,
            593.7662337662338
          ],
          "category": "car",
          "category ID": 3,
          "trunc": false
        }
      ]
    },
    {
      "frame_id": 51,
      "image_path": "frames/4OGV0AbV91U_000434/images/000051.jpg",
      "accident_id": 4,
      "accident_name": "oncoming",
      "objects": [
        {
          "obj_track_id": 0,
          "bbox": [
            500.7792207792208,
            495.5844155844156,
            675.3246753246754,
            609.8701298701299
          ],
          "category": "car",
          "category ID": 3,
          "trunc": false
        }
      ]
    },
    {
      "frame_id": 52,
      "image_path": "frames/4OGV0AbV91U_000434/images/000052.jpg",
      "accident_id": 4,
      "accident_name": "oncoming",
      "objects": [
        {
          "obj_track_id": 0,
          "bbox": [
            489.35064935064935,
            487.7922077922078,
            715.8441558441558,
            635.8441558441558
          ],
          "category": "car",
          "category ID": 3,
          "trunc": false
        }
      ]
    },
    {
      "frame_id": 53,
      "image_path": "frames/4OGV0AbV91U_000434/images/000053.jpg",
      "accident_id": 4,
      "accident_name": "oncoming",
      "objects": [
        {
          "obj_track_id": 0,
          "bbox": [
            465.45454545454544,
            480,
            810.3896103896104,
            697.1428571428571
          ],
          "category": "car",
          "category ID": 3,
          "trunc": true
        }
      ]
    },
    {
      "frame_id": 54,
      "image_path": "frames/4OGV0AbV91U_000434/images/000054.jpg",
      "accident_id": 4,
      "accident_name": "oncoming",
      "objects": [
        {
          "obj_track_id": 0,
          "bbox": [
            380.2597402597402,
            587.012987012987,
            1073.2467532467533,
            720.0
          ],
          "category": "car",
          "category ID": 3,
          "trunc": true
        }
      ]
    }
  ]
}