{
  "video_name": "4OGV0AbV91U_000667",
  "channel": "AnAn",
  "num_frames": 109,
  "ignore": false,
  "ego_involve": false,
  "night": false,
  "anomaly_start": 1,
  "anomaly_end": 73,
  "video_start": 667,
  "video_end": 775,
  "accident_id": "10",
  "accident_name": "unknown",
  "labels": [
    {
      "frame_id": 0,
      "image_path": "frames/4OGV0AbV91U_000667/images/000000.jpg",
      "accident_id": 0,
      "accident_name": "normal",
      "objects": []
    },
    {
      "frame_id": 1,
      "image_path": "frames/4OGV0AbV91U_000667/images/000001.jpg",
      "accident_id": 10,
      "accident_name": "unknown",
      "objects": [
        {
          "obj_track_id": 0,
          "bbox": [
            397.8181818181818,
            330.1818181818182,
            435.6363636363636,
            368.72727272727275
          ],
          "category": "car",
          "category ID": 3,
          "trunc": false
        }
      ]
    },
    {
      "frame_id": 2,
      "image_path": "frames/4OGV0AbV91U_000667/images/000002.jpg",
      "accident_id": 10,
      "accident_name": "unknown",
      "objects": [
        {
          "obj_track_id": 0,
          "bbox": [
            411.6363636363636,
            331.6363636363636,
            442.1818181818182,
            370.1818181818182
          ],
          "category": "car",
          "category ID": 3,
          "trunc": false
        }
      ]
    },
    {
      "frame_id": 3,
      "image_path": "frames/4OGV0AbV91U_000667/images/000003.jpg",
      "accident_id": 10,
      "accident_name": "unknown",
      "objects": [
        {
          "obj_track_id": 0,
          "bbox": [
            413.09090909090907,
            332.3636363636364,
            448.72727272727275,
            370.90909090909093
          ],
          "category": "car",
          "category ID": 3,
          "trunc": false
        }
      ]
    },
    {
      "frame_id": 4,
      "image_path": "frames/4OGV0AbV91U_000667/images/000004.jpg",
      "accident_id": 10,
      "accident_name": "unknown",
      "objects": [
        {
          "obj_track_id": 0,
          "bbox": [
            415.27272727272725,
            330.90909090909093,
            461.8181818181818,
            371.6363636363636
          ],
          "category": "car",
          "category ID": 3,
          "trunc": false
        }
      ]
    },
    {
      "frame_id": 5,
      "image_path": "frames/4OGV0AbV91U_000667/images/000005.jpg",
      "accident_id": 10,
      "accident_name": "unknown",
      "objects": [
        {
          "obj_track_id": 0,
          "bbox": [
            416.72727272727275,
            332.3636363636364,
            466.1818181818182,
            370.1818181818182
          ],
          "category": "car",
          "category ID": 3,
          "trunc": false
        }
      ]
    },
    {
      "frame_id": 6,
      "image_path": "frames/4OGV0AbV91U_000667/images/000006.jpg",
      "accident_id": 10,
      "accident_name": "unknown",
      "objects": [
        {
          "obj_track_id": 0,
          "bbox": [
            416.72727272727275,
            330.90909090909093,
            475.6363636363636,
            370.1818181818182
          ],
          "category": "car",
          "category ID": 3,
          "trunc": false
        }
      ]
    },
    {
      "frame_id": 7,
      "image_path": "frames/4OGV0AbV91U_000667/images/000007.jpg",
      "accident_id": 10,
      "accident_name": "unknown",
      "objects": [
        {
          "obj_track_id": 0,
          "bbox": [
            415.27272727272725,
            330.1818181818182,
            482.90909090909093,
            368.72727272727275
          ],
          "category": "car",
          "category ID": 3,
          "trunc": false
        }
      ]
    },
    {
      "frame_id": 8,
      "image_path": "frames/4OGV0AbV91U_000667/images/000008.jpg",
      "accident_id": 10,
      "accident_name": "unknown",
      "objects": [
        {
          "obj_track_id": 0,
          "bbox": [
            414.54545454545456,
            329.45454545454544,
            488.0,
            367.27272727272725
          ],
          "category": "car",
          "category ID": 3,
          "trunc": false
        }
      ]
    },
    {
      "frame_id": 9,
      "image_path": "frames/4OGV0AbV91U_000667/images/000009.jpg",
      "accident_id": 10,
      "accident_name": "unknown",
      "objects": [
        {
          "obj_track_id": 0,
          "bbox": [
            413.8181818181818,
            327.27272727272725,
            489.45454545454544,
            367.27272727272725
          ],
          "category": "car",
          "category ID": 3,
          "trunc": false
        }
      ]
    },
    {
      "frame_id": 10,
      "image_path": "frames/4OGV0AbV91U_000667/images/000010.jpg",
      "accident_id": 10,
      "accident_name": "unknown",
      "objects": [
        {
          "obj_track_id": 0,
          "bbox": [
            413.8181818181818,
            327.27272727272725,
            490.90909090909093,
            366.54545454545456
          ],
          "category": "car",
          "category ID": 3,
          "trunc": false
        }
      ]
    },
    {
      "frame_id": 11,
      "image_path": "frames/4OGV0AbV91U_000667/images/000011.jpg",
      "accident_id": 10,
      "accident_name": "unknown",
      "objects": [
        {
          "obj_track_id": 0,
          "bbox": [
            412.3636363636364,
            327.27272727272725,
            490.1818181818182,
            368.0
          ],
          "category": "car",
          "category ID": 3,
          "trunc": false
        }
      ]
    },
    {
      "frame_id": 12,
      "image_path": "frames/4OGV0AbV91U_000667/images/000012.jpg",
      "accident_id": 10,
      "accident_name": "unknown",
      "objects": [
        {
          "obj_track_id": 0,
          "bbox": [
            411.6363636363636,
            326.54545454545456,
            490.1818181818182,
            368.0
          ],
          "category": "car",
          "category ID": 3,
          "trunc": false
        }
      ]
    },
    {
      "frame_id": 13,
      "image_path": "frames/4OGV0AbV91U_000667/images/000013.jpg",
      "accident_id": 10,
      "accident_name": "unknown",
      "objects": [
        {
          "obj_track_id": 0,
          "bbox": [
            411.6363636363636,
            326.54545454545456,
            490.90909090909093,
            368.0
          ],
          "category": "car",
          "category ID": 3,
          "trunc": false
        }
      ]
    },
    {
      "frame_id": 14,
      "image_path": "frames/4OGV0AbV91U_000667/images/000014.jpg",
      "accident_id": 10,
      "accident_name": "unknown",
      "objects": [
        {
          "obj_track_id": 0,
          "bbox": [
            408,
            325.8181818181818,
            487.27272727272725,
            367.27272727272725
          ],
          "category": "car",
          "category ID": 3,
          "trunc": false
        }
      ]
    },
    {
      "frame_id": 15,
      "image_path": "frames/4OGV0AbV91U_000667/images/000015.jpg",
      "accident_id": 10,
      "accident_name": "unknown",
      "objects": [
        {
          "obj_track_id": 0,
          "bbox": [
            408,
            325.09090909090907,
            485.8181818181818,
            368.0
          ],
          "category": "car",
          "category ID": 3,
          "trunc": false
        }
      ]
    },
    {
      "frame_id": 16,
      "image_path": "frames/4OGV0AbV91U_000667/images/000016.jpg",
      "accident_id": 10,
      "accident_name": "unknown",
      "objects": [
        {
          "obj_track_id": 0,
          "bbox": [
            409.45454545454544,
            324.3636363636364,
            480.72727272727275,
            368.0
          ],
          "category": "car",
          "category ID": 3,
          "trunc": false
        }
      ]
    },
    {
      "frame_id": 17,
      "image_path": "frames/4OGV0AbV91U_000667/images/000017.jpg",
      "accident_id": 10,
      "accident_name": "unknown",
      "objects": [
        {
          "obj_track_id": 0,
          "bbox": [
            409.45454545454544,
            322.90909090909093,
            475.6363636363636,
            367.27272727272725
          ],
          "category": "car",
          "category ID": 3,
          "trunc": false
        }
      ]
    },
    {
      "frame_id": 18,
      "image_path": "frames/4OGV0AbV91U_000667/images/000018.jpg",
      "accident_id": 10,
      "accident_name": "unknown",
      "objects": [
        {
          "obj_track_id": 0,
          "bbox": [
            417.45454545454544,
            325.09090909090907,
            466.90909090909093,
            366.54545454545456
          ],
          "category": "car",
          "category ID": 3,
          "trunc": false
        }
      ]
    },
    {
      "frame_id": 19,
      "image_path": "frames/4OGV0AbV91U_000667/images/000019.jpg",
      "accident_id": 10,
      "accident_name": "unknown",
      "objects": [
        {
          "obj_track_id": 0,
          "bbox": [
            421.8181818181818,
            325.09090909090907,
            461.09090909090907,
            366.54545454545456
          ],
          "category": "car",
          "category ID": 3,
          "trunc": false
        }
      ]
    },
    {
      "frame_id": 20,
      "image_path": "frames/4OGV0AbV91U_000667/images/000020.jpg",
      "accident_id": 10,
      "accident_name": "unknown",
      "objects": [
        {
          "obj_track_id": 0,
          "bbox": [
            421.8181818181818,
            325.09090909090907,
            468.3636363636364,
            368.0
          ],
          "category": "car",
          "category ID": 3,
          "trunc": false
        }
      ]
    },
    {
      "frame_id": 21,
      "image_path": "frames/4OGV0AbV91U_000667/images/000021.jpg",
      "accident_id": 10,
      "accident_name": "unknown",
      "objects": [
        {
          "obj_track_id": 0,
          "bbox": [
            409.45454545454544,
            325.8181818181818,
            472.0,
            368.72727272727275
          ],
          "category": "car",
          "category ID": 3,
          "trunc": false
        }
      ]
    },
    {
      "frame_id": 22,
      "image_path": "frames/4OGV0AbV91U_000667/images/000022.jpg",
      "accident_id": 10,
      "accident_name": "unknown",
      "objects": [
        {
          "obj_track_id": 0,
          "bbox": [
            398.54545454545456,
            323.6363636363636,
            472.0,
            368.72727272727275
          ],
          "category": "car",
          "category ID": 3,
          "trunc": false
        }
      ]
    },
    {
      "frame_id": 23,
      "image_path": "frames/4OGV0AbV91U_000667/images/000023.jpg",
      "accident_id": 10,
      "accident_name": "unknown",
      "objects": [
        {
          "obj_track_id": 0,
          "bbox": [
            392.72727272727275,
            323.6363636363636,
            471.27272727272725,
            367.27272727272725
          ],
          "category": "car",
          "category ID": 3,
          "trunc": false
        }
      ]
    },
    {
      "frame_id": 24,
      "image_path": "frames/4OGV0AbV91U_000667/images/000024.jpg",
      "accident_id": 10,
      "accident_name": "unknown",
      "objects": [
        {
          "obj_track_id": 0,
          "bbox": [
            381.8181818181818,
            320,
            466.90909090909093,
            368
          ],
          "category": "car",
          "category ID": 3,
          "trunc": false
        }
      ]
    },
    {
      "frame_id": 25,
      "image_path": "frames/4OGV0AbV91U_000667/images/000025.jpg",
      "accident_id": 10,
      "accident_name": "unknown",
      "objects": [
        {
          "obj_track_id": 0,
          "bbox": [
            376,
            318.54545454545456,
            463.27272727272725,
            369.45454545454544
          ],
          "category": "car",
          "category ID": 3,
          "trunc": false
        }
      ]
    },
    {
      "frame_id": 26,
      "image_path": "frames/4OGV0AbV91U_000667/images/000026.jpg",
      "accident_id": 10,
      "accident_name": "unknown",
      "objects": [
        {
          "obj_track_id": 0,
          "bbox": [
            369.45454545454544,
            315.6363636363636,
            456.0,
            368.72727272727275
          ],
          "category": "car",
          "category ID": 3,
          "trunc": false
        }
      ]
    },
    {
      "frame_id": 27,
      "image_path": "frames/4OGV0AbV91U_000667/images/000027.jpg",
      "accident_id": 10,
      "accident_name": "unknown",
      "objects": [
        {
          "obj_track_id": 0,
          "bbox": [
            365.09090909090907,
            317.09090909090907,
            455.27272727272725,
            368.0
          ],
          "category": "car",
          "category ID": 3,
          "trunc": false
        }
      ]
    },
    {
      "frame_id": 28,
      "image_path": "frames/4OGV0AbV91U_000667/images/000028.jpg",
      "accident_id": 10,
      "accident_name": "unknown",
      "objects": [
        {
          "obj_track_id": 0,
          "bbox": [
            358.54545454545456,
            325.09090909090907,
            442.90909090909093,
            367.27272727272725
          ],
          "category": "car",
          "category ID": 3,
          "trunc": false
        }
      ]
    },
    {
      "frame_id": 29,
      "image_path": "frames/4OGV0AbV91U_000667/images/000029.jpg",
      "accident_id": 10,
      "accident_name": "unknown",
      "objects": [
        {
          "obj_track_id": 0,
          "bbox": [
            352,
            325.8181818181818,
            437.8181818181818,
            366.54545454545456
          ],
          "category": "car",
          "category ID": 3,
          "trunc": false
        }
      ]
    },
    {
      "frame_id": 30,
      "image_path": "frames/4OGV0AbV91U_000667/images/000030.jpg",
      "accident_id": 10,
      "accident_name": "unknown",
      "objects": [
        {
          "obj_track_id": 0,
          "bbox": [
            345.45454545454544,
            328.72727272727275,
            426.1818181818182,
            370.90909090909093
          ],
          "category": "car",
          "category ID": 3,
          "trunc": false
        }
      ]
    },
    {
      "frame_id": 31,
      "image_path": "frames/4OGV0AbV91U_000667/images/000031.jpg",
      "accident_id": 10,
      "accident_name": "unknown",
      "objects": [
        {
          "obj_track_id": 0,
          "bbox": [
            343.27272727272725,
            327.27272727272725,
            421.8181818181818,
            370.90909090909093
          ],
          "category": "car",
          "category ID": 3,
          "trunc": false
        }
      ]
    },
    {
      "frame_id": 32,
      "image_path": "frames/4OGV0AbV91U_000667/images/000032.jpg",
      "accident_id": 10,
      "accident_name": "unknown",
      "objects": [
        {
          "obj_track_id": 0,
          "bbox": [
            340.3636363636364,
            325.8181818181818,
            410.90909090909093,
            373.09090909090907
          ],
          "category": "car",
          "category ID": 3,
          "trunc": false
        }
      ]
    },
    {
      "frame_id": 33,
      "image_path": "frames/4OGV0AbV91U_000667/images/000033.jpg",
      "accident_id": 10,
      "accident_name": "unknown",
      "objects": [
        {
          "obj_track_id": 0,
          "bbox": [
            336.72727272727275,
            328,
            405.8181818181818,
            375.27272727272725
          ],
          "category": "car",
          "category ID": 3,
          "trunc": false
        }
      ]
    },
    {
      "frame_id": 34,
      "image_path": "frames/4OGV0AbV91U_000667/images/000034.jpg",
      "accident_id": 10,
      "accident_name": "unknown",
      "objects": [
        {
          "obj_track_id": 0,
          "bbox": [
            338.1818181818182,
            330.90909090909093,
            389.8181818181818,
            376.72727272727275
          ],
          "category": "car",
          "category ID": 3,
          "trunc": false
        }
      ]
    },
    {
      "frame_id": 35,
      "image_path": "frames/4OGV0AbV91U_000667/images/000035.jpg",
      "accident_id": 10,
      "accident_name": "unknown",
      "objects": [
        {
          "obj_track_id": 0,
          "bbox": [
            338.1818181818182,
            330.90909090909093,
            384.72727272727275,
            375.27272727272725
          ],
          "category": "car",
          "category ID": 3,
          "trunc": false
        }
      ]
    },
    {
      "frame_id": 36,
      "image_path": "frames/4OGV0AbV91U_000667/images/000036.jpg",
      "accident_id": 10,
      "accident_name": "unknown",
      "objects": [
        {
          "obj_track_id": 0,
          "bbox": [
            331.6363636363636,
            332.3636363636364,
            382.54545454545456,
            374.54545454545456
          ],
          "category": "car",
          "category ID": 3,
          "trunc": false
        }
      ]
    },
    {
      "frame_id": 37,
      "image_path": "frames/4OGV0AbV91U_000667/images/000037.jpg",
      "accident_id": 10,
      "accident_name": "unknown",
      "objects": [
        {
          "obj_track_id": 0,
          "bbox": [
            328.72727272727275,
            328.72727272727275,
            382.54545454545456,
            374.54545454545456
          ],
          "category": "car",
          "category ID": 3,
          "trunc": false
        }
      ]
    },
    {
      "frame_id": 38,
      "image_path": "frames/4OGV0AbV91U_000667/images/000038.jpg",
      "accident_id": 10,
      "accident_name": "unknown",
      "objects": [
        {
          "obj_track_id": 0,
          "bbox": [
            320.72727272727275,
            330.1818181818182,
            379.6363636363636,
            374.54545454545456
          ],
          "category": "car",
          "category ID": 3,
          "trunc": false
        }
      ]
    },
    {
      "frame_id": 39,
      "image_path": "frames/4OGV0AbV91U_000667/images/000039.jpg",
      "accident_id": 10,
      "accident_name": "unknown",
      "objects": [
        {
          "obj_track_id": 0,
          "bbox": [
            317.8181818181818,
            330.90909090909093,
            378.90909090909093,
            373.09090909090907
          ],
          "category": "car",
          "category ID": 3,
          "trunc": false
        }
      ]
    },
    {
      "frame_id": 40,
      "image_path": "frames/4OGV0AbV91U_000667/images/000040.jpg",
      "accident_id": 10,
      "accident_name": "unknown",
      "objects": [
        {
          "obj_track_id": 0,
          "bbox": [
            309.8181818181818,
            331.6363636363636,
            378.1818181818182,
            373.09090909090907
          ],
          "category": "car",
          "category ID": 3,
          "trunc": false
        }
      ]
    },
    {
      "frame_id": 41,
      "image_path": "frames/4OGV0AbV91U_000667/images/000041.jpg",
      "accident_id": 10,
      "accident_name": "unknown",
      "objects": [
        {
          "obj_track_id": 0,
          "bbox": [
            305.45454545454544,
            330.1818181818182,
            374.54545454545456,
            373.8181818181818
          ],
          "category": "car",
          "category ID": 3,
          "trunc": false
        }
      ]
    },
    {
      "frame_id": 42,
      "image_path": "frames/4OGV0AbV91U_000667/images/000042.jpg",
      "accident_id": 10,
      "accident_name": "unknown",
      "objects": [
        {
          "obj_track_id": 0,
          "bbox": [
            298.1818181818182,
            330.90909090909093,
            370.90909090909093,
            375.27272727272725
          ],
          "category": "car",
          "category ID": 3,
          "trunc": false
        }
      ]
    },
    {
      "frame_id": 43,
      "image_path": "frames/4OGV0AbV91U_000667/images/000043.jpg",
      "accident_id": 10,
      "accident_name": "unknown",
      "objects": [
        {
          "obj_track_id": 0,
          "bbox": [
            293.8181818181818,
            332.3636363636364,
            368.0,
            376.0
          ],
          "category": "car",
          "category ID": 3,
          "trunc": false
        }
      ]
    },
    {
      "frame_id": 44,
      "image_path": "frames/4OGV0AbV91U_000667/images/000044.jpg",
      "accident_id": 10,
      "accident_name": "unknown",
      "objects": [
        {
          "obj_track_id": 0,
          "bbox": [
            285.09090909090907,
            333.09090909090907,
            361.45454545454544,
            378.1818181818182
          ],
          "category": "car",
          "category ID": 3,
          "trunc": false
        }
      ]
    },
    {
      "frame_id": 45,
      "image_path": "frames/4OGV0AbV91U_000667/images/000045.jpg",
      "accident_id": 10,
      "accident_name": "unknown",
      "objects": [
        {
          "obj_track_id": 0,
          "bbox": [
            282.1818181818182,
            332.3636363636364,
            360.72727272727275,
            376.72727272727275
          ],
          "category": "car",
          "category ID": 3,
          "trunc": false
        }
      ]
    },
    {
      "frame_id": 46,
      "image_path": "frames/4OGV0AbV91U_000667/images/000046.jpg",
      "accident_id": 10,
      "accident_name": "unknown",
      "objects": [
        {
          "obj_track_id": 0,
          "bbox": [
            272.72727272727275,
            330.1818181818182,
            353.45454545454544,
            378.90909090909093
          ],
          "category": "car",
          "category ID": 3,
          "trunc": false
        }
      ]
    },
    {
      "frame_id": 47,
      "image_path": "frames/4OGV0AbV91U_000667/images/000047.jpg",
      "accident_id": 10,
      "accident_name": "unknown",
      "objects": [
        {
          "obj_track_id": 0,
          "bbox": [
            269.8181818181818,
            335.27272727272725,
            351.27272727272725,
            377.45454545454544
          ],
          "category": "car",
          "category ID": 3,
          "trunc": false
        }
      ]
    },
    {
      "frame_id": 48,
      "image_path": "frames/4OGV0AbV91U_000667/images/000048.jpg",
      "accident_id": 10,
      "accident_name": "unknown",
      "objects": [
        {
          "obj_track_id": 0,
          "bbox": [
            262.54545454545456,
            336,
            344.0,
            378.90909090909093
          ],
          "category": "car",
          "category ID": 3,
          "trunc": false
        }
      ]
    },
    {
      "frame_id": 49,
      "image_path": "frames/4OGV0AbV91U_000667/images/000049.jpg",
      "accident_id": 10,
      "accident_name": "unknown",
      "objects": [
        {
          "obj_track_id": 0,
          "bbox": [
            259.6363636363636,
            336,
            338.1818181818182,
            381.09090909090907
          ],
          "category": "car",
          "category ID": 3,
          "trunc": false
        }
      ]
    },
    {
      "frame_id": 50,
      "image_path": "frames/4OGV0AbV91U_000667/images/000050.jpg",
      "accident_id": 10,
      "accident_name": "unknown",
      "objects": [
        {
          "obj_track_id": 0,
          "bbox": [
            256.72727272727275,
            338.1818181818182,
            336.0,
            382.54545454545456
          ],
          "category": "car",
          "category ID": 3,
          "trunc": false
        }
      ]
    },
    {
      "frame_id": 51,
      "image_path": "frames/4OGV0AbV91U_000667/images/000051.jpg",
      "accident_id": 10,
      "accident_name": "unknown",
      "objects": [
        {
          "obj_track_id": 0,
          "bbox": [
            254.54545454545453,
            336,
            337.45454545454544,
            382.54545454545456
          ],
          "category": "car",
          "category ID": 3,
          "trunc": false
        }
      ]
    },
    {
      "frame_id": 52,
      "image_path": "frames/4OGV0AbV91U_000667/images/000052.jpg",
      "accident_id": 10,
      "accident_name": "unknown",
      "objects": [
        {
          "obj_track_id": 0,
          "bbox": [
            252.36363636363637,
            337.45454545454544,
            336.72727272727275,
            384.0
          ],
          "category": "car",
          "category ID": 3,
          "trunc": false
        }
      ]
    },
    {
      "frame_id": 53,
      "image_path": "frames/4OGV0AbV91U_000667/images/000053.jpg",
      "accident_id": 10,
      "accident_name": "unknown",
      "objects": [
        {
          "obj_track_id": 0,
          "bbox": [
            252.36363636363637,
            338.1818181818182,
            336.72727272727275,
            383.27272727272725
          ],
          "category": "car",
          "category ID": 3,
          "trunc": false
        }
      ]
    },
    {
      "frame_id": 54,
      "image_path": "frames/4OGV0AbV91U_000667/images/000054.jpg",
      "accident_id": 10,
      "accident_name": "unknown",
      "objects": [
        {
          "obj_track_id": 0,
          "bbox": [
            256,
            338.90909090909093,
            332.3636363636364,
            383.27272727272725
          ],
          "category": "car",
          "category ID": 3,
          "trunc": false
        }
      ]
    },
    {
      "frame_id": 55,
      "image_path": "frames/4OGV0AbV91U_000667/images/000055.jpg",
      "accident_id": 10,
      "accident_name": "unknown",
      "objects": [
        {
          "obj_track_id": 0,
          "bbox": [
            258.90909090909093,
            345.45454545454544,
            332.3636363636364,
            385.45454545454544
          ],
          "category": "car",
          "category ID": 3,
          "trunc": false
        }
      ]
    },
    {
      "frame_id": 56,
      "image_path": "frames/4OGV0AbV91U_000667/images/000056.jpg",
      "accident_id": 10,
      "accident_name": "unknown",
      "objects": [
        {
          "obj_track_id": 0,
          "bbox": [
            260.3636363636364,
            344.72727272727275,
            328.0,
            386.1818181818182
          ],
          "category": "car",
          "category ID": 3,
          "trunc": false
        }
      ]
    },
    {
      "frame_id": 57,
      "image_path": "frames/4OGV0AbV91U_000667/images/000057.jpg",
      "accident_id": 10,
      "accident_name": "unknown",
      "objects": [
        {
          "obj_track_id": 0,
          "bbox": [
            261.8181818181818,
            343.27272727272725,
            327.27272727272725,
            384.0
          ],
          "category": "car",
          "category ID": 3,
          "trunc": false
        }
      ]
    },
    {
      "frame_id": 58,
      "image_path": "frames/4OGV0AbV91U_000667/images/000058.jpg",
      "accident_id": 10,
      "accident_name": "unknown",
      "objects": [
        {
          "obj_track_id": 0,
          "bbox": [
            267.6363636363636,
            343.27272727272725,
            322.1818181818182,
            384.72727272727275
          ],
          "category": "car",
          "category ID": 3,
          "trunc": false
        }
      ]
    },
    {
      "frame_id": 59,
      "image_path": "frames/4OGV0AbV91U_000667/images/000059.jpg",
      "accident_id": 10,
      "accident_name": "unknown",
      "objects": [
        {
          "obj_track_id": 0,
          "bbox": [
            269.09090909090907,
            344.72727272727275,
            317.09090909090907,
            384.72727272727275
          ],
          "category": "car",
          "category ID": 3,
          "trunc": false
        }
      ]
    },
    {
      "frame_id": 60,
      "image_path": "frames/4OGV0AbV91U_000667/images/000060.jpg",
      "accident_id": 10,
      "accident_name": "unknown",
      "objects": [
        {
          "obj_track_id": 0,
          "bbox": [
            265.45454545454544,
            342.54545454545456,
            310.54545454545456,
            383.27272727272725
          ],
          "category": "car",
          "category ID": 3,
          "trunc": false
        }
      ]
    },
    {
      "frame_id": 61,
      "image_path": "frames/4OGV0AbV91U_000667/images/000061.jpg",
      "accident_id": 10,
      "accident_name": "unknown",
      "objects": [
        {
          "obj_track_id": 0,
          "bbox": [
            265.45454545454544,
            341.8181818181818,
            310.54545454545456,
            384.0
          ],
          "category": "car",
          "category ID": 3,
          "trunc": false
        }
      ]
    },
    {
      "frame_id": 62,
      "image_path": "frames/4OGV0AbV91U_000667/images/000062.jpg",
      "accident_id": 10,
      "accident_name": "unknown",
      "objects": [
        {
          "obj_track_id": 0,
          "bbox": [
            263.27272727272725,
            341.8181818181818,
            310.54545454545456,
            387.6363636363636
          ],
          "category": "car",
          "category ID": 3,
          "trunc": false
        }
      ]
    },
    {
      "frame_id": 63,
      "image_path": "frames/4OGV0AbV91U_000667/images/000063.jpg",
      "accident_id": 10,
      "accident_name": "unknown",
      "objects": [
        {
          "obj_track_id": 0,
          "bbox": [
            257.45454545454544,
            340.3636363636364,
            310.54545454545456,
            387.6363636363636
          ],
          "category": "car",
          "category ID": 3,
          "trunc": false
        }
      ]
    },
    {
      "frame_id": 64,
      "image_path": "frames/4OGV0AbV91U_000667/images/000064.jpg",
      "accident_id": 10,
      "accident_name": "unknown",
      "objects": [
        {
          "obj_track_id": 0,
          "bbox": [
            256,
            341.09090909090907,
            310.54545454545456,
            387.6363636363636
          ],
          "category": "car",
          "category ID": 3,
          "trunc": false
        }
      ]
    },
    {
      "frame_id": 65,
      "image_path": "frames/4OGV0AbV91U_000667/images/000065.jpg",
      "accident_id": 10,
      "accident_name": "unknown",
      "objects": [
        {
          "obj_track_id": 0,
          "bbox": [
            253.0909090909091,
            341.09090909090907,
            307.6363636363636,
            386.1818181818182
          ],
          "category": "car",
          "category ID": 3,
          "trunc": false
        }
      ]
    },
    {
      "frame_id": 66,
      "image_path": "frames/4OGV0AbV91U_000667/images/000066.jpg",
      "accident_id": 10,
      "accident_name": "unknown",
      "objects": [
        {
          "obj_track_id": 0,
          "bbox": [
            246.54545454545453,
            341.09090909090907,
            307.6363636363636,
            386.1818181818182
          ],
          "category": "car",
          "category ID": 3,
          "trunc": false
        }
      ]
    },
    {
      "frame_id": 67,
      "image_path": "frames/4OGV0AbV91U_000667/images/000067.jpg",
      "accident_id": 10,
      "accident_name": "unknown",
      "objects": [
        {
          "obj_track_id": 0,
          "bbox": [
            242.1818181818182,
            339.6363636363636,
            307.6363636363636,
            386.1818181818182
          ],
          "category": "car",
          "category ID": 3,
          "trunc": false
        }
      ]
    },
    {
      "frame_id": 68,
      "image_path": "frames/4OGV0AbV91U_000667/images/000068.jpg",
      "accident_id": 10,
      "accident_name": "unknown",
      "objects": [
        {
          "obj_track_id": 0,
          "bbox": [
            238.54545454545456,
            339.6363636363636,
            307.6363636363636,
            386.1818181818182
          ],
          "category": "car",
          "category ID": 3,
          "trunc": false
        }
      ]
    },
    {
      "frame_id": 69,
      "image_path": "frames/4OGV0AbV91U_000667/images/000069.jpg",
      "accident_id": 10,
      "accident_name": "unknown",
      "objects": [
        {
          "obj_track_id": 0,
          "bbox": [
            234.9090909090909,
            339.6363636363636,
            307.6363636363636,
            386.1818181818182
          ],
          "category": "car",
          "category ID": 3,
          "trunc": false
        }
      ]
    },
    {
      "frame_id": 70,
      "image_path": "frames/4OGV0AbV91U_000667/images/000070.jpg",
      "accident_id": 10,
      "accident_name": "unknown",
      "objects": [
        {
          "obj_track_id": 0,
          "bbox": [
            229.8181818181818,
            337.45454545454544,
            307.6363636363636,
            386.1818181818182
          ],
          "category": "car",
          "category ID": 3,
          "trunc": false
        }
      ]
    },
    {
      "frame_id": 71,
      "image_path": "frames/4OGV0AbV91U_000667/images/000071.jpg",
      "accident_id": 10,
      "accident_name": "unknown",
      "objects": [
        {
          "obj_track_id": 0,
          "bbox": [
            224.36363636363637,
            337.0909090909091,
            306.1818181818182,
            389.0909090909091
          ],
          "category": "car",
          "category ID": 3,
          "trunc": false
        }
      ]
    },
    {
      "frame_id": 72,
      "image_path": "frames/4OGV0AbV91U_000667/images/000072.jpg",
      "accident_id": 10,
      "accident_name": "unknown",
      "objects": [
        {
          "obj_track_id": 0,
          "bbox": [
            218.9090909090909,
            336.72727272727275,
            304.72727272727275,
            392.0
          ],
          "category": "car",
          "category ID": 3,
          "trunc": false
        }
      ]
    },
    {
      "frame_id": 73,
      "image_path": "frames/4OGV0AbV91U_000667/images/000073.jpg",
      "accident_id": 0,
      "accident_name": "normal",
      "objects": []
    },
    {
      "frame_id": 74,
      "image_path": "frames/4OGV0AbV91U_000667/images/000074.jpg",
      "accident_id": 0,
      "accident_name": "normal",
      "objects": []
    },
    {
      "frame_id": 75,
      "image_path": "frames/4OGV0AbV91U_000667/images/000075.jpg",
      "accident_id": 0,
      "accident_name": "normal",
      "objects": []
    },
    {
      "frame_id": 76,
      "image_path": "frames/4OGV0AbV91U_000667/images/000076.jpg",
      "accident_id": 0,
      "accident_name": "normal",
      "objects": []
    },
    {
      "frame_id": 77,
      "image_path": "frames/4OGV0AbV91U_000667/images/000077.jpg",
      "accident_id": 0,
      "accident_name": "normal",
      "objects": []
    },
    {
      "frame_id": 78,
      "image_path": "frames/4OGV0AbV91U_000667/images/000078.jpg",
      "accident_id": 0,
      "accident_name": "normal",
      "objects": []
    },
    {
      "frame_id": 79,
      "image_path": "frames/4OGV0AbV91U_000667/images/000079.jpg",
      "accident_id": 0,
      "accident_name": "normal",
      "objects": []
    },
    {
      "frame_id": 80,
      "image_path": "frames/4OGV0AbV91U_000667/images/000080.jpg",
      "accident_id": 0,
      "accident_name": "normal",
      "objects": []
    },
    {
      "frame_id": 81,
      "image_path": "frames/4OGV0AbV91U_000667/images/000081.jpg",
      "accident_id": 0,
      "accident_name": "normal",
      "objects": []
    },
    {
      "frame_id": 82,
      "image_path": "frames/4OGV0AbV91U_000667/images/000082.jpg",
      "accident_id": 0,
      "accident_name": "normal",
      "objects": []
    },
    {
      "frame_id": 83,
      "image_path": "frames/4OGV0AbV91U_000667/images/000083.jpg",
      "accident_id": 0,
      "accident_name": "normal",
      "objects": []
    },
    {
      "frame_id": 84,
      "image_path": "frames/4OGV0AbV91U_000667/images/000084.jpg",
      "accident_id": 0,
      "accident_name": "normal",
      "objects": []
    },
    {
      "frame_id": 85,
      "image_path": "frames/4OGV0AbV91U_000667/images/000085.jpg",
      "accident_id": 0,
      "accident_name": "normal",
      "objects": []
    },
    {
      "frame_id": 86,
      "image_path": "frames/4OGV0AbV91U_000667/images/000086.jpg",
      "accident_id": 0,
      "accident_name": "normal",
      "objects": []
    },
    {
      "frame_id": 87,
      "image_path": "frames/4OGV0AbV91U_000667/images/000087.jpg",
      "accident_id": 0,
      "accident_name": "normal",
      "objects": []
    },
    {
      "frame_id": 88,
      "image_path": "frames/4OGV0AbV91U_000667/images/000088.jpg",
      "accident_id": 0,
      "accident_name": "normal",
      "objects": []
    },
    {
      "frame_id": 89,
      "image_path": "frames/4OGV0AbV91U_000667/images/000089.jpg",
      "accident_id": 0,
      "accident_name": "normal",
      "objects": []
    },
    {
      "frame_id": 90,
      "image_path": "frames/4OGV0AbV91U_000667/images/000090.jpg",
      "accident_id": 0,
      "accident_name": "normal",
      "objects": []
    },
    {
      "frame_id": 91,
      "image_path": "frames/4OGV0AbV91U_000667/images/000091.jpg",
      "accident_id": 0,
      "accident_name": "normal",
      "objects": []
    },
    {
      "frame_id": 92,
      "image_path": "frames/4OGV0AbV91U_000667/images/000092.jpg",
      "accident_id": 0,
      "accident_name": "normal",
      "objects": []
    },
    {
      "frame_id": 93,
      "image_path": "frames/4OGV0AbV91U_000667/images/000093.jpg",
      "accident_id": 0,
      "accident_name": "normal",
      "objects": []
    },
    {
      "frame_id": 94,
      "image_path": "frames/4OGV0AbV91U_000667/images/000094.jpg",
      "accident_id": 0,
      "accident_name": "normal",
      "objects": []
    },
    {
      "frame_id": 95,
      "image_path": "frames/4OGV0AbV91U_000667/images/000095.jpg",
      "accident_id": 0,
      "accident_name": "normal",
      "objects": []
    },
    {
      "frame_id": 96,
      "image_path": "frames/4OGV0AbV91U_000667/images/000096.jpg",
      "accident_id": 0,
      "accident_name": "normal",
      "objects": []
    },
    {
      "frame_id": 97,
      "image_path": "frames/4OGV0AbV91U_000667/images/000097.jpg",
      "accident_id": 0,
      "accident_name": "normal",
      "objects": []
    },
    {
      "frame_id": 98,
      "image_path": "frames/4OGV0AbV91U_000667/images/000098.jpg",
      "accident_id": 0,
      "accident_name": "normal",
      "objects": []
    },
    {
      "frame_id": 99,
      "image_path": "frames/4OGV0AbV91U_000667/images/000099.jpg",
      "accident_id": 0,
      "accident_name": "normal",
      "objects": []
    },
    {
      "frame_id": 100,
      "image_path": "frames/4OGV0AbV91U_000667/images/000100.jpg",
      "accident_id": 0,
      "accident_name": "normal",
      "objects": []
    },
    {
      "frame_id": 101,
      "image_path": "frames/4OGV0AbV91U_000667/images/000101.jpg",
      "accident_id": 0,
      "accident_name": "normal",
      "objects": []
    },
    {
      "frame_id": 102,
      "image_path": "frames/4OGV0AbV91U_000667/images/000102.jpg",
      "accident_id": 0,
      "accident_name": "normal",
      "objects": []
    },
    {
      "frame_id": 103,
      "image_path": "frames/4OGV0AbV91U_000667/images/000103.jpg",
      "accident_id": 0,
      "accident_name": "normal",
      "objects": []
    },
    {
      "frame_id": 104,
      "image_path": "frames/4OGV0AbV91U_000667/images/000104.jpg",
      "accident_id": 0,
      "accident_name": "normal",
      "objects": []
    },
    {
      "frame_id": 105,
      "image_path": "frames/4OGV0AbV91U_000667/images/000105.jpg",
      "accident_id": 0,
      "accident_name": "normal",
      "objects": []
    },
    {
      "frame_id": 106,
      "image_path": "frames/4OGV0AbV91U_000667/images/000106.jpg",
      "accident_id": 0,
      "accident_name": "normal",
      "objects": []
    },
    {
      "frame_id": 107,
      "image_path": "frames/4OGV0AbV91U_000667/images/000107.jpg",
      "accident_id": 0,
      "accident_name": "normal",
      "objects": []
    },
    {
      "frame_id": 108,
      "image_path": "frames/4OGV0AbV91U_000667/images/000108.jpg",
      "accident_id": 0,
      "accident_name": "normal",
      "objects": []
    }
  ]
}