{
  "video_name": "4OGV0AbV91U_001201",
  "channel": "AnAn",
  "num_frames": 74,
  "ignore": false,
  "ego_involve": true,
  "night": false,
  "anomaly_start": 32,
  "anomaly_end": 53,
  "video_start": 1201,
  "video_end": 1274,
  "accident_id": "2",
  "accident_name": "moving_ahead_or_waiting",
  "labels": [
    {
      "frame_id": 0,
      "image_path": "frames/4OGV0AbV91U_001201/images/000000.jpg",
      "accident_id": 0,
      "accident_name": "normal",
      "objects": []
    },
    {
      "frame_id": 1,
      "image_path": "frames/4OGV0AbV91U_001201/images/000001.jpg",
      "accident_id": 0,
      "accident_name": "normal",
      "objects": []
    },
    {
      "frame_id": 2,
      "image_path": "frames/4OGV0AbV91U_001201/images/000002.jpg",
      "accident_id": 0,
      "accident_name": "normal",
      "objects": []
    },
    {
      "frame_id": 3,
      "image_path": "frames/4OGV0AbV91U_001201/images/000003.jpg",
      "accident_id": 0,
      "accident_name": "normal",
      "objects": []
    },
    {
      "frame_id": 4,
      "image_path": "frames/4OGV0AbV91U_001201/images/000004.jpg",
      "accident_id": 0,
      "accident_name": "normal",
      "objects": []
    },
    {
      "frame_id": 5,
      "image_path": "frames/4OGV0AbV91U_001201/images/000005.jpg",
      "accident_id": 0,
      "accident_name": "normal",
      "objects": []
    },
    {
      "frame_id": 6,
      "image_path": "frames/4OGV0AbV91U_001201/images/000006.jpg",
      "accident_id": 0,
      "accident_name": "normal",
      "objects": []
    },
    {
      "frame_id": 7,
      "image_path": "frames/4OGV0AbV91U_001201/images/000007.jpg",
      "accident_id": 0,
      "accident_name": "normal",
      "objects": []
    },
    {
      "frame_id": 8,
      "image_path": "frames/4OGV0AbV91U_001201/images/000008.jpg",
      "accident_id": 0,
      "accident_name": "normal",
      "objects": []
    },
    {
      "frame_id": 9,
      "image_path": "frames/4OGV0AbV91U_001201/images/000009.jpg",
      "accident_id": 0,
      "accident_name": "normal",
      "objects": []
    },
    {
      "frame_id": 10,
      "image_path": "frames/4OGV0AbV91U_001201/images/000010.jpg",
      "accident_id": 0,
      "accident_name": "normal",
      "objects": []
    },
    {
      "frame_id": 11,
      "image_path": "frames/4OGV0AbV91U_001201/images/000011.jpg",
      "accident_id": 0,
      "accident_name": "normal",
      "objects": []
    },
    {
      "frame_id": 12,
      "image_path": "frames/4OGV0AbV91U_001201/images/000012.jpg",
      "accident_id": 0,
      "accident_name": "normal",
      "objects": []
    },
    {
      "frame_id": 13,
      "image_path": "frames/4OGV0AbV91U_001201/images/000013.jpg",
      "accident_id": 0,
      "accident_name": "normal",
      "objects": []
    },
    {
      "frame_id": 14,
      "image_path": "frames/4OGV0AbV91U_001201/images/000014.jpg",
      "accident_id": 0,
      "accident_name": "normal",
      "objects": []
    },
    {
      "frame_id": 15,
      "image_path": "frames/4OGV0AbV91U_001201/images/000015.jpg",
      "accident_id": 0,
      "accident_name": "normal",
      "objects": []
    },
    {
      "frame_id": 16,
      "image_path": "frames/4OGV0AbV91U_001201/images/000016.jpg",
      "accident_id": 0,
      "accident_name": "normal",
      "objects": []
    },
    {
      "frame_id": 17,
      "image_path": "frames/4OGV0AbV91U_001201/images/000017.jpg",
      "accident_id": 0,
      "accident_name": "normal",
      "objects": []
    },
    {
      "frame_id": 18,
      "image_path": "frames/4OGV0AbV91U_001201/images/000018.jpg",
      "accident_id": 0,
      "accident_name": "normal",
      "objects": []
    },
    {
      "frame_id": 19,
      "image_path": "frames/4OGV0AbV91U_001201/images/000019.jpg",
      "accident_id": 0,
      "accident_name": "normal",
      "objects": []
    },
    {
      "frame_id": 20,
      "image_path": "frames/4OGV0AbV91U_001201/images/000020.jpg",
      "accident_id": 0,
      "accident_name": "normal",
      "objects": []
    },
    {
      "frame_id": 21,
      "image_path": "frames/4OGV0AbV91U_001201/images/000021.jpg",
      "accident_id": 0,
      "accident_name": "normal",
      "objects": []
    },
    {
      "frame_id": 22,
      "image_path": "frames/4OGV0AbV91U_001201/images/000022.jpg",
      "accident_id": 0,
      "accident_name": "normal",
      "objects": []
    },
    {
      "frame_id": 23,
      "image_path": "frames/4OGV0AbV91U_001201/images/000023.jpg",
      "accident_id": 0,
      "accident_name": "normal",
      "objects": []
    },
    {
      "frame_id": 24,
      "image_path": "frames/4OGV0AbV91U_001201/images/000024.jpg",
      "accident_id": 0,
      "accident_name": "normal",
      "objects": []
    },
    {
      "frame_id": 25,
      "image_path": "frames/4OGV0AbV91U_001201/images/000025.jpg",
      "accident_id": 0,
      "accident_name": "normal",
      "objects": []
    },
    {
      "frame_id": 26,
      "image_path": "frames/4OGV0AbV91U_001201/images/000026.jpg",
      "accident_id": 0,
      "accident_name": "normal",
      "objects": []
    },
    {
      "frame_id": 27,
      "image_path": "frames/4OGV0AbV91U_001201/images/000027.jpg",
      "accident_id": 0,
      "accident_name": "normal",
      "objects": []
    },
    {
      "frame_id": 28,
      "image_path": "frames/4OGV0AbV91U_001201/images/000028.jpg",
      "accident_id": 0,
      "accident_name": "normal",
      "objects": []
    },
    {
      "frame_id": 29,
      "image_path": "frames/4OGV0AbV91U_001201/images/000029.jpg",
      "accident_id": 0,
      "accident_name": "normal",
      "objects": []
    },
    {
      "frame_id": 30,
      "image_path": "frames/4OGV0AbV91U_001201/images/000030.jpg",
      "accident_id": 0,
      "accident_name": "normal",
      "objects": []
    },
    {
      "frame_id": 31,
      "image_path": "frames/4OGV0AbV91U_001201/images/000031.jpg",
      "accident_id": 0,
      "accident_name": "normal",
      "objects": []
    },
    {
      "frame_id": 32,
      "image_path": "frames/4OGV0AbV91U_001201/images/000032.jpg",
      "accident_id": 2,
      "accident_name": "moving_ahead_or_waiting",
      "objects": [
        {
          "obj_track_id": 0,
          "bbox": [
            597.3071528751753,
            311.02384291725105,
            1007.2931276297335,
            611.9495091164096
          ],
          "category": "car",
          "category ID": 3,
          "trunc": true
        }
      ]
    },
    {
      "frame_id": 33,
      "image_path": "frames/4OGV0AbV91U_001201/images/000033.jpg",
      "accident_id": 2,
      "accident_name": "moving_ahead_or_waiting",
      "objects": [
        {
          "obj_track_id": 0,
          "bbox": [
            595.0463352990733,
            311.17101937657964,
            1007.2931276297335,
            611.9495091164096
          ],
          "category": "car",
          "category ID": 3,
          "trunc": true
        }
      ]
    },
    {
      "frame_id": 34,
      "image_path": "frames/4OGV0AbV91U_001201/images/000034.jpg",
      "accident_id": 2,
      "accident_name": "moving_ahead_or_waiting",
      "objects": [
        {
          "obj_track_id": 0,
          "bbox": [
            595.1979780960405,
            309.80623420387536,
            1011.8978153937408,
            613.0312247497543
          ],
          "category": "car",
          "category ID": 3,
          "trunc": true
        }
      ]
    },
    {
      "frame_id": 35,
      "image_path": "frames/4OGV0AbV91U_001201/images/000035.jpg",
      "accident_id": 2,
      "accident_name": "moving_ahead_or_waiting",
      "objects": [
        {
          "obj_track_id": 0,
          "bbox": [
            595.3496208930076,
            308.44144903117103,
            1016.5025031577479,
            614.1129403830988
          ],
          "category": "car",
          "category ID": 3,
          "trunc": true
        }
      ]
    },
    {
      "frame_id": 36,
      "image_path": "frames/4OGV0AbV91U_001201/images/000036.jpg",
      "accident_id": 2,
      "accident_name": "moving_ahead_or_waiting",
      "objects": [
        {
          "obj_track_id": 0,
          "bbox": [
            595.5012636899747,
            307.07666385846676,
            1021.1071909217552,
            615.1946560164436
          ],
          "category": "car",
          "category ID": 3,
          "trunc": true
        }
      ]
    },
    {
      "frame_id": 37,
      "image_path": "frames/4OGV0AbV91U_001201/images/000037.jpg",
      "accident_id": 2,
      "accident_name": "moving_ahead_or_waiting",
      "objects": [
        {
          "obj_track_id": 0,
          "bbox": [
            595.6529064869419,
            305.7118786857625,
            1025.7118786857625,
            616.2763716497882
          ],
          "category": "car",
          "category ID": 3,
          "trunc": true
        }
      ]
    },
    {
      "frame_id": 38,
      "image_path": "frames/4OGV0AbV91U_001201/images/000038.jpg",
      "accident_id": 2,
      "accident_name": "moving_ahead_or_waiting",
      "objects": [
        {
          "obj_track_id": 0,
          "bbox": [
            595.6529064869419,
            303.932603201348,
            1032.6874473462512,
            617.1660064069745
          ],
          "category": "car",
          "category ID": 3,
          "trunc": true
        }
      ]
    },
    {
      "frame_id": 39,
      "image_path": "frames/4OGV0AbV91U_001201/images/000039.jpg",
      "accident_id": 2,
      "accident_name": "moving_ahead_or_waiting",
      "objects": [
        {
          "obj_track_id": 0,
          "bbox": [
            595.6529064869419,
            302.1533277169335,
            1039.6630160067398,
            618.0556411641608
          ],
          "category": "car",
          "category ID": 3,
          "trunc": true
        }
      ]
    },
    {
      "frame_id": 40,
      "image_path": "frames/4OGV0AbV91U_001201/images/000040.jpg",
      "accident_id": 2,
      "accident_name": "moving_ahead_or_waiting",
      "objects": [
        {
          "obj_track_id": 0,
          "bbox": [
            595.6529064869419,
            297.5636057287279,
            1052.704296545914,
            616.2561272375142
          ],
          "category": "car",
          "category ID": 3,
          "trunc": true
        }
      ]
    },
    {
      "frame_id": 41,
      "image_path": "frames/4OGV0AbV91U_001201/images/000041.jpg",
      "accident_id": 2,
      "accident_name": "moving_ahead_or_waiting",
      "objects": [
        {
          "obj_track_id": 0,
          "bbox": [
            595.6529064869419,
            292.97388374052235,
            1065.7455770850886,
            614.4566133108677
          ],
          "category": "car",
          "category ID": 3,
          "trunc": true
        }
      ]
    },
    {
      "frame_id": 42,
      "image_path": "frames/4OGV0AbV91U_001201/images/000042.jpg",
      "accident_id": 2,
      "accident_name": "moving_ahead_or_waiting",
      "objects": [
        {
          "obj_track_id": 0,
          "bbox": [
            594.743049705139,
            291.7607413647852,
            1089.3191391590717,
            616.1384697863216
          ],
          "category": "car",
          "category ID": 3,
          "trunc": true
        }
      ]
    },
    {
      "frame_id": 43,
      "image_path": "frames/4OGV0AbV91U_001201/images/000043.jpg",
      "accident_id": 2,
      "accident_name": "moving_ahead_or_waiting",
      "objects": [
        {
          "obj_track_id": 0,
          "bbox": [
            593.8331929233361,
            290.547598989048,
            1112.892701233055,
            617.8203262617753
          ],
          "category": "car",
          "category ID": 3,
          "trunc": true
        }
      ]
    },
    {
      "frame_id": 44,
      "image_path": "frames/4OGV0AbV91U_001201/images/000044.jpg",
      "accident_id": 2,
      "accident_name": "moving_ahead_or_waiting",
      "objects": [
        {
          "obj_track_id": 0,
          "bbox": [
            592.9233361415334,
            277.8096040438079,
            1148.1565443823238,
            619.1315003446427
          ],
          "category": "car",
          "category ID": 3,
          "trunc": true
        }
      ]
    },
    {
      "frame_id": 45,
      "image_path": "frames/4OGV0AbV91U_001201/images/000045.jpg",
      "accident_id": 2,
      "accident_name": "moving_ahead_or_waiting",
      "objects": [
        {
          "obj_track_id": 0,
          "bbox": [
            592.0134793597305,
            265.0716090985678,
            1183.4203875315923,
            620.4426744275102
          ],
          "category": "car",
          "category ID": 3,
          "trunc": true
        }
      ]
    },
    {
      "frame_id": 46,
      "image_path": "frames/4OGV0AbV91U_001201/images/000046.jpg",
      "accident_id": 2,
      "accident_name": "moving_ahead_or_waiting",
      "objects": [
        {
          "obj_track_id": 0,
          "bbox": [
            585.9477674810447,
            248.69418702611628,
            1201.010951979781,
            621.7538485103776
          ],
          "category": "car",
          "category ID": 3,
          "trunc": true
        }
      ]
    },
    {
      "frame_id": 47,
      "image_path": "frames/4OGV0AbV91U_001201/images/000047.jpg",
      "accident_id": 2,
      "accident_name": "moving_ahead_or_waiting",
      "objects": [
        {
          "obj_track_id": 0,
          "bbox": [
            592.3167649536647,
            255.36647009267062,
            1205.8635214827295,
            623.2610860075056
          ],
          "category": "car",
          "category ID": 3,
          "trunc": true
        }
      ]
    },
    {
      "frame_id": 48,
      "image_path": "frames/4OGV0AbV91U_001201/images/000048.jpg",
      "accident_id": 2,
      "accident_name": "moving_ahead_or_waiting",
      "objects": [
        {
          "obj_track_id": 0,
          "bbox": [
            598.6857624262848,
            262.03875315922494,
            1210.7160909856782,
            624.7683235046336
          ],
          "category": "car",
          "category ID": 3,
          "trunc": true
        }
      ]
    },
    {
      "frame_id": 49,
      "image_path": "frames/4OGV0AbV91U_001201/images/000049.jpg",
      "accident_id": 2,
      "accident_name": "moving_ahead_or_waiting",
      "objects": [
        {
          "obj_track_id": 0,
          "bbox": [
            597.9275484414491,
            274.17017691659646,
            1199.1912384161753,
            624.7683235046336
          ],
          "category": "car",
          "category ID": 3,
          "trunc": true
        }
      ]
    },
    {
      "frame_id": 50,
      "image_path": "frames/4OGV0AbV91U_001201/images/000050.jpg",
      "accident_id": 2,
      "accident_name": "moving_ahead_or_waiting",
      "objects": [
        {
          "obj_track_id": 0,
          "bbox": [
            593.8331929233361,
            288.12131423757376,
            1186.4532434709351,
            626.3858466722832
          ],
          "category": "car",
          "category ID": 3,
          "trunc": true
        }
      ]
    },
    {
      "frame_id": 51,
      "image_path": "frames/4OGV0AbV91U_001201/images/000051.jpg",
      "accident_id": 2,
      "accident_name": "moving_ahead_or_waiting",
      "objects": [
        {
          "obj_track_id": 0,
          "bbox": [
            594.743049705139,
            288.12131423757376,
            1177.3546756529065,
            628.0033698399327
          ],
          "category": "car",
          "category ID": 3,
          "trunc": true
        }
      ]
    },
    {
      "frame_id": 52,
      "image_path": "frames/4OGV0AbV91U_001201/images/000052.jpg",
      "accident_id": 2,
      "accident_name": "moving_ahead_or_waiting",
      "objects": [
        {
          "obj_track_id": 0,
          "bbox": [
            595.6529064869419,
            279.02274641954506,
            1181.6006739679865,
            629.6208930075821
          ],
          "category": "car",
          "category ID": 3,
          "trunc": true
        }
      ]
    },
    {
      "frame_id": 53,
      "image_path": "frames/4OGV0AbV91U_001201/images/000053.jpg",
      "accident_id": 0,
      "accident_name": "normal",
      "objects": []
    },
    {
      "frame_id": 54,
      "image_path": "frames/4OGV0AbV91U_001201/images/000054.jpg",
      "accident_id": 0,
      "accident_name": "normal",
      "objects": []
    },
    {
      "frame_id": 55,
      "image_path": "frames/4OGV0AbV91U_001201/images/000055.jpg",
      "accident_id": 0,
      "accident_name": "normal",
      "objects": []
    },
    {
      "frame_id": 56,
      "image_path": "frames/4OGV0AbV91U_001201/images/000056.jpg",
      "accident_id": 0,
      "accident_name": "normal",
      "objects": []
    },
    {
      "frame_id": 57,
      "image_path": "frames/4OGV0AbV91U_001201/images/000057.jpg",
      "accident_id": 0,
      "accident_name": "normal",
      "objects": []
    },
    {
      "frame_id": 58,
      "image_path": "frames/4OGV0AbV91U_001201/images/000058.jpg",
      "accident_id": 0,
      "accident_name": "normal",
      "objects": []
    },
    {
      "frame_id": 59,
      "image_path": "frames/4OGV0AbV91U_001201/images/000059.jpg",
      "accident_id": 0,
      "accident_name": "normal",
      "objects": []
    },
    {
      "frame_id": 60,
      "image_path": "frames/4OGV0AbV91U_001201/images/000060.jpg",
      "accident_id": 0,
      "accident_name": "normal",
      "objects": []
    },
    {
      "frame_id": 61,
      "image_path": "frames/4OGV0AbV91U_001201/images/000061.jpg",
      "accident_id": 0,
      "accident_name": "normal",
      "objects": []
    },
    {
      "frame_id": 62,
      "image_path": "frames/4OGV0AbV91U_001201/images/000062.jpg",
      "accident_id": 0,
      "accident_name": "normal",
      "objects": []
    },
    {
      "frame_id": 63,
      "image_path": "frames/4OGV0AbV91U_001201/images/000063.jpg",
      "accident_id": 0,
      "accident_name": "normal",
      "objects": []
    },
    {
      "frame_id": 64,
      "image_path": "frames/4OGV0AbV91U_001201/images/000064.jpg",
      "accident_id": 0,
      "accident_name": "normal",
      "objects": []
    },
    {
      "frame_id": 65,
      "image_path": "frames/4OGV0AbV91U_001201/images/000065.jpg",
      "accident_id": 0,
      "accident_name": "normal",
      "objects": []
    },
    {
      "frame_id": 66,
      "image_path": "frames/4OGV0AbV91U_001201/images/000066.jpg",
      "accident_id": 0,
      "accident_name": "normal",
      "objects": []
    },
    {
      "frame_id": 67,
      "image_path": "frames/4OGV0AbV91U_001201/images/000067.jpg",
      "accident_id": 0,
      "accident_name": "normal",
      "objects": []
    },
    {
      "frame_id": 68,
      "image_path": "frames/4OGV0AbV91U_001201/images/000068.jpg",
      "accident_id": 0,
      "accident_name": "normal",
      "objects": []
    },
    {
      "frame_id": 69,
      "image_path": "frames/4OGV0AbV91U_001201/images/000069.jpg",
      "accident_id": 0,
      "accident_name": "normal",
      "objects": []
    },
    {
      "frame_id": 70,
      "image_path": "frames/4OGV0AbV91U_001201/images/000070.jpg",
      "accident_id": 0,
      "accident_name": "normal",
      "objects": []
    },
    {
      "frame_id": 71,
      "image_path": "frames/4OGV0AbV91U_001201/images/000071.jpg",
      "accident_id": 0,
      "accident_name": "normal",
      "objects": []
    },
    {
      "frame_id": 72,
      "image_path": "frames/4OGV0AbV91U_001201/images/000072.jpg",
      "accident_id": 0,
      "accident_name": "normal",
      "objects": []
    },
    {
      "frame_id": 73,
      "image_path": "frames/4OGV0AbV91U_001201/images/000073.jpg",
      "accident_id": 0,
      "accident_name": "normal",
      "objects": []
    }
  ]
}
