{
  "video_name": "4wKjxDXnmYs_005824",
  "channel": "AnAn",
  "num_frames": 58,
  "ignore": false,
  "ego_involve": false,
  "night": true,
  "anomaly_start": 6,
  "anomaly_end": 41,
  "video_start": 5824,
  "video_end": 5881,
  "accident_id": "9",
  "accident_name": "leave_to_left",
  "labels": [
    {
      "frame_id": 0,
      "image_path": "frames/4wKjxDXnmYs_005824/images/000000.jpg",
      "accident_id": 0,
      "accident_name": "normal",
      "objects": []
    },
    {
      "frame_id": 1,
      "image_path": "frames/4wKjxDXnmYs_005824/images/000001.jpg",
      "accident_id": 0,
      "accident_name": "normal",
      "objects": []
    },
    {
      "frame_id": 2,
      "image_path": "frames/4wKjxDXnmYs_005824/images/000002.jpg",
      "accident_id": 0,
      "accident_name": "normal",
      "objects": []
    },
    {
      "frame_id": 3,
      "image_path": "frames/4wKjxDXnmYs_005824/images/000003.jpg",
      "accident_id": 0,
      "accident_name": "normal",
      "objects": []
    },
    {
      "frame_id": 4,
      "image_path": "frames/4wKjxDXnmYs_005824/images/000004.jpg",
      "accident_id": 0,
      "accident_name": "normal",
      "objects": []
    },
    {
      "frame_id": 5,
      "image_path": "frames/4wKjxDXnmYs_005824/images/000005.jpg",
      "accident_id": 0,
      "accident_name": "normal",
      "objects": []
    },
    {
      "frame_id": 6,
      "image_path": "frames/4wKjxDXnmYs_005824/images/000006.jpg",
      "accident_id": 9,
      "accident_name": "leave_to_left",
      "objects": [
        {
          "obj_track_id": 0,
          "bbox": [
            456.1038961038961,
            446.6263603385732,
            520.5194805194805,
            493.5064935064935
          ],
          "category": "car",
          "category ID": 3,
          "trunc": false
        }
      ]
    },
    {
      "frame_id": 7,
      "image_path": "frames/4wKjxDXnmYs_005824/images/000007.jpg",
      "accident_id": 9,
      "accident_name": "leave_to_left",
      "objects": [
        {
          "obj_track_id": 0,
          "bbox": [
            454.5454545454545,
            447.79220779220776,
            518.9610389610389,
            493.5064935064935
          ],
          "category": "car",
          "category ID": 3,
          "trunc": false
        }
      ]
    },
    {
      "frame_id": 8,
      "image_path": "frames/4wKjxDXnmYs_005824/images/000008.jpg",
      "accident_id": 9,
      "accident_name": "leave_to_left",
      "objects": [
        {
          "obj_track_id": 0,
          "bbox": [
            452.987012987013,
            447.79220779220776,
            517.4025974025974,
            493.5064935064935
          ],
          "category": "car",
          "category ID": 3,
          "trunc": false
        }
      ]
    },
    {
      "frame_id": 9,
      "image_path": "frames/4wKjxDXnmYs_005824/images/000009.jpg",
      "accident_id": 9,
      "accident_name": "leave_to_left",
      "objects": [
        {
          "obj_track_id": 0,
          "bbox": [
            450.9090909090909,
            447.79220779220776,
            515.3246753246752,
            492.46753246753246
          ],
          "category": "car",
          "category ID": 3,
          "trunc": false
        }
      ]
    },
    {
      "frame_id": 10,
      "image_path": "frames/4wKjxDXnmYs_005824/images/000010.jpg",
      "accident_id": 9,
      "accident_name": "leave_to_left",
      "objects": [
        {
          "obj_track_id": 0,
          "bbox": [
            448.83116883116884,
            447.79220779220776,
            513.2467532467532,
            491.42857142857144
          ],
          "category": "car",
          "category ID": 3,
          "trunc": false
        }
      ]
    },
    {
      "frame_id": 11,
      "image_path": "frames/4wKjxDXnmYs_005824/images/000011.jpg",
      "accident_id": 9,
      "accident_name": "leave_to_left",
      "objects": [
        {
          "obj_track_id": 0,
          "bbox": [
            448.83116883116884,
            447.79220779220776,
            512.7272727272727,
            490.9090909090909
          ],
          "category": "car",
          "category ID": 3,
          "trunc": false
        }
      ]
    },
    {
      "frame_id": 12,
      "image_path": "frames/4wKjxDXnmYs_005824/images/000012.jpg",
      "accident_id": 9,
      "accident_name": "leave_to_left",
      "objects": [
        {
          "obj_track_id": 0,
          "bbox": [
            448.83116883116884,
            447.79220779220776,
            512.2077922077922,
            490.38961038961037
          ],
          "category": "car",
          "category ID": 3,
          "trunc": false
        }
      ]
    },
    {
      "frame_id": 13,
      "image_path": "frames/4wKjxDXnmYs_005824/images/000013.jpg",
      "accident_id": 9,
      "accident_name": "leave_to_left",
      "objects": [
        {
          "obj_track_id": 0,
          "bbox": [
            447.27272727272725,
            447.27272727272725,
            513.2467532467532,
            489.87012987012986
          ],
          "category": "car",
          "category ID": 3,
          "trunc": false
        }
      ]
    },
    {
      "frame_id": 14,
      "image_path": "frames/4wKjxDXnmYs_005824/images/000014.jpg",
      "accident_id": 9,
      "accident_name": "leave_to_left",
      "objects": [
        {
          "obj_track_id": 0,
          "bbox": [
            445.7142857142857,
            446.75324675324674,
            514.2857142857142,
            489.35064935064935
          ],
          "category": "car",
          "category ID": 3,
          "trunc": false
        }
      ]
    },
    {
      "frame_id": 15,
      "image_path": "frames/4wKjxDXnmYs_005824/images/000015.jpg",
      "accident_id": 9,
      "accident_name": "leave_to_left",
      "objects": [
        {
          "obj_track_id": 0,
          "bbox": [
            447.27272727272725,
            446.23376623376623,
            514.2857142857142,
            487.7922077922078
          ],
          "category": "car",
          "category ID": 3,
          "trunc": false
        }
      ]
    },
    {
      "frame_id": 16,
      "image_path": "frames/4wKjxDXnmYs_005824/images/000016.jpg",
      "accident_id": 9,
      "accident_name": "leave_to_left",
      "objects": [
        {
          "obj_track_id": 0,
          "bbox": [
            448.83116883116884,
            445.7142857142857,
            514.2857142857142,
            486.23376623376623
          ],
          "category": "car",
          "category ID": 3,
          "trunc": false
        }
      ]
    },
    {
      "frame_id": 17,
      "image_path": "frames/4wKjxDXnmYs_005824/images/000017.jpg",
      "accident_id": 9,
      "accident_name": "leave_to_left",
      "objects": [
        {
          "obj_track_id": 0,
          "bbox": [
            447.7922077922078,
            448.3116883116883,
            515.3246753246754,
            487.27272727272725
          ],
          "category": "car",
          "category ID": 3,
          "trunc": false
        }
      ]
    },
    {
      "frame_id": 18,
      "image_path": "frames/4wKjxDXnmYs_005824/images/000018.jpg",
      "accident_id": 9,
      "accident_name": "leave_to_left",
      "objects": [
        {
          "obj_track_id": 0,
          "bbox": [
            446.75324675324674,
            450.9090909090909,
            516.3636363636364,
            488.31168831168833
          ],
          "category": "car",
          "category ID": 3,
          "trunc": false
        }
      ]
    },
    {
      "frame_id": 19,
      "image_path": "frames/4wKjxDXnmYs_005824/images/000019.jpg",
      "accident_id": 9,
      "accident_name": "leave_to_left",
      "objects": [
        {
          "obj_track_id": 0,
          "bbox": [
            447.7922077922078,
            450.38961038961037,
            517.4025974025974,
            489.87012987012986
          ],
          "category": "car",
          "category ID": 3,
          "trunc": false
        }
      ]
    },
    {
      "frame_id": 20,
      "image_path": "frames/4wKjxDXnmYs_005824/images/000020.jpg",
      "accident_id": 9,
      "accident_name": "leave_to_left",
      "objects": [
        {
          "obj_track_id": 0,
          "bbox": [
            448.83116883116884,
            449.87012987012986,
            518.4415584415584,
            491.42857142857144
          ],
          "category": "car",
          "category ID": 3,
          "trunc": false
        }
      ]
    },
    {
      "frame_id": 21,
      "image_path": "frames/4wKjxDXnmYs_005824/images/000021.jpg",
      "accident_id": 9,
      "accident_name": "leave_to_left",
      "objects": [
        {
          "obj_track_id": 0,
          "bbox": [
            450.3896103896104,
            449.35064935064935,
            517.922077922078,
            489.35064935064935
          ],
          "category": "car",
          "category ID": 3,
          "trunc": false
        }
      ]
    },
    {
      "frame_id": 22,
      "image_path": "frames/4wKjxDXnmYs_005824/images/000022.jpg",
      "accident_id": 9,
      "accident_name": "leave_to_left",
      "objects": [
        {
          "obj_track_id": 0,
          "bbox": [
            451.94805194805195,
            448.83116883116884,
            517.4025974025974,
            487.27272727272725
          ],
          "category": "car",
          "category ID": 3,
          "trunc": false
        }
      ]
    },
    {
      "frame_id": 23,
      "image_path": "frames/4wKjxDXnmYs_005824/images/000023.jpg",
      "accident_id": 9,
      "accident_name": "leave_to_left",
      "objects": [
        {
          "obj_track_id": 0,
          "bbox": [
            451.94805194805195,
            447.7922077922078,
            518.9610389610389,
            487.7922077922078
          ],
          "category": "car",
          "category ID": 3,
          "trunc": false
        }
      ]
    },
    {
      "frame_id": 24,
      "image_path": "frames/4wKjxDXnmYs_005824/images/000024.jpg",
      "accident_id": 9,
      "accident_name": "leave_to_left",
      "objects": [
        {
          "obj_track_id": 0,
          "bbox": [
            451.94805194805195,
            446.75324675324674,
            520.5194805194805,
            488.31168831168833
          ],
          "category": "car",
          "category ID": 3,
          "trunc": false
        }
      ]
    },
    {
      "frame_id": 25,
      "image_path": "frames/4wKjxDXnmYs_005824/images/000025.jpg",
      "accident_id": 9,
      "accident_name": "leave_to_left",
      "objects": [
        {
          "obj_track_id": 0,
          "bbox": [
            451.42857142857144,
            446.23376623376623,
            521.5584415584416,
            486.75324675324674
          ],
          "category": "car",
          "category ID": 3,
          "trunc": false
        }
      ]
    },
    {
      "frame_id": 26,
      "image_path": "frames/4wKjxDXnmYs_005824/images/000026.jpg",
      "accident_id": 9,
      "accident_name": "leave_to_left",
      "objects": [
        {
          "obj_track_id": 0,
          "bbox": [
            450.9090909090909,
            445.7142857142857,
            522.5974025974026,
            485.19480519480516
          ],
          "category": "car",
          "category ID": 3,
          "trunc": false
        }
      ]
    },
    {
      "frame_id": 27,
      "image_path": "frames/4wKjxDXnmYs_005824/images/000027.jpg",
      "accident_id": 9,
      "accident_name": "leave_to_left",
      "objects": [
        {
          "obj_track_id": 0,
          "bbox": [
            449.87012987012986,
            445.97402597402595,
            520.7792207792209,
            485.1948051948051
          ],
          "category": "car",
          "category ID": 3,
          "trunc": false
        }
      ]
    },
    {
      "frame_id": 28,
      "image_path": "frames/4wKjxDXnmYs_005824/images/000028.jpg",
      "accident_id": 9,
      "accident_name": "leave_to_left",
      "objects": [
        {
          "obj_track_id": 0,
          "bbox": [
            448.83116883116884,
            446.23376623376623,
            518.961038961039,
            485.19480519480516
          ],
          "category": "car",
          "category ID": 3,
          "trunc": false
        }
      ]
    },
    {
      "frame_id": 29,
      "image_path": "frames/4wKjxDXnmYs_005824/images/000029.jpg",
      "accident_id": 9,
      "accident_name": "leave_to_left",
      "objects": [
        {
          "obj_track_id": 0,
          "bbox": [
            447.79220779220776,
            446.4935064935065,
            517.1428571428571,
            485.1948051948052
          ],
          "category": "car",
          "category ID": 3,
          "trunc": false
        }
      ]
    },
    {
      "frame_id": 30,
      "image_path": "frames/4wKjxDXnmYs_005824/images/000030.jpg",
      "accident_id": 9,
      "accident_name": "leave_to_left",
      "objects": [
        {
          "obj_track_id": 0,
          "bbox": [
            446.75324675324674,
            446.75324675324674,
            515.3246753246754,
            485.19480519480516
          ],
          "category": "car",
          "category ID": 3,
          "trunc": false
        }
      ]
    },
    {
      "frame_id": 31,
      "image_path": "frames/4wKjxDXnmYs_005824/images/000031.jpg",
      "accident_id": 9,
      "accident_name": "leave_to_left",
      "objects": [
        {
          "obj_track_id": 0,
          "bbox": [
            444.67532467532465,
            446.23376623376623,
            514.8051948051948,
            487.79220779220776
          ],
          "category": "car",
          "category ID": 3,
          "trunc": false
        }
      ]
    },
    {
      "frame_id": 32,
      "image_path": "frames/4wKjxDXnmYs_005824/images/000032.jpg",
      "accident_id": 9,
      "accident_name": "leave_to_left",
      "objects": [
        {
          "obj_track_id": 0,
          "bbox": [
            442.5974025974026,
            445.7142857142857,
            514.2857142857142,
            490.38961038961037
          ],
          "category": "car",
          "category ID": 3,
          "trunc": false
        }
      ]
    },
    {
      "frame_id": 33,
      "image_path": "frames/4wKjxDXnmYs_005824/images/000033.jpg",
      "accident_id": 9,
      "accident_name": "leave_to_left",
      "objects": [
        {
          "obj_track_id": 0,
          "bbox": [
            438.4415584415584,
            445.1948051948052,
            512.2077922077922,
            489.87012987012986
          ],
          "category": "car",
          "category ID": 3,
          "trunc": false
        }
      ]
    },
    {
      "frame_id": 34,
      "image_path": "frames/4wKjxDXnmYs_005824/images/000034.jpg",
      "accident_id": 9,
      "accident_name": "leave_to_left",
      "objects": [
        {
          "obj_track_id": 0,
          "bbox": [
            434.2857142857143,
            444.67532467532465,
            510.12987012987014,
            489.35064935064935
          ],
          "category": "car",
          "category ID": 3,
          "trunc": false
        }
      ]
    },
    {
      "frame_id": 35,
      "image_path": "frames/4wKjxDXnmYs_005824/images/000035.jpg",
      "accident_id": 9,
      "accident_name": "leave_to_left",
      "objects": [
        {
          "obj_track_id": 0,
          "bbox": [
            430.64935064935065,
            444.67532467532465,
            508.05194805194805,
            490.3896103896104
          ],
          "category": "car",
          "category ID": 3,
          "trunc": false
        }
      ]
    },
    {
      "frame_id": 36,
      "image_path": "frames/4wKjxDXnmYs_005824/images/000036.jpg",
      "accident_id": 9,
      "accident_name": "leave_to_left",
      "objects": [
        {
          "obj_track_id": 0,
          "bbox": [
            427.012987012987,
            444.67532467532465,
            505.97402597402595,
            491.42857142857144
          ],
          "category": "car",
          "category ID": 3,
          "trunc": false
        }
      ]
    },
    {
      "frame_id": 37,
      "image_path": "frames/4wKjxDXnmYs_005824/images/000037.jpg",
      "accident_id": 9,
      "accident_name": "leave_to_left",
      "objects": [
        {
          "obj_track_id": 0,
          "bbox": [
            423.8961038961039,
            443.11688311688306,
            502.85714285714283,
            490.9090909090909
          ],
          "category": "car",
          "category ID": 3,
          "trunc": false
        }
      ]
    },
    {
      "frame_id": 38,
      "image_path": "frames/4wKjxDXnmYs_005824/images/000038.jpg",
      "accident_id": 9,
      "accident_name": "leave_to_left",
      "objects": [
        {
          "obj_track_id": 0,
          "bbox": [
            420.7792207792208,
            441.55844155844153,
            499.7402597402597,
            490.38961038961037
          ],
          "category": "car",
          "category ID": 3,
          "trunc": false
        }
      ]
    },
    {
      "frame_id": 39,
      "image_path": "frames/4wKjxDXnmYs_005824/images/000039.jpg",
      "accident_id": 9,
      "accident_name": "leave_to_left",
      "objects": [
        {
          "obj_track_id": 0,
          "bbox": [
            414.54545454545456,
            441.038961038961,
            497.1428571428571,
            491.42857142857144
          ],
          "category": "car",
          "category ID": 3,
          "trunc": false
        }
      ]
    },
    {
      "frame_id": 40,
      "image_path": "frames/4wKjxDXnmYs_005824/images/000040.jpg",
      "accident_id": 9,
      "accident_name": "leave_to_left",
      "objects": [
        {
          "obj_track_id": 0,
          "bbox": [
            408.31168831168833,
            440.5194805194805,
            494.54545454545456,
            492.46753246753246
          ],
          "category": "car",
          "category ID": 3,
          "trunc": false
        }
      ]
    },
    {
      "frame_id": 41,
      "image_path": "frames/4wKjxDXnmYs_005824/images/000041.jpg",
      "accident_id": 0,
      "accident_name": "normal",
      "objects": []
    },
    {
      "frame_id": 42,
      "image_path": "frames/4wKjxDXnmYs_005824/images/000042.jpg",
      "accident_id": 0,
      "accident_name": "normal",
      "objects": []
    },
    {
      "frame_id": 43,
      "image_path": "frames/4wKjxDXnmYs_005824/images/000043.jpg",
      "accident_id": 0,
      "accident_name": "normal",
      "objects": []
    },
    {
      "frame_id": 44,
      "image_path": "frames/4wKjxDXnmYs_005824/images/000044.jpg",
      "accident_id": 0,
      "accident_name": "normal",
      "objects": []
    },
    {
      "frame_id": 45,
      "image_path": "frames/4wKjxDXnmYs_005824/images/000045.jpg",
      "accident_id": 0,
      "accident_name": "normal",
      "objects": []
    },
    {
      "frame_id": 46,
      "image_path": "frames/4wKjxDXnmYs_005824/images/000046.jpg",
      "accident_id": 0,
      "accident_name": "normal",
      "objects": []
    },
    {
      "frame_id": 47,
      "image_path": "frames/4wKjxDXnmYs_005824/images/000047.jpg",
      "accident_id": 0,
      "accident_name": "normal",
      "objects": []
    },
    {
      "frame_id": 48,
      "image_path": "frames/4wKjxDXnmYs_005824/images/000048.jpg",
      "accident_id": 0,
      "accident_name": "normal",
      "objects": []
    },
    {
      "frame_id": 49,
      "image_path": "frames/4wKjxDXnmYs_005824/images/000049.jpg",
      "accident_id": 0,
      "accident_name": "normal",
      "objects": []
    },
    {
      "frame_id": 50,
      "image_path": "frames/4wKjxDXnmYs_005824/images/000050.jpg",
      "accident_id": 0,
      "accident_name": "normal",
      "objects": []
    },
    {
      "frame_id": 51,
      "image_path": "frames/4wKjxDXnmYs_005824/images/000051.jpg",
      "accident_id": 0,
      "accident_name": "normal",
      "objects": []
    },
    {
      "frame_id": 52,
      "image_path": "frames/4wKjxDXnmYs_005824/images/000052.jpg",
      "accident_id": 0,
      "accident_name": "normal",
      "objects": []
    },
    {
      "frame_id": 53,
      "image_path": "frames/4wKjxDXnmYs_005824/images/000053.jpg",
      "accident_id": 0,
      "accident_name": "normal",
      "objects": []
    },
    {
      "frame_id": 54,
      "image_path": "frames/4wKjxDXnmYs_005824/images/000054.jpg",
      "accident_id": 0,
      "accident_name": "normal",
      "objects": []
    },
    {
      "frame_id": 55,
      "image_path": "frames/4wKjxDXnmYs_005824/images/000055.jpg",
      "accident_id": 0,
      "accident_name": "normal",
      "objects": []
    },
    {
      "frame_id": 56,
      "image_path": "frames/4wKjxDXnmYs_005824/images/000056.jpg",
      "accident_id": 0,
      "accident_name": "normal",
      "objects": []
    },
    {
      "frame_id": 57,
      "image_path": "frames/4wKjxDXnmYs_005824/images/000057.jpg",
      "accident_id": 0,
      "accident_name": "normal",
      "objects": []
    }
  ]
}