{
  "video_name": "5vKPYV5w6pw_002077",
  "channel": "CarCrashesTime",
  "num_frames": 128,
  "ignore": false,
  "ego_involve": false,
  "night": false,
  "anomaly_start": 28,
  "anomaly_end": 115,
  "video_start": 2077,
  "video_end": 2204,
  "accident_id": "5",
  "accident_name": "turning",
  "labels": [
    {
      "frame_id": 0,
      "image_path": "frames/5vKPYV5w6pw_002077/images/000000.jpg",
      "accident_id": 0,
      "accident_name": "normal",
      "objects": []
    },
    {
      "frame_id": 1,
      "image_path": "frames/5vKPYV5w6pw_002077/images/000001.jpg",
      "accident_id": 0,
      "accident_name": "normal",
      "objects": []
    },
    {
      "frame_id": 2,
      "image_path": "frames/5vKPYV5w6pw_002077/images/000002.jpg",
      "accident_id": 0,
      "accident_name": "normal",
      "objects": []
    },
    {
      "frame_id": 3,
      "image_path": "frames/5vKPYV5w6pw_002077/images/000003.jpg",
      "accident_id": 0,
      "accident_name": "normal",
      "objects": []
    },
    {
      "frame_id": 4,
      "image_path": "frames/5vKPYV5w6pw_002077/images/000004.jpg",
      "accident_id": 0,
      "accident_name": "normal",
      "objects": []
    },
    {
      "frame_id": 5,
      "image_path": "frames/5vKPYV5w6pw_002077/images/000005.jpg",
      "accident_id": 0,
      "accident_name": "normal",
      "objects": []
    },
    {
      "frame_id": 6,
      "image_path": "frames/5vKPYV5w6pw_002077/images/000006.jpg",
      "accident_id": 0,
      "accident_name": "normal",
      "objects": []
    },
    {
      "frame_id": 7,
      "image_path": "frames/5vKPYV5w6pw_002077/images/000007.jpg",
      "accident_id": 0,
      "accident_name": "normal",
      "objects": []
    },
    {
      "frame_id": 8,
      "image_path": "frames/5vKPYV5w6pw_002077/images/000008.jpg",
      "accident_id": 0,
      "accident_name": "normal",
      "objects": []
    },
    {
      "frame_id": 9,
      "image_path": "frames/5vKPYV5w6pw_002077/images/000009.jpg",
      "accident_id": 0,
      "accident_name": "normal",
      "objects": []
    },
    {
      "frame_id": 10,
      "image_path": "frames/5vKPYV5w6pw_002077/images/000010.jpg",
      "accident_id": 0,
      "accident_name": "normal",
      "objects": []
    },
    {
      "frame_id": 11,
      "image_path": "frames/5vKPYV5w6pw_002077/images/000011.jpg",
      "accident_id": 0,
      "accident_name": "normal",
      "objects": []
    },
    {
      "frame_id": 12,
      "image_path": "frames/5vKPYV5w6pw_002077/images/000012.jpg",
      "accident_id": 0,
      "accident_name": "normal",
      "objects": []
    },
    {
      "frame_id": 13,
      "image_path": "frames/5vKPYV5w6pw_002077/images/000013.jpg",
      "accident_id": 0,
      "accident_name": "normal",
      "objects": []
    },
    {
      "frame_id": 14,
      "image_path": "frames/5vKPYV5w6pw_002077/images/000014.jpg",
      "accident_id": 0,
      "accident_name": "normal",
      "objects": []
    },
    {
      "frame_id": 15,
      "image_path": "frames/5vKPYV5w6pw_002077/images/000015.jpg",
      "accident_id": 0,
      "accident_name": "normal",
      "objects": []
    },
    {
      "frame_id": 16,
      "image_path": "frames/5vKPYV5w6pw_002077/images/000016.jpg",
      "accident_id": 0,
      "accident_name": "normal",
      "objects": []
    },
    {
      "frame_id": 17,
      "image_path": "frames/5vKPYV5w6pw_002077/images/000017.jpg",
      "accident_id": 0,
      "accident_name": "normal",
      "objects": []
    },
    {
      "frame_id": 18,
      "image_path": "frames/5vKPYV5w6pw_002077/images/000018.jpg",
      "accident_id": 0,
      "accident_name": "normal",
      "objects": []
    },
    {
      "frame_id": 19,
      "image_path": "frames/5vKPYV5w6pw_002077/images/000019.jpg",
      "accident_id": 0,
      "accident_name": "normal",
      "objects": []
    },
    {
      "frame_id": 20,
      "image_path": "frames/5vKPYV5w6pw_002077/images/000020.jpg",
      "accident_id": 0,
      "accident_name": "normal",
      "objects": []
    },
    {
      "frame_id": 21,
      "image_path": "frames/5vKPYV5w6pw_002077/images/000021.jpg",
      "accident_id": 0,
      "accident_name": "normal",
      "objects": []
    },
    {
      "frame_id": 22,
      "image_path": "frames/5vKPYV5w6pw_002077/images/000022.jpg",
      "accident_id": 0,
      "accident_name": "normal",
      "objects": []
    },
    {
      "frame_id": 23,
      "image_path": "frames/5vKPYV5w6pw_002077/images/000023.jpg",
      "accident_id": 0,
      "accident_name": "normal",
      "objects": []
    },
    {
      "frame_id": 24,
      "image_path": "frames/5vKPYV5w6pw_002077/images/000024.jpg",
      "accident_id": 0,
      "accident_name": "normal",
      "objects": []
    },
    {
      "frame_id": 25,
      "image_path": "frames/5vKPYV5w6pw_002077/images/000025.jpg",
      "accident_id": 0,
      "accident_name": "normal",
      "objects": []
    },
    {
      "frame_id": 26,
      "image_path": "frames/5vKPYV5w6pw_002077/images/000026.jpg",
      "accident_id": 0,
      "accident_name": "normal",
      "objects": []
    },
    {
      "frame_id": 27,
      "image_path": "frames/5vKPYV5w6pw_002077/images/000027.jpg",
      "accident_id": 0,
      "accident_name": "normal",
      "objects": []
    },
    {
      "frame_id": 28,
      "image_path": "frames/5vKPYV5w6pw_002077/images/000028.jpg",
      "accident_id": 5,
      "accident_name": "turning",
      "objects": [
        {
          "obj_track_id": 0,
          "bbox": [
            633.9278937381405,
            226.79316888045543,
            908.5388994307401,
            457.68500948766604
          ],
          "category": "truck",
          "category ID": 5,
          "trunc": false
        }
      ]
    },
    {
      "frame_id": 29,
      "image_path": "frames/5vKPYV5w6pw_002077/images/000029.jpg",
      "accident_id": 5,
      "accident_name": "turning",
      "objects": [
        {
          "obj_track_id": 0,
          "bbox": [
            636.2049335863378,
            226.79316888045543,
            917.19165085389,
            457.68500948766604
          ],
          "category": "truck",
          "category ID": 5,
          "trunc": false
        }
      ]
    },
    {
      "frame_id": 30,
      "image_path": "frames/5vKPYV5w6pw_002077/images/000030.jpg",
      "accident_id": 5,
      "accident_name": "turning",
      "objects": [
        {
          "obj_track_id": 0,
          "bbox": [
            638.4819734345351,
            226.79316888045543,
            925.84440227704,
            457.68500948766604
          ],
          "category": "truck",
          "category ID": 5,
          "trunc": false
        }
      ]
    },
    {
      "frame_id": 31,
      "image_path": "frames/5vKPYV5w6pw_002077/images/000031.jpg",
      "accident_id": 5,
      "accident_name": "turning",
      "objects": [
        {
          "obj_track_id": 0,
          "bbox": [
            640.7590132827324,
            226.79316888045543,
            934.4971537001899,
            457.68500948766604
          ],
          "category": "truck",
          "category ID": 5,
          "trunc": false
        }
      ]
    },
    {
      "frame_id": 32,
      "image_path": "frames/5vKPYV5w6pw_002077/images/000032.jpg",
      "accident_id": 5,
      "accident_name": "turning",
      "objects": [
        {
          "obj_track_id": 0,
          "bbox": [
            638.4819734345351,
            226.79316888045543,
            940.8728652751424,
            450.853889943074
          ],
          "category": "truck",
          "category ID": 5,
          "trunc": false
        }
      ]
    },
    {
      "frame_id": 33,
      "image_path": "frames/5vKPYV5w6pw_002077/images/000033.jpg",
      "accident_id": 5,
      "accident_name": "turning",
      "objects": [
        {
          "obj_track_id": 0,
          "bbox": [
            636.2049335863378,
            226.79316888045543,
            947.248576850095,
            444.022770398482
          ],
          "category": "truck",
          "category ID": 5,
          "trunc": false
        }
      ]
    },
    {
      "frame_id": 34,
      "image_path": "frames/5vKPYV5w6pw_002077/images/000034.jpg",
      "accident_id": 5,
      "accident_name": "turning",
      "objects": [
        {
          "obj_track_id": 0,
          "bbox": [
            633.9278937381405,
            226.79316888045543,
            953.6242884250476,
            437.19165085389
          ],
          "category": "truck",
          "category ID": 5,
          "trunc": false
        }
      ]
    },
    {
      "frame_id": 35,
      "image_path": "frames/5vKPYV5w6pw_002077/images/000035.jpg",
      "accident_id": 5,
      "accident_name": "turning",
      "objects": [
        {
          "obj_track_id": 0,
          "bbox": [
            633.9278937381405,
            226.79316888045543,
            959.5445920303607,
            437.19165085389
          ],
          "category": "truck",
          "category ID": 5,
          "trunc": false
        }
      ]
    },
    {
      "frame_id": 36,
      "image_path": "frames/5vKPYV5w6pw_002077/images/000036.jpg",
      "accident_id": 5,
      "accident_name": "turning",
      "objects": [
        {
          "obj_track_id": 0,
          "bbox": [
            633.9278937381405,
            226.79316888045543,
            965.4648956356737,
            437.19165085389
          ],
          "category": "truck",
          "category ID": 5,
          "trunc": false
        }
      ]
    },
    {
      "frame_id": 37,
      "image_path": "frames/5vKPYV5w6pw_002077/images/000037.jpg",
      "accident_id": 5,
      "accident_name": "turning",
      "objects": [
        {
          "obj_track_id": 0,
          "bbox": [
            633.9278937381405,
            226.79316888045543,
            971.3851992409868,
            437.19165085389
          ],
          "category": "truck",
          "category ID": 5,
          "trunc": false
        }
      ]
    },
    {
      "frame_id": 38,
      "image_path": "frames/5vKPYV5w6pw_002077/images/000038.jpg",
      "accident_id": 5,
      "accident_name": "turning",
      "objects": [
        {
          "obj_track_id": 0,
          "bbox": [
            635.2941176470589,
            226.79316888045543,
            978.2163187855788,
            434.45920303605317
          ],
          "category": "truck",
          "category ID": 5,
          "trunc": false
        }
      ]
    },
    {
      "frame_id": 39,
      "image_path": "frames/5vKPYV5w6pw_002077/images/000039.jpg",
      "accident_id": 5,
      "accident_name": "turning",
      "objects": [
        {
          "obj_track_id": 0,
          "bbox": [
            636.6603415559773,
            226.79316888045543,
            985.047438330171,
            431.72675521821634
          ],
          "category": "truck",
          "category ID": 5,
          "trunc": false
        }
      ]
    },
    {
      "frame_id": 40,
      "image_path": "frames/5vKPYV5w6pw_002077/images/000040.jpg",
      "accident_id": 5,
      "accident_name": "turning",
      "objects": [
        {
          "obj_track_id": 0,
          "bbox": [
            638.0265654648957,
            226.79316888045543,
            991.8785578747629,
            428.9943074003795
          ],
          "category": "truck",
          "category ID": 5,
          "trunc": false
        }
      ]
    },
    {
      "frame_id": 41,
      "image_path": "frames/5vKPYV5w6pw_002077/images/000041.jpg",
      "accident_id": 5,
      "accident_name": "turning",
      "objects": [
        {
          "obj_track_id": 0,
          "bbox": [
            638.0265654648957,
            226.79316888045543,
            998.2542694497155,
            424.89563567362427
          ],
          "category": "truck",
          "category ID": 5,
          "trunc": false
        }
      ]
    },
    {
      "frame_id": 42,
      "image_path": "frames/5vKPYV5w6pw_002077/images/000042.jpg",
      "accident_id": 5,
      "accident_name": "turning",
      "objects": [
        {
          "obj_track_id": 0,
          "bbox": [
            638.0265654648957,
            226.79316888045543,
            1004.629981024668,
            420.79696394686914
          ],
          "category": "truck",
          "category ID": 5,
          "trunc": false
        }
      ]
    },
    {
      "frame_id": 43,
      "image_path": "frames/5vKPYV5w6pw_002077/images/000043.jpg",
      "accident_id": 5,
      "accident_name": "turning",
      "objects": [
        {
          "obj_track_id": 0,
          "bbox": [
            638.0265654648957,
            226.79316888045543,
            1011.0056925996206,
            416.6982922201139
          ],
          "category": "truck",
          "category ID": 5,
          "trunc": false
        }
      ]
    },
    {
      "frame_id": 44,
      "image_path": "frames/5vKPYV5w6pw_002077/images/000044.jpg",
      "accident_id": 5,
      "accident_name": "turning",
      "objects": [
        {
          "obj_track_id": 0,
          "bbox": [
            641.6698292220115,
            226.79316888045543,
            1018.2922201138522,
            414.876660341556
          ],
          "category": "truck",
          "category ID": 5,
          "trunc": false
        }
      ]
    },
    {
      "frame_id": 45,
      "image_path": "frames/5vKPYV5w6pw_002077/images/000045.jpg",
      "accident_id": 5,
      "accident_name": "turning",
      "objects": [
        {
          "obj_track_id": 0,
          "bbox": [
            645.3130929791272,
            226.79316888045543,
            1025.5787476280836,
            413.05502846299817
          ],
          "category": "truck",
          "category ID": 5,
          "trunc": false
        }
      ]
    },
    {
      "frame_id": 46,
      "image_path": "frames/5vKPYV5w6pw_002077/images/000046.jpg",
      "accident_id": 5,
      "accident_name": "turning",
      "objects": [
        {
          "obj_track_id": 0,
          "bbox": [
            648.9563567362429,
            226.79316888045543,
            1032.865275142315,
            411.23339658444024
          ],
          "category": "truck",
          "category ID": 5,
          "trunc": false
        }
      ]
    },
    {
      "frame_id": 47,
      "image_path": "frames/5vKPYV5w6pw_002077/images/000047.jpg",
      "accident_id": 5,
      "accident_name": "turning",
      "objects": [
        {
          "obj_track_id": 0,
          "bbox": [
            650.3225806451613,
            226.79316888045543,
            1032.865275142315,
            408.5009487666034
          ],
          "category": "truck",
          "category ID": 5,
          "trunc": false
        }
      ]
    },
    {
      "frame_id": 48,
      "image_path": "frames/5vKPYV5w6pw_002077/images/000048.jpg",
      "accident_id": 5,
      "accident_name": "turning",
      "objects": [
        {
          "obj_track_id": 0,
          "bbox": [
            651.6888045540798,
            226.79316888045543,
            1032.865275142315,
            405.76850094876664
          ],
          "category": "truck",
          "category ID": 5,
          "trunc": false
        }
      ]
    },
    {
      "frame_id": 49,
      "image_path": "frames/5vKPYV5w6pw_002077/images/000049.jpg",
      "accident_id": 5,
      "accident_name": "turning",
      "objects": [
        {
          "obj_track_id": 0,
          "bbox": [
            663.9848197343454,
            226.79316888045543,
            1034.2314990512334,
            400.30360531309304
          ],
          "category": "truck",
          "category ID": 5,
          "trunc": false
        }
      ]
    },
    {
      "frame_id": 50,
      "image_path": "frames/5vKPYV5w6pw_002077/images/000050.jpg",
      "accident_id": 5,
      "accident_name": "turning",
      "objects": [
        {
          "obj_track_id": 0,
          "bbox": [
            676.2808349146111,
            226.79316888045543,
            1035.597722960152,
            394.8387096774194
          ],
          "category": "truck",
          "category ID": 5,
          "trunc": false
        }
      ]
    },
    {
      "frame_id": 51,
      "image_path": "frames/5vKPYV5w6pw_002077/images/000051.jpg",
      "accident_id": 5,
      "accident_name": "turning",
      "objects": [
        {
          "obj_track_id": 0,
          "bbox": [
            684.4781783681215,
            226.79316888045543,
            1041.7457305502846,
            390.056925996205
          ],
          "category": "truck",
          "category ID": 5,
          "trunc": false
        }
      ]
    },
    {
      "frame_id": 52,
      "image_path": "frames/5vKPYV5w6pw_002077/images/000052.jpg",
      "accident_id": 5,
      "accident_name": "turning",
      "objects": [
        {
          "obj_track_id": 0,
          "bbox": [
            692.675521821632,
            226.79316888045543,
            1047.8937381404176,
            385.27514231499055
          ],
          "category": "truck",
          "category ID": 5,
          "trunc": false
        },
        {
          "obj_track_id": 196,
          "bbox": [
            632.5616698292221,
            329.2599620493359,
            727.9627473806752,
            386.64136622390896
          ],
          "category": "car",
          "category ID": 3,
          "trunc": false
        }
      ]
    },
    {
      "frame_id": 53,
      "image_path": "frames/5vKPYV5w6pw_002077/images/000053.jpg",
      "accident_id": 5,
      "accident_name": "turning",
      "objects": [
        {
          "obj_track_id": 0,
          "bbox": [
            703.6053130929793,
            226.79316888045543,
            1051.992409867173,
            385.27514231499055
          ],
          "category": "truck",
          "category ID": 5,
          "trunc": false
        },
        {
          "obj_track_id": 196,
          "bbox": [
            598.406072106262,
            329.2599620493359,
            712.0372526193248,
            393.472485768501
          ],
          "category": "car",
          "category ID": 3,
          "trunc": false
        }
      ]
    },
    {
      "frame_id": 54,
      "image_path": "frames/5vKPYV5w6pw_002077/images/000054.jpg",
      "accident_id": 5,
      "accident_name": "turning",
      "objects": [
        {
          "obj_track_id": 0,
          "bbox": [
            714.5351043643265,
            226.79316888045543,
            1056.091081593928,
            385.27514231499055
          ],
          "category": "truck",
          "category ID": 5,
          "trunc": false
        },
        {
          "obj_track_id": 196,
          "bbox": [
            561.5180265654649,
            333.3586337760911,
            673.4807916181607,
            393.472485768501
          ],
          "category": "car",
          "category ID": 3,
          "trunc": false
        }
      ]
    },
    {
      "frame_id": 55,
      "image_path": "frames/5vKPYV5w6pw_002077/images/000055.jpg",
      "accident_id": 5,
      "accident_name": "turning",
      "objects": [
        {
          "obj_track_id": 0,
          "bbox": [
            725.4648956356737,
            226.79316888045543,
            1056.091081593928,
            385.27514231499055
          ],
          "category": "truck",
          "category ID": 5,
          "trunc": false
        },
        {
          "obj_track_id": 196,
          "bbox": [
            534.1935483870968,
            333.3586337760911,
            666.7172675521822,
            404.40227703984823
          ],
          "category": "car",
          "category ID": 3,
          "trunc": false
        }
      ]
    },
    {
      "frame_id": 56,
      "image_path": "frames/5vKPYV5w6pw_002077/images/000056.jpg",
      "accident_id": 5,
      "accident_name": "turning",
      "objects": [
        {
          "obj_track_id": 0,
          "bbox": [
            739.5825426944972,
            226.79316888045543,
            1056.091081593928,
            382.5426944971538
          ],
          "category": "truck",
          "category ID": 5,
          "trunc": false
        },
        {
          "obj_track_id": 196,
          "bbox": [
            499.35483870967744,
            329.9430740037951,
            640.7590132827324,
            407.13472485768506
          ],
          "category": "car",
          "category ID": 3,
          "trunc": false
        }
      ]
    },
    {
      "frame_id": 57,
      "image_path": "frames/5vKPYV5w6pw_002077/images/000057.jpg",
      "accident_id": 5,
      "accident_name": "turning",
      "objects": [
        {
          "obj_track_id": 0,
          "bbox": [
            753.7001897533207,
            226.79316888045543,
            1056.091081593928,
            379.81024667931695
          ],
          "category": "truck",
          "category ID": 5,
          "trunc": false
        },
        {
          "obj_track_id": 196,
          "bbox": [
            464.5161290322581,
            326.5275142314991,
            614.8007590132828,
            409.86717267552183
          ],
          "category": "car",
          "category ID": 3,
          "trunc": false
        }
      ]
    },
    {
      "frame_id": 58,
      "image_path": "frames/5vKPYV5w6pw_002077/images/000058.jpg",
      "accident_id": 5,
      "accident_name": "turning",
      "objects": [
        {
          "obj_track_id": 0,
          "bbox": [
            767.8178368121443,
            226.79316888045543,
            1056.091081593928,
            377.0777988614801
          ],
          "category": "truck",
          "category ID": 5,
          "trunc": false
        },
        {
          "obj_track_id": 196,
          "bbox": [
            430.3605313092979,
            329.9430740037951,
            590.2087286527515,
            417.3814041745731
          ],
          "category": "car",
          "category ID": 3,
          "trunc": false
        }
      ]
    },
    {
      "frame_id": 59,
      "image_path": "frames/5vKPYV5w6pw_002077/images/000059.jpg",
      "accident_id": 5,
      "accident_name": "turning",
      "objects": [
        {
          "obj_track_id": 0,
          "bbox": [
            786.944971537002,
            229.9810246679317,
            1056.091081593928,
            375.2561669829222
          ],
          "category": "truck",
          "category ID": 5,
          "trunc": false
        },
        {
          "obj_track_id": 196,
          "bbox": [
            396.2049335863378,
            333.3586337760911,
            565.6166982922202,
            424.8956356736243
          ],
          "category": "car",
          "category ID": 3,
          "trunc": false
        }
      ]
    },
    {
      "frame_id": 60,
      "image_path": "frames/5vKPYV5w6pw_002077/images/000060.jpg",
      "accident_id": 5,
      "accident_name": "turning",
      "objects": [
        {
          "obj_track_id": 0,
          "bbox": [
            806.0721062618596,
            233.168880455408,
            1056.091081593928,
            373.4345351043644
          ],
          "category": "truck",
          "category ID": 5,
          "trunc": false
        },
        {
          "obj_track_id": 196,
          "bbox": [
            360.68311195445926,
            331.30929791271353,
            538.2922201138522,
            430.360531309298
          ],
          "category": "car",
          "category ID": 3,
          "trunc": false
        }
      ]
    },
    {
      "frame_id": 61,
      "image_path": "frames/5vKPYV5w6pw_002077/images/000061.jpg",
      "accident_id": 5,
      "accident_name": "turning",
      "objects": [
        {
          "obj_track_id": 0,
          "bbox": [
            825.1992409867173,
            236.35673624288427,
            1056.091081593928,
            371.61290322580646
          ],
          "category": "truck",
          "category ID": 5,
          "trunc": false
        },
        {
          "obj_track_id": 196,
          "bbox": [
            325.16129032258067,
            329.2599620493359,
            510.96774193548396,
            435.8254269449716
          ],
          "category": "car",
          "category ID": 3,
          "trunc": false
        }
      ]
    },
    {
      "frame_id": 62,
      "image_path": "frames/5vKPYV5w6pw_002077/images/000062.jpg",
      "accident_id": 5,
      "accident_name": "turning",
      "objects": [
        {
          "obj_track_id": 0,
          "bbox": [
            886.6793168880456,
            236.35673624288427,
            1056.091081593928,
            371.61290322580646
          ],
          "category": "truck",
          "category ID": 5,
          "trunc": false
        },
        {
          "obj_track_id": 196,
          "bbox": [
            283.49146110056927,
            330.6261859582543,
            487.0588235294118,
            445.3889943074004
          ],
          "category": "car",
          "category ID": 3,
          "trunc": false
        }
      ]
    },
    {
      "frame_id": 63,
      "image_path": "frames/5vKPYV5w6pw_002077/images/000063.jpg",
      "accident_id": 5,
      "accident_name": "turning",
      "objects": [
        {
          "obj_track_id": 0,
          "bbox": [
            948.1593927893739,
            236.35673624288427,
            1056.091081593928,
            371.61290322580646
          ],
          "category": "truck",
          "category ID": 5,
          "trunc": false
        },
        {
          "obj_track_id": 196,
          "bbox": [
            241.8216318785579,
            331.99240986717274,
            463.14990512333975,
            454.95256166982927
          ],
          "category": "car",
          "category ID": 3,
          "trunc": false
        }
      ]
    },
    {
      "frame_id": 64,
      "image_path": "frames/5vKPYV5w6pw_002077/images/000064.jpg",
      "accident_id": 5,
      "accident_name": "turning",
      "objects": [
        {
          "obj_track_id": 0,
          "bbox": [
            873.0170777988616,
            236.35673624288427,
            1056.091081593928,
            371.61290322580646
          ],
          "category": "truck",
          "category ID": 5,
          "trunc": false
        },
        {
          "obj_track_id": 196,
          "bbox": [
            194.00379506641366,
            335.4079696394688,
            428.99430740037957,
            463.1499051233397
          ],
          "category": "car",
          "category ID": 3,
          "trunc": false
        }
      ]
    },
    {
      "frame_id": 65,
      "image_path": "frames/5vKPYV5w6pw_002077/images/000065.jpg",
      "accident_id": 5,
      "accident_name": "turning",
      "objects": [
        {
          "obj_track_id": 0,
          "bbox": [
            883.9468690702088,
            236.35673624288427,
            1056.091081593928,
            370.24667931688805
          ],
          "category": "truck",
          "category ID": 5,
          "trunc": false
        },
        {
          "obj_track_id": 196,
          "bbox": [
            146.18595825426945,
            338.8235294117648,
            394.83870967741944,
            471.3472485768501
          ],
          "category": "car",
          "category ID": 3,
          "trunc": false
        }
      ]
    },
    {
      "frame_id": 66,
      "image_path": "frames/5vKPYV5w6pw_002077/images/000066.jpg",
      "accident_id": 5,
      "accident_name": "turning",
      "objects": [
        {
          "obj_track_id": 0,
          "bbox": [
            891.8026565464896,
            238.74762808349146,
            1054.0417457305505,
            370.24667931688805
          ],
          "category": "truck",
          "category ID": 5,
          "trunc": false
        },
        {
          "obj_track_id": 196,
          "bbox": [
            81.97343453510436,
            342.23908918406084,
            362.0493358633777,
            476.12903225806457
          ],
          "category": "car",
          "category ID": 3,
          "trunc": false
        }
      ]
    },
    {
      "frame_id": 67,
      "image_path": "frames/5vKPYV5w6pw_002077/images/000067.jpg",
      "accident_id": 5,
      "accident_name": "turning",
      "objects": [
        {
          "obj_track_id": 0,
          "bbox": [
            899.6584440227705,
            241.1385199240987,
            1051.992409867173,
            370.24667931688805
          ],
          "category": "truck",
          "category ID": 5,
          "trunc": false
        },
        {
          "obj_track_id": 196,
          "bbox": [
            17.76091081593928,
            345.6546489563568,
            329.25996204933597,
            480.91081593927896
          ],
          "category": "car",
          "category ID": 3,
          "trunc": false
        }
      ]
    },
    {
      "frame_id": 68,
      "image_path": "frames/5vKPYV5w6pw_002077/images/000068.jpg",
      "accident_id": 5,
      "accident_name": "turning",
      "objects": [
        {
          "obj_track_id": 0,
          "bbox": [
            907.5142314990512,
            243.5294117647059,
            1049.9430740037951,
            370.24667931688805
          ],
          "category": "truck",
          "category ID": 5,
          "trunc": false
        },
        {
          "obj_track_id": 196,
          "bbox": [
            0,
            345.6546489563568,
            296.47058823529414,
            491.8406072106262
          ],
          "category": "car",
          "category ID": 3,
          "trunc": false
        }
      ]
    },
    {
      "frame_id": 69,
      "image_path": "frames/5vKPYV5w6pw_002077/images/000069.jpg",
      "accident_id": 5,
      "accident_name": "turning",
      "objects": [
        {
          "obj_track_id": 0,
          "bbox": [
            915.3700189753321,
            245.9203036053131,
            1047.8937381404176,
            370.24667931688805
          ],
          "category": "truck",
          "category ID": 5,
          "trunc": false
        }
      ]
    },
    {
      "frame_id": 70,
      "image_path": "frames/5vKPYV5w6pw_002077/images/000070.jpg",
      "accident_id": 5,
      "accident_name": "turning",
      "objects": [
        {
          "obj_track_id": 0,
          "bbox": [
            915.3700189753321,
            247.28652751423152,
            1044.7058823529412,
            368.88045540796963
          ],
          "category": "truck",
          "category ID": 5,
          "trunc": false
        }
      ]
    },
    {
      "frame_id": 71,
      "image_path": "frames/5vKPYV5w6pw_002077/images/000071.jpg",
      "accident_id": 5,
      "accident_name": "turning",
      "objects": [
        {
          "obj_track_id": 0,
          "bbox": [
            915.3700189753321,
            248.6527514231499,
            1041.518026565465,
            367.5142314990512
          ],
          "category": "truck",
          "category ID": 5,
          "trunc": false
        }
      ]
    },
    {
      "frame_id": 72,
      "image_path": "frames/5vKPYV5w6pw_002077/images/000072.jpg",
      "accident_id": 5,
      "accident_name": "turning",
      "objects": [
        {
          "obj_track_id": 0,
          "bbox": [
            915.3700189753321,
            250.01897533206832,
            1038.3301707779888,
            366.14800759013286
          ],
          "category": "truck",
          "category ID": 5,
          "trunc": false
        }
      ]
    },
    {
      "frame_id": 73,
      "image_path": "frames/5vKPYV5w6pw_002077/images/000073.jpg",
      "accident_id": 5,
      "accident_name": "turning",
      "objects": [
        {
          "obj_track_id": 0,
          "bbox": [
            915.3700189753321,
            250.70208728652753,
            1036.9639468690702,
            364.09867172675524
          ],
          "category": "truck",
          "category ID": 5,
          "trunc": false
        }
      ]
    },
    {
      "frame_id": 74,
      "image_path": "frames/5vKPYV5w6pw_002077/images/000074.jpg",
      "accident_id": 5,
      "accident_name": "turning",
      "objects": [
        {
          "obj_track_id": 0,
          "bbox": [
            915.3700189753321,
            251.38519924098674,
            1035.597722960152,
            362.0493358633776
          ],
          "category": "truck",
          "category ID": 5,
          "trunc": false
        }
      ]
    },
    {
      "frame_id": 75,
      "image_path": "frames/5vKPYV5w6pw_002077/images/000075.jpg",
      "accident_id": 5,
      "accident_name": "turning",
      "objects": [
        {
          "obj_track_id": 0,
          "bbox": [
            915.3700189753321,
            251.38519924098674,
            1030.1328273244783,
            360.6831119544592
          ],
          "category": "truck",
          "category ID": 5,
          "trunc": false
        }
      ]
    },
    {
      "frame_id": 76,
      "image_path": "frames/5vKPYV5w6pw_002077/images/000076.jpg",
      "accident_id": 5,
      "accident_name": "turning",
      "objects": [
        {
          "obj_track_id": 0,
          "bbox": [
            915.3700189753321,
            251.38519924098674,
            1024.6679316888046,
            359.3168880455408
          ],
          "category": "truck",
          "category ID": 5,
          "trunc": false
        }
      ]
    },
    {
      "frame_id": 77,
      "image_path": "frames/5vKPYV5w6pw_002077/images/000077.jpg",
      "accident_id": 5,
      "accident_name": "turning",
      "objects": [
        {
          "obj_track_id": 0,
          "bbox": [
            910.5882352941177,
            251.38519924098674,
            1021.9354838709678,
            359.3168880455408
          ],
          "category": "truck",
          "category ID": 5,
          "trunc": false
        }
      ]
    },
    {
      "frame_id": 78,
      "image_path": "frames/5vKPYV5w6pw_002077/images/000078.jpg",
      "accident_id": 5,
      "accident_name": "turning",
      "objects": [
        {
          "obj_track_id": 0,
          "bbox": [
            905.8064516129033,
            251.38519924098674,
            1019.203036053131,
            359.3168880455408
          ],
          "category": "truck",
          "category ID": 5,
          "trunc": false
        }
      ]
    },
    {
      "frame_id": 79,
      "image_path": "frames/5vKPYV5w6pw_002077/images/000079.jpg",
      "accident_id": 5,
      "accident_name": "turning",
      "objects": [
        {
          "obj_track_id": 0,
          "bbox": [
            904.4402277039849,
            263.6812144212524,
            1016.4705882352941,
            356.58444022770396
          ],
          "category": "truck",
          "category ID": 5,
          "trunc": false
        }
      ]
    },
    {
      "frame_id": 80,
      "image_path": "frames/5vKPYV5w6pw_002077/images/000080.jpg",
      "accident_id": 5,
      "accident_name": "turning",
      "objects": [
        {
          "obj_track_id": 0,
          "bbox": [
            897.6091081593928,
            256.85009487666036,
            1013.7381404174573,
            353.8519924098672
          ],
          "category": "truck",
          "category ID": 5,
          "trunc": false
        }
      ]
    },
    {
      "frame_id": 81,
      "image_path": "frames/5vKPYV5w6pw_002077/images/000081.jpg",
      "accident_id": 5,
      "accident_name": "turning",
      "objects": [
        {
          "obj_track_id": 0,
          "bbox": [
            895.5597722960152,
            256.85009487666036,
            1013.7381404174573,
            353.8519924098672
          ],
          "category": "truck",
          "category ID": 5,
          "trunc": false
        }
      ]
    },
    {
      "frame_id": 82,
      "image_path": "frames/5vKPYV5w6pw_002077/images/000082.jpg",
      "accident_id": 5,
      "accident_name": "turning",
      "objects": [
        {
          "obj_track_id": 0,
          "bbox": [
            893.5104364326377,
            256.85009487666036,
            1013.7381404174573,
            353.8519924098672
          ],
          "category": "truck",
          "category ID": 5,
          "trunc": false
        }
      ]
    },
    {
      "frame_id": 83,
      "image_path": "frames/5vKPYV5w6pw_002077/images/000083.jpg",
      "accident_id": 5,
      "accident_name": "turning",
      "objects": [
        {
          "obj_track_id": 0,
          "bbox": [
            891.2333965844404,
            257.3055028462998,
            1011.8026565464896,
            354.2314990512334
          ],
          "category": "truck",
          "category ID": 5,
          "trunc": false
        }
      ]
    },
    {
      "frame_id": 84,
      "image_path": "frames/5vKPYV5w6pw_002077/images/000084.jpg",
      "accident_id": 5,
      "accident_name": "turning",
      "objects": [
        {
          "obj_track_id": 0,
          "bbox": [
            888.9563567362429,
            257.76091081593927,
            1009.8671726755218,
            354.61100569259963
          ],
          "category": "truck",
          "category ID": 5,
          "trunc": false
        }
      ]
    },
    {
      "frame_id": 85,
      "image_path": "frames/5vKPYV5w6pw_002077/images/000085.jpg",
      "accident_id": 5,
      "accident_name": "turning",
      "objects": [
        {
          "obj_track_id": 0,
          "bbox": [
            886.6793168880456,
            258.2163187855788,
            1007.9316888045541,
            354.99051233396585
          ],
          "category": "truck",
          "category ID": 5,
          "trunc": false
        }
      ]
    },
    {
      "frame_id": 86,
      "image_path": "frames/5vKPYV5w6pw_002077/images/000086.jpg",
      "accident_id": 5,
      "accident_name": "turning",
      "objects": [
        {
          "obj_track_id": 0,
          "bbox": [
            884.4022770398483,
            258.67172675521823,
            1005.9962049335863,
            355.3700189753321
          ],
          "category": "truck",
          "category ID": 5,
          "trunc": false
        }
      ]
    },
    {
      "frame_id": 87,
      "image_path": "frames/5vKPYV5w6pw_002077/images/000087.jpg",
      "accident_id": 5,
      "accident_name": "turning",
      "objects": [
        {
          "obj_track_id": 0,
          "bbox": [
            882.125237191651,
            259.1271347248577,
            1004.0607210626187,
            355.7495256166983
          ],
          "category": "truck",
          "category ID": 5,
          "trunc": false
        }
      ]
    },
    {
      "frame_id": 88,
      "image_path": "frames/5vKPYV5w6pw_002077/images/000088.jpg",
      "accident_id": 5,
      "accident_name": "turning",
      "objects": [
        {
          "obj_track_id": 0,
          "bbox": [
            879.8481973434536,
            259.5825426944972,
            1002.125237191651,
            356.1290322580645
          ],
          "category": "truck",
          "category ID": 5,
          "trunc": false
        }
      ]
    },
    {
      "frame_id": 89,
      "image_path": "frames/5vKPYV5w6pw_002077/images/000089.jpg",
      "accident_id": 5,
      "accident_name": "turning",
      "objects": [
        {
          "obj_track_id": 0,
          "bbox": [
            877.5711574952562,
            260.03795066413664,
            1000.1897533206832,
            356.50853889943073
          ],
          "category": "truck",
          "category ID": 5,
          "trunc": false
        }
      ]
    },
    {
      "frame_id": 90,
      "image_path": "frames/5vKPYV5w6pw_002077/images/000090.jpg",
      "accident_id": 5,
      "accident_name": "turning",
      "objects": [
        {
          "obj_track_id": 0,
          "bbox": [
            875.2941176470589,
            260.4933586337761,
            998.2542694497155,
            356.88804554079695
          ],
          "category": "truck",
          "category ID": 5,
          "trunc": false
        }
      ]
    },
    {
      "frame_id": 91,
      "image_path": "frames/5vKPYV5w6pw_002077/images/000091.jpg",
      "accident_id": 5,
      "accident_name": "turning",
      "objects": [
        {
          "obj_track_id": 0,
          "bbox": [
            873.0170777988616,
            260.94876660341555,
            996.3187855787478,
            357.2675521821632
          ],
          "category": "truck",
          "category ID": 5,
          "trunc": false
        }
      ]
    },
    {
      "frame_id": 92,
      "image_path": "frames/5vKPYV5w6pw_002077/images/000092.jpg",
      "accident_id": 5,
      "accident_name": "turning",
      "objects": [
        {
          "obj_track_id": 0,
          "bbox": [
            870.7400379506641,
            261.404174573055,
            994.3833017077799,
            357.6470588235294
          ],
          "category": "truck",
          "category ID": 5,
          "trunc": false
        }
      ]
    },
    {
      "frame_id": 93,
      "image_path": "frames/5vKPYV5w6pw_002077/images/000093.jpg",
      "accident_id": 5,
      "accident_name": "turning",
      "objects": [
        {
          "obj_track_id": 0,
          "bbox": [
            868.4629981024668,
            261.8595825426945,
            992.4478178368122,
            358.0265654648956
          ],
          "category": "truck",
          "category ID": 5,
          "trunc": false
        }
      ]
    },
    {
      "frame_id": 94,
      "image_path": "frames/5vKPYV5w6pw_002077/images/000094.jpg",
      "accident_id": 5,
      "accident_name": "turning",
      "objects": [
        {
          "obj_track_id": 0,
          "bbox": [
            866.1859582542695,
            262.31499051233396,
            990.5123339658445,
            358.40607210626183
          ],
          "category": "truck",
          "category ID": 5,
          "trunc": false
        }
      ]
    },
    {
      "frame_id": 95,
      "image_path": "frames/5vKPYV5w6pw_002077/images/000095.jpg",
      "accident_id": 5,
      "accident_name": "turning",
      "objects": [
        {
          "obj_track_id": 0,
          "bbox": [
            865.2751423149906,
            262.7703984819734,
            990.2390891840608,
            358.78557874762805
          ],
          "category": "truck",
          "category ID": 5,
          "trunc": false
        }
      ]
    },
    {
      "frame_id": 96,
      "image_path": "frames/5vKPYV5w6pw_002077/images/000096.jpg",
      "accident_id": 5,
      "accident_name": "turning",
      "objects": [
        {
          "obj_track_id": 0,
          "bbox": [
            864.3643263757117,
            263.2258064516129,
            989.9658444022772,
            359.16508538899427
          ],
          "category": "truck",
          "category ID": 5,
          "trunc": false
        }
      ]
    },
    {
      "frame_id": 97,
      "image_path": "frames/5vKPYV5w6pw_002077/images/000097.jpg",
      "accident_id": 5,
      "accident_name": "turning",
      "objects": [
        {
          "obj_track_id": 0,
          "bbox": [
            863.4535104364327,
            263.6812144212524,
            989.6925996204934,
            359.5445920303605
          ],
          "category": "truck",
          "category ID": 5,
          "trunc": false
        }
      ]
    },
    {
      "frame_id": 98,
      "image_path": "frames/5vKPYV5w6pw_002077/images/000098.jpg",
      "accident_id": 5,
      "accident_name": "turning",
      "objects": [
        {
          "obj_track_id": 0,
          "bbox": [
            862.5426944971538,
            264.1366223908919,
            989.4193548387098,
            359.92409867172677
          ],
          "category": "truck",
          "category ID": 5,
          "trunc": false
        }
      ]
    },
    {
      "frame_id": 99,
      "image_path": "frames/5vKPYV5w6pw_002077/images/000099.jpg",
      "accident_id": 5,
      "accident_name": "turning",
      "objects": [
        {
          "obj_track_id": 0,
          "bbox": [
            861.6318785578749,
            264.59203036053134,
            989.1461100569261,
            360.303605313093
          ],
          "category": "truck",
          "category ID": 5,
          "trunc": false
        }
      ]
    },
    {
      "frame_id": 100,
      "image_path": "frames/5vKPYV5w6pw_002077/images/000100.jpg",
      "accident_id": 5,
      "accident_name": "turning",
      "objects": [
        {
          "obj_track_id": 0,
          "bbox": [
            860.721062618596,
            265.0474383301708,
            985.0474383301708,
            360.6831119544592
          ],
          "category": "truck",
          "category ID": 5,
          "trunc": false
        }
      ]
    },
    {
      "frame_id": 101,
      "image_path": "frames/5vKPYV5w6pw_002077/images/000101.jpg",
      "accident_id": 5,
      "accident_name": "turning",
      "objects": [
        {
          "obj_track_id": 0,
          "bbox": [
            860.721062618596,
            265.0474383301708,
            984.6570886419084,
            360.6831119544592
          ],
          "category": "truck",
          "category ID": 5,
          "trunc": false
        }
      ]
    },
    {
      "frame_id": 102,
      "image_path": "frames/5vKPYV5w6pw_002077/images/000102.jpg",
      "accident_id": 5,
      "accident_name": "turning",
      "objects": [
        {
          "obj_track_id": 0,
          "bbox": [
            860.721062618596,
            265.0474383301708,
            984.266738953646,
            360.6831119544592
          ],
          "category": "truck",
          "category ID": 5,
          "trunc": false
        }
      ]
    },
    {
      "frame_id": 103,
      "image_path": "frames/5vKPYV5w6pw_002077/images/000103.jpg",
      "accident_id": 5,
      "accident_name": "turning",
      "objects": [
        {
          "obj_track_id": 0,
          "bbox": [
            860.721062618596,
            265.0474383301708,
            983.8763892653836,
            360.6831119544592
          ],
          "category": "truck",
          "category ID": 5,
          "trunc": false
        }
      ]
    },
    {
      "frame_id": 104,
      "image_path": "frames/5vKPYV5w6pw_002077/images/000104.jpg",
      "accident_id": 5,
      "accident_name": "turning",
      "objects": [
        {
          "obj_track_id": 0,
          "bbox": [
            860.721062618596,
            265.0474383301708,
            983.4860395771212,
            360.6831119544592
          ],
          "category": "truck",
          "category ID": 5,
          "trunc": false
        }
      ]
    },
    {
      "frame_id": 105,
      "image_path": "frames/5vKPYV5w6pw_002077/images/000105.jpg",
      "accident_id": 5,
      "accident_name": "turning",
      "objects": [
        {
          "obj_track_id": 0,
          "bbox": [
            860.721062618596,
            265.0474383301708,
            983.0956898888588,
            360.6831119544592
          ],
          "category": "truck",
          "category ID": 5,
          "trunc": false
        }
      ]
    },
    {
      "frame_id": 106,
      "image_path": "frames/5vKPYV5w6pw_002077/images/000106.jpg",
      "accident_id": 5,
      "accident_name": "turning",
      "objects": [
        {
          "obj_track_id": 0,
          "bbox": [
            860.721062618596,
            265.0474383301708,
            982.7053402005964,
            360.6831119544592
          ],
          "category": "truck",
          "category ID": 5,
          "trunc": false
        }
      ]
    },
    {
      "frame_id": 107,
      "image_path": "frames/5vKPYV5w6pw_002077/images/000107.jpg",
      "accident_id": 5,
      "accident_name": "turning",
      "objects": [
        {
          "obj_track_id": 0,
          "bbox": [
            860.721062618596,
            265.0474383301708,
            982.314990512334,
            360.6831119544592
          ],
          "category": "truck",
          "category ID": 5,
          "trunc": false
        }
      ]
    },
    {
      "frame_id": 108,
      "image_path": "frames/5vKPYV5w6pw_002077/images/000108.jpg",
      "accident_id": 5,
      "accident_name": "turning",
      "objects": [
        {
          "obj_track_id": 0,
          "bbox": [
            851.8406072106263,
            265.0474383301708,
            980.2656546489565,
            366.1480075901328
          ],
          "category": "truck",
          "category ID": 5,
          "trunc": false
        }
      ]
    },
    {
      "frame_id": 109,
      "image_path": "frames/5vKPYV5w6pw_002077/images/000109.jpg",
      "accident_id": 5,
      "accident_name": "turning",
      "objects": [
        {
          "obj_track_id": 0,
          "bbox": [
            842.9601518026566,
            265.0474383301708,
            978.2163187855788,
            371.61290322580646
          ],
          "category": "truck",
          "category ID": 5,
          "trunc": false
        }
      ]
    },
    {
      "frame_id": 110,
      "image_path": "frames/5vKPYV5w6pw_002077/images/000110.jpg",
      "accident_id": 5,
      "accident_name": "turning",
      "objects": [
        {
          "obj_track_id": 0,
          "bbox": [
            841.5939278937382,
            265.0474383301708,
            975.483870967742,
            371.61290322580646
          ],
          "category": "truck",
          "category ID": 5,
          "trunc": false
        }
      ]
    },
    {
      "frame_id": 111,
      "image_path": "frames/5vKPYV5w6pw_002077/images/000111.jpg",
      "accident_id": 5,
      "accident_name": "turning",
      "objects": [
        {
          "obj_track_id": 0,
          "bbox": [
            840.2277039848198,
            265.0474383301708,
            972.7514231499051,
            371.61290322580646
          ],
          "category": "truck",
          "category ID": 5,
          "trunc": false
        }
      ]
    },
    {
      "frame_id": 112,
      "image_path": "frames/5vKPYV5w6pw_002077/images/000112.jpg",
      "accident_id": 5,
      "accident_name": "turning",
      "objects": [
        {
          "obj_track_id": 0,
          "bbox": [
            838.8614800759013,
            265.0474383301708,
            970.0189753320684,
            371.61290322580646
          ],
          "category": "truck",
          "category ID": 5,
          "trunc": false
        }
      ]
    },
    {
      "frame_id": 113,
      "image_path": "frames/5vKPYV5w6pw_002077/images/000113.jpg",
      "accident_id": 5,
      "accident_name": "turning",
      "objects": [
        {
          "obj_track_id": 0,
          "bbox": [
            837.4952561669829,
            265.0474383301708,
            967.2865275142316,
            371.61290322580646
          ],
          "category": "truck",
          "category ID": 5,
          "trunc": false
        }
      ]
    },
    {
      "frame_id": 114,
      "image_path": "frames/5vKPYV5w6pw_002077/images/000114.jpg",
      "accident_id": 5,
      "accident_name": "turning",
      "objects": [
        {
          "obj_track_id": 0,
          "bbox": [
            834.3074003795067,
            265.0474383301708,
            964.5540796963948,
            371.61290322580646
          ],
          "category": "truck",
          "category ID": 5,
          "trunc": false
        }
      ]
    },
    {
      "frame_id": 115,
      "image_path": "frames/5vKPYV5w6pw_002077/images/000115.jpg",
      "accident_id": 0,
      "accident_name": "normal",
      "objects": []
    },
    {
      "frame_id": 116,
      "image_path": "frames/5vKPYV5w6pw_002077/images/000116.jpg",
      "accident_id": 0,
      "accident_name": "normal",
      "objects": []
    },
    {
      "frame_id": 117,
      "image_path": "frames/5vKPYV5w6pw_002077/images/000117.jpg",
      "accident_id": 0,
      "accident_name": "normal",
      "objects": []
    },
    {
      "frame_id": 118,
      "image_path": "frames/5vKPYV5w6pw_002077/images/000118.jpg",
      "accident_id": 0,
      "accident_name": "normal",
      "objects": []
    },
    {
      "frame_id": 119,
      "image_path": "frames/5vKPYV5w6pw_002077/images/000119.jpg",
      "accident_id": 0,
      "accident_name": "normal",
      "objects": []
    },
    {
      "frame_id": 120,
      "image_path": "frames/5vKPYV5w6pw_002077/images/000120.jpg",
      "accident_id": 0,
      "accident_name": "normal",
      "objects": []
    },
    {
      "frame_id": 121,
      "image_path": "frames/5vKPYV5w6pw_002077/images/000121.jpg",
      "accident_id": 0,
      "accident_name": "normal",
      "objects": []
    },
    {
      "frame_id": 122,
      "image_path": "frames/5vKPYV5w6pw_002077/images/000122.jpg",
      "accident_id": 0,
      "accident_name": "normal",
      "objects": []
    },
    {
      "frame_id": 123,
      "image_path": "frames/5vKPYV5w6pw_002077/images/000123.jpg",
      "accident_id": 0,
      "accident_name": "normal",
      "objects": []
    },
    {
      "frame_id": 124,
      "image_path": "frames/5vKPYV5w6pw_002077/images/000124.jpg",
      "accident_id": 0,
      "accident_name": "normal",
      "objects": []
    },
    {
      "frame_id": 125,
      "image_path": "frames/5vKPYV5w6pw_002077/images/000125.jpg",
      "accident_id": 0,
      "accident_name": "normal",
      "objects": []
    },
    {
      "frame_id": 126,
      "image_path": "frames/5vKPYV5w6pw_002077/images/000126.jpg",
      "accident_id": 0,
      "accident_name": "normal",
      "objects": []
    },
    {
      "frame_id": 127,
      "image_path": "frames/5vKPYV5w6pw_002077/images/000127.jpg",
      "accident_id": 0,
      "accident_name": "normal",
      "objects": []
    }
  ]
}