{
  "video_name": "5vKPYV5w6pw_000181",
  "channel": "CarCrashesTime",
  "num_frames": 113,
  "ignore": false,
  "ego_involve": true,
  "night": false,
  "anomaly_start": 57,
  "anomaly_end": 76,
  "video_start": 181,
  "video_end": 293,
  "accident_id": "5",
  "accident_name": "turning",
  "labels": [
    {
      "frame_id": 0,
      "image_path": "frames/5vKPYV5w6pw_000181/images/000000.jpg",
      "accident_id": 0,
      "accident_name": "normal",
      "objects": []
    },
    {
      "frame_id": 1,
      "image_path": "frames/5vKPYV5w6pw_000181/images/000001.jpg",
      "accident_id": 0,
      "accident_name": "normal",
      "objects": []
    },
    {
      "frame_id": 2,
      "image_path": "frames/5vKPYV5w6pw_000181/images/000002.jpg",
      "accident_id": 0,
      "accident_name": "normal",
      "objects": []
    },
    {
      "frame_id": 3,
      "image_path": "frames/5vKPYV5w6pw_000181/images/000003.jpg",
      "accident_id": 0,
      "accident_name": "normal",
      "objects": []
    },
    {
      "frame_id": 4,
      "image_path": "frames/5vKPYV5w6pw_000181/images/000004.jpg",
      "accident_id": 0,
      "accident_name": "normal",
      "objects": []
    },
    {
      "frame_id": 5,
      "image_path": "frames/5vKPYV5w6pw_000181/images/000005.jpg",
      "accident_id": 0,
      "accident_name": "normal",
      "objects": []
    },
    {
      "frame_id": 6,
      "image_path": "frames/5vKPYV5w6pw_000181/images/000006.jpg",
      "accident_id": 0,
      "accident_name": "normal",
      "objects": []
    },
    {
      "frame_id": 7,
      "image_path": "frames/5vKPYV5w6pw_000181/images/000007.jpg",
      "accident_id": 0,
      "accident_name": "normal",
      "objects": []
    },
    {
      "frame_id": 8,
      "image_path": "frames/5vKPYV5w6pw_000181/images/000008.jpg",
      "accident_id": 0,
      "accident_name": "normal",
      "objects": []
    },
    {
      "frame_id": 9,
      "image_path": "frames/5vKPYV5w6pw_000181/images/000009.jpg",
      "accident_id": 0,
      "accident_name": "normal",
      "objects": []
    },
    {
      "frame_id": 10,
      "image_path": "frames/5vKPYV5w6pw_000181/images/000010.jpg",
      "accident_id": 0,
      "accident_name": "normal",
      "objects": []
    },
    {
      "frame_id": 11,
      "image_path": "frames/5vKPYV5w6pw_000181/images/000011.jpg",
      "accident_id": 0,
      "accident_name": "normal",
      "objects": []
    },
    {
      "frame_id": 12,
      "image_path": "frames/5vKPYV5w6pw_000181/images/000012.jpg",
      "accident_id": 0,
      "accident_name": "normal",
      "objects": []
    },
    {
      "frame_id": 13,
      "image_path": "frames/5vKPYV5w6pw_000181/images/000013.jpg",
      "accident_id": 0,
      "accident_name": "normal",
      "objects": []
    },
    {
      "frame_id": 14,
      "image_path": "frames/5vKPYV5w6pw_000181/images/000014.jpg",
      "accident_id": 0,
      "accident_name": "normal",
      "objects": []
    },
    {
      "frame_id": 15,
      "image_path": "frames/5vKPYV5w6pw_000181/images/000015.jpg",
      "accident_id": 0,
      "accident_name": "normal",
      "objects": []
    },
    {
      "frame_id": 16,
      "image_path": "frames/5vKPYV5w6pw_000181/images/000016.jpg",
      "accident_id": 0,
      "accident_name": "normal",
      "objects": []
    },
    {
      "frame_id": 17,
      "image_path": "frames/5vKPYV5w6pw_000181/images/000017.jpg",
      "accident_id": 0,
      "accident_name": "normal",
      "objects": []
    },
    {
      "frame_id": 18,
      "image_path": "frames/5vKPYV5w6pw_000181/images/000018.jpg",
      "accident_id": 0,
      "accident_name": "normal",
      "objects": []
    },
    {
      "frame_id": 19,
      "image_path": "frames/5vKPYV5w6pw_000181/images/000019.jpg",
      "accident_id": 0,
      "accident_name": "normal",
      "objects": []
    },
    {
      "frame_id": 20,
      "image_path": "frames/5vKPYV5w6pw_000181/images/000020.jpg",
      "accident_id": 0,
      "accident_name": "normal",
      "objects": []
    },
    {
      "frame_id": 21,
      "image_path": "frames/5vKPYV5w6pw_000181/images/000021.jpg",
      "accident_id": 0,
      "accident_name": "normal",
      "objects": []
    },
    {
      "frame_id": 22,
      "image_path": "frames/5vKPYV5w6pw_000181/images/000022.jpg",
      "accident_id": 0,
      "accident_name": "normal",
      "objects": []
    },
    {
      "frame_id": 23,
      "image_path": "frames/5vKPYV5w6pw_000181/images/000023.jpg",
      "accident_id": 0,
      "accident_name": "normal",
      "objects": []
    },
    {
      "frame_id": 24,
      "image_path": "frames/5vKPYV5w6pw_000181/images/000024.jpg",
      "accident_id": 0,
      "accident_name": "normal",
      "objects": []
    },
    {
      "frame_id": 25,
      "image_path": "frames/5vKPYV5w6pw_000181/images/000025.jpg",
      "accident_id": 0,
      "accident_name": "normal",
      "objects": []
    },
    {
      "frame_id": 26,
      "image_path": "frames/5vKPYV5w6pw_000181/images/000026.jpg",
      "accident_id": 0,
      "accident_name": "normal",
      "objects": []
    },
    {
      "frame_id": 27,
      "image_path": "frames/5vKPYV5w6pw_000181/images/000027.jpg",
      "accident_id": 0,
      "accident_name": "normal",
      "objects": []
    },
    {
      "frame_id": 28,
      "image_path": "frames/5vKPYV5w6pw_000181/images/000028.jpg",
      "accident_id": 0,
      "accident_name": "normal",
      "objects": []
    },
    {
      "frame_id": 29,
      "image_path": "frames/5vKPYV5w6pw_000181/images/000029.jpg",
      "accident_id": 0,
      "accident_name": "normal",
      "objects": []
    },
    {
      "frame_id": 30,
      "image_path": "frames/5vKPYV5w6pw_000181/images/000030.jpg",
      "accident_id": 0,
      "accident_name": "normal",
      "objects": []
    },
    {
      "frame_id": 31,
      "image_path": "frames/5vKPYV5w6pw_000181/images/000031.jpg",
      "accident_id": 0,
      "accident_name": "normal",
      "objects": []
    },
    {
      "frame_id": 32,
      "image_path": "frames/5vKPYV5w6pw_000181/images/000032.jpg",
      "accident_id": 0,
      "accident_name": "normal",
      "objects": []
    },
    {
      "frame_id": 33,
      "image_path": "frames/5vKPYV5w6pw_000181/images/000033.jpg",
      "accident_id": 0,
      "accident_name": "normal",
      "objects": []
    },
    {
      "frame_id": 34,
      "image_path": "frames/5vKPYV5w6pw_000181/images/000034.jpg",
      "accident_id": 0,
      "accident_name": "normal",
      "objects": []
    },
    {
      "frame_id": 35,
      "image_path": "frames/5vKPYV5w6pw_000181/images/000035.jpg",
      "accident_id": 0,
      "accident_name": "normal",
      "objects": []
    },
    {
      "frame_id": 36,
      "image_path": "frames/5vKPYV5w6pw_000181/images/000036.jpg",
      "accident_id": 0,
      "accident_name": "normal",
      "objects": []
    },
    {
      "frame_id": 37,
      "image_path": "frames/5vKPYV5w6pw_000181/images/000037.jpg",
      "accident_id": 0,
      "accident_name": "normal",
      "objects": []
    },
    {
      "frame_id": 38,
      "image_path": "frames/5vKPYV5w6pw_000181/images/000038.jpg",
      "accident_id": 0,
      "accident_name": "normal",
      "objects": []
    },
    {
      "frame_id": 39,
      "image_path": "frames/5vKPYV5w6pw_000181/images/000039.jpg",
      "accident_id": 0,
      "accident_name": "normal",
      "objects": []
    },
    {
      "frame_id": 40,
      "image_path": "frames/5vKPYV5w6pw_000181/images/000040.jpg",
      "accident_id": 0,
      "accident_name": "normal",
      "objects": []
    },
    {
      "frame_id": 41,
      "image_path": "frames/5vKPYV5w6pw_000181/images/000041.jpg",
      "accident_id": 0,
      "accident_name": "normal",
      "objects": []
    },
    {
      "frame_id": 42,
      "image_path": "frames/5vKPYV5w6pw_000181/images/000042.jpg",
      "accident_id": 0,
      "accident_name": "normal",
      "objects": []
    },
    {
      "frame_id": 43,
      "image_path": "frames/5vKPYV5w6pw_000181/images/000043.jpg",
      "accident_id": 0,
      "accident_name": "normal",
      "objects": []
    },
    {
      "frame_id": 44,
      "image_path": "frames/5vKPYV5w6pw_000181/images/000044.jpg",
      "accident_id": 0,
      "accident_name": "normal",
      "objects": []
    },
    {
      "frame_id": 45,
      "image_path": "frames/5vKPYV5w6pw_000181/images/000045.jpg",
      "accident_id": 0,
      "accident_name": "normal",
      "objects": []
    },
    {
      "frame_id": 46,
      "image_path": "frames/5vKPYV5w6pw_000181/images/000046.jpg",
      "accident_id": 0,
      "accident_name": "normal",
      "objects": []
    },
    {
      "frame_id": 47,
      "image_path": "frames/5vKPYV5w6pw_000181/images/000047.jpg",
      "accident_id": 0,
      "accident_name": "normal",
      "objects": []
    },
    {
      "frame_id": 48,
      "image_path": "frames/5vKPYV5w6pw_000181/images/000048.jpg",
      "accident_id": 0,
      "accident_name": "normal",
      "objects": []
    },
    {
      "frame_id": 49,
      "image_path": "frames/5vKPYV5w6pw_000181/images/000049.jpg",
      "accident_id": 0,
      "accident_name": "normal",
      "objects": []
    },
    {
      "frame_id": 50,
      "image_path": "frames/5vKPYV5w6pw_000181/images/000050.jpg",
      "accident_id": 0,
      "accident_name": "normal",
      "objects": []
    },
    {
      "frame_id": 51,
      "image_path": "frames/5vKPYV5w6pw_000181/images/000051.jpg",
      "accident_id": 0,
      "accident_name": "normal",
      "objects": []
    },
    {
      "frame_id": 52,
      "image_path": "frames/5vKPYV5w6pw_000181/images/000052.jpg",
      "accident_id": 0,
      "accident_name": "normal",
      "objects": []
    },
    {
      "frame_id": 53,
      "image_path": "frames/5vKPYV5w6pw_000181/images/000053.jpg",
      "accident_id": 0,
      "accident_name": "normal",
      "objects": []
    },
    {
      "frame_id": 54,
      "image_path": "frames/5vKPYV5w6pw_000181/images/000054.jpg",
      "accident_id": 0,
      "accident_name": "normal",
      "objects": []
    },
    {
      "frame_id": 55,
      "image_path": "frames/5vKPYV5w6pw_000181/images/000055.jpg",
      "accident_id": 0,
      "accident_name": "normal",
      "objects": []
    },
    {
      "frame_id": 56,
      "image_path": "frames/5vKPYV5w6pw_000181/images/000056.jpg",
      "accident_id": 0,
      "accident_name": "normal",
      "objects": []
    },
    {
      "frame_id": 57,
      "image_path": "frames/5vKPYV5w6pw_000181/images/000057.jpg",
      "accident_id": 5,
      "accident_name": "turning",
      "objects": [
        {
          "obj_track_id": 0,
          "bbox": [
            408.03234501347714,
            335.74123989218333,
            503.1266846361186,
            371.6442048517521
          ],
          "category": "car",
          "category ID": 3,
          "trunc": false
        },
        {
          "obj_track_id": 57,
          "bbox": [
            539.0296495956874,
            304.69002695417794,
            604.0431266846361,
            362.91105121293805
          ],
          "category": "bus",
          "category ID": 4,
          "trunc": false
        }
      ]
    },
    {
      "frame_id": 58,
      "image_path": "frames/5vKPYV5w6pw_000181/images/000058.jpg",
      "accident_id": 5,
      "accident_name": "turning",
      "objects": [
        {
          "obj_track_id": 0,
          "bbox": [
            412.8840970350405,
            333.80053908355796,
            511.85983827493266,
            369.7035040431267
          ],
          "category": "car",
          "category ID": 3,
          "trunc": false
        },
        {
          "obj_track_id": 57,
          "bbox": [
            538.0592991913747,
            301.77897574123995,
            599.1913746630728,
            362.91105121293805
          ],
          "category": "bus",
          "category ID": 4,
          "trunc": false
        }
      ]
    },
    {
      "frame_id": 59,
      "image_path": "frames/5vKPYV5w6pw_000181/images/000059.jpg",
      "accident_id": 5,
      "accident_name": "turning",
      "objects": [
        {
          "obj_track_id": 0,
          "bbox": [
            418.7061994609165,
            332.83018867924534,
            520.5929919137467,
            370.6738544474394
          ],
          "category": "car",
          "category ID": 3,
          "trunc": false
        },
        {
          "obj_track_id": 57,
          "bbox": [
            534.177897574124,
            299.8382749326146,
            599.1913746630728,
            362.91105121293805
          ],
          "category": "bus",
          "category ID": 4,
          "trunc": false
        }
      ]
    },
    {
      "frame_id": 60,
      "image_path": "frames/5vKPYV5w6pw_000181/images/000060.jpg",
      "accident_id": 5,
      "accident_name": "turning",
      "objects": [
        {
          "obj_track_id": 0,
          "bbox": [
            428.4097035040432,
            332.83018867924534,
            527.3854447439354,
            370.6738544474394
          ],
          "category": "car",
          "category ID": 3,
          "trunc": false
        },
        {
          "obj_track_id": 57,
          "bbox": [
            529.3261455525607,
            298.8679245283019,
            596.2803234501348,
            362.91105121293805
          ],
          "category": "bus",
          "category ID": 4,
          "trunc": false
        }
      ]
    },
    {
      "frame_id": 61,
      "image_path": "frames/5vKPYV5w6pw_000181/images/000061.jpg",
      "accident_id": 5,
      "accident_name": "turning",
      "objects": [
        {
          "obj_track_id": 0,
          "bbox": [
            432.29110512129387,
            331.85983827493266,
            534.177897574124,
            371.6442048517521
          ],
          "category": "car",
          "category ID": 3,
          "trunc": false
        },
        {
          "obj_track_id": 57,
          "bbox": [
            524.4743935309973,
            295.9568733153639,
            594.3396226415095,
            365.82210242587604
          ],
          "category": "bus",
          "category ID": 4,
          "trunc": false
        }
      ]
    },
    {
      "frame_id": 62,
      "image_path": "frames/5vKPYV5w6pw_000181/images/000062.jpg",
      "accident_id": 5,
      "accident_name": "turning",
      "objects": [
        {
          "obj_track_id": 0,
          "bbox": [
            441.02425876010784,
            331.85983827493266,
            541.9407008086254,
            373.5849056603774
          ],
          "category": "car",
          "category ID": 3,
          "trunc": false
        },
        {
          "obj_track_id": 57,
          "bbox": [
            520.5929919137467,
            294.9865229110512,
            590.4582210242588,
            367.7628032345014
          ],
          "category": "bus",
          "category ID": 4,
          "trunc": false
        }
      ]
    },
    {
      "frame_id": 63,
      "image_path": "frames/5vKPYV5w6pw_000181/images/000063.jpg",
      "accident_id": 5,
      "accident_name": "turning",
      "objects": [
        {
          "obj_track_id": 0,
          "bbox": [
            448.7870619946092,
            331.85983827493266,
            551.6442048517521,
            373.5849056603774
          ],
          "category": "car",
          "category ID": 3,
          "trunc": false
        },
        {
          "obj_track_id": 57,
          "bbox": [
            516.711590296496,
            291.10512129380055,
            588.5175202156335,
            366.7924528301887
          ],
          "category": "bus",
          "category ID": 4,
          "trunc": false
        }
      ]
    },
    {
      "frame_id": 64,
      "image_path": "frames/5vKPYV5w6pw_000181/images/000064.jpg",
      "accident_id": 5,
      "accident_name": "turning",
      "objects": [
        {
          "obj_track_id": 0,
          "bbox": [
            451.69811320754724,
            331.85983827493266,
            560.377358490566,
            375.52560646900275
          ],
          "category": "car",
          "category ID": 3,
          "trunc": false
        },
        {
          "obj_track_id": 57,
          "bbox": [
            509.91913746630735,
            288.19407008086256,
            582.6954177897575,
            366.7924528301887
          ],
          "category": "bus",
          "category ID": 4,
          "trunc": false
        }
      ]
    },
    {
      "frame_id": 65,
      "image_path": "frames/5vKPYV5w6pw_000181/images/000065.jpg",
      "accident_id": 5,
      "accident_name": "turning",
      "objects": [
        {
          "obj_track_id": 0,
          "bbox": [
            443.9353099730459,
            331.85983827493266,
            543.8814016172507,
            375.52560646900275
          ],
          "category": "car",
          "category ID": 3,
          "trunc": false
        },
        {
          "obj_track_id": 57,
          "bbox": [
            505.067385444744,
            283.3423180592992,
            582.6954177897575,
            366.7924528301887
          ],
          "category": "bus",
          "category ID": 4,
          "trunc": false
        }
      ]
    },
    {
      "frame_id": 66,
      "image_path": "frames/5vKPYV5w6pw_000181/images/000066.jpg",
      "accident_id": 5,
      "accident_name": "turning",
      "objects": [
        {
          "obj_track_id": 0,
          "bbox": [
            441.9946091644205,
            329.9191374663073,
            530.2964959568734,
            375.52560646900275
          ],
          "category": "car",
          "category ID": 3,
          "trunc": false
        },
        {
          "obj_track_id": 57,
          "bbox": [
            489.5417789757413,
            279.46091644204853,
            578.8140161725069,
            369.7035040431267
          ],
          "category": "bus",
          "category ID": 4,
          "trunc": false
        },
        {
          "obj_track_id": 58,
          "bbox": [
            570.384167636787,
            330.24447031431896,
            676.8335273573923,
            418.25378346915016
          ],
          "category": "car",
          "category ID": 3,
          "trunc": false
        }
      ]
    },
    {
      "frame_id": 67,
      "image_path": "frames/5vKPYV5w6pw_000181/images/000067.jpg",
      "accident_id": 5,
      "accident_name": "turning",
      "objects": [
        {
          "obj_track_id": 0,
          "bbox": [
            439.08355795148253,
            324.0970350404313,
            515.9022118742724,
            369.7035040431267
          ],
          "category": "car",
          "category ID": 3,
          "trunc": false
        },
        {
          "obj_track_id": 57,
          "bbox": [
            490.512129380054,
            270.72776280323455,
            575.9029649595687,
            368.73315363881403
          ],
          "category": "bus",
          "category ID": 4,
          "trunc": false
        },
        {
          "obj_track_id": 58,
          "bbox": [
            570.384167636787,
            324.3771827706636,
            675.9953434225844,
            414.0628637951106
          ],
          "category": "car",
          "category ID": 3,
          "trunc": false
        }
      ]
    },
    {
      "frame_id": 68,
      "image_path": "frames/5vKPYV5w6pw_000181/images/000068.jpg",
      "accident_id": 5,
      "accident_name": "turning",
      "objects": [
        {
          "obj_track_id": 0,
          "bbox": [
            388.62533692722377,
            317.30458221024264,
            484.69002695417794,
            370.6738544474394
          ],
          "category": "car",
          "category ID": 3,
          "trunc": false
        },
        {
          "obj_track_id": 57,
          "bbox": [
            484.69002695417794,
            261.9946091644205,
            577.8436657681941,
            366.7924528301887
          ],
          "category": "bus",
          "category ID": 4,
          "trunc": false
        },
        {
          "obj_track_id": 58,
          "bbox": [
            569.545983701979,
            319.3480791618161,
            675.9953434225844,
            406.51920838183935
          ],
          "category": "car",
          "category ID": 3,
          "trunc": false
        }
      ]
    },
    {
      "frame_id": 69,
      "image_path": "frames/5vKPYV5w6pw_000181/images/000069.jpg",
      "accident_id": 5,
      "accident_name": "turning",
      "objects": [
        {
          "obj_track_id": 0,
          "bbox": [
            355.633423180593,
            311.4824797843666,
            478.86792452830196,
            367.7628032345014
          ],
          "category": "car",
          "category ID": 3,
          "trunc": false
        },
        {
          "obj_track_id": 57,
          "bbox": [
            476.9272237196766,
            252.29110512129384,
            576.8733153638815,
            364.85175202156336
          ],
          "category": "bus",
          "category ID": 4,
          "trunc": false
        },
        {
          "obj_track_id": 58,
          "bbox": [
            568.7077997671711,
            314.3189755529686,
            673.4807916181607,
            400.65192083818397
          ],
          "category": "car",
          "category ID": 3,
          "trunc": false
        }
      ]
    },
    {
      "frame_id": 70,
      "image_path": "frames/5vKPYV5w6pw_000181/images/000070.jpg",
      "accident_id": 5,
      "accident_name": "turning",
      "objects": [
        {
          "obj_track_id": 0,
          "bbox": [
            330.40431266846366,
            308.5714285714286,
            466.25336927223725,
            366.7924528301887
          ],
          "category": "car",
          "category ID": 3,
          "trunc": false
        },
        {
          "obj_track_id": 57,
          "bbox": [
            467.22371967654993,
            248.40970350404316,
            573.9622641509435,
            364.85175202156336
          ],
          "category": "bus",
          "category ID": 4,
          "trunc": false
        },
        {
          "obj_track_id": 58,
          "bbox": [
            568.7077997671711,
            314.3189755529686,
            671.8044237485449,
            398.9755529685681
          ],
          "category": "car",
          "category ID": 3,
          "trunc": false
        }
      ]
    },
    {
      "frame_id": 71,
      "image_path": "frames/5vKPYV5w6pw_000181/images/000071.jpg",
      "accident_id": 5,
      "accident_name": "turning",
      "objects": [
        {
          "obj_track_id": 0,
          "bbox": [
            303.23450134770894,
            308.5714285714286,
            447.81671159029656,
            365.82210242587604
          ],
          "category": "car",
          "category ID": 3,
          "trunc": false
        },
        {
          "obj_track_id": 57,
          "bbox": [
            455.5795148247979,
            245.49865229110515,
            569.1105121293801,
            367.7628032345014
          ],
          "category": "bus",
          "category ID": 4,
          "trunc": false
        },
        {
          "obj_track_id": 58,
          "bbox": [
            562.8405122235157,
            316.8335273573923,
            666.7753201396973,
            402.3282887077998
          ],
          "category": "car",
          "category ID": 3,
          "trunc": false
        }
      ]
    },
    {
      "frame_id": 72,
      "image_path": "frames/5vKPYV5w6pw_000181/images/000072.jpg",
      "accident_id": 5,
      "accident_name": "turning",
      "objects": [
        {
          "obj_track_id": 0,
          "bbox": [
            257.6280323450135,
            312.4528301886793,
            409.0026954177898,
            369.7035040431267
          ],
          "category": "car",
          "category ID": 3,
          "trunc": false
        },
        {
          "obj_track_id": 57,
          "bbox": [
            427.4393530997305,
            242.58760107816715,
            550.6738544474395,
            374.55525606469007
          ],
          "category": "bus",
          "category ID": 4,
          "trunc": false
        },
        {
          "obj_track_id": 58,
          "bbox": [
            543.5622817229337,
            319.3480791618161,
            654.2025611175786,
            407.3573923166473
          ],
          "category": "car",
          "category ID": 3,
          "trunc": false
        }
      ]
    },
    {
      "frame_id": 73,
      "image_path": "frames/5vKPYV5w6pw_000181/images/000073.jpg",
      "accident_id": 5,
      "accident_name": "turning",
      "objects": [
        {
          "obj_track_id": 0,
          "bbox": [
            185.82210242587604,
            310.5121293800539,
            356.6037735849057,
            370.6738544474394
          ],
          "category": "car",
          "category ID": 3,
          "trunc": false
        },
        {
          "obj_track_id": 57,
          "bbox": [
            390.5660377358491,
            237.7358490566038,
            522.533692722372,
            384.2587601078167
          ],
          "category": "bus",
          "category ID": 4,
          "trunc": false
        },
        {
          "obj_track_id": 58,
          "bbox": [
            522.6076833527358,
            322.70081490104775,
            635.7625145518044,
            407.3573923166473
          ],
          "category": "car",
          "category ID": 3,
          "trunc": false
        }
      ]
    },
    {
      "frame_id": 74,
      "image_path": "frames/5vKPYV5w6pw_000181/images/000074.jpg",
      "accident_id": 5,
      "accident_name": "turning",
      "objects": [
        {
          "obj_track_id": 58,
          "bbox": [
            492.43306169965075,
            321.0244470314319,
            613.9697322467986,
            409.0337601862631
          ],
          "category": "car",
          "category ID": 3,
          "trunc": false
        }
      ]
    },
    {
      "frame_id": 75,
      "image_path": "frames/5vKPYV5w6pw_000181/images/000075.jpg",
      "accident_id": 5,
      "accident_name": "turning",
      "objects": [
        {
          "obj_track_id": 58,
          "bbox": [
            472.3166472642608,
            321.0244470314319,
            593.8533178114086,
            411.54831199068684
          ],
          "category": "car",
          "category ID": 3,
          "trunc": false
        }
      ]
    },
    {
      "frame_id": 76,
      "image_path": "frames/5vKPYV5w6pw_000181/images/000076.jpg",
      "accident_id": 0,
      "accident_name": "normal",
      "objects": []
    },
    {
      "frame_id": 77,
      "image_path": "frames/5vKPYV5w6pw_000181/images/000077.jpg",
      "accident_id": 0,
      "accident_name": "normal",
      "objects": []
    },
    {
      "frame_id": 78,
      "image_path": "frames/5vKPYV5w6pw_000181/images/000078.jpg",
      "accident_id": 0,
      "accident_name": "normal",
      "objects": []
    },
    {
      "frame_id": 79,
      "image_path": "frames/5vKPYV5w6pw_000181/images/000079.jpg",
      "accident_id": 0,
      "accident_name": "normal",
      "objects": []
    },
    {
      "frame_id": 80,
      "image_path": "frames/5vKPYV5w6pw_000181/images/000080.jpg",
      "accident_id": 0,
      "accident_name": "normal",
      "objects": []
    },
    {
      "frame_id": 81,
      "image_path": "frames/5vKPYV5w6pw_000181/images/000081.jpg",
      "accident_id": 0,
      "accident_name": "normal",
      "objects": []
    },
    {
      "frame_id": 82,
      "image_path": "frames/5vKPYV5w6pw_000181/images/000082.jpg",
      "accident_id": 0,
      "accident_name": "normal",
      "objects": []
    },
    {
      "frame_id": 83,
      "image_path": "frames/5vKPYV5w6pw_000181/images/000083.jpg",
      "accident_id": 0,
      "accident_name": "normal",
      "objects": []
    },
    {
      "frame_id": 84,
      "image_path": "frames/5vKPYV5w6pw_000181/images/000084.jpg",
      "accident_id": 0,
      "accident_name": "normal",
      "objects": []
    },
    {
      "frame_id": 85,
      "image_path": "frames/5vKPYV5w6pw_000181/images/000085.jpg",
      "accident_id": 0,
      "accident_name": "normal",
      "objects": []
    },
    {
      "frame_id": 86,
      "image_path": "frames/5vKPYV5w6pw_000181/images/000086.jpg",
      "accident_id": 0,
      "accident_name": "normal",
      "objects": []
    },
    {
      "frame_id": 87,
      "image_path": "frames/5vKPYV5w6pw_000181/images/000087.jpg",
      "accident_id": 0,
      "accident_name": "normal",
      "objects": []
    },
    {
      "frame_id": 88,
      "image_path": "frames/5vKPYV5w6pw_000181/images/000088.jpg",
      "accident_id": 0,
      "accident_name": "normal",
      "objects": []
    },
    {
      "frame_id": 89,
      "image_path": "frames/5vKPYV5w6pw_000181/images/000089.jpg",
      "accident_id": 0,
      "accident_name": "normal",
      "objects": []
    },
    {
      "frame_id": 90,
      "image_path": "frames/5vKPYV5w6pw_000181/images/000090.jpg",
      "accident_id": 0,
      "accident_name": "normal",
      "objects": []
    },
    {
      "frame_id": 91,
      "image_path": "frames/5vKPYV5w6pw_000181/images/000091.jpg",
      "accident_id": 0,
      "accident_name": "normal",
      "objects": []
    },
    {
      "frame_id": 92,
      "image_path": "frames/5vKPYV5w6pw_000181/images/000092.jpg",
      "accident_id": 0,
      "accident_name": "normal",
      "objects": []
    },
    {
      "frame_id": 93,
      "image_path": "frames/5vKPYV5w6pw_000181/images/000093.jpg",
      "accident_id": 0,
      "accident_name": "normal",
      "objects": []
    },
    {
      "frame_id": 94,
      "image_path": "frames/5vKPYV5w6pw_000181/images/000094.jpg",
      "accident_id": 0,
      "accident_name": "normal",
      "objects": []
    },
    {
      "frame_id": 95,
      "image_path": "frames/5vKPYV5w6pw_000181/images/000095.jpg",
      "accident_id": 0,
      "accident_name": "normal",
      "objects": []
    },
    {
      "frame_id": 96,
      "image_path": "frames/5vKPYV5w6pw_000181/images/000096.jpg",
      "accident_id": 0,
      "accident_name": "normal",
      "objects": []
    },
    {
      "frame_id": 97,
      "image_path": "frames/5vKPYV5w6pw_000181/images/000097.jpg",
      "accident_id": 0,
      "accident_name": "normal",
      "objects": []
    },
    {
      "frame_id": 98,
      "image_path": "frames/5vKPYV5w6pw_000181/images/000098.jpg",
      "accident_id": 0,
      "accident_name": "normal",
      "objects": []
    },
    {
      "frame_id": 99,
      "image_path": "frames/5vKPYV5w6pw_000181/images/000099.jpg",
      "accident_id": 0,
      "accident_name": "normal",
      "objects": []
    },
    {
      "frame_id": 100,
      "image_path": "frames/5vKPYV5w6pw_000181/images/000100.jpg",
      "accident_id": 0,
      "accident_name": "normal",
      "objects": []
    },
    {
      "frame_id": 101,
      "image_path": "frames/5vKPYV5w6pw_000181/images/000101.jpg",
      "accident_id": 0,
      "accident_name": "normal",
      "objects": []
    },
    {
      "frame_id": 102,
      "image_path": "frames/5vKPYV5w6pw_000181/images/000102.jpg",
      "accident_id": 0,
      "accident_name": "normal",
      "objects": []
    },
    {
      "frame_id": 103,
      "image_path": "frames/5vKPYV5w6pw_000181/images/000103.jpg",
      "accident_id": 0,
      "accident_name": "normal",
      "objects": []
    },
    {
      "frame_id": 104,
      "image_path": "frames/5vKPYV5w6pw_000181/images/000104.jpg",
      "accident_id": 0,
      "accident_name": "normal",
      "objects": []
    },
    {
      "frame_id": 105,
      "image_path": "frames/5vKPYV5w6pw_000181/images/000105.jpg",
      "accident_id": 0,
      "accident_name": "normal",
      "objects": []
    },
    {
      "frame_id": 106,
      "image_path": "frames/5vKPYV5w6pw_000181/images/000106.jpg",
      "accident_id": 0,
      "accident_name": "normal",
      "objects": []
    },
    {
      "frame_id": 107,
      "image_path": "frames/5vKPYV5w6pw_000181/images/000107.jpg",
      "accident_id": 0,
      "accident_name": "normal",
      "objects": []
    },
    {
      "frame_id": 108,
      "image_path": "frames/5vKPYV5w6pw_000181/images/000108.jpg",
      "accident_id": 0,
      "accident_name": "normal",
      "objects": []
    },
    {
      "frame_id": 109,
      "image_path": "frames/5vKPYV5w6pw_000181/images/000109.jpg",
      "accident_id": 0,
      "accident_name": "normal",
      "objects": []
    },
    {
      "frame_id": 110,
      "image_path": "frames/5vKPYV5w6pw_000181/images/000110.jpg",
      "accident_id": 0,
      "accident_name": "normal",
      "objects": []
    },
    {
      "frame_id": 111,
      "image_path": "frames/5vKPYV5w6pw_000181/images/000111.jpg",
      "accident_id": 0,
      "accident_name": "normal",
      "objects": []
    },
    {
      "frame_id": 112,
      "image_path": "frames/5vKPYV5w6pw_000181/images/000112.jpg",
      "accident_id": 0,
      "accident_name": "normal",
      "objects": []
    }
  ]
}