{
  "video_name": "5vKPYV5w6pw_003767",
  "channel": "CarCrashesTime",
  "num_frames": 53,
  "ignore": false,
  "ego_involve": true,
  "night": false,
  "anomaly_start": 41,
  "anomaly_end": 53,
  "video_start": 3767,
  "video_end": 3819,
  "accident_id": "9",
  "accident_name": "leave_to_left",
  "labels": [
    {
      "frame_id": 0,
      "image_path": "frames/5vKPYV5w6pw_003767/images/000000.jpg",
      "accident_id": 0,
      "accident_name": "normal",
      "objects": []
    },
    {
      "frame_id": 1,
      "image_path": "frames/5vKPYV5w6pw_003767/images/000001.jpg",
      "accident_id": 0,
      "accident_name": "normal",
      "objects": []
    },
    {
      "frame_id": 2,
      "image_path": "frames/5vKPYV5w6pw_003767/images/000002.jpg",
      "accident_id": 0,
      "accident_name": "normal",
      "objects": []
    },
    {
      "frame_id": 3,
      "image_path": "frames/5vKPYV5w6pw_003767/images/000003.jpg",
      "accident_id": 0,
      "accident_name": "normal",
      "objects": []
    },
    {
      "frame_id": 4,
      "image_path": "frames/5vKPYV5w6pw_003767/images/000004.jpg",
      "accident_id": 0,
      "accident_name": "normal",
      "objects": []
    },
    {
      "frame_id": 5,
      "image_path": "frames/5vKPYV5w6pw_003767/images/000005.jpg",
      "accident_id": 0,
      "accident_name": "normal",
      "objects": []
    },
    {
      "frame_id": 6,
      "image_path": "frames/5vKPYV5w6pw_003767/images/000006.jpg",
      "accident_id": 0,
      "accident_name": "normal",
      "objects": []
    },
    {
      "frame_id": 7,
      "image_path": "frames/5vKPYV5w6pw_003767/images/000007.jpg",
      "accident_id": 0,
      "accident_name": "normal",
      "objects": []
    },
    {
      "frame_id": 8,
      "image_path": "frames/5vKPYV5w6pw_003767/images/000008.jpg",
      "accident_id": 0,
      "accident_name": "normal",
      "objects": []
    },
    {
      "frame_id": 9,
      "image_path": "frames/5vKPYV5w6pw_003767/images/000009.jpg",
      "accident_id": 0,
      "accident_name": "normal",
      "objects": []
    },
    {
      "frame_id": 10,
      "image_path": "frames/5vKPYV5w6pw_003767/images/000010.jpg",
      "accident_id": 0,
      "accident_name": "normal",
      "objects": []
    },
    {
      "frame_id": 11,
      "image_path": "frames/5vKPYV5w6pw_003767/images/000011.jpg",
      "accident_id": 0,
      "accident_name": "normal",
      "objects": []
    },
    {
      "frame_id": 12,
      "image_path": "frames/5vKPYV5w6pw_003767/images/000012.jpg",
      "accident_id": 0,
      "accident_name": "normal",
      "objects": []
    },
    {
      "frame_id": 13,
      "image_path": "frames/5vKPYV5w6pw_003767/images/000013.jpg",
      "accident_id": 0,
      "accident_name": "normal",
      "objects": []
    },
    {
      "frame_id": 14,
      "image_path": "frames/5vKPYV5w6pw_003767/images/000014.jpg",
      "accident_id": 0,
      "accident_name": "normal",
      "objects": []
    },
    {
      "frame_id": 15,
      "image_path": "frames/5vKPYV5w6pw_003767/images/000015.jpg",
      "accident_id": 0,
      "accident_name": "normal",
      "objects": []
    },
    {
      "frame_id": 16,
      "image_path": "frames/5vKPYV5w6pw_003767/images/000016.jpg",
      "accident_id": 0,
      "accident_name": "normal",
      "objects": []
    },
    {
      "frame_id": 17,
      "image_path": "frames/5vKPYV5w6pw_003767/images/000017.jpg",
      "accident_id": 0,
      "accident_name": "normal",
      "objects": []
    },
    {
      "frame_id": 18,
      "image_path": "frames/5vKPYV5w6pw_003767/images/000018.jpg",
      "accident_id": 0,
      "accident_name": "normal",
      "objects": []
    },
    {
      "frame_id": 19,
      "image_path": "frames/5vKPYV5w6pw_003767/images/000019.jpg",
      "accident_id": 0,
      "accident_name": "normal",
      "objects": []
    },
    {
      "frame_id": 20,
      "image_path": "frames/5vKPYV5w6pw_003767/images/000020.jpg",
      "accident_id": 0,
      "accident_name": "normal",
      "objects": []
    },
    {
      "frame_id": 21,
      "image_path": "frames/5vKPYV5w6pw_003767/images/000021.jpg",
      "accident_id": 0,
      "accident_name": "normal",
      "objects": []
    },
    {
      "frame_id": 22,
      "image_path": "frames/5vKPYV5w6pw_003767/images/000022.jpg",
      "accident_id": 0,
      "accident_name": "normal",
      "objects": []
    },
    {
      "frame_id": 23,
      "image_path": "frames/5vKPYV5w6pw_003767/images/000023.jpg",
      "accident_id": 0,
      "accident_name": "normal",
      "objects": []
    },
    {
      "frame_id": 24,
      "image_path": "frames/5vKPYV5w6pw_003767/images/000024.jpg",
      "accident_id": 0,
      "accident_name": "normal",
      "objects": []
    },
    {
      "frame_id": 25,
      "image_path": "frames/5vKPYV5w6pw_003767/images/000025.jpg",
      "accident_id": 0,
      "accident_name": "normal",
      "objects": []
    },
    {
      "frame_id": 26,
      "image_path": "frames/5vKPYV5w6pw_003767/images/000026.jpg",
      "accident_id": 0,
      "accident_name": "normal",
      "objects": []
    },
    {
      "frame_id": 27,
      "image_path": "frames/5vKPYV5w6pw_003767/images/000027.jpg",
      "accident_id": 0,
      "accident_name": "normal",
      "objects": []
    },
    {
      "frame_id": 28,
      "image_path": "frames/5vKPYV5w6pw_003767/images/000028.jpg",
      "accident_id": 0,
      "accident_name": "normal",
      "objects": []
    },
    {
      "frame_id": 29,
      "image_path": "frames/5vKPYV5w6pw_003767/images/000029.jpg",
      "accident_id": 0,
      "accident_name": "normal",
      "objects": []
    },
    {
      "frame_id": 30,
      "image_path": "frames/5vKPYV5w6pw_003767/images/000030.jpg",
      "accident_id": 0,
      "accident_name": "normal",
      "objects": []
    },
    {
      "frame_id": 31,
      "image_path": "frames/5vKPYV5w6pw_003767/images/000031.jpg",
      "accident_id": 0,
      "accident_name": "normal",
      "objects": []
    },
    {
      "frame_id": 32,
      "image_path": "frames/5vKPYV5w6pw_003767/images/000032.jpg",
      "accident_id": 0,
      "accident_name": "normal",
      "objects": []
    },
    {
      "frame_id": 33,
      "image_path": "frames/5vKPYV5w6pw_003767/images/000033.jpg",
      "accident_id": 0,
      "accident_name": "normal",
      "objects": []
    },
    {
      "frame_id": 34,
      "image_path": "frames/5vKPYV5w6pw_003767/images/000034.jpg",
      "accident_id": 0,
      "accident_name": "normal",
      "objects": []
    },
    {
      "frame_id": 35,
      "image_path": "frames/5vKPYV5w6pw_003767/images/000035.jpg",
      "accident_id": 0,
      "accident_name": "normal",
      "objects": []
    },
    {
      "frame_id": 36,
      "image_path": "frames/5vKPYV5w6pw_003767/images/000036.jpg",
      "accident_id": 0,
      "accident_name": "normal",
      "objects": []
    },
    {
      "frame_id": 37,
      "image_path": "frames/5vKPYV5w6pw_003767/images/000037.jpg",
      "accident_id": 0,
      "accident_name": "normal",
      "objects": []
    },
    {
      "frame_id": 38,
      "image_path": "frames/5vKPYV5w6pw_003767/images/000038.jpg",
      "accident_id": 0,
      "accident_name": "normal",
      "objects": []
    },
    {
      "frame_id": 39,
      "image_path": "frames/5vKPYV5w6pw_003767/images/000039.jpg",
      "accident_id": 0,
      "accident_name": "normal",
      "objects": []
    },
    {
      "frame_id": 40,
      "image_path": "frames/5vKPYV5w6pw_003767/images/000040.jpg",
      "accident_id": 0,
      "accident_name": "normal",
      "objects": []
    },
    {
      "frame_id": 41,
      "image_path": "frames/5vKPYV5w6pw_003767/images/000041.jpg",
      "accident_id": 9,
      "accident_name": "leave_to_left",
      "objects": [
        {
          "obj_track_id": 0,
          "bbox": [
            424.3809523809524,
            419.04761904761904,
            678.8571428571429,
            616.3809523809524
          ],
          "category": "car",
          "category ID": 3,
          "trunc": false
        }
      ]
    },
    {
      "frame_id": 42,
      "image_path": "frames/5vKPYV5w6pw_003767/images/000042.jpg",
      "accident_id": 9,
      "accident_name": "leave_to_left",
      "objects": [
        {
          "obj_track_id": 0,
          "bbox": [
            438.0952380952381,
            422.85714285714283,
            696.3809523809524,
            624.0
          ],
          "category": "car",
          "category ID": 3,
          "trunc": false
        }
      ]
    },
    {
      "frame_id": 43,
      "image_path": "frames/5vKPYV5w6pw_003767/images/000043.jpg",
      "accident_id": 9,
      "accident_name": "leave_to_left",
      "objects": [
        {
          "obj_track_id": 0,
          "bbox": [
            453.3333333333333,
            422.85714285714283,
            720.7619047619048,
            630.8571428571429
          ],
          "category": "car",
          "category ID": 3,
          "trunc": false
        }
      ]
    },
    {
      "frame_id": 44,
      "image_path": "frames/5vKPYV5w6pw_003767/images/000044.jpg",
      "accident_id": 9,
      "accident_name": "leave_to_left",
      "objects": [
        {
          "obj_track_id": 0,
          "bbox": [
            473.14285714285717,
            418.2857142857143,
            748.1904761904761,
            630.0952380952381
          ],
          "category": "car",
          "category ID": 3,
          "trunc": false
        }
      ]
    },
    {
      "frame_id": 45,
      "image_path": "frames/5vKPYV5w6pw_003767/images/000045.jpg",
      "accident_id": 9,
      "accident_name": "leave_to_left",
      "objects": [
        {
          "obj_track_id": 0,
          "bbox": [
            495.23809523809524,
            412.1904761904762,
            783.2380952380952,
            630.0952380952381
          ],
          "category": "car",
          "category ID": 3,
          "trunc": false
        }
      ]
    },
    {
      "frame_id": 46,
      "image_path": "frames/5vKPYV5w6pw_003767/images/000046.jpg",
      "accident_id": 9,
      "accident_name": "leave_to_left",
      "objects": [
        {
          "obj_track_id": 0,
          "bbox": [
            521.9047619047619,
            411.42857142857144,
            820.5714285714286,
            636.952380952381
          ],
          "category": "car",
          "category ID": 3,
          "trunc": false
        }
      ]
    },
    {
      "frame_id": 47,
      "image_path": "frames/5vKPYV5w6pw_003767/images/000047.jpg",
      "accident_id": 9,
      "accident_name": "leave_to_left",
      "objects": [
        {
          "obj_track_id": 0,
          "bbox": [
            550.0952380952381,
            415.23809523809524,
            863.2380952380952,
            651.4285714285714
          ],
          "category": "car",
          "category ID": 3,
          "trunc": false
        }
      ]
    },
    {
      "frame_id": 48,
      "image_path": "frames/5vKPYV5w6pw_003767/images/000048.jpg",
      "accident_id": 9,
      "accident_name": "leave_to_left",
      "objects": [
        {
          "obj_track_id": 0,
          "bbox": [
            578.2857142857143,
            424.3809523809524,
            911.2380952380952,
            672.7619047619048
          ],
          "category": "car",
          "category ID": 3,
          "trunc": false
        }
      ]
    },
    {
      "frame_id": 49,
      "image_path": "frames/5vKPYV5w6pw_003767/images/000049.jpg",
      "accident_id": 9,
      "accident_name": "leave_to_left",
      "objects": [
        {
          "obj_track_id": 0,
          "bbox": [
            610.2857142857143,
            428.1904761904762,
            963.8095238095239,
            673.5238095238095
          ],
          "category": "car",
          "category ID": 3,
          "trunc": false
        }
      ]
    },
    {
      "frame_id": 50,
      "image_path": "frames/5vKPYV5w6pw_003767/images/000050.jpg",
      "accident_id": 9,
      "accident_name": "leave_to_left",
      "objects": [
        {
          "obj_track_id": 0,
          "bbox": [
            649.1428571428571,
            428.95238095238096,
            1022.4761904761905,
            678.0952380952381
          ],
          "category": "car",
          "category ID": 3,
          "trunc": false
        }
      ]
    },
    {
      "frame_id": 51,
      "image_path": "frames/5vKPYV5w6pw_003767/images/000051.jpg",
      "accident_id": 9,
      "accident_name": "leave_to_left",
      "objects": [
        {
          "obj_track_id": 0,
          "bbox": [
            694.0952380952381,
            427.42857142857144,
            1090.2857142857142,
            697.1428571428571
          ],
          "category": "car",
          "category ID": 3,
          "trunc": false
        }
      ]
    },
    {
      "frame_id": 52,
      "image_path": "frames/5vKPYV5w6pw_003767/images/000052.jpg",
      "accident_id": 9,
      "accident_name": "leave_to_left",
      "objects": [
        {
          "obj_track_id": 0,
          "bbox": [
            740.5714285714286,
            422.85714285714283,
            1161.142857142857,
            705.5238095238095
          ],
          "category": "car",
          "category ID": 3,
          "trunc": false
        }
      ]
    }
  ]
}