{
  "video_name": "6E2N9ld0eHg_004949",
  "channel": "CarCrashesTime",
  "num_frames": 89,
  "ignore": false,
  "ego_involve": true,
  "night": false,
  "anomaly_start": 46,
  "anomaly_end": 84,
  "video_start": 4949,
  "video_end": 5037,
  "accident_id": "6",
  "accident_name": "pedestrian",
  "labels": [
    {
      "frame_id": 0,
      "image_path": "frames/6E2N9ld0eHg_004949/images/000000.jpg",
      "accident_id": 0,
      "accident_name": "normal",
      "objects": []
    },
    {
      "frame_id": 1,
      "image_path": "frames/6E2N9ld0eHg_004949/images/000001.jpg",
      "accident_id": 0,
      "accident_name": "normal",
      "objects": []
    },
    {
      "frame_id": 2,
      "image_path": "frames/6E2N9ld0eHg_004949/images/000002.jpg",
      "accident_id": 0,
      "accident_name": "normal",
      "objects": []
    },
    {
      "frame_id": 3,
      "image_path": "frames/6E2N9ld0eHg_004949/images/000003.jpg",
      "accident_id": 0,
      "accident_name": "normal",
      "objects": []
    },
    {
      "frame_id": 4,
      "image_path": "frames/6E2N9ld0eHg_004949/images/000004.jpg",
      "accident_id": 0,
      "accident_name": "normal",
      "objects": []
    },
    {
      "frame_id": 5,
      "image_path": "frames/6E2N9ld0eHg_004949/images/000005.jpg",
      "accident_id": 0,
      "accident_name": "normal",
      "objects": []
    },
    {
      "frame_id": 6,
      "image_path": "frames/6E2N9ld0eHg_004949/images/000006.jpg",
      "accident_id": 0,
      "accident_name": "normal",
      "objects": []
    },
    {
      "frame_id": 7,
      "image_path": "frames/6E2N9ld0eHg_004949/images/000007.jpg",
      "accident_id": 0,
      "accident_name": "normal",
      "objects": []
    },
    {
      "frame_id": 8,
      "image_path": "frames/6E2N9ld0eHg_004949/images/000008.jpg",
      "accident_id": 0,
      "accident_name": "normal",
      "objects": []
    },
    {
      "frame_id": 9,
      "image_path": "frames/6E2N9ld0eHg_004949/images/000009.jpg",
      "accident_id": 0,
      "accident_name": "normal",
      "objects": []
    },
    {
      "frame_id": 10,
      "image_path": "frames/6E2N9ld0eHg_004949/images/000010.jpg",
      "accident_id": 0,
      "accident_name": "normal",
      "objects": []
    },
    {
      "frame_id": 11,
      "image_path": "frames/6E2N9ld0eHg_004949/images/000011.jpg",
      "accident_id": 0,
      "accident_name": "normal",
      "objects": []
    },
    {
      "frame_id": 12,
      "image_path": "frames/6E2N9ld0eHg_004949/images/000012.jpg",
      "accident_id": 0,
      "accident_name": "normal",
      "objects": []
    },
    {
      "frame_id": 13,
      "image_path": "frames/6E2N9ld0eHg_004949/images/000013.jpg",
      "accident_id": 0,
      "accident_name": "normal",
      "objects": []
    },
    {
      "frame_id": 14,
      "image_path": "frames/6E2N9ld0eHg_004949/images/000014.jpg",
      "accident_id": 0,
      "accident_name": "normal",
      "objects": []
    },
    {
      "frame_id": 15,
      "image_path": "frames/6E2N9ld0eHg_004949/images/000015.jpg",
      "accident_id": 0,
      "accident_name": "normal",
      "objects": []
    },
    {
      "frame_id": 16,
      "image_path": "frames/6E2N9ld0eHg_004949/images/000016.jpg",
      "accident_id": 0,
      "accident_name": "normal",
      "objects": []
    },
    {
      "frame_id": 17,
      "image_path": "frames/6E2N9ld0eHg_004949/images/000017.jpg",
      "accident_id": 0,
      "accident_name": "normal",
      "objects": []
    },
    {
      "frame_id": 18,
      "image_path": "frames/6E2N9ld0eHg_004949/images/000018.jpg",
      "accident_id": 0,
      "accident_name": "normal",
      "objects": []
    },
    {
      "frame_id": 19,
      "image_path": "frames/6E2N9ld0eHg_004949/images/000019.jpg",
      "accident_id": 0,
      "accident_name": "normal",
      "objects": []
    },
    {
      "frame_id": 20,
      "image_path": "frames/6E2N9ld0eHg_004949/images/000020.jpg",
      "accident_id": 0,
      "accident_name": "normal",
      "objects": []
    },
    {
      "frame_id": 21,
      "image_path": "frames/6E2N9ld0eHg_004949/images/000021.jpg",
      "accident_id": 0,
      "accident_name": "normal",
      "objects": []
    },
    {
      "frame_id": 22,
      "image_path": "frames/6E2N9ld0eHg_004949/images/000022.jpg",
      "accident_id": 0,
      "accident_name": "normal",
      "objects": []
    },
    {
      "frame_id": 23,
      "image_path": "frames/6E2N9ld0eHg_004949/images/000023.jpg",
      "accident_id": 0,
      "accident_name": "normal",
      "objects": []
    },
    {
      "frame_id": 24,
      "image_path": "frames/6E2N9ld0eHg_004949/images/000024.jpg",
      "accident_id": 0,
      "accident_name": "normal",
      "objects": []
    },
    {
      "frame_id": 25,
      "image_path": "frames/6E2N9ld0eHg_004949/images/000025.jpg",
      "accident_id": 0,
      "accident_name": "normal",
      "objects": []
    },
    {
      "frame_id": 26,
      "image_path": "frames/6E2N9ld0eHg_004949/images/000026.jpg",
      "accident_id": 0,
      "accident_name": "normal",
      "objects": []
    },
    {
      "frame_id": 27,
      "image_path": "frames/6E2N9ld0eHg_004949/images/000027.jpg",
      "accident_id": 0,
      "accident_name": "normal",
      "objects": []
    },
    {
      "frame_id": 28,
      "image_path": "frames/6E2N9ld0eHg_004949/images/000028.jpg",
      "accident_id": 0,
      "accident_name": "normal",
      "objects": []
    },
    {
      "frame_id": 29,
      "image_path": "frames/6E2N9ld0eHg_004949/images/000029.jpg",
      "accident_id": 0,
      "accident_name": "normal",
      "objects": []
    },
    {
      "frame_id": 30,
      "image_path": "frames/6E2N9ld0eHg_004949/images/000030.jpg",
      "accident_id": 0,
      "accident_name": "normal",
      "objects": []
    },
    {
      "frame_id": 31,
      "image_path": "frames/6E2N9ld0eHg_004949/images/000031.jpg",
      "accident_id": 0,
      "accident_name": "normal",
      "objects": []
    },
    {
      "frame_id": 32,
      "image_path": "frames/6E2N9ld0eHg_004949/images/000032.jpg",
      "accident_id": 0,
      "accident_name": "normal",
      "objects": []
    },
    {
      "frame_id": 33,
      "image_path": "frames/6E2N9ld0eHg_004949/images/000033.jpg",
      "accident_id": 0,
      "accident_name": "normal",
      "objects": []
    },
    {
      "frame_id": 34,
      "image_path": "frames/6E2N9ld0eHg_004949/images/000034.jpg",
      "accident_id": 0,
      "accident_name": "normal",
      "objects": []
    },
    {
      "frame_id": 35,
      "image_path": "frames/6E2N9ld0eHg_004949/images/000035.jpg",
      "accident_id": 0,
      "accident_name": "normal",
      "objects": []
    },
    {
      "frame_id": 36,
      "image_path": "frames/6E2N9ld0eHg_004949/images/000036.jpg",
      "accident_id": 0,
      "accident_name": "normal",
      "objects": []
    },
    {
      "frame_id": 37,
      "image_path": "frames/6E2N9ld0eHg_004949/images/000037.jpg",
      "accident_id": 0,
      "accident_name": "normal",
      "objects": []
    },
    {
      "frame_id": 38,
      "image_path": "frames/6E2N9ld0eHg_004949/images/000038.jpg",
      "accident_id": 0,
      "accident_name": "normal",
      "objects": []
    },
    {
      "frame_id": 39,
      "image_path": "frames/6E2N9ld0eHg_004949/images/000039.jpg",
      "accident_id": 0,
      "accident_name": "normal",
      "objects": []
    },
    {
      "frame_id": 40,
      "image_path": "frames/6E2N9ld0eHg_004949/images/000040.jpg",
      "accident_id": 0,
      "accident_name": "normal",
      "objects": []
    },
    {
      "frame_id": 41,
      "image_path": "frames/6E2N9ld0eHg_004949/images/000041.jpg",
      "accident_id": 0,
      "accident_name": "normal",
      "objects": []
    },
    {
      "frame_id": 42,
      "image_path": "frames/6E2N9ld0eHg_004949/images/000042.jpg",
      "accident_id": 0,
      "accident_name": "normal",
      "objects": []
    },
    {
      "frame_id": 43,
      "image_path": "frames/6E2N9ld0eHg_004949/images/000043.jpg",
      "accident_id": 0,
      "accident_name": "normal",
      "objects": []
    },
    {
      "frame_id": 44,
      "image_path": "frames/6E2N9ld0eHg_004949/images/000044.jpg",
      "accident_id": 0,
      "accident_name": "normal",
      "objects": []
    },
    {
      "frame_id": 45,
      "image_path": "frames/6E2N9ld0eHg_004949/images/000045.jpg",
      "accident_id": 0,
      "accident_name": "normal",
      "objects": []
    },
    {
      "frame_id": 46,
      "image_path": "frames/6E2N9ld0eHg_004949/images/000046.jpg",
      "accident_id": 6,
      "accident_name": "pedestrian",
      "objects": [
        {
          "obj_track_id": 0,
          "bbox": [
            519.2401628222524,
            377.0963364993216,
            607.1641791044776,
            530.4748982360923
          ],
          "category": "person",
          "category ID": 1,
          "trunc": false
        }
      ]
    },
    {
      "frame_id": 47,
      "image_path": "frames/6E2N9ld0eHg_004949/images/000047.jpg",
      "accident_id": 6,
      "accident_name": "pedestrian",
      "objects": [
        {
          "obj_track_id": 0,
          "bbox": [
            521.1940298507463,
            367.3270013568521,
            592.5101763907735,
            544.1519674355495
          ],
          "category": "person",
          "category ID": 1,
          "trunc": false
        }
      ]
    },
    {
      "frame_id": 48,
      "image_path": "frames/6E2N9ld0eHg_004949/images/000048.jpg",
      "accident_id": 6,
      "accident_name": "pedestrian",
      "objects": [
        {
          "obj_track_id": 0,
          "bbox": [
            522.1709633649932,
            365.3731343283582,
            590.5563093622795,
            570.5291723202172
          ],
          "category": "person",
          "category ID": 1,
          "trunc": false
        }
      ]
    },
    {
      "frame_id": 49,
      "image_path": "frames/6E2N9ld0eHg_004949/images/000049.jpg",
      "accident_id": 6,
      "accident_name": "pedestrian",
      "objects": [
        {
          "obj_track_id": 0,
          "bbox": [
            494.81682496607874,
            360.4884667571235,
            602.279511533243,
            591.0447761194031
          ],
          "category": "person",
          "category ID": 1,
          "trunc": false
        }
      ]
    },
    {
      "frame_id": 50,
      "image_path": "frames/6E2N9ld0eHg_004949/images/000050.jpg",
      "accident_id": 6,
      "accident_name": "pedestrian",
      "objects": [
        {
          "obj_track_id": 0,
          "bbox": [
            467.4626865671642,
            350.71913161465403,
            586.6485753052917,
            619.41792782305
          ],
          "category": "person",
          "category ID": 1,
          "trunc": true
        }
      ]
    },
    {
      "frame_id": 51,
      "image_path": "frames/6E2N9ld0eHg_004949/images/000051.jpg",
      "accident_id": 6,
      "accident_name": "pedestrian",
      "objects": [
        {
          "obj_track_id": 0,
          "bbox": [
            435.22388059701495,
            333.13432835820896,
            575.9023066485754,
            635.3434225844005
          ],
          "category": "person",
          "category ID": 1,
          "trunc": true
        }
      ]
    },
    {
      "frame_id": 52,
      "image_path": "frames/6E2N9ld0eHg_004949/images/000052.jpg",
      "accident_id": 6,
      "accident_name": "pedestrian",
      "objects": [
        {
          "obj_track_id": 0,
          "bbox": [
            386.3772048846676,
            300.8955223880597,
            563.202170963365,
            659.6507566938301
          ],
          "category": "person",
          "category ID": 1,
          "trunc": true
        }
      ]
    },
    {
      "frame_id": 53,
      "image_path": "frames/6E2N9ld0eHg_004949/images/000053.jpg",
      "accident_id": 6,
      "accident_name": "pedestrian",
      "objects": [
        {
          "obj_track_id": 0,
          "bbox": [
            314.08412483039353,
            272.56445047489825,
            531.9402985074628,
            671.3853317811408
          ],
          "category": "person",
          "category ID": 1,
          "trunc": true
        }
      ]
    },
    {
      "frame_id": 54,
      "image_path": "frames/6E2N9ld0eHg_004949/images/000054.jpg",
      "accident_id": 6,
      "accident_name": "pedestrian",
      "objects": [
        {
          "obj_track_id": 0,
          "bbox": [
            208.57530529172323,
            280.37991858887386,
            529.9864314789688,
            667.1944121071012
          ],
          "category": "person",
          "category ID": 1,
          "trunc": true
        }
      ]
    },
    {
      "frame_id": 55,
      "image_path": "frames/6E2N9ld0eHg_004949/images/000055.jpg",
      "accident_id": 6,
      "accident_name": "pedestrian",
      "objects": [
        {
          "obj_track_id": 0,
          "bbox": [
            0,
            227.62550881953868,
            472.34735413839894,
            686.4726426076834
          ],
          "category": "person",
          "category ID": 1,
          "trunc": true
        }
      ]
    },
    {
      "frame_id": 56,
      "image_path": "frames/6E2N9ld0eHg_004949/images/000056.jpg",
      "accident_id": 6,
      "accident_name": "pedestrian",
      "objects": [
        {
          "obj_track_id": 0,
          "bbox": [
            0,
            227.62550881953868,
            338.5074626865672,
            694.8544819557625
          ],
          "category": "person",
          "category ID": 1,
          "trunc": true
        }
      ]
    },
    {
      "frame_id": 57,
      "image_path": "frames/6E2N9ld0eHg_004949/images/000057.jpg",
      "accident_id": 6,
      "accident_name": "pedestrian",
      "objects": []
    },
    {
      "frame_id": 58,
      "image_path": "frames/6E2N9ld0eHg_004949/images/000058.jpg",
      "accident_id": 6,
      "accident_name": "pedestrian",
      "objects": []
    },
    {
      "frame_id": 59,
      "image_path": "frames/6E2N9ld0eHg_004949/images/000059.jpg",
      "accident_id": 6,
      "accident_name": "pedestrian",
      "objects": []
    },
    {
      "frame_id": 60,
      "image_path": "frames/6E2N9ld0eHg_004949/images/000060.jpg",
      "accident_id": 6,
      "accident_name": "pedestrian",
      "objects": []
    },
    {
      "frame_id": 61,
      "image_path": "frames/6E2N9ld0eHg_004949/images/000061.jpg",
      "accident_id": 6,
      "accident_name": "pedestrian",
      "objects": []
    },
    {
      "frame_id": 62,
      "image_path": "frames/6E2N9ld0eHg_004949/images/000062.jpg",
      "accident_id": 6,
      "accident_name": "pedestrian",
      "objects": []
    },
    {
      "frame_id": 63,
      "image_path": "frames/6E2N9ld0eHg_004949/images/000063.jpg",
      "accident_id": 6,
      "accident_name": "pedestrian",
      "objects": []
    },
    {
      "frame_id": 64,
      "image_path": "frames/6E2N9ld0eHg_004949/images/000064.jpg",
      "accident_id": 6,
      "accident_name": "pedestrian",
      "objects": []
    },
    {
      "frame_id": 65,
      "image_path": "frames/6E2N9ld0eHg_004949/images/000065.jpg",
      "accident_id": 6,
      "accident_name": "pedestrian",
      "objects": []
    },
    {
      "frame_id": 66,
      "image_path": "frames/6E2N9ld0eHg_004949/images/000066.jpg",
      "accident_id": 6,
      "accident_name": "pedestrian",
      "objects": []
    },
    {
      "frame_id": 67,
      "image_path": "frames/6E2N9ld0eHg_004949/images/000067.jpg",
      "accident_id": 6,
      "accident_name": "pedestrian",
      "objects": []
    },
    {
      "frame_id": 68,
      "image_path": "frames/6E2N9ld0eHg_004949/images/000068.jpg",
      "accident_id": 6,
      "accident_name": "pedestrian",
      "objects": []
    },
    {
      "frame_id": 69,
      "image_path": "frames/6E2N9ld0eHg_004949/images/000069.jpg",
      "accident_id": 6,
      "accident_name": "pedestrian",
      "objects": []
    },
    {
      "frame_id": 70,
      "image_path": "frames/6E2N9ld0eHg_004949/images/000070.jpg",
      "accident_id": 6,
      "accident_name": "pedestrian",
      "objects": []
    },
    {
      "frame_id": 71,
      "image_path": "frames/6E2N9ld0eHg_004949/images/000071.jpg",
      "accident_id": 6,
      "accident_name": "pedestrian",
      "objects": []
    },
    {
      "frame_id": 72,
      "image_path": "frames/6E2N9ld0eHg_004949/images/000072.jpg",
      "accident_id": 6,
      "accident_name": "pedestrian",
      "objects": []
    },
    {
      "frame_id": 73,
      "image_path": "frames/6E2N9ld0eHg_004949/images/000073.jpg",
      "accident_id": 6,
      "accident_name": "pedestrian",
      "objects": []
    },
    {
      "frame_id": 74,
      "image_path": "frames/6E2N9ld0eHg_004949/images/000074.jpg",
      "accident_id": 6,
      "accident_name": "pedestrian",
      "objects": []
    },
    {
      "frame_id": 75,
      "image_path": "frames/6E2N9ld0eHg_004949/images/000075.jpg",
      "accident_id": 6,
      "accident_name": "pedestrian",
      "objects": []
    },
    {
      "frame_id": 76,
      "image_path": "frames/6E2N9ld0eHg_004949/images/000076.jpg",
      "accident_id": 6,
      "accident_name": "pedestrian",
      "objects": []
    },
    {
      "frame_id": 77,
      "image_path": "frames/6E2N9ld0eHg_004949/images/000077.jpg",
      "accident_id": 6,
      "accident_name": "pedestrian",
      "objects": []
    },
    {
      "frame_id": 78,
      "image_path": "frames/6E2N9ld0eHg_004949/images/000078.jpg",
      "accident_id": 6,
      "accident_name": "pedestrian",
      "objects": []
    },
    {
      "frame_id": 79,
      "image_path": "frames/6E2N9ld0eHg_004949/images/000079.jpg",
      "accident_id": 6,
      "accident_name": "pedestrian",
      "objects": []
    },
    {
      "frame_id": 80,
      "image_path": "frames/6E2N9ld0eHg_004949/images/000080.jpg",
      "accident_id": 6,
      "accident_name": "pedestrian",
      "objects": []
    },
    {
      "frame_id": 81,
      "image_path": "frames/6E2N9ld0eHg_004949/images/000081.jpg",
      "accident_id": 6,
      "accident_name": "pedestrian",
      "objects": []
    },
    {
      "frame_id": 82,
      "image_path": "frames/6E2N9ld0eHg_004949/images/000082.jpg",
      "accident_id": 6,
      "accident_name": "pedestrian",
      "objects": []
    },
    {
      "frame_id": 83,
      "image_path": "frames/6E2N9ld0eHg_004949/images/000083.jpg",
      "accident_id": 6,
      "accident_name": "pedestrian",
      "objects": []
    },
    {
      "frame_id": 84,
      "image_path": "frames/6E2N9ld0eHg_004949/images/000084.jpg",
      "accident_id": 0,
      "accident_name": "normal",
      "objects": []
    },
    {
      "frame_id": 85,
      "image_path": "frames/6E2N9ld0eHg_004949/images/000085.jpg",
      "accident_id": 0,
      "accident_name": "normal",
      "objects": []
    },
    {
      "frame_id": 86,
      "image_path": "frames/6E2N9ld0eHg_004949/images/000086.jpg",
      "accident_id": 0,
      "accident_name": "normal",
      "objects": []
    },
    {
      "frame_id": 87,
      "image_path": "frames/6E2N9ld0eHg_004949/images/000087.jpg",
      "accident_id": 0,
      "accident_name": "normal",
      "objects": []
    },
    {
      "frame_id": 88,
      "image_path": "frames/6E2N9ld0eHg_004949/images/000088.jpg",
      "accident_id": 0,
      "accident_name": "normal",
      "objects": []
    }
  ]
}