{
  "video_name": "7uTMZ5-aWKA_001975",
  "channel": "CarCrashesTime",
  "num_frames": 139,
  "ignore": false,
  "ego_involve": true,
  "night": false,
  "anomaly_start": 62,
  "anomaly_end": 112,
  "video_start": 1975,
  "video_end": 2113,
  "accident_id": "3",
  "accident_name": "lateral",
  "labels": [
    {
      "frame_id": 0,
      "image_path": "frames/7uTMZ5-aWKA_001975/images/000000.jpg",
      "accident_id": 0,
      "accident_name": "normal",
      "objects": []
    },
    {
      "frame_id": 1,
      "image_path": "frames/7uTMZ5-aWKA_001975/images/000001.jpg",
      "accident_id": 0,
      "accident_name": "normal",
      "objects": []
    },
    {
      "frame_id": 2,
      "image_path": "frames/7uTMZ5-aWKA_001975/images/000002.jpg",
      "accident_id": 0,
      "accident_name": "normal",
      "objects": []
    },
    {
      "frame_id": 3,
      "image_path": "frames/7uTMZ5-aWKA_001975/images/000003.jpg",
      "accident_id": 0,
      "accident_name": "normal",
      "objects": []
    },
    {
      "frame_id": 4,
      "image_path": "frames/7uTMZ5-aWKA_001975/images/000004.jpg",
      "accident_id": 0,
      "accident_name": "normal",
      "objects": []
    },
    {
      "frame_id": 5,
      "image_path": "frames/7uTMZ5-aWKA_001975/images/000005.jpg",
      "accident_id": 0,
      "accident_name": "normal",
      "objects": []
    },
    {
      "frame_id": 6,
      "image_path": "frames/7uTMZ5-aWKA_001975/images/000006.jpg",
      "accident_id": 0,
      "accident_name": "normal",
      "objects": []
    },
    {
      "frame_id": 7,
      "image_path": "frames/7uTMZ5-aWKA_001975/images/000007.jpg",
      "accident_id": 0,
      "accident_name": "normal",
      "objects": []
    },
    {
      "frame_id": 8,
      "image_path": "frames/7uTMZ5-aWKA_001975/images/000008.jpg",
      "accident_id": 0,
      "accident_name": "normal",
      "objects": []
    },
    {
      "frame_id": 9,
      "image_path": "frames/7uTMZ5-aWKA_001975/images/000009.jpg",
      "accident_id": 0,
      "accident_name": "normal",
      "objects": []
    },
    {
      "frame_id": 10,
      "image_path": "frames/7uTMZ5-aWKA_001975/images/000010.jpg",
      "accident_id": 0,
      "accident_name": "normal",
      "objects": []
    },
    {
      "frame_id": 11,
      "image_path": "frames/7uTMZ5-aWKA_001975/images/000011.jpg",
      "accident_id": 0,
      "accident_name": "normal",
      "objects": []
    },
    {
      "frame_id": 12,
      "image_path": "frames/7uTMZ5-aWKA_001975/images/000012.jpg",
      "accident_id": 0,
      "accident_name": "normal",
      "objects": []
    },
    {
      "frame_id": 13,
      "image_path": "frames/7uTMZ5-aWKA_001975/images/000013.jpg",
      "accident_id": 0,
      "accident_name": "normal",
      "objects": []
    },
    {
      "frame_id": 14,
      "image_path": "frames/7uTMZ5-aWKA_001975/images/000014.jpg",
      "accident_id": 0,
      "accident_name": "normal",
      "objects": []
    },
    {
      "frame_id": 15,
      "image_path": "frames/7uTMZ5-aWKA_001975/images/000015.jpg",
      "accident_id": 0,
      "accident_name": "normal",
      "objects": []
    },
    {
      "frame_id": 16,
      "image_path": "frames/7uTMZ5-aWKA_001975/images/000016.jpg",
      "accident_id": 0,
      "accident_name": "normal",
      "objects": []
    },
    {
      "frame_id": 17,
      "image_path": "frames/7uTMZ5-aWKA_001975/images/000017.jpg",
      "accident_id": 0,
      "accident_name": "normal",
      "objects": []
    },
    {
      "frame_id": 18,
      "image_path": "frames/7uTMZ5-aWKA_001975/images/000018.jpg",
      "accident_id": 0,
      "accident_name": "normal",
      "objects": []
    },
    {
      "frame_id": 19,
      "image_path": "frames/7uTMZ5-aWKA_001975/images/000019.jpg",
      "accident_id": 0,
      "accident_name": "normal",
      "objects": []
    },
    {
      "frame_id": 20,
      "image_path": "frames/7uTMZ5-aWKA_001975/images/000020.jpg",
      "accident_id": 0,
      "accident_name": "normal",
      "objects": []
    },
    {
      "frame_id": 21,
      "image_path": "frames/7uTMZ5-aWKA_001975/images/000021.jpg",
      "accident_id": 0,
      "accident_name": "normal",
      "objects": []
    },
    {
      "frame_id": 22,
      "image_path": "frames/7uTMZ5-aWKA_001975/images/000022.jpg",
      "accident_id": 0,
      "accident_name": "normal",
      "objects": []
    },
    {
      "frame_id": 23,
      "image_path": "frames/7uTMZ5-aWKA_001975/images/000023.jpg",
      "accident_id": 0,
      "accident_name": "normal",
      "objects": []
    },
    {
      "frame_id": 24,
      "image_path": "frames/7uTMZ5-aWKA_001975/images/000024.jpg",
      "accident_id": 0,
      "accident_name": "normal",
      "objects": []
    },
    {
      "frame_id": 25,
      "image_path": "frames/7uTMZ5-aWKA_001975/images/000025.jpg",
      "accident_id": 0,
      "accident_name": "normal",
      "objects": []
    },
    {
      "frame_id": 26,
      "image_path": "frames/7uTMZ5-aWKA_001975/images/000026.jpg",
      "accident_id": 0,
      "accident_name": "normal",
      "objects": []
    },
    {
      "frame_id": 27,
      "image_path": "frames/7uTMZ5-aWKA_001975/images/000027.jpg",
      "accident_id": 0,
      "accident_name": "normal",
      "objects": []
    },
    {
      "frame_id": 28,
      "image_path": "frames/7uTMZ5-aWKA_001975/images/000028.jpg",
      "accident_id": 0,
      "accident_name": "normal",
      "objects": []
    },
    {
      "frame_id": 29,
      "image_path": "frames/7uTMZ5-aWKA_001975/images/000029.jpg",
      "accident_id": 0,
      "accident_name": "normal",
      "objects": []
    },
    {
      "frame_id": 30,
      "image_path": "frames/7uTMZ5-aWKA_001975/images/000030.jpg",
      "accident_id": 0,
      "accident_name": "normal",
      "objects": []
    },
    {
      "frame_id": 31,
      "image_path": "frames/7uTMZ5-aWKA_001975/images/000031.jpg",
      "accident_id": 0,
      "accident_name": "normal",
      "objects": []
    },
    {
      "frame_id": 32,
      "image_path": "frames/7uTMZ5-aWKA_001975/images/000032.jpg",
      "accident_id": 0,
      "accident_name": "normal",
      "objects": []
    },
    {
      "frame_id": 33,
      "image_path": "frames/7uTMZ5-aWKA_001975/images/000033.jpg",
      "accident_id": 0,
      "accident_name": "normal",
      "objects": []
    },
    {
      "frame_id": 34,
      "image_path": "frames/7uTMZ5-aWKA_001975/images/000034.jpg",
      "accident_id": 0,
      "accident_name": "normal",
      "objects": []
    },
    {
      "frame_id": 35,
      "image_path": "frames/7uTMZ5-aWKA_001975/images/000035.jpg",
      "accident_id": 0,
      "accident_name": "normal",
      "objects": []
    },
    {
      "frame_id": 36,
      "image_path": "frames/7uTMZ5-aWKA_001975/images/000036.jpg",
      "accident_id": 0,
      "accident_name": "normal",
      "objects": []
    },
    {
      "frame_id": 37,
      "image_path": "frames/7uTMZ5-aWKA_001975/images/000037.jpg",
      "accident_id": 0,
      "accident_name": "normal",
      "objects": []
    },
    {
      "frame_id": 38,
      "image_path": "frames/7uTMZ5-aWKA_001975/images/000038.jpg",
      "accident_id": 0,
      "accident_name": "normal",
      "objects": []
    },
    {
      "frame_id": 39,
      "image_path": "frames/7uTMZ5-aWKA_001975/images/000039.jpg",
      "accident_id": 0,
      "accident_name": "normal",
      "objects": []
    },
    {
      "frame_id": 40,
      "image_path": "frames/7uTMZ5-aWKA_001975/images/000040.jpg",
      "accident_id": 0,
      "accident_name": "normal",
      "objects": []
    },
    {
      "frame_id": 41,
      "image_path": "frames/7uTMZ5-aWKA_001975/images/000041.jpg",
      "accident_id": 0,
      "accident_name": "normal",
      "objects": []
    },
    {
      "frame_id": 42,
      "image_path": "frames/7uTMZ5-aWKA_001975/images/000042.jpg",
      "accident_id": 0,
      "accident_name": "normal",
      "objects": []
    },
    {
      "frame_id": 43,
      "image_path": "frames/7uTMZ5-aWKA_001975/images/000043.jpg",
      "accident_id": 0,
      "accident_name": "normal",
      "objects": []
    },
    {
      "frame_id": 44,
      "image_path": "frames/7uTMZ5-aWKA_001975/images/000044.jpg",
      "accident_id": 0,
      "accident_name": "normal",
      "objects": []
    },
    {
      "frame_id": 45,
      "image_path": "frames/7uTMZ5-aWKA_001975/images/000045.jpg",
      "accident_id": 0,
      "accident_name": "normal",
      "objects": []
    },
    {
      "frame_id": 46,
      "image_path": "frames/7uTMZ5-aWKA_001975/images/000046.jpg",
      "accident_id": 0,
      "accident_name": "normal",
      "objects": []
    },
    {
      "frame_id": 47,
      "image_path": "frames/7uTMZ5-aWKA_001975/images/000047.jpg",
      "accident_id": 0,
      "accident_name": "normal",
      "objects": []
    },
    {
      "frame_id": 48,
      "image_path": "frames/7uTMZ5-aWKA_001975/images/000048.jpg",
      "accident_id": 0,
      "accident_name": "normal",
      "objects": []
    },
    {
      "frame_id": 49,
      "image_path": "frames/7uTMZ5-aWKA_001975/images/000049.jpg",
      "accident_id": 0,
      "accident_name": "normal",
      "objects": []
    },
    {
      "frame_id": 50,
      "image_path": "frames/7uTMZ5-aWKA_001975/images/000050.jpg",
      "accident_id": 0,
      "accident_name": "normal",
      "objects": []
    },
    {
      "frame_id": 51,
      "image_path": "frames/7uTMZ5-aWKA_001975/images/000051.jpg",
      "accident_id": 0,
      "accident_name": "normal",
      "objects": []
    },
    {
      "frame_id": 52,
      "image_path": "frames/7uTMZ5-aWKA_001975/images/000052.jpg",
      "accident_id": 0,
      "accident_name": "normal",
      "objects": []
    },
    {
      "frame_id": 53,
      "image_path": "frames/7uTMZ5-aWKA_001975/images/000053.jpg",
      "accident_id": 0,
      "accident_name": "normal",
      "objects": []
    },
    {
      "frame_id": 54,
      "image_path": "frames/7uTMZ5-aWKA_001975/images/000054.jpg",
      "accident_id": 0,
      "accident_name": "normal",
      "objects": []
    },
    {
      "frame_id": 55,
      "image_path": "frames/7uTMZ5-aWKA_001975/images/000055.jpg",
      "accident_id": 0,
      "accident_name": "normal",
      "objects": []
    },
    {
      "frame_id": 56,
      "image_path": "frames/7uTMZ5-aWKA_001975/images/000056.jpg",
      "accident_id": 0,
      "accident_name": "normal",
      "objects": []
    },
    {
      "frame_id": 57,
      "image_path": "frames/7uTMZ5-aWKA_001975/images/000057.jpg",
      "accident_id": 0,
      "accident_name": "normal",
      "objects": []
    },
    {
      "frame_id": 58,
      "image_path": "frames/7uTMZ5-aWKA_001975/images/000058.jpg",
      "accident_id": 0,
      "accident_name": "normal",
      "objects": []
    },
    {
      "frame_id": 59,
      "image_path": "frames/7uTMZ5-aWKA_001975/images/000059.jpg",
      "accident_id": 0,
      "accident_name": "normal",
      "objects": []
    },
    {
      "frame_id": 60,
      "image_path": "frames/7uTMZ5-aWKA_001975/images/000060.jpg",
      "accident_id": 0,
      "accident_name": "normal",
      "objects": []
    },
    {
      "frame_id": 61,
      "image_path": "frames/7uTMZ5-aWKA_001975/images/000061.jpg",
      "accident_id": 0,
      "accident_name": "normal",
      "objects": []
    },
    {
      "frame_id": 62,
      "image_path": "frames/7uTMZ5-aWKA_001975/images/000062.jpg",
      "accident_id": 3,
      "accident_name": "lateral",
      "objects": [
        {
          "obj_track_id": 0,
          "bbox": [
            473.9930151338766,
            321.8626309662398,
            548.5913853317811,
            375.50640279394645
          ],
          "category": "car",
          "category ID": 3,
          "trunc": false
        },
        {
          "obj_track_id": 78,
          "bbox": [
            553.6204889406287,
            255.64610011641443,
            647.4970896391153,
            367.1245634458673
          ],
          "category": "truck",
          "category ID": 5,
          "trunc": false
        }
      ]
    },
    {
      "frame_id": 63,
      "image_path": "frames/7uTMZ5-aWKA_001975/images/000063.jpg",
      "accident_id": 3,
      "accident_name": "lateral",
      "objects": [
        {
          "obj_track_id": 0,
          "bbox": [
            475.66938300349244,
            321.8626309662398,
            550.267753201397,
            375.50640279394645
          ],
          "category": "car",
          "category ID": 3,
          "trunc": false
        },
        {
          "obj_track_id": 78,
          "bbox": [
            553.6204889406287,
            254.80791618160652,
            655.0407450523865,
            367.1245634458673
          ],
          "category": "truck",
          "category ID": 5,
          "trunc": false
        }
      ]
    },
    {
      "frame_id": 64,
      "image_path": "frames/7uTMZ5-aWKA_001975/images/000064.jpg",
      "accident_id": 3,
      "accident_name": "lateral",
      "objects": [
        {
          "obj_track_id": 0,
          "bbox": [
            478.1839348079162,
            320.186263096624,
            552.7823050058207,
            373.8300349243306
          ],
          "category": "car",
          "category ID": 3,
          "trunc": false
        },
        {
          "obj_track_id": 78,
          "bbox": [
            553.6204889406287,
            248.9406286379511,
            656.7171129220023,
            367.1245634458673
          ],
          "category": "truck",
          "category ID": 5,
          "trunc": false
        }
      ]
    },
    {
      "frame_id": 65,
      "image_path": "frames/7uTMZ5-aWKA_001975/images/000065.jpg",
      "accident_id": 3,
      "accident_name": "lateral",
      "objects": [
        {
          "obj_track_id": 0,
          "bbox": [
            478.1839348079162,
            313.4807916181606,
            555.2968568102445,
            367.12456344586724
          ],
          "category": "car",
          "category ID": 3,
          "trunc": false
        },
        {
          "obj_track_id": 78,
          "bbox": [
            553.6204889406287,
            240.55878928987195,
            661.7462165308499,
            367.1245634458673
          ],
          "category": "truck",
          "category ID": 5,
          "trunc": false
        }
      ]
    },
    {
      "frame_id": 66,
      "image_path": "frames/7uTMZ5-aWKA_001975/images/000066.jpg",
      "accident_id": 3,
      "accident_name": "lateral",
      "objects": [
        {
          "obj_track_id": 0,
          "bbox": [
            479.8603026775321,
            313.4807916181606,
            556.9732246798603,
            367.12456344586724
          ],
          "category": "car",
          "category ID": 3,
          "trunc": false
        },
        {
          "obj_track_id": 78,
          "bbox": [
            553.6204889406287,
            236.36786961583238,
            664.2607683352736,
            367.1245634458673
          ],
          "category": "truck",
          "category ID": 5,
          "trunc": false
        }
      ]
    },
    {
      "frame_id": 67,
      "image_path": "frames/7uTMZ5-aWKA_001975/images/000067.jpg",
      "accident_id": 3,
      "accident_name": "lateral",
      "objects": [
        {
          "obj_track_id": 0,
          "bbox": [
            483.21303841676377,
            311.80442374854476,
            560.325960419092,
            365.4481955762514
          ],
          "category": "car",
          "category ID": 3,
          "trunc": false
        },
        {
          "obj_track_id": 78,
          "bbox": [
            556.1350407450524,
            233.85331781140863,
            672.6426076833527,
            367.1245634458673
          ],
          "category": "truck",
          "category ID": 5,
          "trunc": false
        }
      ]
    },
    {
      "frame_id": 68,
      "image_path": "frames/7uTMZ5-aWKA_001975/images/000068.jpg",
      "accident_id": 3,
      "accident_name": "lateral",
      "objects": [
        {
          "obj_track_id": 0,
          "bbox": [
            485.7275902211875,
            310.12805587892893,
            563.6786961583236,
            363.7718277066356
          ],
          "category": "car",
          "category ID": 3,
          "trunc": false
        },
        {
          "obj_track_id": 78,
          "bbox": [
            556.1350407450524,
            229.66239813736902,
            676.8335273573923,
            362.9336437718277
          ],
          "category": "truck",
          "category ID": 5,
          "trunc": false
        }
      ]
    },
    {
      "frame_id": 69,
      "image_path": "frames/7uTMZ5-aWKA_001975/images/000069.jpg",
      "accident_id": 3,
      "accident_name": "lateral",
      "objects": [
        {
          "obj_track_id": 0,
          "bbox": [
            489.08032596041915,
            310.9662398137369,
            567.0314318975553,
            364.6100116414435
          ],
          "category": "car",
          "category ID": 3,
          "trunc": false
        },
        {
          "obj_track_id": 78,
          "bbox": [
            556.1350407450524,
            229.66239813736902,
            682.7008149010477,
            365.44819557625146
          ],
          "category": "truck",
          "category ID": 5,
          "trunc": false
        }
      ]
    },
    {
      "frame_id": 70,
      "image_path": "frames/7uTMZ5-aWKA_001975/images/000070.jpg",
      "accident_id": 3,
      "accident_name": "lateral",
      "objects": [
        {
          "obj_track_id": 0,
          "bbox": [
            492.4330616996508,
            315.1571594877765,
            570.384167636787,
            372.1536670547148
          ],
          "category": "car",
          "category ID": 3,
          "trunc": false
        },
        {
          "obj_track_id": 78,
          "bbox": [
            556.1350407450524,
            226.30966239813736,
            688.5681024447032,
            370.47729918509896
          ],
          "category": "truck",
          "category ID": 5,
          "trunc": false
        }
      ]
    },
    {
      "frame_id": 71,
      "image_path": "frames/7uTMZ5-aWKA_001975/images/000071.jpg",
      "accident_id": 3,
      "accident_name": "lateral",
      "objects": [
        {
          "obj_track_id": 0,
          "bbox": [
            495.78579743888247,
            316.8335273573923,
            573.7369033760186,
            373.8300349243306
          ],
          "category": "car",
          "category ID": 3,
          "trunc": false
        },
        {
          "obj_track_id": 78,
          "bbox": [
            557.8114086146683,
            226.30966239813736,
            695.2735739231665,
            377.1827706635623
          ],
          "category": "truck",
          "category ID": 5,
          "trunc": false
        }
      ]
    },
    {
      "frame_id": 72,
      "image_path": "frames/7uTMZ5-aWKA_001975/images/000072.jpg",
      "accident_id": 3,
      "accident_name": "lateral",
      "objects": [
        {
          "obj_track_id": 0,
          "bbox": [
            502.4912689173458,
            317.6717112922002,
            580.442374854482,
            374.6682188591385
          ],
          "category": "car",
          "category ID": 3,
          "trunc": false
        },
        {
          "obj_track_id": 78,
          "bbox": [
            562.0023282887078,
            222.11874272409779,
            702.8172293364378,
            377.1827706635623
          ],
          "category": "truck",
          "category ID": 5,
          "trunc": false
        }
      ]
    },
    {
      "frame_id": 73,
      "image_path": "frames/7uTMZ5-aWKA_001975/images/000073.jpg",
      "accident_id": 3,
      "accident_name": "lateral",
      "objects": [
        {
          "obj_track_id": 0,
          "bbox": [
            508.35855646100117,
            316.83352735739226,
            586.3096623981373,
            373.83003492433056
          ],
          "category": "car",
          "category ID": 3,
          "trunc": false
        },
        {
          "obj_track_id": 78,
          "bbox": [
            562.0023282887078,
            213.73690337601863,
            712.8754365541328,
            373.8300349243306
          ],
          "category": "truck",
          "category ID": 5,
          "trunc": false
        }
      ]
    },
    {
      "frame_id": 74,
      "image_path": "frames/7uTMZ5-aWKA_001975/images/000074.jpg",
      "accident_id": 3,
      "accident_name": "lateral",
      "objects": [
        {
          "obj_track_id": 0,
          "bbox": [
            514.2258440046566,
            314.3189755529686,
            592.1769499417927,
            372.9918509895226
          ],
          "category": "car",
          "category ID": 3,
          "trunc": false
        },
        {
          "obj_track_id": 78,
          "bbox": [
            565.3550640279394,
            210.38416763678697,
            720.4190919674039,
            370.47729918509896
          ],
          "category": "truck",
          "category ID": 5,
          "trunc": false
        }
      ]
    },
    {
      "frame_id": 75,
      "image_path": "frames/7uTMZ5-aWKA_001975/images/000075.jpg",
      "accident_id": 3,
      "accident_name": "lateral",
      "objects": [
        {
          "obj_track_id": 0,
          "bbox": [
            518.4167636786962,
            314.3189755529686,
            596.3678696158323,
            372.9918509895226
          ],
          "category": "car",
          "category ID": 3,
          "trunc": false
        },
        {
          "obj_track_id": 78,
          "bbox": [
            565.3550640279394,
            206.1932479627474,
            727.9627473806752,
            370.47729918509896
          ],
          "category": "truck",
          "category ID": 5,
          "trunc": false
        }
      ]
    },
    {
      "frame_id": 76,
      "image_path": "frames/7uTMZ5-aWKA_001975/images/000076.jpg",
      "accident_id": 3,
      "accident_name": "lateral",
      "objects": [
        {
          "obj_track_id": 0,
          "bbox": [
            524.2840512223516,
            314.3189755529686,
            602.2351571594878,
            372.9918509895226
          ],
          "category": "car",
          "category ID": 3,
          "trunc": false
        },
        {
          "obj_track_id": 78,
          "bbox": [
            569.545983701979,
            205.35506402793948,
            737.1827706635623,
            370.47729918509896
          ],
          "category": "truck",
          "category ID": 5,
          "trunc": false
        }
      ]
    },
    {
      "frame_id": 77,
      "image_path": "frames/7uTMZ5-aWKA_001975/images/000077.jpg",
      "accident_id": 3,
      "accident_name": "lateral",
      "objects": [
        {
          "obj_track_id": 0,
          "bbox": [
            532.6658905704309,
            315.1571594877765,
            610.616996507567,
            373.8300349243305
          ],
          "category": "car",
          "category ID": 3,
          "trunc": false
        },
        {
          "obj_track_id": 78,
          "bbox": [
            569.545983701979,
            206.1932479627474,
            744.7264260768335,
            370.47729918509896
          ],
          "category": "truck",
          "category ID": 5,
          "trunc": false
        }
      ]
    },
    {
      "frame_id": 78,
      "image_path": "frames/7uTMZ5-aWKA_001975/images/000078.jpg",
      "accident_id": 3,
      "accident_name": "lateral",
      "objects": [
        {
          "obj_track_id": 0,
          "bbox": [
            538.5331781140862,
            315.9953434225844,
            616.4842840512224,
            374.66821885913845
          ],
          "category": "car",
          "category ID": 3,
          "trunc": false
        },
        {
          "obj_track_id": 78,
          "bbox": [
            569.545983701979,
            196.9732246798603,
            752.2700814901048,
            380.53550640279394
          ],
          "category": "truck",
          "category ID": 5,
          "trunc": false
        }
      ]
    },
    {
      "frame_id": 79,
      "image_path": "frames/7uTMZ5-aWKA_001975/images/000079.jpg",
      "accident_id": 3,
      "accident_name": "lateral",
      "objects": [
        {
          "obj_track_id": 0,
          "bbox": [
            545.2386495925496,
            315.15715948777654,
            623.1897555296857,
            373.83003492433056
          ],
          "category": "car",
          "category ID": 3,
          "trunc": false
        },
        {
          "obj_track_id": 78,
          "bbox": [
            572.8987194412107,
            191.9441210710128,
            761.4901047729919,
            380.53550640279394
          ],
          "category": "truck",
          "category ID": 5,
          "trunc": false
        }
      ]
    },
    {
      "frame_id": 80,
      "image_path": "frames/7uTMZ5-aWKA_001975/images/000080.jpg",
      "accident_id": 3,
      "accident_name": "lateral",
      "objects": [
        {
          "obj_track_id": 0,
          "bbox": [
            545.2386495925496,
            315.15715948777654,
            623.1897555296857,
            380.53550640279394
          ],
          "category": "car",
          "category ID": 3,
          "trunc": false
        },
        {
          "obj_track_id": 78,
          "bbox": [
            572.8987194412107,
            188.59138533178114,
            768.1955762514552,
            380.53550640279394
          ],
          "category": "truck",
          "category ID": 5,
          "trunc": false
        }
      ]
    },
    {
      "frame_id": 81,
      "image_path": "frames/7uTMZ5-aWKA_001975/images/000081.jpg",
      "accident_id": 3,
      "accident_name": "lateral",
      "objects": [
        {
          "obj_track_id": 0,
          "bbox": [
            545.2386495925496,
            315.15715948777654,
            627.3806752037252,
            380.53550640279394
          ],
          "category": "car",
          "category ID": 3,
          "trunc": false
        },
        {
          "obj_track_id": 78,
          "bbox": [
            572.8987194412107,
            186.9150174621653,
            772.3864959254947,
            380.53550640279394
          ],
          "category": "truck",
          "category ID": 5,
          "trunc": false
        }
      ]
    },
    {
      "frame_id": 82,
      "image_path": "frames/7uTMZ5-aWKA_001975/images/000082.jpg",
      "accident_id": 3,
      "accident_name": "lateral",
      "objects": [
        {
          "obj_track_id": 0,
          "bbox": [
            545.2386495925496,
            309.2898719441211,
            633.2479627473807,
            380.53550640279394
          ],
          "category": "car",
          "category ID": 3,
          "trunc": false
        },
        {
          "obj_track_id": 78,
          "bbox": [
            572.8987194412107,
            181.0477299185099,
            776.5774155995343,
            380.53550640279394
          ],
          "category": "truck",
          "category ID": 5,
          "trunc": false
        }
      ]
    },
    {
      "frame_id": 83,
      "image_path": "frames/7uTMZ5-aWKA_001975/images/000083.jpg",
      "accident_id": 3,
      "accident_name": "lateral",
      "objects": [
        {
          "obj_track_id": 0,
          "bbox": [
            538.5331781140861,
            309.2898719441211,
            633.2479627473807,
            380.53550640279394
          ],
          "category": "car",
          "category ID": 3,
          "trunc": false
        },
        {
          "obj_track_id": 78,
          "bbox": [
            572.8987194412107,
            178.53317811408616,
            784.1210710128056,
            380.53550640279394
          ],
          "category": "truck",
          "category ID": 5,
          "trunc": false
        }
      ]
    },
    {
      "frame_id": 84,
      "image_path": "frames/7uTMZ5-aWKA_001975/images/000084.jpg",
      "accident_id": 3,
      "accident_name": "lateral",
      "objects": [
        {
          "obj_track_id": 0,
          "bbox": [
            535.5995343422585,
            309.2898719441211,
            639.5343422584401,
            384.7264260768335
          ],
          "category": "car",
          "category ID": 3,
          "trunc": false
        },
        {
          "obj_track_id": 78,
          "bbox": [
            567.8696158323633,
            171.82770663562283,
            789.988358556461,
            390.5937136204889
          ],
          "category": "truck",
          "category ID": 5,
          "trunc": false
        }
      ]
    },
    {
      "frame_id": 85,
      "image_path": "frames/7uTMZ5-aWKA_001975/images/000085.jpg",
      "accident_id": 3,
      "accident_name": "lateral",
      "objects": [
        {
          "obj_track_id": 0,
          "bbox": [
            532.6658905704307,
            309.2898719441211,
            645.8207217694994,
            388.9173457508731
          ],
          "category": "car",
          "category ID": 3,
          "trunc": false
        },
        {
          "obj_track_id": 78,
          "bbox": [
            567.8696158323633,
            166.7986030267753,
            794.1792782305006,
            390.5937136204889
          ],
          "category": "truck",
          "category ID": 5,
          "trunc": false
        }
      ]
    },
    {
      "frame_id": 86,
      "image_path": "frames/7uTMZ5-aWKA_001975/images/000086.jpg",
      "accident_id": 3,
      "accident_name": "lateral",
      "objects": [
        {
          "obj_track_id": 0,
          "bbox": [
            527.6367869615832,
            309.2898719441211,
            646.6589057043074,
            394.78463329452853
          ],
          "category": "car",
          "category ID": 3,
          "trunc": false
        },
        {
          "obj_track_id": 78,
          "bbox": [
            566.1932479627474,
            164.28405122235154,
            796.6938300349243,
            388.07916181606515
          ],
          "category": "truck",
          "category ID": 5,
          "trunc": false
        }
      ]
    },
    {
      "frame_id": 87,
      "image_path": "frames/7uTMZ5-aWKA_001975/images/000087.jpg",
      "accident_id": 3,
      "accident_name": "lateral",
      "objects": [
        {
          "obj_track_id": 0,
          "bbox": [
            524.2840512223515,
            309.2898719441211,
            646.6589057043074,
            394.78463329452853
          ],
          "category": "car",
          "category ID": 3,
          "trunc": false
        },
        {
          "obj_track_id": 78,
          "bbox": [
            566.1932479627474,
            159.25494761350407,
            800.046565774156,
            394.78463329452853
          ],
          "category": "truck",
          "category ID": 5,
          "trunc": false
        }
      ]
    },
    {
      "frame_id": 88,
      "image_path": "frames/7uTMZ5-aWKA_001975/images/000088.jpg",
      "accident_id": 3,
      "accident_name": "lateral",
      "objects": [
        {
          "obj_track_id": 0,
          "bbox": [
            515.9022118742724,
            309.2898719441211,
            652.5261932479627,
            397.29918509895225
          ],
          "category": "car",
          "category ID": 3,
          "trunc": false
        },
        {
          "obj_track_id": 78,
          "bbox": [
            562.0023282887078,
            159.25494761350407,
            805.9138533178115,
            394.78463329452853
          ],
          "category": "truck",
          "category ID": 5,
          "trunc": false
        }
      ]
    },
    {
      "frame_id": 89,
      "image_path": "frames/7uTMZ5-aWKA_001975/images/000089.jpg",
      "accident_id": 3,
      "accident_name": "lateral",
      "objects": [
        {
          "obj_track_id": 0,
          "bbox": [
            505.8440046565774,
            312.64260768335276,
            652.5261932479627,
            401.49010477299186
          ],
          "category": "car",
          "category ID": 3,
          "trunc": false
        },
        {
          "obj_track_id": 78,
          "bbox": [
            562.0023282887078,
            160.09313154831202,
            815.1338766006985,
            395.6228172293365
          ],
          "category": "truck",
          "category ID": 5,
          "trunc": false
        }
      ]
    },
    {
      "frame_id": 90,
      "image_path": "frames/7uTMZ5-aWKA_001975/images/000090.jpg",
      "accident_id": 3,
      "accident_name": "lateral",
      "objects": [
        {
          "obj_track_id": 0,
          "bbox": [
            499.1385331781141,
            312.64260768335276,
            661.7462165308499,
            404.00465657741563
          ],
          "category": "car",
          "category ID": 3,
          "trunc": false
        },
        {
          "obj_track_id": 78,
          "bbox": [
            567.0314318975553,
            158.41676367869616,
            823.5157159487777,
            408.1955762514552
          ],
          "category": "truck",
          "category ID": 5,
          "trunc": false
        }
      ]
    },
    {
      "frame_id": 91,
      "image_path": "frames/7uTMZ5-aWKA_001975/images/000091.jpg",
      "accident_id": 3,
      "accident_name": "lateral",
      "objects": [
        {
          "obj_track_id": 0,
          "bbox": [
            486.5657741559953,
            315.9953434225845,
            660.069848661234,
            407.35739231664735
          ],
          "category": "car",
          "category ID": 3,
          "trunc": false
        },
        {
          "obj_track_id": 78,
          "bbox": [
            567.0314318975553,
            150.87310826542492,
            831.8975552968568,
            405.68102444703146
          ],
          "category": "truck",
          "category ID": 5,
          "trunc": false
        }
      ]
    },
    {
      "frame_id": 92,
      "image_path": "frames/7uTMZ5-aWKA_001975/images/000092.jpg",
      "accident_id": 3,
      "accident_name": "lateral",
      "objects": [
        {
          "obj_track_id": 0,
          "bbox": [
            468.9639115250291,
            310.96623981373693,
            660.069848661234,
            407.35739231664735
          ],
          "category": "car",
          "category ID": 3,
          "trunc": false
        },
        {
          "obj_track_id": 78,
          "bbox": [
            567.0314318975553,
            146.68218859138534,
            838.6030267753201,
            405.68102444703146
          ],
          "category": "truck",
          "category ID": 5,
          "trunc": false
        }
      ]
    },
    {
      "frame_id": 93,
      "image_path": "frames/7uTMZ5-aWKA_001975/images/000093.jpg",
      "accident_id": 3,
      "accident_name": "lateral",
      "objects": [
        {
          "obj_track_id": 0,
          "bbox": [
            451.36204889406287,
            307.6135040745053,
            648.3352735739231,
            410.710128055879
          ],
          "category": "car",
          "category ID": 3,
          "trunc": false
        },
        {
          "obj_track_id": 78,
          "bbox": [
            567.0314318975553,
            140.81490104772993,
            845.3084982537835,
            405.6810244470314
          ],
          "category": "truck",
          "category ID": 5,
          "trunc": false
        }
      ]
    },
    {
      "frame_id": 94,
      "image_path": "frames/7uTMZ5-aWKA_001975/images/000094.jpg",
      "accident_id": 3,
      "accident_name": "lateral",
      "objects": [
        {
          "obj_track_id": 0,
          "bbox": [
            435.4365541327125,
            307.6135040745053,
            632.4097788125728,
            410.710128055879
          ],
          "category": "car",
          "category ID": 3,
          "trunc": false
        },
        {
          "obj_track_id": 78,
          "bbox": [
            567.0314318975553,
            140.81490104772993,
            849.4994179278231,
            405.6810244470314
          ],
          "category": "truck",
          "category ID": 5,
          "trunc": false
        }
      ]
    },
    {
      "frame_id": 95,
      "image_path": "frames/7uTMZ5-aWKA_001975/images/000095.jpg",
      "accident_id": 3,
      "accident_name": "lateral",
      "objects": [
        {
          "obj_track_id": 0,
          "bbox": [
            412.8055878928987,
            305.93713620488944,
            618.1606519208382,
            409.0337601862632
          ],
          "category": "car",
          "category ID": 3,
          "trunc": false
        },
        {
          "obj_track_id": 78,
          "bbox": [
            578.7660069848662,
            140.81490104772993,
            849.4994179278231,
            405.6810244470314
          ],
          "category": "truck",
          "category ID": 5,
          "trunc": false
        }
      ]
    },
    {
      "frame_id": 96,
      "image_path": "frames/7uTMZ5-aWKA_001975/images/000096.jpg",
      "accident_id": 3,
      "accident_name": "lateral",
      "objects": [
        {
          "obj_track_id": 0,
          "bbox": [
            381.7927823050058,
            307.6135040745053,
            602.2351571594878,
            415.7392316647265
          ],
          "category": "car",
          "category ID": 3,
          "trunc": false
        },
        {
          "obj_track_id": 78,
          "bbox": [
            574.5750873108266,
            138.30034924330616,
            849.4994179278231,
            405.6810244470314
          ],
          "category": "truck",
          "category ID": 5,
          "trunc": false
        }
      ]
    },
    {
      "frame_id": 97,
      "image_path": "frames/7uTMZ5-aWKA_001975/images/000097.jpg",
      "accident_id": 3,
      "accident_name": "lateral",
      "objects": [
        {
          "obj_track_id": 0,
          "bbox": [
            353.2945285215367,
            307.6135040745053,
            576.2514551804423,
            421.6065192083818
          ],
          "category": "car",
          "category ID": 3,
          "trunc": false
        },
        {
          "obj_track_id": 78,
          "bbox": [
            561.1641443538999,
            138.30034924330616,
            844.4703143189755,
            405.6810244470314
          ],
          "category": "truck",
          "category ID": 5,
          "trunc": false
        }
      ]
    },
    {
      "frame_id": 98,
      "image_path": "frames/7uTMZ5-aWKA_001975/images/000098.jpg",
      "accident_id": 3,
      "accident_name": "lateral",
      "objects": [
        {
          "obj_track_id": 0,
          "bbox": [
            315.57625145518045,
            307.6135040745053,
            547.7532013969733,
            425.79743888242143
          ],
          "category": "car",
          "category ID": 3,
          "trunc": false
        },
        {
          "obj_track_id": 78,
          "bbox": [
            549.429569266589,
            134.9476135040745,
            835.2502910360885,
            405.6810244470314
          ],
          "category": "truck",
          "category ID": 5,
          "trunc": false
        }
      ]
    },
    {
      "frame_id": 99,
      "image_path": "frames/7uTMZ5-aWKA_001975/images/000099.jpg",
      "accident_id": 3,
      "accident_name": "lateral",
      "objects": [
        {
          "obj_track_id": 0,
          "bbox": [
            274.50523864959257,
            299.23166472642606,
            511.7112922002329,
            424.9592549476135
          ],
          "category": "car",
          "category ID": 3,
          "trunc": false
        },
        {
          "obj_track_id": 78,
          "bbox": [
            535.1804423748545,
            131.59487776484283,
            821.0011641443539,
            405.6810244470314
          ],
          "category": "truck",
          "category ID": 5,
          "trunc": false
        }
      ]
    },
    {
      "frame_id": 100,
      "image_path": "frames/7uTMZ5-aWKA_001975/images/000100.jpg",
      "accident_id": 3,
      "accident_name": "lateral",
      "objects": [
        {
          "obj_track_id": 0,
          "bbox": [
            228.40512223515717,
            298.3934807916182,
            468.9639115250291,
            432.50291036088475
          ],
          "category": "car",
          "category ID": 3,
          "trunc": false
        },
        {
          "obj_track_id": 78,
          "bbox": [
            515.9022118742724,
            128.24214202561117,
            798.3701979045402,
            405.6810244470314
          ],
          "category": "truck",
          "category ID": 5,
          "trunc": false
        }
      ]
    },
    {
      "frame_id": 101,
      "image_path": "frames/7uTMZ5-aWKA_001975/images/000101.jpg",
      "accident_id": 3,
      "accident_name": "lateral",
      "objects": [
        {
          "obj_track_id": 0,
          "bbox": [
            179.790454016298,
            298.3934807916182,
            422.0256111757858,
            435.8556461001164
          ],
          "category": "car",
          "category ID": 3,
          "trunc": false
        },
        {
          "obj_track_id": 78,
          "bbox": [
            494.9476135040745,
            128.24214202561117,
            773.2246798603027,
            410.71012805587895
          ],
          "category": "truck",
          "category ID": 5,
          "trunc": false
        }
      ]
    },
    {
      "frame_id": 102,
      "image_path": "frames/7uTMZ5-aWKA_001975/images/000102.jpg",
      "accident_id": 3,
      "accident_name": "lateral",
      "objects": [
        {
          "obj_track_id": 0,
          "bbox": [
            128.66123399301514,
            292.52619324796274,
            368.38183934807915,
            435.8556461001164
          ],
          "category": "car",
          "category ID": 3,
          "trunc": false
        },
        {
          "obj_track_id": 78,
          "bbox": [
            471.47846332945284,
            128.24214202561117,
            747.2409778812573,
            416.57741559953433
          ],
          "category": "truck",
          "category ID": 5,
          "trunc": false
        }
      ]
    },
    {
      "frame_id": 103,
      "image_path": "frames/7uTMZ5-aWKA_001975/images/000103.jpg",
      "accident_id": 3,
      "accident_name": "lateral",
      "objects": [
        {
          "obj_track_id": 0,
          "bbox": [
            83.39930151338766,
            285.8207217694994,
            317.2526193247963,
            431.66472642607687
          ],
          "category": "car",
          "category ID": 3,
          "trunc": false
        },
        {
          "obj_track_id": 78,
          "bbox": [
            458.0675203725262,
            124.88940628637951,
            727.1245634458674,
            409.0337601862632
          ],
          "category": "truck",
          "category ID": 5,
          "trunc": false
        }
      ]
    },
    {
      "frame_id": 104,
      "image_path": "frames/7uTMZ5-aWKA_001975/images/000104.jpg",
      "accident_id": 3,
      "accident_name": "lateral",
      "objects": [
        {
          "obj_track_id": 0,
          "bbox": [
            49.87194412107098,
            279.1152502910361,
            283.7252619324796,
            435.01746216530853
          ],
          "category": "car",
          "category ID": 3,
          "trunc": false
        },
        {
          "obj_track_id": 78,
          "bbox": [
            452.2002328288707,
            120.69848661233996,
            715.3899883585565,
            398.13736903376014
          ],
          "category": "truck",
          "category ID": 5,
          "trunc": false
        }
      ]
    },
    {
      "frame_id": 105,
      "image_path": "frames/7uTMZ5-aWKA_001975/images/000105.jpg",
      "accident_id": 3,
      "accident_name": "lateral",
      "objects": [
        {
          "obj_track_id": 0,
          "bbox": [
            21.3736903376018,
            280.7916181606519,
            255.22700814901043,
            438.3701979045402
          ],
          "category": "car",
          "category ID": 3,
          "trunc": false
        },
        {
          "obj_track_id": 78,
          "bbox": [
            462.2584400465658,
            120.69848661233996,
            715.3899883585565,
            398.13736903376014
          ],
          "category": "truck",
          "category ID": 5,
          "trunc": false
        }
      ]
    },
    {
      "frame_id": 106,
      "image_path": "frames/7uTMZ5-aWKA_001975/images/000106.jpg",
      "accident_id": 3,
      "accident_name": "lateral",
      "objects": [
        {
          "obj_track_id": 0,
          "bbox": [
            0,
            293.3643771827707,
            233.85331781140863,
            455.13387660069856
          ],
          "category": "car",
          "category ID": 3,
          "trunc": false
        }
      ]
    },
    {
      "frame_id": 107,
      "image_path": "frames/7uTMZ5-aWKA_001975/images/000107.jpg",
      "accident_id": 3,
      "accident_name": "lateral",
      "objects": [
        {
          "obj_track_id": 0,
          "bbox": [
            0,
            305.9371362048894,
            207.45052386495925,
            476.9266589057043
          ],
          "category": "car",
          "category ID": 3,
          "trunc": true
        }
      ]
    },
    {
      "frame_id": 108,
      "image_path": "frames/7uTMZ5-aWKA_001975/images/000108.jpg",
      "accident_id": 3,
      "accident_name": "lateral",
      "objects": [
        {
          "obj_track_id": 0,
          "bbox": [
            0,
            307.6135040745053,
            176.43771827706635,
            478.60302677532013
          ],
          "category": "car",
          "category ID": 3,
          "trunc": true
        }
      ]
    },
    {
      "frame_id": 109,
      "image_path": "frames/7uTMZ5-aWKA_001975/images/000109.jpg",
      "accident_id": 3,
      "accident_name": "lateral",
      "objects": [
        {
          "obj_track_id": 0,
          "bbox": [
            0,
            307.6135040745053,
            139.55762514551805,
            478.60302677532013
          ],
          "category": "car",
          "category ID": 3,
          "trunc": true
        }
      ]
    },
    {
      "frame_id": 110,
      "image_path": "frames/7uTMZ5-aWKA_001975/images/000110.jpg",
      "accident_id": 3,
      "accident_name": "lateral",
      "objects": [
        {
          "obj_track_id": 0,
          "bbox": [
            0,
            302.5844004656577,
            96.81024447031432,
            478.60302677532013
          ],
          "category": "car",
          "category ID": 3,
          "trunc": true
        }
      ]
    },
    {
      "frame_id": 111,
      "image_path": "frames/7uTMZ5-aWKA_001975/images/000111.jpg",
      "accident_id": 3,
      "accident_name": "lateral",
      "objects": [
        {
          "obj_track_id": 0,
          "bbox": [
            0,
            341.1408614668219,
            48.19557625145518,
            478.60302677532013
          ],
          "category": "car",
          "category ID": 3,
          "trunc": false
        }
      ]
    },
    {
      "frame_id": 112,
      "image_path": "frames/7uTMZ5-aWKA_001975/images/000112.jpg",
      "accident_id": 0,
      "accident_name": "normal",
      "objects": []
    },
    {
      "frame_id": 113,
      "image_path": "frames/7uTMZ5-aWKA_001975/images/000113.jpg",
      "accident_id": 0,
      "accident_name": "normal",
      "objects": []
    },
    {
      "frame_id": 114,
      "image_path": "frames/7uTMZ5-aWKA_001975/images/000114.jpg",
      "accident_id": 0,
      "accident_name": "normal",
      "objects": []
    },
    {
      "frame_id": 115,
      "image_path": "frames/7uTMZ5-aWKA_001975/images/000115.jpg",
      "accident_id": 0,
      "accident_name": "normal",
      "objects": []
    },
    {
      "frame_id": 116,
      "image_path": "frames/7uTMZ5-aWKA_001975/images/000116.jpg",
      "accident_id": 0,
      "accident_name": "normal",
      "objects": []
    },
    {
      "frame_id": 117,
      "image_path": "frames/7uTMZ5-aWKA_001975/images/000117.jpg",
      "accident_id": 0,
      "accident_name": "normal",
      "objects": []
    },
    {
      "frame_id": 118,
      "image_path": "frames/7uTMZ5-aWKA_001975/images/000118.jpg",
      "accident_id": 0,
      "accident_name": "normal",
      "objects": []
    },
    {
      "frame_id": 119,
      "image_path": "frames/7uTMZ5-aWKA_001975/images/000119.jpg",
      "accident_id": 0,
      "accident_name": "normal",
      "objects": []
    },
    {
      "frame_id": 120,
      "image_path": "frames/7uTMZ5-aWKA_001975/images/000120.jpg",
      "accident_id": 0,
      "accident_name": "normal",
      "objects": []
    },
    {
      "frame_id": 121,
      "image_path": "frames/7uTMZ5-aWKA_001975/images/000121.jpg",
      "accident_id": 0,
      "accident_name": "normal",
      "objects": []
    },
    {
      "frame_id": 122,
      "image_path": "frames/7uTMZ5-aWKA_001975/images/000122.jpg",
      "accident_id": 0,
      "accident_name": "normal",
      "objects": []
    },
    {
      "frame_id": 123,
      "image_path": "frames/7uTMZ5-aWKA_001975/images/000123.jpg",
      "accident_id": 0,
      "accident_name": "normal",
      "objects": []
    },
    {
      "frame_id": 124,
      "image_path": "frames/7uTMZ5-aWKA_001975/images/000124.jpg",
      "accident_id": 0,
      "accident_name": "normal",
      "objects": []
    },
    {
      "frame_id": 125,
      "image_path": "frames/7uTMZ5-aWKA_001975/images/000125.jpg",
      "accident_id": 0,
      "accident_name": "normal",
      "objects": []
    },
    {
      "frame_id": 126,
      "image_path": "frames/7uTMZ5-aWKA_001975/images/000126.jpg",
      "accident_id": 0,
      "accident_name": "normal",
      "objects": []
    },
    {
      "frame_id": 127,
      "image_path": "frames/7uTMZ5-aWKA_001975/images/000127.jpg",
      "accident_id": 0,
      "accident_name": "normal",
      "objects": []
    },
    {
      "frame_id": 128,
      "image_path": "frames/7uTMZ5-aWKA_001975/images/000128.jpg",
      "accident_id": 0,
      "accident_name": "normal",
      "objects": []
    },
    {
      "frame_id": 129,
      "image_path": "frames/7uTMZ5-aWKA_001975/images/000129.jpg",
      "accident_id": 0,
      "accident_name": "normal",
      "objects": []
    },
    {
      "frame_id": 130,
      "image_path": "frames/7uTMZ5-aWKA_001975/images/000130.jpg",
      "accident_id": 0,
      "accident_name": "normal",
      "objects": []
    },
    {
      "frame_id": 131,
      "image_path": "frames/7uTMZ5-aWKA_001975/images/000131.jpg",
      "accident_id": 0,
      "accident_name": "normal",
      "objects": []
    },
    {
      "frame_id": 132,
      "image_path": "frames/7uTMZ5-aWKA_001975/images/000132.jpg",
      "accident_id": 0,
      "accident_name": "normal",
      "objects": []
    },
    {
      "frame_id": 133,
      "image_path": "frames/7uTMZ5-aWKA_001975/images/000133.jpg",
      "accident_id": 0,
      "accident_name": "normal",
      "objects": []
    },
    {
      "frame_id": 134,
      "image_path": "frames/7uTMZ5-aWKA_001975/images/000134.jpg",
      "accident_id": 0,
      "accident_name": "normal",
      "objects": []
    },
    {
      "frame_id": 135,
      "image_path": "frames/7uTMZ5-aWKA_001975/images/000135.jpg",
      "accident_id": 0,
      "accident_name": "normal",
      "objects": []
    },
    {
      "frame_id": 136,
      "image_path": "frames/7uTMZ5-aWKA_001975/images/000136.jpg",
      "accident_id": 0,
      "accident_name": "normal",
      "objects": []
    },
    {
      "frame_id": 137,
      "image_path": "frames/7uTMZ5-aWKA_001975/images/000137.jpg",
      "accident_id": 0,
      "accident_name": "normal",
      "objects": []
    },
    {
      "frame_id": 138,
      "image_path": "frames/7uTMZ5-aWKA_001975/images/000138.jpg",
      "accident_id": 0,
      "accident_name": "normal",
      "objects": []
    }
  ]
}