{
  "video_name": "7uTMZ5-aWKA_004187",
  "channel": "CarCrashesTime",
  "num_frames": 101,
  "ignore": false,
  "ego_involve": false,
  "night": false,
  "anomaly_start": 50,
  "anomaly_end": 81,
  "video_start": 4187,
  "video_end": 4287,
  "accident_id": "8",
  "accident_name": "leave_to_right",
  "labels": [
    {
      "frame_id": 0,
      "image_path": "frames/7uTMZ5-aWKA_004187/images/000000.jpg",
      "accident_id": 0,
      "accident_name": "normal",
      "objects": []
    },
    {
      "frame_id": 1,
      "image_path": "frames/7uTMZ5-aWKA_004187/images/000001.jpg",
      "accident_id": 0,
      "accident_name": "normal",
      "objects": []
    },
    {
      "frame_id": 2,
      "image_path": "frames/7uTMZ5-aWKA_004187/images/000002.jpg",
      "accident_id": 0,
      "accident_name": "normal",
      "objects": []
    },
    {
      "frame_id": 3,
      "image_path": "frames/7uTMZ5-aWKA_004187/images/000003.jpg",
      "accident_id": 0,
      "accident_name": "normal",
      "objects": []
    },
    {
      "frame_id": 4,
      "image_path": "frames/7uTMZ5-aWKA_004187/images/000004.jpg",
      "accident_id": 0,
      "accident_name": "normal",
      "objects": []
    },
    {
      "frame_id": 5,
      "image_path": "frames/7uTMZ5-aWKA_004187/images/000005.jpg",
      "accident_id": 0,
      "accident_name": "normal",
      "objects": []
    },
    {
      "frame_id": 6,
      "image_path": "frames/7uTMZ5-aWKA_004187/images/000006.jpg",
      "accident_id": 0,
      "accident_name": "normal",
      "objects": []
    },
    {
      "frame_id": 7,
      "image_path": "frames/7uTMZ5-aWKA_004187/images/000007.jpg",
      "accident_id": 0,
      "accident_name": "normal",
      "objects": []
    },
    {
      "frame_id": 8,
      "image_path": "frames/7uTMZ5-aWKA_004187/images/000008.jpg",
      "accident_id": 0,
      "accident_name": "normal",
      "objects": []
    },
    {
      "frame_id": 9,
      "image_path": "frames/7uTMZ5-aWKA_004187/images/000009.jpg",
      "accident_id": 0,
      "accident_name": "normal",
      "objects": []
    },
    {
      "frame_id": 10,
      "image_path": "frames/7uTMZ5-aWKA_004187/images/000010.jpg",
      "accident_id": 0,
      "accident_name": "normal",
      "objects": []
    },
    {
      "frame_id": 11,
      "image_path": "frames/7uTMZ5-aWKA_004187/images/000011.jpg",
      "accident_id": 0,
      "accident_name": "normal",
      "objects": []
    },
    {
      "frame_id": 12,
      "image_path": "frames/7uTMZ5-aWKA_004187/images/000012.jpg",
      "accident_id": 0,
      "accident_name": "normal",
      "objects": []
    },
    {
      "frame_id": 13,
      "image_path": "frames/7uTMZ5-aWKA_004187/images/000013.jpg",
      "accident_id": 0,
      "accident_name": "normal",
      "objects": []
    },
    {
      "frame_id": 14,
      "image_path": "frames/7uTMZ5-aWKA_004187/images/000014.jpg",
      "accident_id": 0,
      "accident_name": "normal",
      "objects": []
    },
    {
      "frame_id": 15,
      "image_path": "frames/7uTMZ5-aWKA_004187/images/000015.jpg",
      "accident_id": 0,
      "accident_name": "normal",
      "objects": []
    },
    {
      "frame_id": 16,
      "image_path": "frames/7uTMZ5-aWKA_004187/images/000016.jpg",
      "accident_id": 0,
      "accident_name": "normal",
      "objects": []
    },
    {
      "frame_id": 17,
      "image_path": "frames/7uTMZ5-aWKA_004187/images/000017.jpg",
      "accident_id": 0,
      "accident_name": "normal",
      "objects": []
    },
    {
      "frame_id": 18,
      "image_path": "frames/7uTMZ5-aWKA_004187/images/000018.jpg",
      "accident_id": 0,
      "accident_name": "normal",
      "objects": []
    },
    {
      "frame_id": 19,
      "image_path": "frames/7uTMZ5-aWKA_004187/images/000019.jpg",
      "accident_id": 0,
      "accident_name": "normal",
      "objects": []
    },
    {
      "frame_id": 20,
      "image_path": "frames/7uTMZ5-aWKA_004187/images/000020.jpg",
      "accident_id": 0,
      "accident_name": "normal",
      "objects": []
    },
    {
      "frame_id": 21,
      "image_path": "frames/7uTMZ5-aWKA_004187/images/000021.jpg",
      "accident_id": 0,
      "accident_name": "normal",
      "objects": []
    },
    {
      "frame_id": 22,
      "image_path": "frames/7uTMZ5-aWKA_004187/images/000022.jpg",
      "accident_id": 0,
      "accident_name": "normal",
      "objects": []
    },
    {
      "frame_id": 23,
      "image_path": "frames/7uTMZ5-aWKA_004187/images/000023.jpg",
      "accident_id": 0,
      "accident_name": "normal",
      "objects": []
    },
    {
      "frame_id": 24,
      "image_path": "frames/7uTMZ5-aWKA_004187/images/000024.jpg",
      "accident_id": 0,
      "accident_name": "normal",
      "objects": []
    },
    {
      "frame_id": 25,
      "image_path": "frames/7uTMZ5-aWKA_004187/images/000025.jpg",
      "accident_id": 0,
      "accident_name": "normal",
      "objects": []
    },
    {
      "frame_id": 26,
      "image_path": "frames/7uTMZ5-aWKA_004187/images/000026.jpg",
      "accident_id": 0,
      "accident_name": "normal",
      "objects": []
    },
    {
      "frame_id": 27,
      "image_path": "frames/7uTMZ5-aWKA_004187/images/000027.jpg",
      "accident_id": 0,
      "accident_name": "normal",
      "objects": []
    },
    {
      "frame_id": 28,
      "image_path": "frames/7uTMZ5-aWKA_004187/images/000028.jpg",
      "accident_id": 0,
      "accident_name": "normal",
      "objects": []
    },
    {
      "frame_id": 29,
      "image_path": "frames/7uTMZ5-aWKA_004187/images/000029.jpg",
      "accident_id": 0,
      "accident_name": "normal",
      "objects": []
    },
    {
      "frame_id": 30,
      "image_path": "frames/7uTMZ5-aWKA_004187/images/000030.jpg",
      "accident_id": 0,
      "accident_name": "normal",
      "objects": []
    },
    {
      "frame_id": 31,
      "image_path": "frames/7uTMZ5-aWKA_004187/images/000031.jpg",
      "accident_id": 0,
      "accident_name": "normal",
      "objects": []
    },
    {
      "frame_id": 32,
      "image_path": "frames/7uTMZ5-aWKA_004187/images/000032.jpg",
      "accident_id": 0,
      "accident_name": "normal",
      "objects": []
    },
    {
      "frame_id": 33,
      "image_path": "frames/7uTMZ5-aWKA_004187/images/000033.jpg",
      "accident_id": 0,
      "accident_name": "normal",
      "objects": []
    },
    {
      "frame_id": 34,
      "image_path": "frames/7uTMZ5-aWKA_004187/images/000034.jpg",
      "accident_id": 0,
      "accident_name": "normal",
      "objects": []
    },
    {
      "frame_id": 35,
      "image_path": "frames/7uTMZ5-aWKA_004187/images/000035.jpg",
      "accident_id": 0,
      "accident_name": "normal",
      "objects": []
    },
    {
      "frame_id": 36,
      "image_path": "frames/7uTMZ5-aWKA_004187/images/000036.jpg",
      "accident_id": 0,
      "accident_name": "normal",
      "objects": []
    },
    {
      "frame_id": 37,
      "image_path": "frames/7uTMZ5-aWKA_004187/images/000037.jpg",
      "accident_id": 0,
      "accident_name": "normal",
      "objects": []
    },
    {
      "frame_id": 38,
      "image_path": "frames/7uTMZ5-aWKA_004187/images/000038.jpg",
      "accident_id": 0,
      "accident_name": "normal",
      "objects": []
    },
    {
      "frame_id": 39,
      "image_path": "frames/7uTMZ5-aWKA_004187/images/000039.jpg",
      "accident_id": 0,
      "accident_name": "normal",
      "objects": []
    },
    {
      "frame_id": 40,
      "image_path": "frames/7uTMZ5-aWKA_004187/images/000040.jpg",
      "accident_id": 0,
      "accident_name": "normal",
      "objects": []
    },
    {
      "frame_id": 41,
      "image_path": "frames/7uTMZ5-aWKA_004187/images/000041.jpg",
      "accident_id": 0,
      "accident_name": "normal",
      "objects": []
    },
    {
      "frame_id": 42,
      "image_path": "frames/7uTMZ5-aWKA_004187/images/000042.jpg",
      "accident_id": 0,
      "accident_name": "normal",
      "objects": []
    },
    {
      "frame_id": 43,
      "image_path": "frames/7uTMZ5-aWKA_004187/images/000043.jpg",
      "accident_id": 0,
      "accident_name": "normal",
      "objects": []
    },
    {
      "frame_id": 44,
      "image_path": "frames/7uTMZ5-aWKA_004187/images/000044.jpg",
      "accident_id": 0,
      "accident_name": "normal",
      "objects": []
    },
    {
      "frame_id": 45,
      "image_path": "frames/7uTMZ5-aWKA_004187/images/000045.jpg",
      "accident_id": 0,
      "accident_name": "normal",
      "objects": []
    },
    {
      "frame_id": 46,
      "image_path": "frames/7uTMZ5-aWKA_004187/images/000046.jpg",
      "accident_id": 0,
      "accident_name": "normal",
      "objects": []
    },
    {
      "frame_id": 47,
      "image_path": "frames/7uTMZ5-aWKA_004187/images/000047.jpg",
      "accident_id": 0,
      "accident_name": "normal",
      "objects": []
    },
    {
      "frame_id": 48,
      "image_path": "frames/7uTMZ5-aWKA_004187/images/000048.jpg",
      "accident_id": 0,
      "accident_name": "normal",
      "objects": []
    },
    {
      "frame_id": 49,
      "image_path": "frames/7uTMZ5-aWKA_004187/images/000049.jpg",
      "accident_id": 0,
      "accident_name": "normal",
      "objects": []
    },
    {
      "frame_id": 50,
      "image_path": "frames/7uTMZ5-aWKA_004187/images/000050.jpg",
      "accident_id": 8,
      "accident_name": "leave_to_right",
      "objects": [
        {
          "obj_track_id": 293,
          "bbox": [
            378.44004656577414,
            419.0919674039581,
            406.1001164144354,
            435.01746216530853
          ],
          "category": "car",
          "category ID": 3,
          "trunc": false
        }
      ]
    },
    {
      "frame_id": 51,
      "image_path": "frames/7uTMZ5-aWKA_004187/images/000051.jpg",
      "accident_id": 8,
      "accident_name": "leave_to_right",
      "objects": [
        {
          "obj_track_id": 293,
          "bbox": [
            373.41094295692665,
            416.9965075669383,
            404.8428405122235,
            434.59837019790456
          ],
          "category": "car",
          "category ID": 3,
          "trunc": false
        }
      ]
    },
    {
      "frame_id": 52,
      "image_path": "frames/7uTMZ5-aWKA_004187/images/000052.jpg",
      "accident_id": 8,
      "accident_name": "leave_to_right",
      "objects": [
        {
          "obj_track_id": 293,
          "bbox": [
            368.38183934807915,
            414.9010477299185,
            403.58556461001166,
            434.1792782305006
          ],
          "category": "car",
          "category ID": 3,
          "trunc": false
        }
      ]
    },
    {
      "frame_id": 53,
      "image_path": "frames/7uTMZ5-aWKA_004187/images/000053.jpg",
      "accident_id": 8,
      "accident_name": "leave_to_right",
      "objects": [
        {
          "obj_track_id": 293,
          "bbox": [
            363.35273573923166,
            414.9010477299185,
            403.58556461001166,
            438.3701979045402
          ],
          "category": "car",
          "category ID": 3,
          "trunc": false
        }
      ]
    },
    {
      "frame_id": 54,
      "image_path": "frames/7uTMZ5-aWKA_004187/images/000054.jpg",
      "accident_id": 8,
      "accident_name": "leave_to_right",
      "objects": [
        {
          "obj_track_id": 293,
          "bbox": [
            360,
            410.71012805587895,
            402.7473806752038,
            433.76018626309667
          ],
          "category": "car",
          "category ID": 3,
          "trunc": false
        }
      ]
    },
    {
      "frame_id": 55,
      "image_path": "frames/7uTMZ5-aWKA_004187/images/000055.jpg",
      "accident_id": 8,
      "accident_name": "leave_to_right",
      "objects": [
        {
          "obj_track_id": 293,
          "bbox": [
            356.64726426076834,
            406.51920838183935,
            401.9091967403958,
            429.1501746216531
          ],
          "category": "car",
          "category ID": 3,
          "trunc": false
        }
      ]
    },
    {
      "frame_id": 56,
      "image_path": "frames/7uTMZ5-aWKA_004187/images/000056.jpg",
      "accident_id": 8,
      "accident_name": "leave_to_right",
      "objects": [
        {
          "obj_track_id": 293,
          "bbox": [
            355.3899883585565,
            407.7764842840512,
            402.7473806752038,
            429.988358556461
          ],
          "category": "car",
          "category ID": 3,
          "trunc": false
        }
      ]
    },
    {
      "frame_id": 57,
      "image_path": "frames/7uTMZ5-aWKA_004187/images/000057.jpg",
      "accident_id": 8,
      "accident_name": "leave_to_right",
      "objects": [
        {
          "obj_track_id": 293,
          "bbox": [
            354.1327124563446,
            409.0337601862631,
            403.58556461001166,
            430.8265424912689
          ],
          "category": "car",
          "category ID": 3,
          "trunc": false
        }
      ]
    },
    {
      "frame_id": 58,
      "image_path": "frames/7uTMZ5-aWKA_004187/images/000058.jpg",
      "accident_id": 8,
      "accident_name": "leave_to_right",
      "objects": [
        {
          "obj_track_id": 293,
          "bbox": [
            352.45634458672873,
            412.3864959254948,
            405.2619324796275,
            435.8556461001164
          ],
          "category": "car",
          "category ID": 3,
          "trunc": false
        }
      ]
    },
    {
      "frame_id": 59,
      "image_path": "frames/7uTMZ5-aWKA_004187/images/000059.jpg",
      "accident_id": 8,
      "accident_name": "leave_to_right",
      "objects": [
        {
          "obj_track_id": 293,
          "bbox": [
            350.7799767171129,
            414.9010477299185,
            404.42374854481955,
            442.56111757857974
          ],
          "category": "car",
          "category ID": 3,
          "trunc": false
        }
      ]
    },
    {
      "frame_id": 60,
      "image_path": "frames/7uTMZ5-aWKA_004187/images/000060.jpg",
      "accident_id": 8,
      "accident_name": "leave_to_right",
      "objects": [
        {
          "obj_track_id": 293,
          "bbox": [
            351.61816065192085,
            421.6065192083818,
            411.12922002328287,
            445.0756693830035
          ],
          "category": "car",
          "category ID": 3,
          "trunc": false
        }
      ]
    },
    {
      "frame_id": 61,
      "image_path": "frames/7uTMZ5-aWKA_004187/images/000061.jpg",
      "accident_id": 8,
      "accident_name": "leave_to_right",
      "objects": [
        {
          "obj_track_id": 293,
          "bbox": [
            351.61816065192085,
            422.44470314318977,
            411.12922002328287,
            445.0756693830035
          ],
          "category": "car",
          "category ID": 3,
          "trunc": false
        }
      ]
    },
    {
      "frame_id": 62,
      "image_path": "frames/7uTMZ5-aWKA_004187/images/000062.jpg",
      "accident_id": 8,
      "accident_name": "leave_to_right",
      "objects": [
        {
          "obj_track_id": 293,
          "bbox": [
            350.77997671711296,
            420.76833527357394,
            419.0919674039581,
            446.3329452852154
          ],
          "category": "car",
          "category ID": 3,
          "trunc": false
        }
      ]
    },
    {
      "frame_id": 63,
      "image_path": "frames/7uTMZ5-aWKA_004187/images/000063.jpg",
      "accident_id": 8,
      "accident_name": "leave_to_right",
      "objects": [
        {
          "obj_track_id": 293,
          "bbox": [
            349.941792782305,
            419.0919674039581,
            427.0547147846333,
            447.59022118742723
          ],
          "category": "car",
          "category ID": 3,
          "trunc": false
        }
      ]
    },
    {
      "frame_id": 64,
      "image_path": "frames/7uTMZ5-aWKA_004187/images/000064.jpg",
      "accident_id": 8,
      "accident_name": "leave_to_right",
      "objects": [
        {
          "obj_track_id": 293,
          "bbox": [
            349.941792782305,
            419.0919674039581,
            431.2456344586729,
            450.9429569266589
          ],
          "category": "car",
          "category ID": 3,
          "trunc": false
        }
      ]
    },
    {
      "frame_id": 65,
      "image_path": "frames/7uTMZ5-aWKA_004187/images/000065.jpg",
      "accident_id": 8,
      "accident_name": "leave_to_right",
      "objects": [
        {
          "obj_track_id": 293,
          "bbox": [
            360.83818393480794,
            419.0919674039581,
            441.3038416763679,
            455.1338766006985
          ],
          "category": "car",
          "category ID": 3,
          "trunc": false
        }
      ]
    },
    {
      "frame_id": 66,
      "image_path": "frames/7uTMZ5-aWKA_004187/images/000066.jpg",
      "accident_id": 8,
      "accident_name": "leave_to_right",
      "objects": [
        {
          "obj_track_id": 293,
          "bbox": [
            370.058207217695,
            417.4155995343423,
            456.39115250291036,
            455.9720605355064
          ],
          "category": "car",
          "category ID": 3,
          "trunc": false
        }
      ]
    },
    {
      "frame_id": 67,
      "image_path": "frames/7uTMZ5-aWKA_004187/images/000067.jpg",
      "accident_id": 8,
      "accident_name": "leave_to_right",
      "objects": [
        {
          "obj_track_id": 293,
          "bbox": [
            380.11641443538997,
            424.1210710128056,
            466.44935972060534,
            462.6775320139697
          ],
          "category": "car",
          "category ID": 3,
          "trunc": false
        }
      ]
    },
    {
      "frame_id": 68,
      "image_path": "frames/7uTMZ5-aWKA_004187/images/000068.jpg",
      "accident_id": 8,
      "accident_name": "leave_to_right",
      "objects": [
        {
          "obj_track_id": 293,
          "bbox": [
            398.5564610011641,
            427.47380675203726,
            484.8894062863795,
            468.54481955762515
          ],
          "category": "car",
          "category ID": 3,
          "trunc": false
        }
      ]
    },
    {
      "frame_id": 69,
      "image_path": "frames/7uTMZ5-aWKA_004187/images/000069.jpg",
      "accident_id": 8,
      "accident_name": "leave_to_right",
      "objects": [
        {
          "obj_track_id": 293,
          "bbox": [
            414.48195576251453,
            422.44470314318977,
            504.16763678696157,
            469.38300349243303
          ],
          "category": "car",
          "category ID": 3,
          "trunc": false
        }
      ]
    },
    {
      "frame_id": 70,
      "image_path": "frames/7uTMZ5-aWKA_004187/images/000070.jpg",
      "accident_id": 8,
      "accident_name": "leave_to_right",
      "objects": [
        {
          "obj_track_id": 293,
          "bbox": [
            435.43655413271244,
            419.930151338766,
            525.9604190919674,
            471.05937136204886
          ],
          "category": "car",
          "category ID": 3,
          "trunc": false
        }
      ]
    },
    {
      "frame_id": 71,
      "image_path": "frames/7uTMZ5-aWKA_004187/images/000071.jpg",
      "accident_id": 8,
      "accident_name": "leave_to_right",
      "objects": [
        {
          "obj_track_id": 293,
          "bbox": [
            454.7147846332945,
            420.76833527357394,
            546.0768335273574,
            478.60302677532013
          ],
          "category": "car",
          "category ID": 3,
          "trunc": false
        }
      ]
    },
    {
      "frame_id": 72,
      "image_path": "frames/7uTMZ5-aWKA_004187/images/000072.jpg",
      "accident_id": 8,
      "accident_name": "leave_to_right",
      "objects": [
        {
          "obj_track_id": 293,
          "bbox": [
            478.18393480791616,
            420.76833527357394,
            571.2223515715949,
            486.9848661233993
          ],
          "category": "car",
          "category ID": 3,
          "trunc": false
        }
      ]
    },
    {
      "frame_id": 73,
      "image_path": "frames/7uTMZ5-aWKA_004187/images/000073.jpg",
      "accident_id": 8,
      "accident_name": "leave_to_right",
      "objects": [
        {
          "obj_track_id": 293,
          "bbox": [
            501.6530849825378,
            422.44470314318977,
            594.6915017462165,
            492.8521536670547
          ],
          "category": "car",
          "category ID": 3,
          "trunc": false
        }
      ]
    },
    {
      "frame_id": 74,
      "image_path": "frames/7uTMZ5-aWKA_004187/images/000074.jpg",
      "accident_id": 8,
      "accident_name": "leave_to_right",
      "objects": [
        {
          "obj_track_id": 293,
          "bbox": [
            527.6367869615833,
            419.930151338766,
            631.5715948777648,
            502.0721769499418
          ],
          "category": "car",
          "category ID": 3,
          "trunc": false
        }
      ]
    },
    {
      "frame_id": 75,
      "image_path": "frames/7uTMZ5-aWKA_004187/images/000075.jpg",
      "accident_id": 8,
      "accident_name": "leave_to_right",
      "objects": [
        {
          "obj_track_id": 293,
          "bbox": [
            546.9150174621653,
            415.73923166472645,
            678.5098952270082,
            517.1594877764844
          ],
          "category": "car",
          "category ID": 3,
          "trunc": false
        }
      ]
    },
    {
      "frame_id": 76,
      "image_path": "frames/7uTMZ5-aWKA_004187/images/000076.jpg",
      "accident_id": 8,
      "accident_name": "leave_to_right",
      "objects": [
        {
          "obj_track_id": 293,
          "bbox": [
            565.3550640279394,
            412.3864959254948,
            745.5646100116414,
            537.2759022118743
          ],
          "category": "car",
          "category ID": 3,
          "trunc": false
        }
      ]
    },
    {
      "frame_id": 77,
      "image_path": "frames/7uTMZ5-aWKA_004187/images/000077.jpg",
      "accident_id": 8,
      "accident_name": "leave_to_right",
      "objects": [
        {
          "obj_track_id": 293,
          "bbox": [
            589.662398137369,
            412.3864959254948,
            857.8812572759023,
            574.9941792782305
          ],
          "category": "car",
          "category ID": 3,
          "trunc": false
        }
      ]
    },
    {
      "frame_id": 78,
      "image_path": "frames/7uTMZ5-aWKA_004187/images/000078.jpg",
      "accident_id": 8,
      "accident_name": "leave_to_right",
      "objects": [
        {
          "obj_track_id": 293,
          "bbox": [
            630.733410942957,
            408.1955762514552,
            1043.1199068684516,
            626.1233993015134
          ],
          "category": "car",
          "category ID": 3,
          "trunc": false
        }
      ]
    },
    {
      "frame_id": 79,
      "image_path": "frames/7uTMZ5-aWKA_004187/images/000079.jpg",
      "accident_id": 8,
      "accident_name": "leave_to_right",
      "objects": [
        {
          "obj_track_id": 293,
          "bbox": [
            719.5809080325961,
            390.5937136204889,
            1279.487776484284,
            720.0
          ],
          "category": "car",
          "category ID": 3,
          "trunc": true
        }
      ]
    },
    {
      "frame_id": 80,
      "image_path": "frames/7uTMZ5-aWKA_004187/images/000080.jpg",
      "accident_id": 8,
      "accident_name": "leave_to_right",
      "objects": [
        {
          "obj_track_id": 293,
          "bbox": [
            920.7450523864959,
            345.3317811408615,
            1279.487776484284,
            720.0
          ],
          "category": "car",
          "category ID": 3,
          "trunc": true
        }
      ]
    },
    {
      "frame_id": 81,
      "image_path": "frames/7uTMZ5-aWKA_004187/images/000081.jpg",
      "accident_id": 0,
      "accident_name": "normal",
      "objects": []
    },
    {
      "frame_id": 82,
      "image_path": "frames/7uTMZ5-aWKA_004187/images/000082.jpg",
      "accident_id": 0,
      "accident_name": "normal",
      "objects": []
    },
    {
      "frame_id": 83,
      "image_path": "frames/7uTMZ5-aWKA_004187/images/000083.jpg",
      "accident_id": 0,
      "accident_name": "normal",
      "objects": []
    },
    {
      "frame_id": 84,
      "image_path": "frames/7uTMZ5-aWKA_004187/images/000084.jpg",
      "accident_id": 0,
      "accident_name": "normal",
      "objects": []
    },
    {
      "frame_id": 85,
      "image_path": "frames/7uTMZ5-aWKA_004187/images/000085.jpg",
      "accident_id": 0,
      "accident_name": "normal",
      "objects": []
    },
    {
      "frame_id": 86,
      "image_path": "frames/7uTMZ5-aWKA_004187/images/000086.jpg",
      "accident_id": 0,
      "accident_name": "normal",
      "objects": []
    },
    {
      "frame_id": 87,
      "image_path": "frames/7uTMZ5-aWKA_004187/images/000087.jpg",
      "accident_id": 0,
      "accident_name": "normal",
      "objects": []
    },
    {
      "frame_id": 88,
      "image_path": "frames/7uTMZ5-aWKA_004187/images/000088.jpg",
      "accident_id": 0,
      "accident_name": "normal",
      "objects": []
    },
    {
      "frame_id": 89,
      "image_path": "frames/7uTMZ5-aWKA_004187/images/000089.jpg",
      "accident_id": 0,
      "accident_name": "normal",
      "objects": []
    },
    {
      "frame_id": 90,
      "image_path": "frames/7uTMZ5-aWKA_004187/images/000090.jpg",
      "accident_id": 0,
      "accident_name": "normal",
      "objects": []
    },
    {
      "frame_id": 91,
      "image_path": "frames/7uTMZ5-aWKA_004187/images/000091.jpg",
      "accident_id": 0,
      "accident_name": "normal",
      "objects": []
    },
    {
      "frame_id": 92,
      "image_path": "frames/7uTMZ5-aWKA_004187/images/000092.jpg",
      "accident_id": 0,
      "accident_name": "normal",
      "objects": []
    },
    {
      "frame_id": 93,
      "image_path": "frames/7uTMZ5-aWKA_004187/images/000093.jpg",
      "accident_id": 0,
      "accident_name": "normal",
      "objects": []
    },
    {
      "frame_id": 94,
      "image_path": "frames/7uTMZ5-aWKA_004187/images/000094.jpg",
      "accident_id": 0,
      "accident_name": "normal",
      "objects": []
    },
    {
      "frame_id": 95,
      "image_path": "frames/7uTMZ5-aWKA_004187/images/000095.jpg",
      "accident_id": 0,
      "accident_name": "normal",
      "objects": []
    },
    {
      "frame_id": 96,
      "image_path": "frames/7uTMZ5-aWKA_004187/images/000096.jpg",
      "accident_id": 0,
      "accident_name": "normal",
      "objects": []
    },
    {
      "frame_id": 97,
      "image_path": "frames/7uTMZ5-aWKA_004187/images/000097.jpg",
      "accident_id": 0,
      "accident_name": "normal",
      "objects": []
    },
    {
      "frame_id": 98,
      "image_path": "frames/7uTMZ5-aWKA_004187/images/000098.jpg",
      "accident_id": 0,
      "accident_name": "normal",
      "objects": []
    },
    {
      "frame_id": 99,
      "image_path": "frames/7uTMZ5-aWKA_004187/images/000099.jpg",
      "accident_id": 0,
      "accident_name": "normal",
      "objects": []
    },
    {
      "frame_id": 100,
      "image_path": "frames/7uTMZ5-aWKA_004187/images/000100.jpg",
      "accident_id": 0,
      "accident_name": "normal",
      "objects": []
    }
  ]
}