{
  "video_name": "7uTMZ5-aWKA_004470",
  "channel": "CarCrashesTime",
  "num_frames": 90,
  "ignore": false,
  "ego_involve": false,
  "night": false,
  "anomaly_start": 30,
  "anomaly_end": 59,
  "video_start": 4470,
  "video_end": 4559,
  "accident_id": "2",
  "accident_name": "moving_ahead_or_waiting",
  "labels": [
    {
      "frame_id": 0,
      "image_path": "frames/7uTMZ5-aWKA_004470/images/000000.jpg",
      "accident_id": 0,
      "accident_name": "normal",
      "objects": []
    },
    {
      "frame_id": 1,
      "image_path": "frames/7uTMZ5-aWKA_004470/images/000001.jpg",
      "accident_id": 0,
      "accident_name": "normal",
      "objects": []
    },
    {
      "frame_id": 2,
      "image_path": "frames/7uTMZ5-aWKA_004470/images/000002.jpg",
      "accident_id": 0,
      "accident_name": "normal",
      "objects": []
    },
    {
      "frame_id": 3,
      "image_path": "frames/7uTMZ5-aWKA_004470/images/000003.jpg",
      "accident_id": 0,
      "accident_name": "normal",
      "objects": []
    },
    {
      "frame_id": 4,
      "image_path": "frames/7uTMZ5-aWKA_004470/images/000004.jpg",
      "accident_id": 0,
      "accident_name": "normal",
      "objects": []
    },
    {
      "frame_id": 5,
      "image_path": "frames/7uTMZ5-aWKA_004470/images/000005.jpg",
      "accident_id": 0,
      "accident_name": "normal",
      "objects": []
    },
    {
      "frame_id": 6,
      "image_path": "frames/7uTMZ5-aWKA_004470/images/000006.jpg",
      "accident_id": 0,
      "accident_name": "normal",
      "objects": []
    },
    {
      "frame_id": 7,
      "image_path": "frames/7uTMZ5-aWKA_004470/images/000007.jpg",
      "accident_id": 0,
      "accident_name": "normal",
      "objects": []
    },
    {
      "frame_id": 8,
      "image_path": "frames/7uTMZ5-aWKA_004470/images/000008.jpg",
      "accident_id": 0,
      "accident_name": "normal",
      "objects": []
    },
    {
      "frame_id": 9,
      "image_path": "frames/7uTMZ5-aWKA_004470/images/000009.jpg",
      "accident_id": 0,
      "accident_name": "normal",
      "objects": []
    },
    {
      "frame_id": 10,
      "image_path": "frames/7uTMZ5-aWKA_004470/images/000010.jpg",
      "accident_id": 0,
      "accident_name": "normal",
      "objects": []
    },
    {
      "frame_id": 11,
      "image_path": "frames/7uTMZ5-aWKA_004470/images/000011.jpg",
      "accident_id": 0,
      "accident_name": "normal",
      "objects": []
    },
    {
      "frame_id": 12,
      "image_path": "frames/7uTMZ5-aWKA_004470/images/000012.jpg",
      "accident_id": 0,
      "accident_name": "normal",
      "objects": []
    },
    {
      "frame_id": 13,
      "image_path": "frames/7uTMZ5-aWKA_004470/images/000013.jpg",
      "accident_id": 0,
      "accident_name": "normal",
      "objects": []
    },
    {
      "frame_id": 14,
      "image_path": "frames/7uTMZ5-aWKA_004470/images/000014.jpg",
      "accident_id": 0,
      "accident_name": "normal",
      "objects": []
    },
    {
      "frame_id": 15,
      "image_path": "frames/7uTMZ5-aWKA_004470/images/000015.jpg",
      "accident_id": 0,
      "accident_name": "normal",
      "objects": []
    },
    {
      "frame_id": 16,
      "image_path": "frames/7uTMZ5-aWKA_004470/images/000016.jpg",
      "accident_id": 0,
      "accident_name": "normal",
      "objects": []
    },
    {
      "frame_id": 17,
      "image_path": "frames/7uTMZ5-aWKA_004470/images/000017.jpg",
      "accident_id": 0,
      "accident_name": "normal",
      "objects": []
    },
    {
      "frame_id": 18,
      "image_path": "frames/7uTMZ5-aWKA_004470/images/000018.jpg",
      "accident_id": 0,
      "accident_name": "normal",
      "objects": []
    },
    {
      "frame_id": 19,
      "image_path": "frames/7uTMZ5-aWKA_004470/images/000019.jpg",
      "accident_id": 0,
      "accident_name": "normal",
      "objects": []
    },
    {
      "frame_id": 20,
      "image_path": "frames/7uTMZ5-aWKA_004470/images/000020.jpg",
      "accident_id": 0,
      "accident_name": "normal",
      "objects": []
    },
    {
      "frame_id": 21,
      "image_path": "frames/7uTMZ5-aWKA_004470/images/000021.jpg",
      "accident_id": 0,
      "accident_name": "normal",
      "objects": []
    },
    {
      "frame_id": 22,
      "image_path": "frames/7uTMZ5-aWKA_004470/images/000022.jpg",
      "accident_id": 0,
      "accident_name": "normal",
      "objects": []
    },
    {
      "frame_id": 23,
      "image_path": "frames/7uTMZ5-aWKA_004470/images/000023.jpg",
      "accident_id": 0,
      "accident_name": "normal",
      "objects": []
    },
    {
      "frame_id": 24,
      "image_path": "frames/7uTMZ5-aWKA_004470/images/000024.jpg",
      "accident_id": 0,
      "accident_name": "normal",
      "objects": []
    },
    {
      "frame_id": 25,
      "image_path": "frames/7uTMZ5-aWKA_004470/images/000025.jpg",
      "accident_id": 0,
      "accident_name": "normal",
      "objects": []
    },
    {
      "frame_id": 26,
      "image_path": "frames/7uTMZ5-aWKA_004470/images/000026.jpg",
      "accident_id": 0,
      "accident_name": "normal",
      "objects": []
    },
    {
      "frame_id": 27,
      "image_path": "frames/7uTMZ5-aWKA_004470/images/000027.jpg",
      "accident_id": 0,
      "accident_name": "normal",
      "objects": []
    },
    {
      "frame_id": 28,
      "image_path": "frames/7uTMZ5-aWKA_004470/images/000028.jpg",
      "accident_id": 0,
      "accident_name": "normal",
      "objects": []
    },
    {
      "frame_id": 29,
      "image_path": "frames/7uTMZ5-aWKA_004470/images/000029.jpg",
      "accident_id": 0,
      "accident_name": "normal",
      "objects": []
    },
    {
      "frame_id": 30,
      "image_path": "frames/7uTMZ5-aWKA_004470/images/000030.jpg",
      "accident_id": 2,
      "accident_name": "moving_ahead_or_waiting",
      "objects": [
        {
          "obj_track_id": 0,
          "bbox": [
            0,
            172.66589057043075,
            492.43306169965075,
            720.0
          ],
          "category": "car",
          "category ID": 3,
          "trunc": true
        },
        {
          "obj_track_id": 61,
          "bbox": [
            613.9697322467986,
            285.8207217694994,
            742.2118742724098,
            391.43189755529687
          ],
          "category": "car",
          "category ID": 3,
          "trunc": false
        },
        {
          "obj_track_id": 183,
          "bbox": [
            388.4982537834692,
            294.20256111757857,
            536.8568102444704,
            394.78463329452853
          ],
          "category": "car",
          "category ID": 3,
          "trunc": false
        }
      ]
    },
    {
      "frame_id": 31,
      "image_path": "frames/7uTMZ5-aWKA_004470/images/000031.jpg",
      "accident_id": 2,
      "accident_name": "moving_ahead_or_waiting",
      "objects": [
        {
          "obj_track_id": 0,
          "bbox": [
            0,
            191.9441210710128,
            532.6658905704307,
            640.372526193248
          ],
          "category": "car",
          "category ID": 3,
          "trunc": true
        },
        {
          "obj_track_id": 61,
          "bbox": [
            614.8079161816065,
            279.1152502910361,
            739.697322467986,
            380.53550640279394
          ],
          "category": "car",
          "category ID": 3,
          "trunc": false
        },
        {
          "obj_track_id": 183,
          "bbox": [
            396.0419091967404,
            286.65890570430736,
            535.1804423748545,
            378.8591385331781
          ],
          "category": "car",
          "category ID": 3,
          "trunc": false
        }
      ]
    },
    {
      "frame_id": 32,
      "image_path": "frames/7uTMZ5-aWKA_004470/images/000032.jpg",
      "accident_id": 2,
      "accident_name": "moving_ahead_or_waiting",
      "objects": [
        {
          "obj_track_id": 0,
          "bbox": [
            94.29569266589057,
            212.0605355064028,
            562.8405122235157,
            520.512223515716
          ],
          "category": "car",
          "category ID": 3,
          "trunc": false
        },
        {
          "obj_track_id": 61,
          "bbox": [
            614.8079161816065,
            277.43888242142026,
            739.697322467986,
            378.0209545983702
          ],
          "category": "car",
          "category ID": 3,
          "trunc": false
        }
      ]
    },
    {
      "frame_id": 33,
      "image_path": "frames/7uTMZ5-aWKA_004470/images/000033.jpg",
      "accident_id": 2,
      "accident_name": "moving_ahead_or_waiting",
      "objects": [
        {
          "obj_track_id": 0,
          "bbox": [
            212.47962747380674,
            234.69150174621655,
            586.3096623981373,
            480.27939464493596
          ],
          "category": "car",
          "category ID": 3,
          "trunc": false
        },
        {
          "obj_track_id": 61,
          "bbox": [
            616.4842840512224,
            284.1443538998836,
            739.697322467986,
            381.3736903376019
          ],
          "category": "car",
          "category ID": 3,
          "trunc": false
        }
      ]
    },
    {
      "frame_id": 34,
      "image_path": "frames/7uTMZ5-aWKA_004470/images/000034.jpg",
      "accident_id": 2,
      "accident_name": "moving_ahead_or_waiting",
      "objects": [
        {
          "obj_track_id": 0,
          "bbox": [
            299.65075669383003,
            250.61699650756694,
            601.3969732246799,
            453.45750873108267
          ],
          "category": "car",
          "category ID": 3,
          "trunc": false
        },
        {
          "obj_track_id": 61,
          "bbox": [
            619.8370197904541,
            291.68800931315485,
            738.8591385331781,
            389.75552968568104
          ],
          "category": "car",
          "category ID": 3,
          "trunc": false
        }
      ]
    },
    {
      "frame_id": 35,
      "image_path": "frames/7uTMZ5-aWKA_004470/images/000035.jpg",
      "accident_id": 2,
      "accident_name": "moving_ahead_or_waiting",
      "objects": [
        {
          "obj_track_id": 0,
          "bbox": [
            343.2363213038417,
            256.48428405122235,
            613.1315483119907,
            435.8556461001164
          ],
          "category": "car",
          "category ID": 3,
          "trunc": false
        },
        {
          "obj_track_id": 61,
          "bbox": [
            619.8370197904541,
            291.2689173457509,
            740.535506402794,
            385.56461001164143
          ],
          "category": "car",
          "category ID": 3,
          "trunc": false
        }
      ]
    },
    {
      "frame_id": 36,
      "image_path": "frames/7uTMZ5-aWKA_004470/images/000036.jpg",
      "accident_id": 2,
      "accident_name": "moving_ahead_or_waiting",
      "objects": [
        {
          "obj_track_id": 0,
          "bbox": [
            400.23282887078,
            256.48428405122235,
            626.5424912689174,
            422.44470314318977
          ],
          "category": "car",
          "category ID": 3,
          "trunc": false
        },
        {
          "obj_track_id": 61,
          "bbox": [
            619.8370197904541,
            290.8498253783469,
            742.2118742724098,
            381.3736903376019
          ],
          "category": "car",
          "category ID": 3,
          "trunc": false
        },
        {
          "obj_track_id": 183,
          "bbox": [
            376.7636786961583,
            282.46798603026775,
            506.68218859138534,
            398.1373690337602
          ],
          "category": "car",
          "category ID": 3,
          "trunc": false
        }
      ]
    },
    {
      "frame_id": 37,
      "image_path": "frames/7uTMZ5-aWKA_004470/images/000037.jpg",
      "accident_id": 2,
      "accident_name": "moving_ahead_or_waiting",
      "objects": [
        {
          "obj_track_id": 0,
          "bbox": [
            447.1711292200233,
            243.91152502910361,
            636.6006984866124,
            414.0628637951106
          ],
          "category": "car",
          "category ID": 3,
          "trunc": false
        },
        {
          "obj_track_id": 61,
          "bbox": [
            626.5424912689174,
            290.8498253783469,
            742.2118742724098,
            377.1827706635623
          ],
          "category": "car",
          "category ID": 3,
          "trunc": false
        },
        {
          "obj_track_id": 183,
          "bbox": [
            390.174621653085,
            290.011641443539,
            495.7857974388824,
            391.43189755529687
          ],
          "category": "car",
          "category ID": 3,
          "trunc": false
        }
      ]
    },
    {
      "frame_id": 38,
      "image_path": "frames/7uTMZ5-aWKA_004470/images/000038.jpg",
      "accident_id": 2,
      "accident_name": "moving_ahead_or_waiting",
      "objects": [
        {
          "obj_track_id": 0,
          "bbox": [
            474.8311990686845,
            233.01513387660071,
            656.7171129220023,
            398.9755529685681
          ],
          "category": "car",
          "category ID": 3,
          "trunc": false
        },
        {
          "obj_track_id": 61,
          "bbox": [
            640.791618160652,
            290.8498253783469,
            748.0791618160652,
            375.50640279394645
          ],
          "category": "car",
          "category ID": 3,
          "trunc": false
        },
        {
          "obj_track_id": 183,
          "bbox": [
            402.7473806752037,
            293.3643771827707,
            515.0640279394645,
            383.8882421420256
          ],
          "category": "car",
          "category ID": 3,
          "trunc": false
        }
      ]
    },
    {
      "frame_id": 39,
      "image_path": "frames/7uTMZ5-aWKA_004470/images/000039.jpg",
      "accident_id": 2,
      "accident_name": "moving_ahead_or_waiting",
      "objects": [
        {
          "obj_track_id": 0,
          "bbox": [
            499.976717112922,
            226.30966239813736,
            674.3189755529686,
            395.6228172293364
          ],
          "category": "car",
          "category ID": 3,
          "trunc": false
        },
        {
          "obj_track_id": 61,
          "bbox": [
            651.6880093131548,
            290.8498253783469,
            748.0791618160652,
            374.66821885913856
          ],
          "category": "car",
          "category ID": 3,
          "trunc": false
        },
        {
          "obj_track_id": 183,
          "bbox": [
            411.9674039580908,
            295.8789289871944,
            518.4167636786962,
            383.8882421420256
          ],
          "category": "car",
          "category ID": 3,
          "trunc": false
        }
      ]
    },
    {
      "frame_id": 40,
      "image_path": "frames/7uTMZ5-aWKA_004470/images/000040.jpg",
      "accident_id": 2,
      "accident_name": "moving_ahead_or_waiting",
      "objects": [
        {
          "obj_track_id": 0,
          "bbox": [
            513.3876600698487,
            222.11874272409779,
            687.7299185098952,
            393.1082654249127
          ],
          "category": "car",
          "category ID": 3,
          "trunc": false
        },
        {
          "obj_track_id": 61,
          "bbox": [
            650.011641443539,
            291.68800931315485,
            754.7846332945286,
            378.8591385331781
          ],
          "category": "car",
          "category ID": 3,
          "trunc": false
        },
        {
          "obj_track_id": 183,
          "bbox": [
            423.70197904540163,
            299.23166472642606,
            546.0768335273574,
            378.8591385331781
          ],
          "category": "car",
          "category ID": 3,
          "trunc": false
        }
      ]
    },
    {
      "frame_id": 41,
      "image_path": "frames/7uTMZ5-aWKA_004470/images/000041.jpg",
      "accident_id": 2,
      "accident_name": "moving_ahead_or_waiting",
      "objects": [
        {
          "obj_track_id": 0,
          "bbox": [
            524.2840512223515,
            222.11874272409779,
            691.9208381839348,
            387.24097788125727
          ],
          "category": "car",
          "category ID": 3,
          "trunc": false
        },
        {
          "obj_track_id": 61,
          "bbox": [
            649.1734575087311,
            294.20256111757857,
            754.7846332945286,
            378.8591385331781
          ],
          "category": "car",
          "category ID": 3,
          "trunc": false
        },
        {
          "obj_track_id": 183,
          "bbox": [
            435.43655413271244,
            299.23166472642606,
            543.5622817229337,
            380.53550640279394
          ],
          "category": "car",
          "category ID": 3,
          "trunc": false
        }
      ]
    },
    {
      "frame_id": 42,
      "image_path": "frames/7uTMZ5-aWKA_004470/images/000042.jpg",
      "accident_id": 2,
      "accident_name": "moving_ahead_or_waiting",
      "objects": [
        {
          "obj_track_id": 0,
          "bbox": [
            530.151338766007,
            223.79511059371362,
            691.9208381839348,
            381.3736903376019
          ],
          "category": "car",
          "category ID": 3,
          "trunc": false
        },
        {
          "obj_track_id": 61,
          "bbox": [
            650.849825378347,
            294.20256111757857,
            754.7846332945286,
            377.60186263096625
          ],
          "category": "car",
          "category ID": 3,
          "trunc": false
        },
        {
          "obj_track_id": 183,
          "bbox": [
            437.1129220023283,
            299.23166472642606,
            543.5622817229337,
            379.69732246798606
          ],
          "category": "car",
          "category ID": 3,
          "trunc": false
        }
      ]
    },
    {
      "frame_id": 43,
      "image_path": "frames/7uTMZ5-aWKA_004470/images/000043.jpg",
      "accident_id": 2,
      "accident_name": "moving_ahead_or_waiting",
      "objects": [
        {
          "obj_track_id": 0,
          "bbox": [
            530.151338766007,
            228.8242142025611,
            691.9208381839348,
            381.3736903376019
          ],
          "category": "car",
          "category ID": 3,
          "trunc": false
        },
        {
          "obj_track_id": 61,
          "bbox": [
            650.849825378347,
            294.20256111757857,
            754.7846332945286,
            378.0209545983702
          ],
          "category": "car",
          "category ID": 3,
          "trunc": false
        },
        {
          "obj_track_id": 183,
          "bbox": [
            439.2083818393481,
            299.23166472642606,
            545.2386495925496,
            378.0209545983702
          ],
          "category": "car",
          "category ID": 3,
          "trunc": false
        }
      ]
    },
    {
      "frame_id": 44,
      "image_path": "frames/7uTMZ5-aWKA_004470/images/000044.jpg",
      "accident_id": 2,
      "accident_name": "moving_ahead_or_waiting",
      "objects": [
        {
          "obj_track_id": 0,
          "bbox": [
            528.4749708963911,
            237.2060535506403,
            675.1571594877765,
            379.69732246798606
          ],
          "category": "car",
          "category ID": 3,
          "trunc": false
        },
        {
          "obj_track_id": 61,
          "bbox": [
            650.849825378347,
            290.8498253783469,
            753.1082654249127,
            378.0209545983702
          ],
          "category": "car",
          "category ID": 3,
          "trunc": false
        },
        {
          "obj_track_id": 183,
          "bbox": [
            441.3038416763679,
            299.23166472642606,
            546.9150174621653,
            376.3445867287544
          ],
          "category": "car",
          "category ID": 3,
          "trunc": false
        }
      ]
    },
    {
      "frame_id": 45,
      "image_path": "frames/7uTMZ5-aWKA_004470/images/000045.jpg",
      "accident_id": 2,
      "accident_name": "moving_ahead_or_waiting",
      "objects": [
        {
          "obj_track_id": 0,
          "bbox": [
            526.7986030267754,
            244.74970896391153,
            661.7462165308499,
            378.0209545983702
          ],
          "category": "car",
          "category ID": 3,
          "trunc": false
        },
        {
          "obj_track_id": 61,
          "bbox": [
            650.849825378347,
            290.8498253783469,
            753.1082654249127,
            378.0209545983702
          ],
          "category": "car",
          "category ID": 3,
          "trunc": false
        },
        {
          "obj_track_id": 183,
          "bbox": [
            445.49476135040743,
            298.3934807916182,
            545.2386495925495,
            367.1245634458673
          ],
          "category": "car",
          "category ID": 3,
          "trunc": false
        }
      ]
    },
    {
      "frame_id": 46,
      "image_path": "frames/7uTMZ5-aWKA_004470/images/000046.jpg",
      "accident_id": 2,
      "accident_name": "moving_ahead_or_waiting",
      "objects": [
        {
          "obj_track_id": 0,
          "bbox": [
            521.7694994179278,
            252.29336437718277,
            650.849825378347,
            378.8591385331781
          ],
          "category": "car",
          "category ID": 3,
          "trunc": false
        },
        {
          "obj_track_id": 183,
          "bbox": [
            448.0093131548312,
            298.3934807916182,
            539.3713620488941,
            363.77182770663563
          ],
          "category": "car",
          "category ID": 3,
          "trunc": false
        }
      ]
    },
    {
      "frame_id": 47,
      "image_path": "frames/7uTMZ5-aWKA_004470/images/000047.jpg",
      "accident_id": 2,
      "accident_name": "moving_ahead_or_waiting",
      "objects": [
        {
          "obj_track_id": 0,
          "bbox": [
            521.7694994179278,
            261.51338766006984,
            636.6006984866124,
            370.47729918509896
          ],
          "category": "car",
          "category ID": 3,
          "trunc": false
        },
        {
          "obj_track_id": 183,
          "bbox": [
            450.104772991851,
            299.23166472642606,
            538.1140861466822,
            363.7718277066356
          ],
          "category": "car",
          "category ID": 3,
          "trunc": false
        }
      ]
    },
    {
      "frame_id": 48,
      "image_path": "frames/7uTMZ5-aWKA_004470/images/000048.jpg",
      "accident_id": 2,
      "accident_name": "moving_ahead_or_waiting",
      "objects": [
        {
          "obj_track_id": 0,
          "bbox": [
            517.5785797438882,
            270.73341094295694,
            631.5715948777648,
            368.8009313154831
          ],
          "category": "car",
          "category ID": 3,
          "trunc": false
        },
        {
          "obj_track_id": 183,
          "bbox": [
            452.2002328288708,
            300.069848661234,
            536.8568102444704,
            363.77182770663563
          ],
          "category": "car",
          "category ID": 3,
          "trunc": false
        }
      ]
    },
    {
      "frame_id": 49,
      "image_path": "frames/7uTMZ5-aWKA_004470/images/000049.jpg",
      "accident_id": 2,
      "accident_name": "moving_ahead_or_waiting",
      "objects": [
        {
          "obj_track_id": 0,
          "bbox": [
            515.0640279394645,
            277.43888242142026,
            632.4097788125728,
            371.3154831199069
          ],
          "category": "car",
          "category ID": 3,
          "trunc": false
        },
        {
          "obj_track_id": 183,
          "bbox": [
            452.2002328288708,
            300.069848661234,
            536.0186263096624,
            363.77182770663563
          ],
          "category": "car",
          "category ID": 3,
          "trunc": false
        }
      ]
    },
    {
      "frame_id": 50,
      "image_path": "frames/7uTMZ5-aWKA_004470/images/000050.jpg",
      "accident_id": 2,
      "accident_name": "moving_ahead_or_waiting",
      "objects": [
        {
          "obj_track_id": 0,
          "bbox": [
            515.0640279394645,
            278.2770663562282,
            630.733410942957,
            367.1245634458673
          ],
          "category": "car",
          "category ID": 3,
          "trunc": false
        },
        {
          "obj_track_id": 183,
          "bbox": [
            452.2002328288708,
            300.069848661234,
            535.1804423748545,
            363.77182770663563
          ],
          "category": "car",
          "category ID": 3,
          "trunc": false
        }
      ]
    },
    {
      "frame_id": 51,
      "image_path": "frames/7uTMZ5-aWKA_004470/images/000051.jpg",
      "accident_id": 2,
      "accident_name": "moving_ahead_or_waiting",
      "objects": [
        {
          "obj_track_id": 0,
          "bbox": [
            519.2549476135041,
            274.9243306169965,
            630.733410942957,
            366.28637951105935
          ],
          "category": "car",
          "category ID": 3,
          "trunc": false
        },
        {
          "obj_track_id": 183,
          "bbox": [
            455.1338766006985,
            298.81257275902215,
            537.6949941792782,
            362.93364377182775
          ],
          "category": "car",
          "category ID": 3,
          "trunc": false
        }
      ]
    },
    {
      "frame_id": 52,
      "image_path": "frames/7uTMZ5-aWKA_004470/images/000052.jpg",
      "accident_id": 2,
      "accident_name": "moving_ahead_or_waiting",
      "objects": [
        {
          "obj_track_id": 0,
          "bbox": [
            522.6076833527358,
            274.9243306169965,
            630.3143189755531,
            366.28637951105935
          ],
          "category": "car",
          "category ID": 3,
          "trunc": false
        },
        {
          "obj_track_id": 183,
          "bbox": [
            458.0675203725262,
            297.55529685681023,
            540.209545983702,
            362.0954598370198
          ],
          "category": "car",
          "category ID": 3,
          "trunc": false
        }
      ]
    },
    {
      "frame_id": 53,
      "image_path": "frames/7uTMZ5-aWKA_004470/images/000053.jpg",
      "accident_id": 2,
      "accident_name": "moving_ahead_or_waiting",
      "objects": [
        {
          "obj_track_id": 0,
          "bbox": [
            525.9604190919674,
            274.9243306169965,
            629.895227008149,
            366.28637951105935
          ],
          "category": "car",
          "category ID": 3,
          "trunc": false
        },
        {
          "obj_track_id": 183,
          "bbox": [
            459.743888242142,
            297.55529685681023,
            540.209545983702,
            362.0954598370198
          ],
          "category": "car",
          "category ID": 3,
          "trunc": false
        }
      ]
    },
    {
      "frame_id": 54,
      "image_path": "frames/7uTMZ5-aWKA_004470/images/000054.jpg",
      "accident_id": 2,
      "accident_name": "moving_ahead_or_waiting",
      "objects": [
        {
          "obj_track_id": 183,
          "bbox": [
            465.61117578579746,
            299.23166472642606,
            540.209545983702,
            359.580908032596
          ],
          "category": "car",
          "category ID": 3,
          "trunc": false
        }
      ]
    },
    {
      "frame_id": 55,
      "image_path": "frames/7uTMZ5-aWKA_004470/images/000055.jpg",
      "accident_id": 2,
      "accident_name": "moving_ahead_or_waiting",
      "objects": [
        {
          "obj_track_id": 183,
          "bbox": [
            465.61117578579746,
            299.23166472642606,
            540.209545983702,
            357.9045401629802
          ],
          "category": "car",
          "category ID": 3,
          "trunc": false
        }
      ]
    },
    {
      "frame_id": 56,
      "image_path": "frames/7uTMZ5-aWKA_004470/images/000056.jpg",
      "accident_id": 2,
      "accident_name": "moving_ahead_or_waiting",
      "objects": [
        {
          "obj_track_id": 183,
          "bbox": [
            465.61117578579746,
            299.23166472642606,
            540.209545983702,
            356.22817229336437
          ],
          "category": "car",
          "category ID": 3,
          "trunc": false
        }
      ]
    },
    {
      "frame_id": 57,
      "image_path": "frames/7uTMZ5-aWKA_004470/images/000057.jpg",
      "accident_id": 2,
      "accident_name": "moving_ahead_or_waiting",
      "objects": [
        {
          "obj_track_id": 183,
          "bbox": [
            465.61117578579746,
            299.23166472642606,
            540.209545983702,
            354.55180442374854
          ],
          "category": "car",
          "category ID": 3,
          "trunc": false
        }
      ]
    },
    {
      "frame_id": 58,
      "image_path": "frames/7uTMZ5-aWKA_004470/images/000058.jpg",
      "accident_id": 2,
      "accident_name": "moving_ahead_or_waiting",
      "objects": [
        {
          "obj_track_id": 183,
          "bbox": [
            468.1257275902212,
            299.23166472642606,
            540.209545983702,
            353.71362048894065
          ],
          "category": "car",
          "category ID": 3,
          "trunc": false
        }
      ]
    },
    {
      "frame_id": 59,
      "image_path": "frames/7uTMZ5-aWKA_004470/images/000059.jpg",
      "accident_id": 0,
      "accident_name": "normal",
      "objects": []
    },
    {
      "frame_id": 60,
      "image_path": "frames/7uTMZ5-aWKA_004470/images/000060.jpg",
      "accident_id": 0,
      "accident_name": "normal",
      "objects": []
    },
    {
      "frame_id": 61,
      "image_path": "frames/7uTMZ5-aWKA_004470/images/000061.jpg",
      "accident_id": 0,
      "accident_name": "normal",
      "objects": []
    },
    {
      "frame_id": 62,
      "image_path": "frames/7uTMZ5-aWKA_004470/images/000062.jpg",
      "accident_id": 0,
      "accident_name": "normal",
      "objects": []
    },
    {
      "frame_id": 63,
      "image_path": "frames/7uTMZ5-aWKA_004470/images/000063.jpg",
      "accident_id": 0,
      "accident_name": "normal",
      "objects": []
    },
    {
      "frame_id": 64,
      "image_path": "frames/7uTMZ5-aWKA_004470/images/000064.jpg",
      "accident_id": 0,
      "accident_name": "normal",
      "objects": []
    },
    {
      "frame_id": 65,
      "image_path": "frames/7uTMZ5-aWKA_004470/images/000065.jpg",
      "accident_id": 0,
      "accident_name": "normal",
      "objects": []
    },
    {
      "frame_id": 66,
      "image_path": "frames/7uTMZ5-aWKA_004470/images/000066.jpg",
      "accident_id": 0,
      "accident_name": "normal",
      "objects": []
    },
    {
      "frame_id": 67,
      "image_path": "frames/7uTMZ5-aWKA_004470/images/000067.jpg",
      "accident_id": 0,
      "accident_name": "normal",
      "objects": []
    },
    {
      "frame_id": 68,
      "image_path": "frames/7uTMZ5-aWKA_004470/images/000068.jpg",
      "accident_id": 0,
      "accident_name": "normal",
      "objects": []
    },
    {
      "frame_id": 69,
      "image_path": "frames/7uTMZ5-aWKA_004470/images/000069.jpg",
      "accident_id": 0,
      "accident_name": "normal",
      "objects": []
    },
    {
      "frame_id": 70,
      "image_path": "frames/7uTMZ5-aWKA_004470/images/000070.jpg",
      "accident_id": 0,
      "accident_name": "normal",
      "objects": []
    },
    {
      "frame_id": 71,
      "image_path": "frames/7uTMZ5-aWKA_004470/images/000071.jpg",
      "accident_id": 0,
      "accident_name": "normal",
      "objects": []
    },
    {
      "frame_id": 72,
      "image_path": "frames/7uTMZ5-aWKA_004470/images/000072.jpg",
      "accident_id": 0,
      "accident_name": "normal",
      "objects": []
    },
    {
      "frame_id": 73,
      "image_path": "frames/7uTMZ5-aWKA_004470/images/000073.jpg",
      "accident_id": 0,
      "accident_name": "normal",
      "objects": []
    },
    {
      "frame_id": 74,
      "image_path": "frames/7uTMZ5-aWKA_004470/images/000074.jpg",
      "accident_id": 0,
      "accident_name": "normal",
      "objects": []
    },
    {
      "frame_id": 75,
      "image_path": "frames/7uTMZ5-aWKA_004470/images/000075.jpg",
      "accident_id": 0,
      "accident_name": "normal",
      "objects": []
    },
    {
      "frame_id": 76,
      "image_path": "frames/7uTMZ5-aWKA_004470/images/000076.jpg",
      "accident_id": 0,
      "accident_name": "normal",
      "objects": []
    },
    {
      "frame_id": 77,
      "image_path": "frames/7uTMZ5-aWKA_004470/images/000077.jpg",
      "accident_id": 0,
      "accident_name": "normal",
      "objects": []
    },
    {
      "frame_id": 78,
      "image_path": "frames/7uTMZ5-aWKA_004470/images/000078.jpg",
      "accident_id": 0,
      "accident_name": "normal",
      "objects": []
    },
    {
      "frame_id": 79,
      "image_path": "frames/7uTMZ5-aWKA_004470/images/000079.jpg",
      "accident_id": 0,
      "accident_name": "normal",
      "objects": []
    },
    {
      "frame_id": 80,
      "image_path": "frames/7uTMZ5-aWKA_004470/images/000080.jpg",
      "accident_id": 0,
      "accident_name": "normal",
      "objects": []
    },
    {
      "frame_id": 81,
      "image_path": "frames/7uTMZ5-aWKA_004470/images/000081.jpg",
      "accident_id": 0,
      "accident_name": "normal",
      "objects": []
    },
    {
      "frame_id": 82,
      "image_path": "frames/7uTMZ5-aWKA_004470/images/000082.jpg",
      "accident_id": 0,
      "accident_name": "normal",
      "objects": []
    },
    {
      "frame_id": 83,
      "image_path": "frames/7uTMZ5-aWKA_004470/images/000083.jpg",
      "accident_id": 0,
      "accident_name": "normal",
      "objects": []
    },
    {
      "frame_id": 84,
      "image_path": "frames/7uTMZ5-aWKA_004470/images/000084.jpg",
      "accident_id": 0,
      "accident_name": "normal",
      "objects": []
    },
    {
      "frame_id": 85,
      "image_path": "frames/7uTMZ5-aWKA_004470/images/000085.jpg",
      "accident_id": 0,
      "accident_name": "normal",
      "objects": []
    },
    {
      "frame_id": 86,
      "image_path": "frames/7uTMZ5-aWKA_004470/images/000086.jpg",
      "accident_id": 0,
      "accident_name": "normal",
      "objects": []
    },
    {
      "frame_id": 87,
      "image_path": "frames/7uTMZ5-aWKA_004470/images/000087.jpg",
      "accident_id": 0,
      "accident_name": "normal",
      "objects": []
    },
    {
      "frame_id": 88,
      "image_path": "frames/7uTMZ5-aWKA_004470/images/000088.jpg",
      "accident_id": 0,
      "accident_name": "normal",
      "objects": []
    },
    {
      "frame_id": 89,
      "image_path": "frames/7uTMZ5-aWKA_004470/images/000089.jpg",
      "accident_id": 0,
      "accident_name": "normal",
      "objects": []
    }
  ]
}